Episode,Timestamp,Base_Angle,Shoulder_Angle,Elbow_Angle,Base_Velocity,Shoulder_Velocity,Elbow_Velocity,Base_Control,Shoulder_Control,Elbow_Control,Magnet_Pos_X,Magnet_Pos_Y,Magnet_Pos_Z,Magnet_Vel_X,Magnet_Vel_Y,Magnet_Vel_Z,Box_Pos_X,Box_Pos_Y,Box_Pos_Z,Box_Vel_X,Box_Vel_Y,Box_Vel_Z,Base_Torque_Nm,Shoulder_Torque_Nm,Elbow_Torque_Nm,Base_Power_W,Shoulder_Power_W,Elbow_Power_W,Base_Mass_kg,Shoulder_Mass_kg,Elbow_Mass_kg,Base_KE_J,Shoulder_KE_J,Elbow_KE_J,Box_Attached,Energy_Step_J
35,0.0200,0.0000,45.0000,-30.0000,0.0000,0.0000,0.0000,0.0000,-1.0000,0.0000,-11.5555,-85.3818,88.9583,-2.7512,-40.5129,0.4791,1.7396,-1.7843,83.1548,0.0000,-0.1942,0.0000,0.0000,0.0000,0.0000,0.0000,0.0000,0.0000,5.00,3.00,2.00,0.0000,0.0000,0.0000,0,0.000000
36,0.0200,0.0000,45.0000,-30.0000,0.0000,0.0000,0.0000,0.0000,-1.0000,0.0000,-11.6105,-86.1960,88.9679,0.0000,0.0000,0.0000,1.8896,-1.7843,83.4204,0.0000,-0.1942,0.0000,0.0000,0.0000,0.0000,0.0000,0.0000,0.0000,5.00,3.00,2.00,0.0000,0.0000,0.0000,0,0.000000
36,0.0200,0.0000,45.0000,-30.0000,0.0000,0.0000,0.0000,0.0000,-1.0000,0.0000,-11.6655,-87.0141,88.9775,0.0000,0.0000,0.0000,0.9145,-1.7843,80.7625,0.0000,-0.1942,0.0000,0.0000,0.0000,0.0000,0.0000,0.0000,0.0000,5.00,3.00,2.00,0.0000,0.0000,0.0000,0,0.000000
36,0.0200,0.0000,45.0000,-30.0000,0.0000,0.0000,0.0000,0.0000,-1.0000,0.0000,-11.7205,-87.8361,88.9871,0.0000,0.0000,0.0000,0.3246,-1.7843,86.3112,0.0000,-0.1942,0.0000,0.0000,0.0000,0.0000,0.0000,0.0000,0.0000,5.00,3.00,2.00,0.0000,0.0000,0.0000,0,0.000000
36,0.0200,0.0000,45.0000,-30.0000,0.0000,0.0000,0.0000,0.0000,-1.0000,0.0000,-11.7755,-88.6621,88.9966,0.0000,0.0000,0.0000,-2.2799,-1.7843,83.3573,0.0000,-0.1942,0.0000,0.0000,0.0000,0.0000,0.0000,0.0000,0.0000,5.00,3.00,2.00,0.0000,0.0000,0.0000,0,0.000000
36,0.0200,0.0000,45.0000,-30.0000,0.0000,0.0000,0.0000,0.0000,-1.0000,0.0000,-11.8306,-89.4920,89.0062,-2.7512,-41.4940,0.4791,-0.7303,-1.7843,86.2049,0.0000,-0.1942,0.0000,0.0000,0.0000,0.0000,0.0000,0.0000,0.0000,5.00,3.00,2.00,0.0000,0.0000,0.0000,0,0.000000
37,0.0200,0.0000,45.0000,-30.0000,0.0000,0.0000,0.0000,0.0000,-1.0000,0.0000,-11.8856,-90.3258,89.0158,0.0000,0.0000,0.0000,-2.0248,-1.7843,81.2463,0.0000,-0.1942,0.0000,0.0000,0.0000,0.0000,0.0000,0.0000,0.0000,5.00,3.00,2.00,0.0000,0.0000,0.0000,0,0.000000
37,0.0200,0.0000,45.0000,-30.0000,0.0000,0.0000,0.0000,0.0000,-1.0000,0.0000,-11.9406,-91.1635,89.0254,0.0000,0.0000,0.0000,-2.0071,-1.7843,81.5559,0.0000,-0.1942,0.0000,0.0000,0.0000,0.0000,0.0000,0.0000,0.0000,5.00,3.00,2.00,0.0000,0.0000,0.0000,0,0.000000
37,0.0200,0.0000,45.0000,-30.0000,0.0000,0.0000,0.0000,0.0000,-1.0000,0.0000,-11.9956,-92.0051,89.0350,0.0000,0.0000,0.0000,-1.3878,-1.7843,82.8906,0.0000,-0.1942,0.0000,0.0000,0.0000,0.0000,0.0000,0.0000,0.0000,5.00,3.00,2.00,0.0000,0.0000,0.0000,0,0.000000
37,0.0200,0.0000,45.0000,-30.0000,0.0000,0.0000,0.0000,0.0000,-1.0000,0.0000,-12.0507,-92.8507,89.0446,0.0000,0.0000,0.0000,2.5838,-1.7843,82.2550,0.0000,-0.1942,0.0000,0.0000,0.0000,0.0000,0.0000,0.0000,0.0000,5.00,3.00,2.00,0.0000,0.0000,0.0000,0,0.000000
37,0.0200,0.0000,45.0000,-30.0000,0.0000,0.0000,0.0000,0.0000,-1.0000,-1.0000,-12.1057,-93.7002,89.0542,-2.7512,-42.4744,0.4791,-1.4019,-1.7843,81.8987,0.0000,-0.1942,0.0000,0.0000,0.0000,0.0000,0.0000,0.0000,0.0000,5.00,3.00,2.00,0.0000,0.0000,0.0000,0,0.000000
38,0.0200,0.0000,45.0000,-30.0000,0.0000,0.0000,0.0000,0.0000,-1.0000,-1.0000,-12.1607,-94.5536,89.0638,0.0000,0.0000,0.0000,1.6757,-1.7843,85.4578,0.0000,-0.1942,0.0000,0.0000,0.0000,0.0000,0.0000,0.0000,0.0000,5.00,3.00,2.00,0.0000,0.0000,0.0000,0,0.000000
38,0.0200,0.0000,45.0000,-30.0000,0.0000,0.0000,0.0000,0.0000,-1.0000,-1.0000,-12.2157,-95.4110,89.0734,0.0000,0.0000,0.0000,1.1439,-1.7843,81.8146,0.0000,-0.1942,0.0000,0.0000,0.0000,0.0000,0.0000,0.0000,0.0000,5.00,3.00,2.00,0.0000,0.0000,0.0000,0,0.000000
38,0.0200,0.0000,45.0000,-30.0000,0.0000,0.0000,0.0000,0.0000,-1.0000,-1.0000,-12.2708,-96.2723,89.0830,0.0000,0.0000,0.0000,-1.0610,-1.7843,81.6932,0.0000,-0.1942,0.0000,0.0000,0.0000,0.0000,0.0000,0.0000,0.0000,5.00,3.00,2.00,0.0000,0.0000,0.0000,0,0.000000
38,0.0200,0.0000,45.0000,-30.0000,0.0000,0.0000,0.0000,0.0000,-1.0000,-1.0000,-12.3258,-97.1375,89.0925,0.0000,0.0000,0.0000,-2.3192,-1.7843,83.0738,0.0000,-0.1942,0.0000,0.0000,0.0000,0.0000,0.0000,0.0000,0.0000,5.00,3.00,2.00,0.0000,0.0000,0.0000,0,0.000000
38,0.0200,0.0000,45.0000,-30.0000,0.0000,0.0000,0.0000,0.0000,-1.0000,-1.0000,-12.3808,-98.0066,89.1021,-2.7512,-43.4563,0.4795,-2.1798,-1.7843,83.4442,0.0000,-0.1942,0.0000,0.0000,0.0000,0.0000,0.0000,0.0000,0.0000,5.00,3.00,2.00,0.0000,0.0000,0.0000,0,0.000000
39,0.0200,0.0000,45.0000,-30.0000,0.0000,0.0000,0.0000,0.0000,-1.0000,-1.0000,-12.4358,-98.8796,89.1117,0.0000,0.0000,0.0000,1.4568,-1.7843,85.3188,0.0000,-0.1942,0.0000,0.0000,0.0000,0.0000,0.0000,0.0000,0.0000,5.00,3.00,2.00,0.0000,0.0000,0.0000,0,0.000000
39,0.0200,0.0000,45.0000,-30.0000,0.0000,0.0000,0.0000,0.0000,-1.0000,-1.0000,-12.4908,-99.7566,89.1213,0.0000,0.0000,0.0000,-0.0893,-1.7843,86.3101,0.0000,-0.1942,0.0000,0.0000,0.0000,0.0000,0.0000,0.0000,0.0000,5.00,3.00,2.00,0.0000,0.0000,0.0000,0,0.000000
39,0.0200,0.0000,45.0000,-30.0000,0.0000,0.0000,0.0000,0.0000,-1.0000,-1.0000,-12.5459,-100.6375,89.1309,0.0000,0.0000,0.0000,0.6567,-1.7843,80.6707,0.0000,-0.1942,0.0000,0.0000,0.0000,0.0000,0.0000,0.0000,0.0000,5.00,3.00,2.00,0.0000,0.0000,0.0000,0,0.000000
39,0.0200,0.0000,45.0000,-30.0000,0.0000,0.0000,0.0000,0.0000,-1.0000,-1.0000,-12.6009,-101.5223,89.1405,0.0000,0.0000,0.0000,-1.1749,-1.7843,82.2435,0.0000,-0.1942,0.0000,0.0000,0.0000,0.0000,0.0000,0.0000,0.0000,5.00,3.00,2.00,0.0000,0.0000,0.0000,0,0.000000
39,0.0200,0.0000,45.0000,-30.0000,0.0000,0.0000,0.0000,0.0000,-1.0000,-1.0000,-12.6559,-102.4110,89.1501,-2.7512,-44.4374,0.4795,-3.0762,-1.7843,84.0116,0.0000,-0.1942,0.0000,0.0000,0.0000,0.0000,0.0000,0.0000,0.0000,5.00,3.00,2.00,0.0000,0.0000,0.0000,0,0.000000
40,0.0200,0.0000,45.0000,-30.0000,0.0000,0.0000,0.0000,0.0000,-1.0000,-1.0000,-12.7109,-103.3037,89.1597,0.0000,0.0000,0.0000,1.8828,-1.7843,84.4130,0.0000,-0.1942,0.0000,0.0000,0.0000,0.0000,0.0000,0.0000,0.0000,5.00,3.00,2.00,0.0000,0.0000,0.0000,0,0.000000
40,0.0200,0.0000,45.0000,-30.0000,0.0000,0.0000,0.0000,0.0000,-1.0000,-1.0000,-12.7660,-104.2003,89.1693,0.0000,0.0000,0.0000,1.7080,-1.7843,82.5967,0.0000,-0.1942,0.0000,0.0000,0.0000,0.0000,0.0000,0.0000,0.0000,5.00,3.00,2.00,0.0000,0.0000,0.0000,0,0.000000
40,0.0200,0.0000,45.0000,-30.0000,0.0000,0.0000,0.0000,0.0000,-1.0000,-1.0000,-12.8210,-105.1008,89.1789,0.0000,0.0000,0.0000,0.8404,-1.7843,82.8490,0.0000,-0.1942,0.0000,0.0000,0.0000,0.0000,0.0000,0.0000,0.0000,5.00,3.00,2.00,0.0000,0.0000,0.0000,0,0.000000
40,0.0200,0.0000,45.0000,-30.0000,0.0000,0.0000,0.0000,0.0000,-1.0000,-1.0000,-12.8760,-106.0052,89.1885,0.0000,0.0000,0.0000,-0.0772,-1.7843,82.0828,0.0000,-0.1942,0.0000,0.0000,0.0000,0.0000,0.0000,0.0000,0.0000,5.00,3.00,2.00,0.0000,0.0000,0.0000,0,0.000000
40,0.0200,0.0000,45.0000,-30.0000,0.0000,0.0000,0.0000,0.0000,-1.0000,-1.0000,-12.9310,-106.9136,89.1980,-2.7512,-45.4186,0.4795,0.8022,-1.7843,82.1123,0.0000,-0.1942,0.0000,0.0000,0.0000,0.0000,0.0000,0.0000,0.0000,5.00,3.00,2.00,0.0000,0.0000,0.0000,0,0.000000
41,0.0200,0.0000,45.0000,-30.0000,0.0000,0.0000,0.0000,0.0000,-1.0000,-1.0000,-12.9861,-107.8259,89.2076,0.0000,0.0000,0.0000,-1.2088,-1.7843,86.3841,0.0000,-0.1942,0.0000,0.0000,0.0000,0.0000,0.0000,0.0000,0.0000,5.00,3.00,2.00,0.0000,0.0000,0.0000,0,0.000000
41,0.0200,0.0000,45.0000,-30.0000,0.0000,0.0000,0.0000,0.0000,-1.0000,-1.0000,-13.0411,-108.7421,89.2172,0.0000,0.0000,0.0000,3.0409,-1.7843,84.9731,0.0000,-0.1942,0.0000,0.0000,0.0000,0.0000,0.0000,0.0000,0.0000,5.00,3.00,2.00,0.0000,0.0000,0.0000,0,0.000000
41,0.0200,0.0000,45.0000,-30.0000,0.0000,0.0000,0.0000,0.0000,-1.0000,-1.0000,-13.0961,-109.6622,89.2268,0.0000,0.0000,0.0000,-3.0068,-1.7843,83.5028,0.0000,-0.1942,0.0000,0.0000,0.0000,0.0000,0.0000,0.0000,0.0000,5.00,3.00,2.00,0.0000,0.0000,0.0000,0,0.000000
41,0.0200,0.0000,45.0000,-30.0000,0.0000,0.0000,0.0000,0.0000,-1.0000,-1.0000,-13.1511,-110.5863,89.2364,0.0000,0.0000,0.0000,-2.2686,-1.7843,81.7041,0.0000,-0.1942,0.0000,0.0000,0.0000,0.0000,0.0000,0.0000,0.0000,5.00,3.00,2.00,0.0000,0.0000,0.0000,0,0.000000
41,0.0200,0.0000,45.0000,-30.0000,0.0000,0.0000,0.0000,0.0000,-1.0000,-1.0000,-13.2061,-111.5143,89.2460,-2.7512,-46.3993,0.4799,-3.4366,-1.7843,84.1068,0.0000,-0.1942,0.0000,0.0000,0.0000,0.0000,0.0000,0.0000,0.0000,5.00,3.00,2.00,0.0000,0.0000,0.0000,0,0.000000
42,0.0200,0.0000,45.0000,-30.0000,0.0000,0.0000,0.0000,0.0000,-1.0000,-1.0000,-13.2612,-112.4462,89.2556,0.0000,0.0000,0.0000,1.3471,-1.7843,83.5886,0.0000,-0.1942,0.0000,0.0000,0.0000,0.0000,0.0000,0.0000,0.0000,5.00,3.00,2.00,0.0000,0.0000,0.0000,0,0.000000
42,0.0200,0.0000,45.0000,-30.0000,0.0000,0.0000,0.0000,0.0000,-1.0000,-1.0000,-13.3162,-113.3820,89.2652,0.0000,0.0000,0.0000,0.0491,-1.7843,81.4617,0.0000,-0.1942,0.0000,0.0000,0.0000,0.0000,0.0000,0.0000,0.0000,5.00,3.00,2.00,0.0000,0.0000,0.0000,0,0.000000
42,0.0200,0.0000,45.0000,-30.0000,0.0000,0.0000,0.0000,0.0000,-1.0000,-1.0000,-13.3712,-114.3217,89.2748,0.0000,0.0000,0.0000,2.4507,-1.7843,83.9835,0.0000,-0.1942,0.0000,0.0000,0.0000,0.0000,0.0000,0.0000,0.0000,5.00,3.00,2.00,0.0000,0.0000,0.0000,0,0.000000
42,0.0200,0.0000,45.0000,-30.0000,0.0000,0.0000,0.0000,0.0000,-1.0000,-1.0000,-13.4262,-115.2654,89.2843,0.0000,0.0000,0.0000,-3.2640,-1.7843,83.5616,0.0000,-0.1942,0.0000,0.0000,0.0000,0.0000,0.0000,0.0000,0.0000,5.00,3.00,2.00,0.0000,0.0000,0.0000,0,0.000000
42,0.0200,0.0000,45.0000,-30.0000,0.0000,0.0000,0.0000,0.0000,-1.0000,-1.0000,-13.4813,-116.2130,89.2940,-2.7512,-47.3801,0.4803,2.6500,-1.7843,86.0617,0.0000,-0.1942,0.0000,0.0000,0.0000,0.0000,0.0000,0.0000,0.0000,5.00,3.00,2.00,0.0000,0.0000,0.0000,0,0.000000
43,0.0200,0.0000,45.0000,-30.0000,0.0000,0.0000,0.0000,0.0000,-1.0000,-1.0000,-13.5363,-117.1646,89.3035,0.0000,0.0000,0.0000,-0.0064,-1.7843,81.2114,0.0000,-0.1942,0.0000,0.0000,0.0000,0.0000,0.0000,0.0000,0.0000,5.00,3.00,2.00,0.0000,0.0000,0.0000,0,0.000000
43,0.0200,0.0000,45.0000,-30.0000,0.0000,0.0000,0.0000,0.0000,-1.0000,-1.0000,-13.5913,-118.1200,89.3131,0.0000,0.0000,0.0000,2.1809,-1.7843,84.9750,0.0000,-0.1942,0.0000,0.0000,0.0000,0.0000,0.0000,0.0000,0.0000,5.00,3.00,2.00,0.0000,0.0000,0.0000,0,0.000000
43,0.0200,0.0000,45.0000,-30.0000,0.0000,0.0000,0.0000,0.0000,-1.0000,-1.0000,-13.6463,-119.0794,89.3227,0.0000,0.0000,0.0000,-1.2899,-1.7843,83.0828,0.0000,-0.1942,0.0000,0.0000,0.0000,0.0000,0.0000,0.0000,0.0000,5.00,3.00,2.00,0.0000,0.0000,0.0000,0,0.000000
43,0.0200,0.0000,45.0000,-30.0000,0.0000,0.0000,0.0000,0.0000,-1.0000,-1.0000,-13.7014,-120.0427,89.3323,0.0000,0.0000,0.0000,-2.3788,-1.7843,85.2155,0.0000,-0.1942,0.0000,0.0000,0.0000,0.0000,0.0000,0.0000,0.0000,5.00,3.00,2.00,0.0000,0.0000,0.0000,0,0.000000
43,0.0200,0.0000,45.0000,-30.0000,0.0000,0.0000,0.0000,0.0000,-1.0000,-1.0000,-13.7564,-121.0099,89.3419,-2.7512,-48.3608,0.4795,-3.3389,-1.7843,84.6906,0.0000,-0.1942,0.0000,0.0000,0.0000,0.0000,0.0000,0.0000,0.0000,5.00,3.00,2.00,0.0000,0.0000,0.0000,0,0.000000
44,0.0200,0.0000,45.0000,-30.0000,0.0000,0.0000,0.0000,0.0000,-1.0000,-1.0000,-13.8114,-121.9810,89.3515,0.0000,0.0000,0.0000,-0.5879,-1.7843,85.8550,0.0000,-0.1942,0.0000,0.0000,0.0000,0.0000,0.0000,0.0000,0.0000,5.00,3.00,2.00,0.0000,0.0000,0.0000,0,0.000000
44,0.0200,0.0000,45.0000,-30.0000,0.0000,0.0000,0.0000,0.0000,-1.0000,-1.0000,-13.8664,-122.9561,89.3611,0.0000,0.0000,0.0000,1.2451,-1.7843,81.3415,0.0000,-0.1942,0.0000,0.0000,0.0000,0.0000,0.0000,0.0000,0.0000,5.00,3.00,2.00,0.0000,0.0000,0.0000,0,0.000000
44,0.0200,0.0000,45.0000,-30.0000,0.0000,0.0000,0.0000,0.0000,-1.0000,-1.0000,-13.9214,-123.9351,89.3707,0.0000,0.0000,0.0000,2.9375,-1.7843,82.5746,0.0000,-0.1942,0.0000,0.0000,0.0000,0.0000,0.0000,0.0000,0.0000,5.00,3.00,2.00,0.0000,0.0000,0.0000,0,0.000000
44,0.0200,0.0000,45.0000,-30.0000,0.0000,0.0000,0.0000,0.0000,-1.0000,-1.0000,-13.9765,-124.9180,89.3803,0.0000,0.0000,0.0000,0.8021,-1.7843,85.4037,0.0000,-0.1942,0.0000,0.0000,0.0000,0.0000,0.0000,0.0000,0.0000,5.00,3.00,2.00,0.0000,0.0000,0.0000,0,0.000000
44,0.0200,0.0000,45.0000,-30.0000,0.0000,0.0000,0.0000,0.0000,-1.0000,-1.0000,-14.0315,-125.9049,89.3898,-2.7512,-49.3420,0.4795,2.2701,-1.7843,82.4787,0.0000,-0.1942,0.0000,0.0000,0.0000,0.0000,0.0000,0.0000,0.0000,5.00,3.00,2.00,0.0000,0.0000,0.0000,0,0.000000
45,0.0200,0.0000,45.0000,-30.0000,0.0000,0.0000,0.0000,0.0000,-1.0000,-1.0000,-14.0865,-126.8956,89.3994,0.0000,0.0000,0.0000,2.6524,-1.7843,85.5604,0.0000,-0.1942,0.0000,0.0000,0.0000,0.0000,0.0000,0.0000,0.0000,5.00,3.00,2.00,0.0000,0.0000,0.0000,0,0.000000
45,0.0200,0.0000,45.0000,-30.0000,0.0000,0.0000,0.0000,0.0000,-1.0000,-1.0000,-14.1415,-127.8903,89.4090,0.0000,0.0000,0.0000,2.8590,-1.7843,82.4202,0.0000,-0.1942,0.0000,0.0000,0.0000,0.0000,0.0000,0.0000,0.0000,5.00,3.00,2.00,0.0000,0.0000,0.0000,0,0.000000
45,0.0200,0.0000,45.0000,-30.0000,0.0000,0.0000,0.0000,0.0000,-1.0000,-1.0000,-14.1966,-128.8889,89.4186,0.0000,0.0000,0.0000,2.9333,-1.7843,83.0865,0.0000,-0.1942,0.0000,0.0000,0.0000,0.0000,0.0000,0.0000,0.0000,5.00,3.00,2.00,0.0000,0.0000,0.0000,0,0.000000
45,0.0200,0.0000,45.0000,-30.0000,0.0000,0.0000,0.0000,0.0000,-1.0000,-1.0000,-14.2516,-129.8914,89.4282,0.0000,0.0000,0.0000,-3.5033,-1.7843,83.9844,0.0000,-0.1942,0.0000,0.0000,0.0000,0.0000,0.0000,0.0000,0.0000,5.00,3.00,2.00,0.0000,0.0000,0.0000,0,0.000000
45,0.0200,0.0000,45.0000,-30.0000,0.0000,0.0000,0.0000,0.0000,-1.0000,-1.0000,-14.3066,-130.8979,89.4378,-2.7512,-50.3243,0.4803,1.3020,-1.7843,86.9244,0.0000,-0.1942,0.0000,0.0000,0.0000,0.0000,0.0000,0.0000,0.0000,5.00,3.00,2.00,0.0000,0.0000,0.0000,0,0.000000
46,0.0200,0.0000,45.0000,-30.0000,0.0000,0.0000,0.0000,0.0000,-1.0000,-1.0000,-14.3616,-131.9083,89.4474,0.0000,0.0000,0.0000,1.4577,-1.7843,82.4428,0.0000,-0.1942,0.0000,0.0000,0.0000,0.0000,0.0000,0.0000,0.0000,5.00,3.00,2.00,0.0000,0.0000,0.0000,0,0.000000
46,0.0200,0.0000,45.0000,-30.0000,0.0000,0.0000,0.0000,0.0000,-1.0000,-1.0000,-14.4167,-132.9226,89.4570,0.0000,0.0000,0.0000,1.9266,-1.7843,85.0802,0.0000,-0.1942,0.0000,0.0000,0.0000,0.0000,0.0000,0.0000,0.0000,5.00,3.00,2.00,0.0000,0.0000,0.0000,0,0.000000
46,0.0200,0.0000,45.0000,-30.0000,0.0000,0.0000,0.0000,0.0000,-1.0000,-1.0000,-14.4717,-133.9409,89.4666,0.0000,0.0000,0.0000,2.2333,-1.7843,85.8931,0.0000,-0.1942,0.0000,0.0000,0.0000,0.0000,0.0000,0.0000,0.0000,5.00,3.00,2.00,0.0000,0.0000,0.0000,0,0.000000
46,0.0200,0.0000,45.0000,-30.0000,0.0000,0.0000,0.0000,0.0000,-1.0000,-1.0000,-14.5267,-134.9630,89.4762,0.0000,0.0000,0.0000,2.3450,-1.7843,81.8971,0.0000,-0.1942,0.0000,0.0000,0.0000,0.0000,0.0000,0.0000,0.0000,5.00,3.00,2.00,0.0000,0.0000,0.0000,0,0.000000
46,0.0200,0.0000,45.0000,-30.0000,0.0000,0.0000,0.0000,0.0000,-1.0000,-1.0000,-14.5817,-135.9891,89.4857,-2.7512,-51.3039,0.4795,-3.2669,-1.7843,83.0238,0.0000,-0.1942,0.0000,0.0000,0.0000,0.0000,0.0000,0.0000,0.0000,5.00,3.00,2.00,0.0000,0.0000,0.0000,0,0.000000
47,0.0200,0.0000,45.0000,-30.0000,0.0000,0.0000,0.0000,0.0000,-1.0000,-1.0000,-14.6368,-137.0191,89.4953,0.0000,0.0000,0.0000,1.7085,-1.7843,84.1377,0.0000,-0.1942,0.0000,0.0000,0.0000,0.0000,0.0000,0.0000,0.0000,5.00,3.00,2.00,0.0000,0.0000,0.0000,0,0.000000
47,0.0200,0.0000,45.0000,-30.0000,0.0000,0.0000,0.0000,0.0000,-1.0000,-1.0000,-14.6918,-138.0531,89.5049,0.0000,0.0000,0.0000,1.6143,-1.7843,82.0373,0.0000,-0.1942,0.0000,0.0000,0.0000,0.0000,0.0000,0.0000,0.0000,5.00,3.00,2.00,0.0000,0.0000,0.0000,0,0.000000
47,0.0200,0.0000,45.0000,-30.0000,0.0000,0.0000,0.0000,0.0000,-1.0000,-1.0000,-14.7468,-139.0909,89.5145,0.0000,0.0000,0.0000,-1.8796,-1.7843,84.5599,0.0000,-0.1942,0.0000,0.0000,0.0000,0.0000,0.0000,0.0000,0.0000,5.00,3.00,2.00,0.0000,0.0000,0.0000,0,0.000000
47,0.0200,0.0000,45.0000,-30.0000,0.0000,0.0000,0.0000,0.0000,-1.0000,-1.0000,-14.8018,-140.1326,89.5241,0.0000,0.0000,0.0000,-1.8290,-1.7843,81.9033,0.0000,-0.1942,0.0000,0.0000,0.0000,0.0000,0.0000,0.0000,0.0000,5.00,3.00,2.00,0.0000,0.0000,0.0000,0,0.000000
47,0.0200,0.0000,45.0000,-30.0000,0.0000,0.0000,0.0000,0.0000,-1.0000,-1.0000,-14.8568,-141.1784,89.5337,-2.7512,-52.2858,0.4799,0.5379,-1.7843,82.3799,0.0000,-0.1942,0.0000,0.0000,0.0000,0.0000,0.0000,0.0000,0.0000,5.00,3.00,2.00,0.0000,0.0000,0.0000,0,0.000000
48,0.0200,0.0000,45.0000,-30.0000,0.0000,0.0000,0.0000,0.0000,-1.0000,-1.0000,-14.9119,-142.2280,89.5433,0.0000,0.0000,0.0000,-1.1721,-1.7843,82.9789,0.0000,-0.1942,0.0000,0.0000,0.0000,0.0000,0.0000,0.0000,0.0000,5.00,3.00,2.00,0.0000,0.0000,0.0000,0,0.000000
48,0.0200,0.0000,45.0000,-30.0000,0.0000,0.0000,0.0000,0.0000,-1.0000,-1.0000,-14.9669,-143.2815,89.5529,0.0000,0.0000,0.0000,-2.7008,-1.7843,84.9005,0.0000,-0.1942,0.0000,0.0000,0.0000,0.0000,0.0000,0.0000,0.0000,5.00,3.00,2.00,0.0000,0.0000,0.0000,0,0.000000
48,0.0200,0.0000,45.0000,-30.0000,0.0000,0.0000,0.0000,0.0000,-1.0000,-1.0000,-15.0219,-144.3390,89.5625,0.0000,0.0000,0.0000,0.4908,-1.7843,86.2792,0.0000,-0.1942,0.0000,0.0000,0.0000,0.0000,0.0000,0.0000,0.0000,5.00,3.00,2.00,0.0000,0.0000,0.0000,0,0.000000
48,0.0200,0.0000,45.0000,-30.0000,0.0000,0.0000,0.0000,0.0000,-1.0000,-1.0000,-15.0769,-145.4004,89.5720,0.0000,0.0000,0.0000,-0.3501,-1.7843,82.3055,0.0000,-0.1942,0.0000,0.0000,0.0000,0.0000,0.0000,0.0000,0.0000,5.00,3.00,2.00,0.0000,0.0000,0.0000,0,0.000000
48,0.0200,0.0000,45.0000,-30.0000,0.0000,0.0000,0.0000,0.0000,-1.0000,-1.0000,-15.1320,-146.4657,89.5816,-2.7512,-53.2661,0.4799,1.3129,-1.7843,81.1210,0.0000,-0.1942,0.0000,0.0000,0.0000,0.0000,0.0000,0.0000,0.0000,5.00,3.00,2.00,0.0000,0.0000,0.0000,0,0.000000
49,0.0200,0.0000,45.0000,-30.0000,0.0000,0.0000,0.0000,0.0000,-1.0000,-1.0000,-15.1870,-147.5350,89.5912,0.0000,0.0000,0.0000,2.4890,-1.7843,84.1375,0.0000,-0.1942,0.0000,0.0000,0.0000,0.0000,0.0000,0.0000,0.0000,5.00,3.00,2.00,0.0000,0.0000,0.0000,0,0.000000
49,0.0200,0.0000,45.0000,-30.0000,0.0000,0.0000,0.0000,0.0000,-1.0000,-1.0000,-15.2420,-148.6081,89.6008,0.0000,0.0000,0.0000,-2.0521,-1.7843,83.9661,0.0000,-0.1942,0.0000,0.0000,0.0000,0.0000,0.0000,0.0000,0.0000,5.00,3.00,2.00,0.0000,0.0000,0.0000,0,0.000000
49,0.0200,0.0000,45.0000,-30.0000,0.0000,0.0000,0.0000,0.0000,-1.0000,-1.0000,-15.2970,-149.6852,89.6104,0.0000,0.0000,0.0000,-1.3889,-1.7843,85.5578,0.0000,-0.1942,0.0000,0.0000,0.0000,0.0000,0.0000,0.0000,0.0000,5.00,3.00,2.00,0.0000,0.0000,0.0000,0,0.000000
49,0.0200,0.0000,45.0000,-30.0000,0.0000,0.0000,0.0000,0.0000,-1.0000,-1.0000,-15.3521,-150.7663,89.6200,0.0000,0.0000,0.0000,2.0932,-1.7843,85.1217,0.0000,-0.1942,0.0000,0.0000,0.0000,0.0000,0.0000,0.0000,0.0000,5.00,3.00,2.00,0.0000,0.0000,0.0000,0,0.000000
49,0.0200,0.0000,45.0000,-30.0000,0.0000,0.0000,0.0000,0.0000,-1.0000,-1.0000,-15.4071,-151.8512,89.6296,-2.7512,-54.2473,0.4795,2.0974,-1.7843,83.4600,0.0000,-0.1942,0.0000,0.0000,0.0000,0.0000,0.0000,0.0000,0.0000,5.00,3.00,2.00,0.0000,0.0000,0.0000,0,0.000000
50,0.0200,0.0000,45.0000,-30.0000,0.0000,0.0000,0.0000,0.0000,-1.0000,-1.0000,-15.4621,-152.9400,89.6392,0.0000,0.0000,0.0000,-1.0474,-1.7843,85.3018,0.0000,-0.1942,0.0000,0.0000,0.0000,0.0000,0.0000,0.0000,0.0000,5.00,3.00,2.00,0.0000,0.0000,0.0000,0,0.000000
50,0.0200,0.0000,45.0000,-30.0000,0.0000,0.0000,0.0000,0.0000,-1.0000,-1.0000,-15.5171,-154.0329,89.6488,0.0000,0.0000,0.0000,0.9630,-1.7843,82.1146,0.0000,-0.1942,0.0000,0.0000,0.0000,0.0000,0.0000,0.0000,0.0000,5.00,3.00,2.00,0.0000,0.0000,0.0000,0,0.000000
50,0.0200,0.0000,45.0000,-30.0000,0.0000,0.0000,0.0000,0.0000,-1.0000,-1.0000,-15.5721,-155.1296,89.6584,0.0000,0.0000,0.0000,2.4147,-1.7843,82.3798,0.0000,-0.1942,0.0000,0.0000,0.0000,0.0000,0.0000,0.0000,0.0000,5.00,3.00,2.00,0.0000,0.0000,0.0000,0,0.000000
50,0.0200,0.0000,45.0000,-30.0000,0.0000,0.0000,0.0000,0.0000,-1.0000,-1.0000,-15.6272,-156.2302,89.6680,0.0000,0.0000,0.0000,-1.2770,-1.7843,80.9426,0.0000,-0.1942,0.0000,0.0000,0.0000,0.0000,0.0000,0.0000,0.0000,5.00,3.00,2.00,0.0000,0.0000,0.0000,0,0.000000
50,0.0200,0.0000,45.0000,-30.0000,0.0000,0.0000,0.0000,0.0000,-1.0000,-1.0000,-15.6822,-157.3348,89.6775,-2.7512,-55.2277,0.4795,-2.5052,-1.7843,83.5611,0.0000,-0.1942,0.0000,0.0000,0.0000,0.0000,0.0000,0.0000,0.0000,5.00,3.00,2.00,0.0000,0.0000,0.0000,0,0.000000
51,0.0200,0.0000,45.0000,-30.0000,0.0000,0.0000,0.0000,0.0000,-1.0000,-1.0000,-15.7372,-158.4433,89.6871,0.0000,0.0000,0.0000,-1.6481,-1.7843,87.1912,0.0000,-0.1942,0.0000,0.0000,0.0000,0.0000,0.0000,0.0000,0.0000,5.00,3.00,2.00,0.0000,0.0000,0.0000,0,0.000000
51,0.0200,0.0000,45.0000,-30.0000,0.0000,0.0000,0.0000,0.0000,-1.0000,-1.0000,-15.7922,-159.5556,89.6967,0.0000,0.0000,0.0000,1.0807,-1.7843,85.4341,0.0000,-0.1942,0.0000,0.0000,0.0000,0.0000,0.0000,0.0000,0.0000,5.00,3.00,2.00,0.0000,0.0000,0.0000,0,0.000000
51,0.0200,0.0000,45.0000,-30.0000,0.0000,0.0000,0.0000,0.0000,-1.0000,-1.0000,-15.8473,-160.6720,89.7063,0.0000,0.0000,0.0000,1.3353,-1.7843,86.8114,0.0000,-0.1942,0.0000,0.0000,0.0000,0.0000,0.0000,0.0000,0.0000,5.00,3.00,2.00,0.0000,0.0000,0.0000,0,0.000000
51,0.0200,0.0000,45.0000,-30.0000,0.0000,0.0000,0.0000,0.0000,-1.0000,-1.0000,-15.9023,-161.7923,89.7159,0.0000,0.0000,0.0000,0.9684,-1.7843,85.7701,0.0000,-0.1942,0.0000,0.0000,0.0000,0.0000,0.0000,0.0000,0.0000,5.00,3.00,2.00,0.0000,0.0000,0.0000,0,0.000000
51,0.0200,0.0000,45.0000,-30.0000,0.0000,0.0000,0.0000,0.0000,-1.0000,-1.0000,-15.9573,-162.9164,89.7255,-2.7512,-56.2080,0.4795,-0.0965,-1.7843,81.4432,0.0000,-0.1942,0.0000,0.0000,0.0000,0.0000,0.0000,0.0000,0.0000,5.00,3.00,2.00,0.0000,0.0000,0.0000,0,0.000000
52,0.0200,0.0000,45.0000,-30.0000,0.0000,0.0000,0.0000,0.0000,-1.0000,-1.0000,-16.0123,-164.0445,89.7351,0.0000,0.0000,0.0000,0.9326,-1.7843,86.6522,0.0000,-0.1942,0.0000,0.0000,0.0000,0.0000,0.0000,0.0000,0.0000,5.00,3.00,2.00,0.0000,0.0000,0.0000,0,0.000000
52,0.0200,0.0000,45.0000,-30.0000,0.0000,0.0000,0.0000,0.0000,-1.0000,-1.0000,-16.0674,-165.1766,89.7447,0.0000,0.0000,0.0000,1.6478,-1.7843,82.1747,0.0000,-0.1942,0.0000,0.0000,0.0000,0.0000,0.0000,0.0000,0.0000,5.00,3.00,2.00,0.0000,0.0000,0.0000,0,0.000000
52,0.0200,0.0000,45.0000,-30.0000,0.0000,0.0000,0.0000,0.0000,-1.0000,-1.0000,-16.1224,-166.3125,89.7543,0.0000,0.0000,0.0000,-1.8188,-1.7843,84.3755,0.0000,-0.1942,0.0000,0.0000,0.0000,0.0000,0.0000,0.0000,0.0000,5.00,3.00,2.00,0.0000,0.0000,0.0000,0,0.000000
52,0.0200,0.0000,45.0000,-30.0000,0.0000,0.0000,0.0000,0.0000,-1.0000,-1.0000,-16.1774,-167.4524,89.7639,0.0000,0.0000,0.0000,1.9437,-1.7843,82.4132,0.0000,-0.1942,0.0000,0.0000,0.0000,0.0000,0.0000,0.0000,0.0000,5.00,3.00,2.00,0.0000,0.0000,0.0000,0,0.000000
52,0.0200,0.0000,45.0000,-30.0000,0.0000,0.0000,0.0000,0.0000,-1.0000,-1.0000,-16.2324,-168.5962,89.7735,-2.7512,-57.1899,0.4799,-0.4497,-1.7843,81.9411,0.0000,-0.1942,0.0000,0.0000,0.0000,0.0000,0.0000,0.0000,0.0000,5.00,3.00,2.00,0.0000,0.0000,0.0000,0,0.000000
53,0.0200,0.0000,45.0000,-30.0000,0.0000,0.0000,0.0000,0.0000,-1.0000,-1.0000,-16.2874,-169.7439,89.7830,0.0000,0.0000,0.0000,2.9663,-1.7843,85.4001,0.0000,-0.1942,0.0000,0.0000,0.0000,0.0000,0.0000,0.0000,0.0000,5.00,3.00,2.00,0.0000,0.0000,0.0000,0,0.000000
53,0.0200,0.0000,45.0000,-30.0000,0.0000,0.0000,0.0000,0.0000,-1.0000,-1.0000,-16.3425,-170.8956,89.7926,0.0000,0.0000,0.0000,-1.9672,-1.7843,86.9610,0.0000,-0.1942,0.0000,0.0000,0.0000,0.0000,0.0000,0.0000,0.0000,5.00,3.00,2.00,0.0000,0.0000,0.0000,0,0.000000
53,0.0200,0.0000,45.0000,-30.0000,0.0000,0.0000,0.0000,0.0000,-1.0000,-1.0000,-16.3975,-172.0512,89.8022,0.0000,0.0000,0.0000,-2.9930,-1.7843,84.6410,0.0000,-0.1942,0.0000,0.0000,0.0000,0.0000,0.0000,0.0000,0.0000,5.00,3.00,2.00,0.0000,0.0000,0.0000,0,0.000000
53,0.0200,0.0000,45.0000,-30.0000,0.0000,0.0000,0.0000,0.0000,-1.0000,-1.0000,-16.4525,-173.2106,89.8118,0.0000,0.0000,0.0000,1.2044,-1.7843,83.2458,0.0000,-0.1942,0.0000,0.0000,0.0000,0.0000,0.0000,0.0000,0.0000,5.00,3.00,2.00,0.0000,0.0000,0.0000,0,0.000000
53,0.0200,0.0000,45.0000,-30.0000,0.0000,0.0000,0.0000,0.0000,-1.0000,-1.0000,-16.5075,-174.3741,89.8214,-2.7512,-58.1718,0.4791,2.1399,-1.7843,84.9289,0.0000,-0.1942,0.0000,0.0000,0.0000,0.0000,0.0000,0.0000,0.0000,5.00,3.00,2.00,0.0000,0.0000,0.0000,0,0.000000
54,0.0200,0.0000,45.0000,-30.0000,0.0000,0.0000,0.0000,0.0000,-1.0000,-1.0000,-16.5626,-175.5414,89.8310,0.0000,0.0000,0.0000,1.4079,-1.7843,84.1782,0.0000,-0.1942,0.0000,0.0000,0.0000,0.0000,0.0000,0.0000,0.0000,5.00,3.00,2.00,0.0000,0.0000,0.0000,0,0.000000
54,0.0200,0.0000,45.0000,-30.0000,0.0000,0.0000,0.0000,0.0000,-1.0000,-1.0000,-16.6176,-176.7127,89.8406,0.0000,0.0000,0.0000,0.7870,-1.7843,87.2381,0.0000,-0.1942,0.0000,0.0000,0.0000,0.0000,0.0000,0.0000,0.0000,5.00,3.00,2.00,0.0000,0.0000,0.0000,0,0.000000
54,0.0200,0.0000,45.0000,-30.0000,0.0000,0.0000,0.0000,0.0000,-1.0000,-1.0000,-16.6726,-177.8879,89.8502,0.0000,0.0000,0.0000,-1.7299,-1.7843,85.2798,0.0000,-0.1942,0.0000,0.0000,0.0000,0.0000,0.0000,0.0000,0.0000,5.00,3.00,2.00,0.0000,0.0000,0.0000,0,0.000000
54,0.0200,0.0000,45.0000,-30.0000,0.0000,0.0000,0.0000,0.0000,-1.0000,-1.0000,-16.7276,-179.0670,89.8598,0.0000,0.0000,0.0000,2.2086,-1.7843,83.4738,0.0000,-0.1942,0.0000,0.0000,0.0000,0.0000,0.0000,0.0000,0.0000,5.00,3.00,2.00,0.0000,0.0000,0.0000,0,0.000000
54,0.0200,0.0000,45.0000,-30.0000,0.0000,0.0000,0.0000,0.0000,-1.0000,-1.0000,-16.7827,-180.2501,89.8694,-2.7512,-59.1522,0.4791,-2.7089,-1.7843,84.0150,0.0000,-0.1942,0.0000,0.0000,0.0000,0.0000,0.0000,0.0000,0.0000,5.00,3.00,2.00,0.0000,0.0000,0.0000,0,0.000000
55,0.0200,0.0000,45.0000,-30.0000,0.0000,0.0000,0.0000,0.0000,-1.0000,-1.0000,-16.8377,-181.4370,89.8789,0.0000,0.0000,0.0000,2.8931,-1.7843,83.4862,0.0000,-0.1942,0.0000,0.0000,0.0000,0.0000,0.0000,0.0000,0.0000,5.00,3.00,2.00,0.0000,0.0000,0.0000,0,0.000000
55,0.0200,0.0000,45.0000,-30.0000,0.0000,0.0000,0.0000,0.0000,-1.0000,-1.0000,-16.8927,-182.6279,89.8885,0.0000,0.0000,0.0000,0.9758,-1.7843,81.7075,0.0000,-0.1942,0.0000,0.0000,0.0000,0.0000,0.0000,0.0000,0.0000,5.00,3.00,2.00,0.0000,0.0000,0.0000,0,0.000000
55,0.0200,0.0000,45.0000,-30.0000,0.0000,0.0000,0.0000,0.0000,-1.0000,-1.0000,-16.9477,-183.8227,89.8981,0.0000,0.0000,0.0000,-1.4798,-1.7843,82.8364,0.0000,-0.1942,0.0000,0.0000,0.0000,0.0000,0.0000,0.0000,0.0000,5.00,3.00,2.00,0.0000,0.0000,0.0000,0,0.000000
55,0.0200,0.0000,45.0000,-30.0000,0.0000,0.0000,0.0000,0.0000,-1.0000,-1.0000,-17.0027,-185.0215,89.9077,0.0000,0.0000,0.0000,-3.1863,-1.7843,83.8647,0.0000,-0.1942,0.0000,0.0000,0.0000,0.0000,0.0000,0.0000,0.0000,5.00,3.00,2.00,0.0000,0.0000,0.0000,0,0.000000
55,0.0200,0.0000,45.0000,-30.0000,0.0000,0.0000,0.0000,0.0000,-1.0000,-1.0000,-17.0578,-186.2241,89.9173,-2.7512,-60.1334,0.4784,1.3144,-1.7843,85.5886,0.0000,-0.1942,0.0000,0.0000,0.0000,0.0000,0.0000,0.0000,0.0000,5.00,3.00,2.00,0.0000,0.0000,0.0000,0,0.000000
56,0.0200,0.0000,45.0000,-30.0000,0.0000,0.0000,0.0000,0.0000,-1.0000,-1.0000,-17.1128,-187.4307,89.9269,0.0000,0.0000,0.0000,1.0337,-1.7843,85.6826,0.0000,-0.1942,0.0000,0.0000,0.0000,0.0000,0.0000,0.0000,0.0000,5.00,3.00,2.00,0.0000,0.0000,0.0000,0,0.000000
56,0.0200,0.0000,45.0000,-30.0000,0.0000,0.0000,0.0000,0.0000,-1.0000,-1.0000,-17.1678,-188.6412,89.9365,0.0000,0.0000,0.0000,-0.1877,-1.7843,86.0906,0.0000,-0.1942,0.0000,0.0000,0.0000,0.0000,0.0000,0.0000,0.0000,5.00,3.00,2.00,0.0000,0.0000,0.0000,0,0.000000
56,0.0200,0.0000,45.0000,-30.0000,0.0000,0.0000,0.0000,0.0000,-1.0000,-1.0000,-17.2228,-189.8557,89.9461,0.0000,0.0000,0.0000,2.3557,-1.7843,81.8804,0.0000,-0.1942,0.0000,0.0000,0.0000,0.0000,0.0000,0.0000,0.0000,5.00,3.00,2.00,0.0000,0.0000,0.0000,0,0.000000
56,0.0200,0.0000,45.0000,-30.0000,0.0000,0.0000,0.0000,0.0000,-1.0000,-1.0000,-17.2779,-191.0740,89.9557,0.0000,0.0000,0.0000,1.9148,-1.7843,86.5681,0.0000,-0.1942,0.0000,0.0000,0.0000,0.0000,0.0000,0.0000,0.0000,5.00,3.00,2.00,0.0000,0.0000,0.0000,0,0.000000
56,0.0200,0.0000,45.0000,-30.0000,0.0000,0.0000,0.0000,0.0000,-1.0000,-1.0000,-17.3329,-192.2963,89.9653,-2.7512,-61.1160,0.4791,-0.2808,-1.7843,82.3887,0.0000,-0.1942,0.0000,0.0000,0.0000,0.0000,0.0000,0.0000,0.0000,5.00,3.00,2.00,0.0000,0.0000,0.0000,0,0.000000
57,0.0200,0.0000,45.0000,-30.0000,0.0000,0.0000,0.0000,0.0000,-1.0000,-1.0000,-17.3879,-193.5225,89.9749,0.0000,0.0000,0.0000,-0.3553,-1.7843,82.5658,0.0000,-0.1942,0.0000,0.0000,0.0000,0.0000,0.0000,0.0000,0.0000,5.00,3.00,2.00,0.0000,0.0000,0.0000,0,0.000000
57,0.0200,0.0000,45.0000,-30.0000,0.0000,0.0000,0.0000,0.0000,-1.0000,-1.0000,-17.4429,-194.7527,89.9844,0.0000,0.0000,0.0000,-0.6123,-1.7843,86.2459,0.0000,-0.1942,0.0000,0.0000,0.0000,0.0000,0.0000,0.0000,0.0000,5.00,3.00,2.00,0.0000,0.0000,0.0000,0,0.000000
57,0.0200,0.0000,45.0000,-30.0000,0.0000,0.0000,0.0000,0.0000,-1.0000,-1.0000,-17.4980,-195.9867,89.9940,0.0000,0.0000,0.0000,-1.2272,-1.7843,87.2772,0.0000,-0.1942,0.0000,0.0000,0.0000,0.0000,0.0000,0.0000,0.0000,5.00,3.00,2.00,0.0000,0.0000,0.0000,0,0.000000
57,0.0200,0.0000,45.0000,-30.0000,0.0000,0.0000,0.0000,0.0000,-1.0000,-1.0000,-17.5530,-197.2247,90.0036,0.0000,0.0000,0.0000,-3.4373,-1.7843,83.8609,0.0000,-0.1942,0.0000,0.0000,0.0000,0.0000,0.0000,0.0000,0.0000,5.00,3.00,2.00,0.0000,0.0000,0.0000,0,0.000000
57,0.0200,0.0000,45.0000,-30.0000,0.0000,0.0000,0.0000,0.0000,-1.0000,-1.0000,-17.6080,-198.4666,90.0132,-2.7512,-62.0964,0.4799,-0.3495,-1.7843,87.0687,0.0000,-0.1942,0.0000,0.0000,0.0000,0.0000,0.0000,0.0000,0.0000,5.00,3.00,2.00,0.0000,0.0000,0.0000,0,0.000000
58,0.0200,0.0000,45.0000,-30.0000,0.0000,0.0000,0.0000,0.0000,-1.0000,-1.0000,-17.6630,-199.7124,90.0228,0.0000,0.0000,0.0000,-0.9207,-1.7843,82.7370,0.0000,-0.1942,0.0000,0.0000,0.0000,0.0000,0.0000,0.0000,0.0000,5.00,3.00,2.00,0.0000,0.0000,0.0000,0,0.000000
58,0.0200,0.0000,45.0000,-30.0000,0.0000,0.0000,0.0000,0.0000,-1.0000,-1.0000,-17.7181,-200.9622,90.0324,0.0000,0.0000,0.0000,0.2348,-1.7843,82.3974,0.0000,-0.1942,0.0000,0.0000,0.0000,0.0000,0.0000,0.0000,0.0000,5.00,3.00,2.00,0.0000,0.0000,0.0000,0,0.000000
58,0.0200,0.0000,45.0000,-30.0000,0.0000,0.0000,0.0000,0.0000,-1.0000,-1.0000,-17.7731,-202.2159,90.0420,0.0000,0.0000,0.0000,0.7343,-1.7843,85.3500,0.0000,-0.1942,0.0000,0.0000,0.0000,0.0000,0.0000,0.0000,0.0000,5.00,3.00,2.00,0.0000,0.0000,0.0000,0,0.000000
58,0.0200,0.0000,45.0000,-30.0000,0.0000,0.0000,0.0000,0.0000,-1.0000,-1.0000,-17.8281,-203.4735,90.0516,0.0000,0.0000,0.0000,-3.2929,-1.7843,84.2203,0.0000,-0.1942,0.0000,0.0000,0.0000,0.0000,0.0000,0.0000,0.0000,5.00,3.00,2.00,0.0000,0.0000,0.0000,0,0.000000
58,0.0200,0.0000,45.0000,-30.0000,0.0000,0.0000,0.0000,0.0000,-1.0000,-1.0000,-17.8831,-204.7350,90.0612,-2.7512,-63.0753,0.4799,1.1529,-1.7843,86.0191,0.0000,-0.1942,0.0000,0.0000,0.0000,0.0000,0.0000,0.0000,0.0000,5.00,3.00,2.00,0.0000,0.0000,0.0000,0,0.000000
59,0.0200,0.0000,45.0000,-30.0000,0.0000,0.0000,0.0000,0.0000,-1.0000,-1.0000,-17.9381,-206.0004,90.0708,0.0000,0.0000,0.0000,-1.3127,-1.7843,85.1387,0.0000,-0.1942,0.0000,0.0000,0.0000,0.0000,0.0000,0.0000,0.0000,5.00,3.00,2.00,0.0000,0.0000,0.0000,0,0.000000
59,0.0200,0.0000,45.0000,-30.0000,0.0000,0.0000,0.0000,0.0000,-1.0000,-1.0000,-17.9932,-207.2698,90.0803,0.0000,0.0000,0.0000,-2.1810,-1.7843,81.7116,0.0000,-0.1942,0.0000,0.0000,0.0000,0.0000,0.0000,0.0000,0.0000,5.00,3.00,2.00,0.0000,0.0000,0.0000,0,0.000000
59,0.0200,0.0000,45.0000,-30.0000,0.0000,0.0000,0.0000,0.0000,-1.0000,-1.0000,-18.0482,-208.5431,90.0899,0.0000,0.0000,0.0000,1.5522,-1.7843,84.3116,0.0000,-0.1942,0.0000,0.0000,0.0000,0.0000,0.0000,0.0000,0.0000,5.00,3.00,2.00,0.0000,0.0000,0.0000,0,0.000000
59,0.0200,0.0000,45.0000,-30.0000,0.0000,0.0000,0.0000,0.0000,-1.0000,-1.0000,-18.1032,-209.8203,90.0995,0.0000,0.0000,0.0000,-0.6499,-1.7843,85.7792,0.0000,-0.1942,0.0000,0.0000,0.0000,0.0000,0.0000,0.0000,0.0000,5.00,3.00,2.00,0.0000,0.0000,0.0000,0,0.000000
59,0.0200,0.0000,45.0000,-30.0000,0.0000,0.0000,0.0000,0.0000,-1.0000,-1.0000,-18.1582,-211.1015,90.1091,-2.7512,-64.0587,0.4799,-1.2724,-1.7843,86.9266,0.0000,-0.1942,0.0000,0.0000,0.0000,0.0000,0.0000,0.0000,0.0000,5.00,3.00,2.00,0.0000,0.0000,0.0000,0,0.000000
60,0.0200,0.0000,45.0000,-30.0000,0.0000,0.0000,0.0000,0.0000,-1.0000,-1.0000,-18.2133,-212.3865,90.1187,0.0000,0.0000,0.0000,-1.1535,-1.7843,82.2109,0.0000,-0.1942,0.0000,0.0000,0.0000,0.0000,0.0000,0.0000,0.0000,5.00,3.00,2.00,0.0000,0.0000,0.0000,0,0.000000
60,0.0200,0.0000,45.0000,-30.0000,0.0000,0.0000,0.0000,0.0000,-1.0000,-1.0000,-18.2683,-213.6755,90.1283,0.0000,0.0000,0.0000,2.0279,-1.7843,84.1301,0.0000,-0.1942,0.0000,0.0000,0.0000,0.0000,0.0000,0.0000,0.0000,5.00,3.00,2.00,0.0000,0.0000,0.0000,0,0.000000
60,0.0200,0.0000,45.0000,-30.0000,0.0000,0.0000,0.0000,0.0000,-1.0000,-1.0000,-18.3233,-214.9684,90.1379,0.0000,0.0000,0.0000,-1.8185,-1.7843,85.8853,0.0000,-0.1942,0.0000,0.0000,0.0000,0.0000,0.0000,0.0000,0.0000,5.00,3.00,2.00,0.0000,0.0000,0.0000,0,0.000000
60,0.0200,0.0000,45.0000,-30.0000,0.0000,0.0000,0.0000,0.0000,-1.0000,-1.0000,-18.3783,-216.2653,90.1475,0.0000,0.0000,0.0000,2.0315,-1.7843,86.6654,0.0000,-0.1942,0.0000,0.0000,0.0000,0.0000,0.0000,0.0000,0.0000,5.00,3.00,2.00,0.0000,0.0000,0.0000,0,0.000000
60,0.0200,0.0000,45.0000,-30.0000,0.0000,0.0000,0.0000,0.0000,0.0000,0.0000,-18.4334,-217.5660,90.1571,-2.7512,-65.0391,0.4799,3.2718,-1.7843,83.2139,0.0000,-0.1942,0.0000,0.0000,0.0000,0.0000,0.0000,0.0000,0.0000,5.00,3.00,2.00,0.0000,0.0000,0.0000,0,0.000000
61,0.0200,0.0000,45.0000,-30.0000,0.0000,0.0000,0.0000,0.0000,0.0000,0.0000,-18.4884,-218.8707,90.1667,0.0000,0.0000,0.0000,0.1479,-1.7843,82.5711,0.0000,-0.1942,0.0000,0.0000,0.0000,0.0000,0.0000,0.0000,0.0000,5.00,3.00,2.00,0.0000,0.0000,0.0000,0,0.000000
61,0.0200,0.0000,45.0000,-30.0000,0.0000,0.0000,0.0000,0.0000,0.0000,0.0000,-18.5434,-220.1793,90.1763,0.0000,0.0000,0.0000,1.1508,-1.7843,85.4354,0.0000,-0.1942,0.0000,0.0000,0.0000,0.0000,0.0000,0.0000,0.0000,5.00,3.00,2.00,0.0000,0.0000,0.0000,0,0.000000
61,0.0200,0.0000,45.0000,-30.0000,0.0000,0.0000,0.0000,0.0000,0.0000,0.0000,-18.5984,-221.4918,90.1858,0.0000,0.0000,0.0000,-1.4415,-1.7843,82.3581,0.0000,-0.1942,0.0000,0.0000,0.0000,0.0000,0.0000,0.0000,0.0000,5.00,3.00,2.00,0.0000,0.0000,0.0000,0,0.000000
61,0.0200,0.0000,45.0000,-30.0000,0.0000,0.0000,0.0000,0.0000,0.0000,0.0000,-18.6534,-222.8083,90.1954,0.0000,0.0000,0.0000,1.5009,-1.7843,84.5259,0.0000,-0.1942,0.0000,0.0000,0.0000,0.0000,0.0000,0.0000,0.0000,5.00,3.00,2.00,0.0000,0.0000,0.0000,0,0.000000
61,0.0200,0.0000,45.0000,-30.0000,0.0000,0.0000,0.0000,0.0000,0.0000,0.0000,-18.7085,-224.1287,90.2050,-2.7512,-66.0202,0.4799,-1.5591,-1.7843,82.6500,0.0000,-0.1942,0.0000,0.0000,0.0000,0.0000,0.0000,0.0000,0.0000,5.00,3.00,2.00,0.0000,0.0000,0.0000,0,0.000000
62,0.0200,0.0000,45.0000,-30.0000,0.0000,0.0000,0.0000,0.0000,0.0000,0.0000,-18.7635,-225.4530,90.2146,0.0000,0.0000,0.0000,1.8878,-1.7843,84.5945,0.0000,-0.1942,0.0000,0.0000,0.0000,0.0000,0.0000,0.0000,0.0000,5.00,3.00,2.00,0.0000,0.0000,0.0000,0,0.000000
62,0.0200,0.0000,45.0000,-30.0000,0.0000,0.0000,0.0000,0.0000,0.0000,0.0000,-18.8185,-226.7812,90.2242,0.0000,0.0000,0.0000,-0.6756,-1.7843,81.8017,0.0000,-0.1942,0.0000,0.0000,0.0000,0.0000,0.0000,0.0000,0.0000,5.00,3.00,2.00,0.0000,0.0000,0.0000,0,0.000000
62,0.0200,0.0000,45.0000,-30.0000,0.0000,0.0000,0.0000,0.0000,0.0000,0.0000,-18.8735,-228.1134,90.2338,0.0000,0.0000,0.0000,1.7640,-1.7843,83.4952,0.0000,-0.1942,0.0000,0.0000,0.0000,0.0000,0.0000,0.0000,0.0000,5.00,3.00,2.00,0.0000,0.0000,0.0000,0,0.000000
62,0.0200,0.0000,45.0000,-30.0000,0.0000,0.0000,0.0000,0.0000,0.0000,0.0000,-18.9286,-229.4494,90.2434,0.0000,0.0000,0.0000,-1.8514,-1.7843,86.7208,0.0000,-0.1942,0.0000,0.0000,0.0000,0.0000,0.0000,0.0000,0.0000,5.00,3.00,2.00,0.0000,0.0000,0.0000,0,0.000000
62,0.0200,0.0000,45.0000,-30.0000,0.0000,0.0000,0.0000,0.0000,0.0000,0.0000,-18.9836,-230.7894,90.2529,-2.7512,-66.9998,0.4784,-2.0218,-1.7843,81.9335,0.0000,-0.1942,0.0000,0.0000,0.0000,0.0000,0.0000,0.0000,0.0000,5.00,3.00,2.00,0.0000,0.0000,0.0000,0,0.000000
63,0.0200,0.0000,45.0000,-30.0000,0.0000,0.0000,0.0000,0.0000,0.0000,0.0000,-19.0386,-232.1334,90.2626,0.0000,0.0000,0.0000,-0.9159,-1.7843,81.5341,0.0000,-0.1942,0.0000,0.0000,0.0000,0.0000,0.0000,0.0000,0.0000,5.00,3.00,2.00,0.0000,0.0000,0.0000,0,0.000000
63,0.0200,0.0000,45.0000,-30.0000,0.0000,0.0000,0.0000,0.0000,0.0000,0.0000,-19.0936,-233.4812,90.2721,0.0000,0.0000,0.0000,-1.9063,-1.7843,83.1762,0.0000,-0.1942,0.0000,0.0000,0.0000,0.0000,0.0000,0.0000,0.0000,5.00,3.00,2.00,0.0000,0.0000,0.0000,0,0.000000
63,0.0200,0.0000,45.0000,-30.0000,0.0000,0.0000,0.0000,0.0000,0.0000,0.0000,-19.1487,-234.8330,90.2818,0.0000,0.0000,0.0000,-3.1623,-1.7843,84.9381,0.0000,-0.1942,0.0000,0.0000,0.0000,0.0000,0.0000,0.0000,0.0000,5.00,3.00,2.00,0.0000,0.0000,0.0000,0,0.000000
63,0.0200,0.0000,45.0000,-30.0000,0.0000,0.0000,0.0000,0.0000,0.0000,0.0000,-19.2037,-236.1887,90.2913,0.0000,0.0000,0.0000,1.6844,-1.7843,82.4871,0.0000,-0.1942,0.0000,0.0000,0.0000,0.0000,0.0000,0.0000,0.0000,5.00,3.00,2.00,0.0000,0.0000,0.0000,0,0.000000
63,0.0200,0.0000,45.0000,-30.0000,0.0000,0.0000,0.0000,0.0000,0.0000,0.0000,-19.2587,-237.5483,90.3009,-2.7512,-67.9810,0.4799,1.3075,-1.7843,83.1933,0.0000,-0.1942,0.0000,0.0000,0.0000,0.0000,0.0000,0.0000,0.0000,5.00,3.00,2.00,0.0000,0.0000,0.0000,0,0.000000
64,0.0200,0.0000,45.0000,-30.0000,0.0000,0.0000,0.0000,0.0000,0.0000,0.0000,-19.3137,-238.9119,90.3105,0.0000,0.0000,0.0000,1.0203,-1.7843,85.2727,0.0000,-0.1942,0.0000,0.0000,0.0000,0.0000,0.0000,0.0000,0.0000,5.00,3.00,2.00,0.0000,0.0000,0.0000,0,0.000000
64,0.0200,0.0000,45.0000,-30.0000,0.0000,0.0000,0.0000,0.0000,0.0000,0.0000,-19.3687,-240.2793,90.3201,0.0000,0.0000,0.0000,1.8489,-1.7843,86.1401,0.0000,-0.1942,0.0000,0.0000,0.0000,0.0000,0.0000,0.0000,0.0000,5.00,3.00,2.00,0.0000,0.0000,0.0000,0,0.000000
64,0.0200,0.0000,45.0000,-30.0000,0.0000,0.0000,0.0000,0.0000,0.0000,0.0000,-19.4238,-241.6508,90.3297,0.0000,0.0000,0.0000,-2.1938,-1.7843,83.1791,0.0000,-0.1942,0.0000,0.0000,0.0000,0.0000,0.0000,0.0000,0.0000,5.00,3.00,2.00,0.0000,0.0000,0.0000,0,0.000000
64,0.0200,0.0000,45.0000,-30.0000,0.0000,0.0000,0.0000,0.0000,0.0000,0.0000,-19.4788,-243.0260,90.3393,0.0000,0.0000,0.0000,1.4235,-1.7843,86.9576,0.0000,-0.1942,0.0000,0.0000,0.0000,0.0000,0.0000,0.0000,0.0000,5.00,3.00,2.00,0.0000,0.0000,0.0000,0,0.000000
64,0.0200,0.0000,45.0000,-30.0000,0.0000,0.0000,0.0000,0.0000,0.0000,0.0000,-19.5338,-244.4053,90.3488,-2.7512,-68.9629,0.4776,0.9120,-1.7843,80.8892,0.0000,-0.1942,0.0000,0.0000,0.0000,0.0000,0.0000,0.0000,0.0000,5.00,3.00,2.00,0.0000,0.0000,0.0000,0,0.000000
65,0.0200,0.0000,45.0000,-30.0000,0.0000,0.0000,0.0000,0.0000,0.0000,0.0000,-19.5888,-245.7885,90.3584,0.0000,0.0000,0.0000,-2.0750,-1.7843,86.8844,0.0000,-0.1942,0.0000,0.0000,0.0000,0.0000,0.0000,0.0000,0.0000,5.00,3.00,2.00,0.0000,0.0000,0.0000,0,0.000000
65,0.0200,0.0000,45.0000,-30.0000,0.0000,0.0000,0.0000,0.0000,0.0000,0.0000,-19.6439,-247.1756,90.3681,0.0000,0.0000,0.0000,0.0494,-1.7843,86.6829,0.0000,-0.1942,0.0000,0.0000,0.0000,0.0000,0.0000,0.0000,0.0000,5.00,3.00,2.00,0.0000,0.0000,0.0000,0,0.000000
65,0.0200,0.0000,45.0000,-30.0000,0.0000,0.0000,0.0000,0.0000,0.0000,0.0000,-19.6989,-248.5666,90.3776,0.0000,0.0000,0.0000,0.4953,-1.7843,81.7033,0.0000,-0.1942,0.0000,0.0000,0.0000,0.0000,0.0000,0.0000,0.0000,5.00,3.00,2.00,0.0000,0.0000,0.0000,0,0.000000
65,0.0200,0.0000,45.0000,-30.0000,0.0000,0.0000,0.0000,0.0000,0.0000,0.0000,-19.7539,-249.9615,90.3872,0.0000,0.0000,0.0000,-3.3570,-1.7843,84.4699,0.0000,-0.1942,0.0000,0.0000,0.0000,0.0000,0.0000,0.0000,0.0000,5.00,3.00,2.00,0.0000,0.0000,0.0000,0,0.000000
65,0.0200,0.0000,45.0000,-30.0000,0.0000,0.0000,0.0000,0.0000,0.0000,0.0000,-19.8089,-251.3604,90.3968,-2.7512,-69.9432,0.4791,0.1069,-1.7843,86.2462,0.0000,-0.1942,0.0000,0.0000,0.0000,0.0000,0.0000,0.0000,0.0000,5.00,3.00,2.00,0.0000,0.0000,0.0000,0,0.000000
66,0.0200,0.0000,45.0000,-30.0000,0.0000,0.0000,0.0000,0.0000,0.0000,0.0000,-19.8640,-252.7632,90.4064,0.0000,0.0000,0.0000,0.6593,-1.7843,82.3353,0.0000,-0.1942,0.0000,0.0000,0.0000,0.0000,0.0000,0.0000,0.0000,5.00,3.00,2.00,0.0000,0.0000,0.0000,0,0.000000
66,0.0200,0.0000,45.0000,-30.0000,0.0000,0.0000,0.0000,0.0000,0.0000,0.0000,-19.9190,-254.1699,90.4160,0.0000,0.0000,0.0000,-1.6627,-1.7843,87.0018,0.0000,-0.1942,0.0000,0.0000,0.0000,0.0000,0.0000,0.0000,0.0000,5.00,3.00,2.00,0.0000,0.0000,0.0000,0,0.000000
66,0.0200,0.0000,45.0000,-30.0000,0.0000,0.0000,0.0000,0.0000,0.0000,0.0000,-19.9740,-255.5805,90.4256,0.0000,0.0000,0.0000,1.9253,-1.7843,83.9550,0.0000,-0.1942,0.0000,0.0000,0.0000,0.0000,0.0000,0.0000,0.0000,5.00,3.00,2.00,0.0000,0.0000,0.0000,0,0.000000
66,0.0200,0.0000,45.0000,-30.0000,0.0000,0.0000,0.0000,0.0000,0.0000,0.0000,-20.0290,-256.9951,90.4352,0.0000,0.0000,0.0000,1.7951,-1.7843,85.6472,0.0000,-0.1942,0.0000,0.0000,0.0000,0.0000,0.0000,0.0000,0.0000,5.00,3.00,2.00,0.0000,0.0000,0.0000,0,0.000000
66,0.0200,0.0000,45.0000,-30.0000,0.0000,0.0000,0.0000,0.0000,0.0000,0.0000,-20.0840,-258.4135,90.4448,-2.7512,-70.9244,0.4807,0.0860,-1.7843,85.7557,0.0000,-0.1942,0.0000,0.0000,0.0000,0.0000,0.0000,0.0000,0.0000,5.00,3.00,2.00,0.0000,0.0000,0.0000,0,0.000000
67,0.0200,0.0000,45.0000,-30.0000,0.0000,0.0000,0.0000,0.0000,0.0000,0.0000,-20.1391,-259.8359,90.4544,0.0000,0.0000,0.0000,2.0137,-1.7843,86.7031,0.0000,-0.1942,0.0000,0.0000,0.0000,0.0000,0.0000,0.0000,0.0000,5.00,3.00,2.00,0.0000,0.0000,0.0000,0,0.000000
67,0.0200,0.0000,45.0000,-30.0000,0.0000,0.0000,0.0000,0.0000,0.0000,0.0000,-20.1941,-261.2623,90.4639,0.0000,0.0000,0.0000,1.2649,-1.7843,84.8889,0.0000,-0.1942,0.0000,0.0000,0.0000,0.0000,0.0000,0.0000,0.0000,5.00,3.00,2.00,0.0000,0.0000,0.0000,0,0.000000
67,0.0200,0.0000,45.0000,-30.0000,0.0000,0.0000,0.0000,0.0000,0.0000,0.0000,-20.2491,-262.6925,90.4735,0.0000,0.0000,0.0000,-3.3858,-1.7843,83.9341,0.0000,-0.1942,0.0000,0.0000,0.0000,0.0000,0.0000,0.0000,0.0000,5.00,3.00,2.00,0.0000,0.0000,0.0000,0,0.000000
67,0.0200,0.0000,45.0000,-30.0000,0.0000,0.0000,0.0000,0.0000,0.0000,0.0000,-20.3041,-264.1267,90.4831,0.0000,0.0000,0.0000,2.3992,-1.7843,82.0001,0.0000,-0.1942,0.0000,0.0000,0.0000,0.0000,0.0000,0.0000,0.0000,5.00,3.00,2.00,0.0000,0.0000,0.0000,0,0.000000
67,0.0200,0.0000,45.0000,-30.0000,0.0000,0.0000,0.0000,0.0000,0.0000,0.0000,-20.3592,-265.5648,90.4927,-2.7512,-71.9070,0.4807,1.4185,-1.7843,83.5071,0.0000,-0.1942,0.0000,0.0000,0.0000,0.0000,0.0000,0.0000,0.0000,5.00,3.00,2.00,0.0000,0.0000,0.0000,0,0.000000
68,0.0200,0.0000,45.0000,-30.0000,0.0000,0.0000,0.0000,0.0000,0.0000,0.0000,-20.4142,-267.0068,90.5023,0.0000,0.0000,0.0000,1.2884,-1.7843,83.5055,0.0000,-0.1942,0.0000,0.0000,0.0000,0.0000,0.0000,0.0000,0.0000,5.00,3.00,2.00,0.0000,0.0000,0.0000,0,0.000000
68,0.0200,0.0000,45.0000,-30.0000,0.0000,0.0000,0.0000,0.0000,0.0000,0.0000,-20.4692,-268.4528,90.5119,0.0000,0.0000,0.0000,2.1829,-1.7843,82.4042,0.0000,-0.1942,0.0000,0.0000,0.0000,0.0000,0.0000,0.0000,0.0000,5.00,3.00,2.00,0.0000,0.0000,0.0000,0,0.000000
68,0.0200,0.0000,45.0000,-30.0000,0.0000,0.0000,0.0000,0.0000,0.0000,0.0000,-20.5242,-269.9026,90.5215,0.0000,0.0000,0.0000,0.6507,-1.7843,85.8468,0.0000,-0.1942,0.0000,0.0000,0.0000,0.0000,0.0000,0.0000,0.0000,5.00,3.00,2.00,0.0000,0.0000,0.0000,0,0.000000
68,0.0200,0.0000,45.0000,-30.0000,0.0000,0.0000,0.0000,0.0000,0.0000,0.0000,-20.5793,-271.3565,90.5311,0.0000,0.0000,0.0000,-2.0781,-1.7843,82.7282,0.0000,-0.1942,0.0000,0.0000,0.0000,0.0000,0.0000,0.0000,0.0000,5.00,3.00,2.00,0.0000,0.0000,0.0000,0,0.000000
68,0.0200,0.0000,45.0000,-30.0000,0.0000,0.0000,0.0000,0.0000,0.0000,0.0000,-20.6343,-272.8142,90.5407,-2.7512,-72.8867,0.4791,1.5125,-1.7843,84.7573,0.0000,-0.1942,0.0000,0.0000,0.0000,0.0000,0.0000,0.0000,0.0000,5.00,3.00,2.00,0.0000,0.0000,0.0000,0,0.000000
69,0.0200,0.0000,45.0000,-30.0000,0.0000,0.0000,0.0000,0.0000,0.0000,0.0000,-20.6893,-274.2758,90.5502,0.0000,0.0000,0.0000,-0.6617,-1.7843,82.1445,0.0000,-0.1942,0.0000,0.0000,0.0000,0.0000,0.0000,0.0000,0.0000,5.00,3.00,2.00,0.0000,0.0000,0.0000,0,0.000000
69,0.0200,0.0000,45.0000,-30.0000,0.0000,0.0000,0.0000,0.0000,0.0000,0.0000,-20.7443,-275.7414,90.5599,0.0000,0.0000,0.0000,-1.7177,-1.7843,82.0263,0.0000,-0.1942,0.0000,0.0000,0.0000,0.0000,0.0000,0.0000,0.0000,5.00,3.00,2.00,0.0000,0.0000,0.0000,0,0.000000
69,0.0200,0.0000,45.0000,-30.0000,0.0000,0.0000,0.0000,0.0000,0.0000,0.0000,-20.7994,-277.2109,90.5694,0.0000,0.0000,0.0000,-3.2678,-1.7843,82.6166,0.0000,-0.1942,0.0000,0.0000,0.0000,0.0000,0.0000,0.0000,0.0000,5.00,3.00,2.00,0.0000,0.0000,0.0000,0,0.000000
69,0.0200,0.0000,45.0000,-30.0000,0.0000,0.0000,0.0000,0.0000,0.0000,0.0000,-20.8544,-278.6843,90.5790,0.0000,0.0000,0.0000,2.6463,-1.7843,85.3886,0.0000,-0.1942,0.0000,0.0000,0.0000,0.0000,0.0000,0.0000,0.0000,5.00,3.00,2.00,0.0000,0.0000,0.0000,0,0.000000
69,0.0200,0.0000,45.0000,-30.0000,0.0000,0.0000,0.0000,0.0000,0.0000,0.0000,-20.9094,-280.1616,90.5886,-2.7512,-73.8648,0.4791,1.9727,-1.7843,83.1603,0.0000,-0.1942,0.0000,0.0000,0.0000,0.0000,0.0000,0.0000,0.0000,5.00,3.00,2.00,0.0000,0.0000,0.0000,0,0.000000
70,0.0200,0.0000,45.0000,-30.0000,0.0000,0.0000,0.0000,0.0000,0.0000,0.0000,-20.9644,-281.6429,90.5982,0.0000,0.0000,0.0000,0.4369,-1.7843,81.4267,0.0000,-0.1942,0.0000,0.0000,0.0000,0.0000,0.0000,0.0000,0.0000,5.00,3.00,2.00,0.0000,0.0000,0.0000,0,0.000000
70,0.0200,0.0000,45.0000,-30.0000,0.0000,0.0000,0.0000,0.0000,0.0000,0.0000,-21.0194,-283.1281,90.6078,0.0000,0.0000,0.0000,-0.5593,-1.7843,82.1977,0.0000,-0.1942,0.0000,0.0000,0.0000,0.0000,0.0000,0.0000,0.0000,5.00,3.00,2.00,0.0000,0.0000,0.0000,0,0.000000
70,0.0200,0.0000,45.0000,-30.0000,0.0000,0.0000,0.0000,0.0000,0.0000,0.0000,-21.0745,-284.6172,90.6174,0.0000,0.0000,0.0000,-1.5461,-1.7843,83.0336,0.0000,-0.1942,0.0000,0.0000,0.0000,0.0000,0.0000,0.0000,0.0000,5.00,3.00,2.00,0.0000,0.0000,0.0000,0,0.000000
70,0.0200,0.0000,45.0000,-30.0000,0.0000,0.0000,0.0000,0.0000,0.0000,0.0000,-21.1295,-286.1102,90.6270,0.0000,0.0000,0.0000,2.2132,-1.7843,86.5649,0.0000,-0.1942,0.0000,0.0000,0.0000,0.0000,0.0000,0.0000,0.0000,5.00,3.00,2.00,0.0000,0.0000,0.0000,0,0.000000
70,0.0200,0.0000,45.0000,-30.0000,0.0000,0.0000,0.0000,0.0000,0.0000,0.0000,-21.1845,-287.6071,90.6366,-2.7512,-74.8459,0.4799,-1.7172,-1.7843,86.4657,0.0000,-0.1942,0.0000,0.0000,0.0000,0.0000,0.0000,0.0000,0.0000,5.00,3.00,2.00,0.0000,0.0000,0.0000,0,0.000000
71,0.0200,0.0000,45.0000,-30.0000,0.0000,0.0000,0.0000,0.0000,0.0000,0.0000,-21.2395,-289.1081,90.6461,0.0000,0.0000,0.0000,-0.8232,-1.7843,80.9633,0.0000,-0.1942,0.0000,0.0000,0.0000,0.0000,0.0000,0.0000,0.0000,5.00,3.00,2.00,0.0000,0.0000,0.0000,0,0.000000
71,0.0200,0.0000,45.0000,-30.0000,0.0000,0.0000,0.0000,0.0000,0.0000,0.0000,-21.2946,-290.6129,90.6557,0.0000,0.0000,0.0000,0.4292,-1.7843,81.7496,0.0000,-0.1942,0.0000,0.0000,0.0000,0.0000,0.0000,0.0000,0.0000,5.00,3.00,2.00,0.0000,0.0000,0.0000,0,0.000000
71,0.0200,0.0000,45.0000,-30.0000,0.0000,0.0000,0.0000,0.0000,0.0000,0.0000,-21.3496,-292.1216,90.6653,0.0000,0.0000,0.0000,2.9293,-1.7843,84.7785,0.0000,-0.1942,0.0000,0.0000,0.0000,0.0000,0.0000,0.0000,0.0000,5.00,3.00,2.00,0.0000,0.0000,0.0000,0,0.000000
71,0.0200,0.0000,45.0000,-30.0000,0.0000,0.0000,0.0000,0.0000,0.0000,0.0000,-21.4046,-293.6343,90.6749,0.0000,0.0000,0.0000,-0.1839,-1.7843,87.3322,0.0000,-0.1942,0.0000,0.0000,0.0000,0.0000,0.0000,0.0000,0.0000,5.00,3.00,2.00,0.0000,0.0000,0.0000,0,0.000000
71,0.0200,0.0000,45.0000,-30.0000,0.0000,0.0000,0.0000,0.0000,0.0000,0.0000,-21.4596,-295.1508,90.6845,-2.7512,-75.8270,0.4814,1.7258,-1.7843,83.3729,0.0000,-0.1942,0.0000,0.0000,0.0000,0.0000,0.0000,0.0000,0.0000,5.00,3.00,2.00,0.0000,0.0000,0.0000,0,0.000000
72,0.0200,0.0000,45.0000,-30.0000,0.0000,0.0000,0.0000,0.0000,0.0000,0.0000,-21.5147,-296.6714,90.6941,0.0000,0.0000,0.0000,0.2783,-1.7843,81.6651,0.0000,-0.1942,0.0000,0.0000,0.0000,0.0000,0.0000,0.0000,0.0000,5.00,3.00,2.00,0.0000,0.0000,0.0000,0,0.000000
72,0.0200,0.0000,45.0000,-30.0000,0.0000,0.0000,0.0000,0.0000,0.0000,0.0000,-21.5697,-298.1958,90.7037,0.0000,0.0000,0.0000,-2.0531,-1.7843,83.8433,0.0000,-0.1942,0.0000,0.0000,0.0000,0.0000,0.0000,0.0000,0.0000,5.00,3.00,2.00,0.0000,0.0000,0.0000,0,0.000000
72,0.0200,0.0000,45.0000,-30.0000,0.0000,0.0000,0.0000,0.0000,0.0000,0.0000,-21.6247,-299.7241,90.7133,0.0000,0.0000,0.0000,1.7473,-1.7843,82.2392,0.0000,-0.1942,0.0000,0.0000,0.0000,0.0000,0.0000,0.0000,0.0000,5.00,3.00,2.00,0.0000,0.0000,0.0000,0,0.000000
72,0.0200,0.0000,45.0000,-30.0000,0.0000,0.0000,0.0000,0.0000,0.0000,0.0000,-21.6797,-301.2564,90.7229,0.0000,0.0000,0.0000,2.0931,-1.7843,83.5173,0.0000,-0.1942,0.0000,0.0000,0.0000,0.0000,0.0000,0.0000,0.0000,5.00,3.00,2.00,0.0000,0.0000,0.0000,0,0.000000
72,0.0200,0.0000,45.0000,-30.0000,0.0000,0.0000,0.0000,0.0000,0.0000,0.0000,-21.7347,-302.7926,90.7325,-2.7512,-76.8082,0.4799,2.3415,-1.7843,85.6622,0.0000,-0.1942,0.0000,0.0000,0.0000,0.0000,0.0000,0.0000,0.0000,5.00,3.00,2.00,0.0000,0.0000,0.0000,0,0.000000
73,0.0200,0.0000,45.0000,-30.0000,0.0000,0.0000,0.0000,0.0000,0.0000,0.0000,-21.7898,-304.3327,90.7420,0.0000,0.0000,0.0000,0.1458,-1.7843,82.0148,0.0000,-0.1942,0.0000,0.0000,0.0000,0.0000,0.0000,0.0000,0.0000,5.00,3.00,2.00,0.0000,0.0000,0.0000,0,0.000000
73,0.0200,0.0000,45.0000,-30.0000,0.0000,0.0000,0.0000,0.0000,0.0000,0.0000,-21.8448,-305.8768,90.7516,0.0000,0.0000,0.0000,0.6485,-1.7843,86.0157,0.0000,-0.1942,0.0000,0.0000,0.0000,0.0000,0.0000,0.0000,0.0000,5.00,3.00,2.00,0.0000,0.0000,0.0000,0,0.000000
73,0.0200,0.0000,45.0000,-30.0000,0.0000,0.0000,0.0000,0.0000,0.0000,0.0000,-21.8998,-307.4247,90.7612,0.0000,0.0000,0.0000,3.3555,-1.7843,84.0771,0.0000,-0.1942,0.0000,0.0000,0.0000,0.0000,0.0000,0.0000,0.0000,5.00,3.00,2.00,0.0000,0.0000,0.0000,0,0.000000
73,0.0200,0.0000,45.0000,-30.0000,0.0000,0.0000,0.0000,0.0000,0.0000,0.0000,-21.9548,-308.9767,90.7708,0.0000,0.0000,0.0000,0.9137,-1.7843,86.4589,0.0000,-0.1942,0.0000,0.0000,0.0000,0.0000,0.0000,0.0000,0.0000,5.00,3.00,2.00,0.0000,0.0000,0.0000,0,0.000000
73,0.0200,0.0000,45.0000,-30.0000,0.0000,0.0000,0.0000,0.0000,0.0000,0.0000,-22.0099,-310.5325,90.7804,-2.7512,-77.7924,0.4791,2.9595,-1.7843,84.2467,0.0000,-0.1942,0.0000,0.0000,0.0000,0.0000,0.0000,0.0000,0.0000,5.00,3.00,2.00,0.0000,0.0000,0.0000,0,0.000000
74,0.0200,0.0000,45.0000,-30.0000,0.0000,0.0000,0.0000,0.0000,0.0000,0.0000,-22.0649,-312.0923,90.7900,0.0000,0.0000,0.0000,-2.3058,-1.7843,85.5968,0.0000,-0.1942,0.0000,0.0000,0.0000,0.0000,0.0000,0.0000,0.0000,5.00,3.00,2.00,0.0000,0.0000,0.0000,0,0.000000
74,0.0200,0.0000,45.0000,-30.0000,0.0000,0.0000,0.0000,0.0000,0.0000,0.0000,-22.1199,-313.6559,90.7996,0.0000,0.0000,0.0000,1.6149,-1.7843,82.5343,0.0000,-0.1942,0.0000,0.0000,0.0000,0.0000,0.0000,0.0000,0.0000,5.00,3.00,2.00,0.0000,0.0000,0.0000,0,0.000000
74,0.0200,0.0000,45.0000,-30.0000,0.0000,0.0000,0.0000,0.0000,0.0000,0.0000,-22.1749,-315.2235,90.8092,0.0000,0.0000,0.0000,0.4953,-1.7843,80.8849,0.0000,-0.1942,0.0000,0.0000,0.0000,0.0000,0.0000,0.0000,0.0000,5.00,3.00,2.00,0.0000,0.0000,0.0000,0,0.000000
74,0.0200,0.0000,45.0000,-30.0000,0.0000,0.0000,0.0000,0.0000,0.0000,0.0000,-22.2300,-316.7950,90.8188,0.0000,0.0000,0.0000,-3.0861,-1.7843,85.4990,0.0000,-0.1942,0.0000,0.0000,0.0000,0.0000,0.0000,0.0000,0.0000,5.00,3.00,2.00,0.0000,0.0000,0.0000,0,0.000000
74,0.0200,0.0000,45.0000,-30.0000,0.0000,0.0000,0.0000,0.0000,0.0000,0.0000,-22.2850,-318.3705,90.8284,-2.7512,-78.7720,0.4791,2.8037,-1.7843,84.2494,0.0000,-0.1942,0.0000,0.0000,0.0000,0.0000,0.0000,0.0000,0.0000,5.00,3.00,2.00,0.0000,0.0000,0.0000,0,0.000000
75,0.0200,0.0000,45.0000,-30.0000,0.0000,0.0000,0.0000,0.0000,0.0000,0.0000,-22.3400,-319.9498,90.8379,0.0000,0.0000,0.0000,1.3100,-1.7843,83.0202,0.0000,-0.1942,0.0000,0.0000,0.0000,0.0000,0.0000,0.0000,0.0000,5.00,3.00,2.00,0.0000,0.0000,0.0000,0,0.000000
75,0.0200,0.0000,45.0000,-30.0000,0.0000,0.0000,0.0000,0.0000,0.0000,0.0000,-22.3950,-321.5331,90.8475,0.0000,0.0000,0.0000,-0.2959,-1.7843,86.2814,0.0000,-0.1942,0.0000,0.0000,0.0000,0.0000,0.0000,0.0000,0.0000,5.00,3.00,2.00,0.0000,0.0000,0.0000,0,0.000000
75,0.0200,0.0000,45.0000,-30.0000,0.0000,0.0000,0.0000,0.0000,0.0000,0.0000,-22.4500,-323.1203,90.8571,0.0000,0.0000,0.0000,-0.5878,-1.7843,85.9420,0.0000,-0.1942,0.0000,0.0000,0.0000,0.0000,0.0000,0.0000,0.0000,5.00,3.00,2.00,0.0000,0.0000,0.0000,0,0.000000
75,0.0200,0.0000,45.0000,-30.0000,0.0000,0.0000,0.0000,0.0000,0.0000,0.0000,-22.5051,-324.7114,90.8667,0.0000,0.0000,0.0000,-1.0425,-1.7843,81.1585,0.0000,-0.1942,0.0000,0.0000,0.0000,0.0000,0.0000,0.0000,0.0000,5.00,3.00,2.00,0.0000,0.0000,0.0000,0,0.000000
75,0.0200,0.0000,45.0000,-30.0000,0.0000,0.0000,0.0000,0.0000,0.0000,0.0000,-22.5601,-326.3065,90.8763,-2.7512,-79.7531,0.4799,3.0706,-1.7843,83.3052,0.0000,-0.1942,0.0000,0.0000,0.0000,0.0000,0.0000,0.0000,0.0000,5.00,3.00,2.00,0.0000,0.0000,0.0000,0,0.000000
76,0.0200,0.0000,45.0000,-30.0000,0.0000,0.0000,0.0000,0.0000,0.0000,0.0000,-22.6151,-327.9055,90.8859,0.0000,0.0000,0.0000,2.1894,-1.7843,81.9405,0.0000,-0.1942,0.0000,0.0000,0.0000,0.0000,0.0000,0.0000,0.0000,5.00,3.00,2.00,0.0000,0.0000,0.0000,0,0.000000
76,0.0200,0.0000,45.0000,-30.0000,0.0000,0.0000,0.0000,0.0000,0.0000,0.0000,-22.6701,-329.5084,90.8955,0.0000,0.0000,0.0000,2.0664,-1.7843,86.7938,0.0000,-0.1942,0.0000,0.0000,0.0000,0.0000,0.0000,0.0000,0.0000,5.00,3.00,2.00,0.0000,0.0000,0.0000,0,0.000000
76,0.0200,0.0000,45.0000,-30.0000,0.0000,0.0000,0.0000,0.0000,0.0000,0.0000,-22.7252,-331.1152,90.9051,0.0000,0.0000,0.0000,0.5208,-1.7843,86.0710,0.0000,-0.1942,0.0000,0.0000,0.0000,0.0000,0.0000,0.0000,0.0000,5.00,3.00,2.00,0.0000,0.0000,0.0000,0,0.000000
76,0.0200,0.0000,45.0000,-30.0000,0.0000,0.0000,0.0000,0.0000,0.0000,0.0000,-22.7802,-332.7260,90.9147,0.0000,0.0000,0.0000,-2.1405,-1.7843,81.7109,0.0000,-0.1942,0.0000,0.0000,0.0000,0.0000,0.0000,0.0000,0.0000,5.00,3.00,2.00,0.0000,0.0000,0.0000,0,0.000000
76,0.0200,0.0000,45.0000,-30.0000,0.0000,0.0000,0.0000,0.0000,0.0000,0.0000,-22.8352,-334.3406,90.9243,-2.7512,-80.7312,0.4791,0.6882,-1.7843,81.9787,0.0000,-0.1942,0.0000,0.0000,0.0000,0.0000,0.0000,0.0000,0.0000,5.00,3.00,2.00,0.0000,0.0000,0.0000,0,0.000000
77,0.0200,0.0000,45.0000,-30.0000,0.0000,0.0000,0.0000,0.0000,0.0000,0.0000,-22.8902,-335.9592,90.9338,0.0000,0.0000,0.0000,-1.7894,-1.7843,81.1819,0.0000,-0.1942,0.0000,0.0000,0.0000,0.0000,0.0000,0.0000,0.0000,5.00,3.00,2.00,0.0000,0.0000,0.0000,0,0.000000
77,0.0200,0.0000,45.0000,-30.0000,0.0000,0.0000,0.0000,0.0000,0.0000,0.0000,-22.9453,-337.5818,90.9434,0.0000,0.0000,0.0000,-0.8895,-1.7843,82.1421,0.0000,-0.1942,0.0000,0.0000,0.0000,0.0000,0.0000,0.0000,0.0000,5.00,3.00,2.00,0.0000,0.0000,0.0000,0,0.000000
77,0.0200,0.0000,45.0000,-30.0000,0.0000,0.0000,0.0000,0.0000,0.0000,0.0000,-23.0003,-339.2083,90.9530,0.0000,0.0000,0.0000,-3.5591,-1.7843,84.0705,0.0000,-0.1942,0.0000,0.0000,0.0000,0.0000,0.0000,0.0000,0.0000,5.00,3.00,2.00,0.0000,0.0000,0.0000,0,0.000000
77,0.0200,0.0000,45.0000,-30.0000,0.0000,0.0000,0.0000,0.0000,0.0000,0.0000,-23.0553,-340.8386,90.9626,0.0000,0.0000,0.0000,0.1939,-1.7843,82.1319,0.0000,-0.1942,0.0000,0.0000,0.0000,0.0000,0.0000,0.0000,0.0000,5.00,3.00,2.00,0.0000,0.0000,0.0000,0,0.000000
77,0.0200,0.0000,45.0000,-30.0000,0.0000,0.0000,0.0000,0.0000,0.0000,0.0000,-23.1103,-342.4729,90.9722,-2.7512,-81.7154,0.4807,-2.5546,-1.7843,83.8601,0.0000,-0.1942,0.0000,0.0000,0.0000,0.0000,0.0000,0.0000,0.0000,5.00,3.00,2.00,0.0000,0.0000,0.0000,0,0.000000
78,0.0200,0.0000,45.0000,-30.0000,0.0000,0.0000,0.0000,0.0000,0.0000,0.0000,-23.1653,-344.1111,90.9818,0.0000,0.0000,0.0000,0.5544,-1.7843,87.0864,0.0000,-0.1942,0.0000,0.0000,0.0000,0.0000,0.0000,0.0000,0.0000,5.00,3.00,2.00,0.0000,0.0000,0.0000,0,0.000000
78,0.0200,0.0000,45.0000,-30.0000,0.0000,0.0000,0.0000,0.0000,0.0000,0.0000,-23.2204,-345.7533,90.9914,0.0000,0.0000,0.0000,-0.8067,-1.7843,82.4485,0.0000,-0.1942,0.0000,0.0000,0.0000,0.0000,0.0000,0.0000,0.0000,5.00,3.00,2.00,0.0000,0.0000,0.0000,0,0.000000
78,0.0200,0.0000,45.0000,-30.0000,0.0000,0.0000,0.0000,0.0000,0.0000,0.0000,-23.2754,-347.3993,91.0010,0.0000,0.0000,0.0000,-2.2235,-1.7843,83.8263,0.0000,-0.1942,0.0000,0.0000,0.0000,0.0000,0.0000,0.0000,0.0000,5.00,3.00,2.00,0.0000,0.0000,0.0000,0,0.000000
78,0.0200,0.0000,45.0000,-30.0000,0.0000,0.0000,0.0000,0.0000,0.0000,0.0000,-23.3304,-349.0493,91.0106,0.0000,0.0000,0.0000,-3.5155,-1.7843,84.8571,0.0000,-0.1942,0.0000,0.0000,0.0000,0.0000,0.0000,0.0000,0.0000,5.00,3.00,2.00,0.0000,0.0000,0.0000,0,0.000000
78,0.0200,0.0000,45.0000,-30.0000,0.0000,0.0000,0.0000,0.0000,0.0000,0.0000,-23.3854,-350.7032,91.0202,-2.7512,-82.6950,0.4799,1.1763,-1.7843,85.4179,0.0000,-0.1942,0.0000,0.0000,0.0000,0.0000,0.0000,0.0000,0.0000,5.00,3.00,2.00,0.0000,0.0000,0.0000,0,0.000000
79,0.0200,0.0000,45.0000,-30.0000,0.0000,0.0000,0.0000,0.0000,0.0000,0.0000,-23.4405,-352.3611,91.0298,0.0000,0.0000,0.0000,-2.9010,-1.7843,83.7989,0.0000,-0.1942,0.0000,0.0000,0.0000,0.0000,0.0000,0.0000,0.0000,5.00,3.00,2.00,0.0000,0.0000,0.0000,0,0.000000
79,0.0200,0.0000,45.0000,-30.0000,0.0000,0.0000,0.0000,0.0000,0.0000,0.0000,-23.4955,-354.0229,91.0394,0.0000,0.0000,0.0000,-0.8940,-1.7843,85.6118,0.0000,-0.1942,0.0000,0.0000,0.0000,0.0000,0.0000,0.0000,0.0000,5.00,3.00,2.00,0.0000,0.0000,0.0000,0,0.000000
79,0.0200,0.0000,45.0000,-30.0000,0.0000,0.0000,0.0000,0.0000,0.0000,0.0000,-23.5505,-355.6885,91.0489,0.0000,0.0000,0.0000,1.9751,-1.7843,86.3602,0.0000,-0.1942,0.0000,0.0000,0.0000,0.0000,0.0000,0.0000,0.0000,5.00,3.00,2.00,0.0000,0.0000,0.0000,0,0.000000
79,0.0200,0.0000,45.0000,-30.0000,0.0000,0.0000,0.0000,0.0000,0.0000,0.0000,-23.6055,-357.3582,91.0585,0.0000,0.0000,0.0000,1.8808,-1.7843,86.6455,0.0000,-0.1942,0.0000,0.0000,0.0000,0.0000,0.0000,0.0000,0.0000,5.00,3.00,2.00,0.0000,0.0000,0.0000,0,0.000000
79,0.0200,0.0000,45.0000,-30.0000,0.0000,0.0000,0.0000,0.0000,0.0000,0.0000,-23.6606,-359.0317,91.0681,-2.7512,-83.6762,0.4791,2.3393,-1.7843,85.2334,0.0000,-0.1942,0.0000,0.0000,0.0000,0.0000,0.0000,0.0000,0.0000,5.00,3.00,2.00,0.0000,0.0000,0.0000,0,0.000000
80,0.0200,0.0000,45.0000,-30.0000,0.0000,0.0000,0.0000,0.0000,0.0000,0.0000,-23.7156,-360.7091,91.0777,0.0000,0.0000,0.0000,1.6149,-1.7843,83.4303,0.0000,-0.1942,0.0000,0.0000,0.0000,0.0000,0.0000,0.0000,0.0000,5.00,3.00,2.00,0.0000,0.0000,0.0000,0,0.000000
80,0.0200,0.0000,45.0000,-30.0000,0.0000,0.0000,0.0000,0.0000,0.0000,0.0000,-23.7706,-362.3905,91.0873,0.0000,0.0000,0.0000,0.3316,-1.7843,86.1989,0.0000,-0.1942,0.0000,0.0000,0.0000,0.0000,0.0000,0.0000,0.0000,5.00,3.00,2.00,0.0000,0.0000,0.0000,0,0.000000
80,0.0200,0.0000,45.0000,-30.0000,0.0000,0.0000,0.0000,0.0000,0.0000,0.0000,-23.8256,-364.0758,91.0969,0.0000,0.0000,0.0000,2.5227,-1.7843,82.1280,0.0000,-0.1942,0.0000,0.0000,0.0000,0.0000,0.0000,0.0000,0.0000,5.00,3.00,2.00,0.0000,0.0000,0.0000,0,0.000000
80,0.0200,0.0000,45.0000,-30.0000,0.0000,0.0000,0.0000,0.0000,0.0000,0.0000,-23.8806,-365.7650,91.1065,0.0000,0.0000,0.0000,1.0814,-1.7843,86.0979,0.0000,-0.1942,0.0000,0.0000,0.0000,0.0000,0.0000,0.0000,0.0000,5.00,3.00,2.00,0.0000,0.0000,0.0000,0,0.000000
80,0.0200,0.0000,45.0000,-30.0000,0.0000,0.0000,0.0000,0.0000,0.0000,0.0000,-23.9357,-367.4582,91.1161,-2.7512,-84.6588,0.4807,1.7983,-1.7843,82.1375,0.0000,-0.1942,0.0000,0.0000,0.0000,0.0000,0.0000,0.0000,0.0000,5.00,3.00,2.00,0.0000,0.0000,0.0000,0,0.000000
81,0.0200,0.0000,45.0000,-30.0000,0.0000,0.0000,0.0000,0.0000,0.0000,0.0000,-23.9907,-369.1553,91.1256,0.0000,0.0000,0.0000,-2.2747,-1.7843,86.6043,0.0000,-0.1942,0.0000,0.0000,0.0000,0.0000,0.0000,0.0000,0.0000,5.00,3.00,2.00,0.0000,0.0000,0.0000,0,0.000000
81,0.0200,0.0000,45.0000,-30.0000,0.0000,0.0000,0.0000,0.0000,0.0000,0.0000,-24.0457,-370.8563,91.1353,0.0000,0.0000,0.0000,-1.2299,-1.7843,80.9542,0.0000,-0.1942,0.0000,0.0000,0.0000,0.0000,0.0000,0.0000,0.0000,5.00,3.00,2.00,0.0000,0.0000,0.0000,0,0.000000
81,0.0200,0.0000,45.0000,-30.0000,0.0000,0.0000,0.0000,0.0000,0.0000,0.0000,-24.1007,-372.5612,91.1448,0.0000,0.0000,0.0000,0.4687,-1.7843,85.9154,0.0000,-0.1942,0.0000,0.0000,0.0000,0.0000,0.0000,0.0000,0.0000,5.00,3.00,2.00,0.0000,0.0000,0.0000,0,0.000000
81,0.0200,0.0000,45.0000,-30.0000,0.0000,0.0000,0.0000,0.0000,0.0000,0.0000,-24.1558,-374.2701,91.1544,0.0000,0.0000,0.0000,-0.7154,-1.7843,86.6970,0.0000,-0.1942,0.0000,0.0000,0.0000,0.0000,0.0000,0.0000,0.0000,5.00,3.00,2.00,0.0000,0.0000,0.0000,0,0.000000
81,0.0200,0.0000,45.0000,-30.0000,0.0000,0.0000,0.0000,0.0000,0.0000,0.0000,-24.2108,-375.9829,91.1640,-2.7512,-85.6384,0.4807,1.8012,-1.7843,85.7234,0.0000,-0.1942,0.0000,0.0000,0.0000,0.0000,0.0000,0.0000,0.0000,5.00,3.00,2.00,0.0000,0.0000,0.0000,0,0.000000
82,0.0200,0.0000,45.0000,-30.0000,0.0000,0.0000,0.0000,0.0000,0.0000,0.0000,-24.2658,-377.6996,91.1736,0.0000,0.0000,0.0000,-2.2065,-1.7843,85.7185,0.0000,-0.1942,0.0000,0.0000,0.0000,0.0000,0.0000,0.0000,0.0000,5.00,3.00,2.00,0.0000,0.0000,0.0000,0,0.000000
82,0.0200,0.0000,45.0000,-30.0000,0.0000,0.0000,0.0000,0.0000,0.0000,0.0000,-24.3208,-379.4202,91.1832,0.0000,0.0000,0.0000,-1.6565,-1.7843,84.7261,0.0000,-0.1942,0.0000,0.0000,0.0000,0.0000,0.0000,0.0000,0.0000,5.00,3.00,2.00,0.0000,0.0000,0.0000,0,0.000000
82,0.0200,0.0000,45.0000,-30.0000,0.0000,0.0000,0.0000,0.0000,0.0000,0.0000,-24.3759,-381.1448,91.1928,0.0000,0.0000,0.0000,-1.0502,-1.7843,87.0249,0.0000,-0.1942,0.0000,0.0000,0.0000,0.0000,0.0000,0.0000,0.0000,5.00,3.00,2.00,0.0000,0.0000,0.0000,0,0.000000
82,0.0200,0.0000,45.0000,-30.0000,0.0000,0.0000,0.0000,0.0000,0.0000,0.0000,-24.4309,-382.8733,91.2024,0.0000,0.0000,0.0000,1.1340,-1.7843,84.9439,0.0000,-0.1942,0.0000,0.0000,0.0000,0.0000,0.0000,0.0000,0.0000,5.00,3.00,2.00,0.0000,0.0000,0.0000,0,0.000000
82,0.0200,0.0000,45.0000,-30.0000,0.0000,0.0000,0.0000,0.0000,0.0000,0.0000,-24.4859,-384.6056,91.2120,-2.7512,-86.6180,0.4776,2.0439,-1.7843,83.2345,0.0000,-0.1942,0.0000,0.0000,0.0000,0.0000,0.0000,0.0000,0.0000,5.00,3.00,2.00,0.0000,0.0000,0.0000,0,0.000000
83,0.0200,0.0000,45.0000,-30.0000,0.0000,0.0000,0.0000,0.0000,0.0000,0.0000,-24.5409,-386.3419,91.2215,0.0000,0.0000,0.0000,-2.1770,-1.7843,83.4446,0.0000,-0.1942,0.0000,0.0000,0.0000,0.0000,0.0000,0.0000,0.0000,5.00,3.00,2.00,0.0000,0.0000,0.0000,0,0.000000
83,0.0200,0.0000,45.0000,-30.0000,0.0000,0.0000,0.0000,0.0000,0.0000,0.0000,-24.5960,-388.0822,91.2311,0.0000,0.0000,0.0000,1.8621,-1.7843,84.7621,0.0000,-0.1942,0.0000,0.0000,0.0000,0.0000,0.0000,0.0000,0.0000,5.00,3.00,2.00,0.0000,0.0000,0.0000,0,0.000000
83,0.0200,0.0000,45.0000,-30.0000,0.0000,0.0000,0.0000,0.0000,0.0000,0.0000,-24.6510,-389.8263,91.2408,0.0000,0.0000,0.0000,-1.7430,-1.7843,81.7442,0.0000,-0.1942,0.0000,0.0000,0.0000,0.0000,0.0000,0.0000,0.0000,5.00,3.00,2.00,0.0000,0.0000,0.0000,0,0.000000
83,0.0200,0.0000,45.0000,-30.0000,0.0000,0.0000,0.0000,0.0000,0.0000,0.0000,-24.7060,-391.5745,91.2503,0.0000,0.0000,0.0000,2.2121,-1.7843,82.5213,0.0000,-0.1942,0.0000,0.0000,0.0000,0.0000,0.0000,0.0000,0.0000,5.00,3.00,2.00,0.0000,0.0000,0.0000,0,0.000000
83,0.0200,0.0000,45.0000,-30.0000,0.0000,0.0000,0.0000,0.0000,0.0000,0.0000,-24.7610,-393.3265,91.2599,-2.7512,-87.6007,0.4776,-1.5798,-1.7843,84.8036,0.0000,-0.1942,0.0000,0.0000,0.0000,0.0000,0.0000,0.0000,0.0000,5.00,3.00,2.00,0.0000,0.0000,0.0000,0,0.000000
84,0.0200,0.0000,45.0000,-30.0000,0.0000,0.0000,0.0000,0.0000,0.0000,0.0000,-24.8160,-395.0824,91.2695,0.0000,0.0000,0.0000,-1.5806,-1.7843,86.5431,0.0000,-0.1942,0.0000,0.0000,0.0000,0.0000,0.0000,0.0000,0.0000,5.00,3.00,2.00,0.0000,0.0000,0.0000,0,0.000000
84,0.0200,0.0000,45.0000,-30.0000,0.0000,0.0000,0.0000,0.0000,0.0000,0.0000,-24.8711,-396.8423,91.2791,0.0000,0.0000,0.0000,2.4571,-1.7843,85.0855,0.0000,-0.1942,0.0000,0.0000,0.0000,0.0000,0.0000,0.0000,0.0000,5.00,3.00,2.00,0.0000,0.0000,0.0000,0,0.000000
84,0.0200,0.0000,45.0000,-30.0000,0.0000,0.0000,0.0000,0.0000,0.0000,0.0000,-24.9261,-398.6061,91.2887,0.0000,0.0000,0.0000,-2.5947,-1.7843,84.2126,0.0000,-0.1942,0.0000,0.0000,0.0000,0.0000,0.0000,0.0000,0.0000,5.00,3.00,2.00,0.0000,0.0000,0.0000,0,0.000000
84,0.0200,0.0000,45.0000,-30.0000,0.0000,0.0000,0.0000,0.0000,0.0000,0.0000,-24.9811,-400.3738,91.2983,0.0000,0.0000,0.0000,-0.9192,-1.7843,81.1771,0.0000,-0.1942,0.0000,0.0000,0.0000,0.0000,0.0000,0.0000,0.0000,5.00,3.00,2.00,0.0000,0.0000,0.0000,0,0.000000
84,0.0200,0.0000,45.0000,-30.0000,0.0000,0.0000,0.0000,0.0000,0.0000,0.0000,-25.0361,-402.1454,91.3079,-2.7512,-88.5834,0.4807,2.2510,-1.7843,85.3752,0.0000,-0.1942,0.0000,0.0000,0.0000,0.0000,0.0000,0.0000,0.0000,5.00,3.00,2.00,0.0000,0.0000,0.0000,0,0.000000
85,0.0200,0.0000,45.0000,-30.0000,0.0000,0.0000,0.0000,0.0000,0.0000,0.0000,-25.0912,-403.9210,91.3175,0.0000,0.0000,0.0000,0.9980,-1.7843,82.6216,0.0000,-0.1942,0.0000,0.0000,0.0000,0.0000,0.0000,0.0000,0.0000,5.00,3.00,2.00,0.0000,0.0000,0.0000,0,0.000000
85,0.0200,0.0000,45.0000,-30.0000,0.0000,0.0000,0.0000,0.0000,0.0000,0.0000,-25.1462,-405.7005,91.3271,0.0000,0.0000,0.0000,2.0595,-1.7843,82.2392,0.0000,-0.1942,0.0000,0.0000,0.0000,0.0000,0.0000,0.0000,0.0000,5.00,3.00,2.00,0.0000,0.0000,0.0000,0,0.000000
85,0.0200,0.0000,45.0000,-30.0000,0.0000,0.0000,0.0000,0.0000,0.0000,0.0000,-25.2012,-407.4839,91.3366,0.0000,0.0000,0.0000,-2.6599,-1.7843,84.5706,0.0000,-0.1942,0.0000,0.0000,0.0000,0.0000,0.0000,0.0000,0.0000,5.00,3.00,2.00,0.0000,0.0000,0.0000,0,0.000000
85,0.0200,0.0000,45.0000,-30.0000,0.0000,0.0000,0.0000,0.0000,0.0000,0.0000,-25.2562,-409.2712,91.3462,0.0000,0.0000,0.0000,3.1009,-1.7843,84.6866,0.0000,-0.1942,0.0000,0.0000,0.0000,0.0000,0.0000,0.0000,0.0000,5.00,3.00,2.00,0.0000,0.0000,0.0000,0,0.000000
85,0.0200,0.0000,45.0000,-30.0000,0.0000,0.0000,0.0000,0.0000,0.0000,0.0000,-25.3113,-411.0625,91.3559,-2.7512,-89.5630,0.4807,0.2336,-1.7843,87.1674,0.0000,-0.1942,0.0000,0.0000,0.0000,0.0000,0.0000,0.0000,0.0000,5.00,3.00,2.00,0.0000,0.0000,0.0000,0,0.000000
86,0.0200,0.0000,45.0000,-30.0000,0.0000,0.0000,0.0000,0.0000,0.0000,0.0000,-25.3663,-412.8577,91.3654,0.0000,0.0000,0.0000,-2.9843,-1.7843,83.7530,0.0000,-0.1942,0.0000,0.0000,0.0000,0.0000,0.0000,0.0000,0.0000,5.00,3.00,2.00,0.0000,0.0000,0.0000,0,0.000000
86,0.0200,0.0000,45.0000,-30.0000,0.0000,0.0000,0.0000,0.0000,0.0000,0.0000,-25.4213,-414.6568,91.3750,0.0000,0.0000,0.0000,1.1850,-1.7843,85.3117,0.0000,-0.1942,0.0000,0.0000,0.0000,0.0000,0.0000,0.0000,0.0000,5.00,3.00,2.00,0.0000,0.0000,0.0000,0,0.000000
86,0.0200,0.0000,45.0000,-30.0000,0.0000,0.0000,0.0000,0.0000,0.0000,0.0000,-25.4763,-416.4597,91.3846,0.0000,0.0000,0.0000,1.9135,-1.7843,84.3343,0.0000,-0.1942,0.0000,0.0000,0.0000,0.0000,0.0000,0.0000,0.0000,5.00,3.00,2.00,0.0000,0.0000,0.0000,0,0.000000
86,0.0200,0.0000,45.0000,-30.0000,0.0000,0.0000,0.0000,0.0000,0.0000,0.0000,-25.5313,-418.2668,91.3942,0.0000,0.0000,0.0000,-0.2744,-1.7843,81.2681,0.0000,-0.1942,0.0000,0.0000,0.0000,0.0000,0.0000,0.0000,0.0000,5.00,3.00,2.00,0.0000,0.0000,0.0000,0,0.000000
86,0.0200,0.0000,45.0000,-30.0000,0.0000,0.0000,0.0000,0.0000,0.0000,0.0000,-25.5864,-420.0776,91.4038,-2.7512,-90.5441,0.4791,-0.4209,-1.7843,81.3985,0.0000,-0.1942,0.0000,0.0000,0.0000,0.0000,0.0000,0.0000,0.0000,5.00,3.00,2.00,0.0000,0.0000,0.0000,0,0.000000
87,0.0200,0.0000,45.0000,-30.0000,0.0000,0.0000,0.0000,0.0000,0.0000,0.0000,-25.6414,-421.8924,91.4134,0.0000,0.0000,0.0000,-0.8027,-1.7843,85.9157,0.0000,-0.1942,0.0000,0.0000,0.0000,0.0000,0.0000,0.0000,0.0000,5.00,3.00,2.00,0.0000,0.0000,0.0000,0,0.000000
87,0.0200,0.0000,45.0000,-30.0000,0.0000,0.0000,0.0000,0.0000,0.0000,0.0000,-25.6964,-423.7111,91.4230,0.0000,0.0000,0.0000,2.5067,-1.7843,85.0257,0.0000,-0.1942,0.0000,0.0000,0.0000,0.0000,0.0000,0.0000,0.0000,5.00,3.00,2.00,0.0000,0.0000,0.0000,0,0.000000
87,0.0200,0.0000,45.0000,-30.0000,0.0000,0.0000,0.0000,0.0000,0.0000,0.0000,-25.7514,-425.5338,91.4326,0.0000,0.0000,0.0000,0.5170,-1.7843,82.6176,0.0000,-0.1942,0.0000,0.0000,0.0000,0.0000,0.0000,0.0000,0.0000,5.00,3.00,2.00,0.0000,0.0000,0.0000,0,0.000000
87,0.0200,0.0000,45.0000,-30.0000,0.0000,0.0000,0.0000,0.0000,0.0000,0.0000,-25.8065,-427.3604,91.4421,0.0000,0.0000,0.0000,0.3477,-1.7843,81.0808,0.0000,-0.1942,0.0000,0.0000,0.0000,0.0000,0.0000,0.0000,0.0000,5.00,3.00,2.00,0.0000,0.0000,0.0000,0,0.000000
87,0.0200,0.0000,45.0000,-30.0000,0.0000,0.0000,0.0000,0.0000,0.0000,0.0000,-25.8615,-429.1908,91.4517,-2.7512,-91.5237,0.4776,0.9585,-1.7843,85.2784,0.0000,-0.1942,0.0000,0.0000,0.0000,0.0000,0.0000,0.0000,0.0000,5.00,3.00,2.00,0.0000,0.0000,0.0000,0,0.000000
88,0.0200,0.0000,45.0000,-30.0000,0.0000,0.0000,0.0000,0.0000,0.0000,0.0000,-25.9165,-431.0252,91.4613,0.0000,0.0000,0.0000,2.5092,-1.7843,82.9524,0.0000,-0.1942,0.0000,0.0000,0.0000,0.0000,0.0000,0.0000,0.0000,5.00,3.00,2.00,0.0000,0.0000,0.0000,0,0.000000
88,0.0200,0.0000,45.0000,-30.0000,0.0000,0.0000,0.0000,0.0000,0.0000,0.0000,-25.9715,-432.8636,91.4709,0.0000,0.0000,0.0000,1.6046,-1.7843,84.2074,0.0000,-0.1942,0.0000,0.0000,0.0000,0.0000,0.0000,0.0000,0.0000,5.00,3.00,2.00,0.0000,0.0000,0.0000,0,0.000000
88,0.0200,0.0000,45.0000,-30.0000,0.0000,0.0000,0.0000,0.0000,0.0000,0.0000,-26.0266,-434.7059,91.4805,0.0000,0.0000,0.0000,2.2547,-1.7843,81.6515,0.0000,-0.1942,0.0000,0.0000,0.0000,0.0000,0.0000,0.0000,0.0000,5.00,3.00,2.00,0.0000,0.0000,0.0000,0,0.000000
88,0.0200,0.0000,45.0000,-30.0000,0.0000,0.0000,0.0000,0.0000,0.0000,0.0000,-26.0816,-436.5521,91.4901,0.0000,0.0000,0.0000,1.7465,-1.7843,83.9006,0.0000,-0.1942,0.0000,0.0000,0.0000,0.0000,0.0000,0.0000,0.0000,5.00,3.00,2.00,0.0000,0.0000,0.0000,0,0.000000
88,0.0200,0.0000,45.0000,-30.0000,0.0000,0.0000,0.0000,0.0000,0.0000,0.0000,-26.1366,-438.4022,91.4997,-2.7512,-92.5064,0.4807,-0.0115,-1.7843,81.7587,0.0000,-0.1942,0.0000,0.0000,0.0000,0.0000,0.0000,0.0000,0.0000,5.00,3.00,2.00,0.0000,0.0000,0.0000,0,0.000000
89,0.0200,0.0000,45.0000,-30.0000,0.0000,0.0000,0.0000,0.0000,0.0000,0.0000,-26.1916,-440.2562,91.5093,0.0000,0.0000,0.0000,-1.7862,-1.7843,86.6519,0.0000,-0.1942,0.0000,0.0000,0.0000,0.0000,0.0000,0.0000,0.0000,5.00,3.00,2.00,0.0000,0.0000,0.0000,0,0.000000
89,0.0200,0.0000,45.0000,-30.0000,0.0000,0.0000,0.0000,0.0000,0.0000,0.0000,-26.2466,-442.1142,91.5189,0.0000,0.0000,0.0000,1.5714,-1.7843,82.6408,0.0000,-0.1942,0.0000,0.0000,0.0000,0.0000,0.0000,0.0000,0.0000,5.00,3.00,2.00,0.0000,0.0000,0.0000,0,0.000000
89,0.0200,0.0000,45.0000,-30.0000,0.0000,0.0000,0.0000,0.0000,0.0000,0.0000,-26.3017,-443.9761,91.5284,0.0000,0.0000,0.0000,0.3788,-1.7843,86.5583,0.0000,-0.1942,0.0000,0.0000,0.0000,0.0000,0.0000,0.0000,0.0000,5.00,3.00,2.00,0.0000,0.0000,0.0000,0,0.000000
89,0.0200,0.0000,45.0000,-30.0000,0.0000,0.0000,0.0000,0.0000,0.0000,0.0000,-26.3567,-445.8419,91.5381,0.0000,0.0000,0.0000,-1.9043,-1.7843,83.8084,0.0000,-0.1942,0.0000,0.0000,0.0000,0.0000,0.0000,0.0000,0.0000,5.00,3.00,2.00,0.0000,0.0000,0.0000,0,0.000000
89,0.0200,0.0000,45.0000,-30.0000,0.0000,0.0000,0.0000,0.0000,0.0000,0.0000,-26.4117,-447.7116,91.5477,-2.7512,-93.4860,0.4807,0.0497,-1.7843,82.3842,0.0000,-0.1942,0.0000,0.0000,0.0000,0.0000,0.0000,0.0000,0.0000,5.00,3.00,2.00,0.0000,0.0000,0.0000,0,0.000000
90,0.0200,0.0000,45.0000,-30.0000,0.0000,0.0000,0.0000,0.0000,0.0000,0.0000,-26.4667,-449.5853,91.5572,0.0000,0.0000,0.0000,1.9250,-1.7843,81.4097,0.0000,-0.1942,0.0000,0.0000,0.0000,0.0000,0.0000,0.0000,0.0000,5.00,3.00,2.00,0.0000,0.0000,0.0000,0,0.000000
90,0.0200,0.0000,45.0000,-30.0000,0.0000,0.0000,0.0000,0.0000,0.0000,0.0000,-26.5218,-451.4629,91.5668,0.0000,0.0000,0.0000,0.3069,-1.7843,80.8754,0.0000,-0.1942,0.0000,0.0000,0.0000,0.0000,0.0000,0.0000,0.0000,5.00,3.00,2.00,0.0000,0.0000,0.0000,0,0.000000
90,0.0200,0.0000,45.0000,-30.0000,0.0000,0.0000,0.0000,0.0000,0.0000,0.0000,-26.5768,-453.3444,91.5764,0.0000,0.0000,0.0000,0.0372,-1.7843,80.7095,0.0000,-0.1942,0.0000,0.0000,0.0000,0.0000,0.0000,0.0000,0.0000,5.00,3.00,2.00,0.0000,0.0000,0.0000,0,0.000000
90,0.0200,0.0000,45.0000,-30.0000,0.0000,0.0000,0.0000,0.0000,0.0000,0.0000,-26.6318,-455.2298,91.5860,0.0000,0.0000,0.0000,-2.0055,-1.7843,84.5911,0.0000,-0.1942,0.0000,0.0000,0.0000,0.0000,0.0000,0.0000,0.0000,5.00,3.00,2.00,0.0000,0.0000,0.0000,0,0.000000
90,0.0200,0.0000,45.0000,-30.0000,0.0000,0.0000,0.0000,0.0000,0.0000,0.0000,-26.6868,-457.1191,91.5956,-2.7512,-94.4656,0.4807,-0.2232,-1.7843,82.4211,0.0000,-0.1942,0.0000,0.0000,0.0000,0.0000,0.0000,0.0000,0.0000,5.00,3.00,2.00,0.0000,0.0000,0.0000,0,0.000000
91,0.0200,0.0000,45.0000,-30.0000,0.0000,0.0000,0.0000,0.0000,0.0000,0.0000,-26.7419,-459.0124,91.6052,0.0000,0.0000,0.0000,-0.2853,-1.7843,80.8224,0.0000,-0.1942,0.0000,0.0000,0.0000,0.0000,0.0000,0.0000,0.0000,5.00,3.00,2.00,0.0000,0.0000,0.0000,0,0.000000
91,0.0200,0.0000,45.0000,-30.0000,0.0000,0.0000,0.0000,0.0000,0.0000,0.0000,-26.7969,-460.9097,91.6148,0.0000,0.0000,0.0000,0.1409,-1.7843,85.9399,0.0000,-0.1942,0.0000,0.0000,0.0000,0.0000,0.0000,0.0000,0.0000,5.00,3.00,2.00,0.0000,0.0000,0.0000,0,0.000000
91,0.0200,0.0000,45.0000,-30.0000,0.0000,0.0000,0.0000,0.0000,0.0000,0.0000,-26.8519,-462.8108,91.6244,0.0000,0.0000,0.0000,1.7543,-1.7843,83.5585,0.0000,-0.1942,0.0000,0.0000,0.0000,0.0000,0.0000,0.0000,0.0000,5.00,3.00,2.00,0.0000,0.0000,0.0000,0,0.000000
91,0.0200,0.0000,45.0000,-30.0000,0.0000,0.0000,0.0000,0.0000,0.0000,0.0000,-26.9069,-464.7158,91.6340,0.0000,0.0000,0.0000,2.5819,-1.7843,81.8826,0.0000,-0.1942,0.0000,0.0000,0.0000,0.0000,0.0000,0.0000,0.0000,5.00,3.00,2.00,0.0000,0.0000,0.0000,0,0.000000
91,0.0200,0.0000,45.0000,-30.0000,0.0000,0.0000,0.0000,0.0000,0.0000,0.0000,-26.9619,-466.6248,91.6435,-2.7512,-95.4483,0.4776,0.6900,-1.7843,86.7907,0.0000,-0.1942,0.0000,0.0000,0.0000,0.0000,0.0000,0.0000,0.0000,5.00,3.00,2.00,0.0000,0.0000,0.0000,0,0.000000
92,0.0200,0.0000,45.0000,-30.0000,0.0000,0.0000,0.0000,0.0000,0.0000,0.0000,-27.0170,-468.5377,91.6532,0.0000,0.0000,0.0000,1.2588,-1.7843,82.2766,0.0000,-0.1942,0.0000,0.0000,0.0000,0.0000,0.0000,0.0000,0.0000,5.00,3.00,2.00,0.0000,0.0000,0.0000,0,0.000000
92,0.0200,0.0000,45.0000,-30.0000,0.0000,0.0000,0.0000,0.0000,0.0000,0.0000,-27.0720,-470.4545,91.6627,0.0000,0.0000,0.0000,1.7835,-1.7843,86.8878,0.0000,-0.1942,0.0000,0.0000,0.0000,0.0000,0.0000,0.0000,0.0000,5.00,3.00,2.00,0.0000,0.0000,0.0000,0,0.000000
92,0.0200,0.0000,45.0000,-30.0000,0.0000,0.0000,0.0000,0.0000,0.0000,0.0000,-27.1270,-472.3752,91.6723,0.0000,0.0000,0.0000,-1.1143,-1.7843,87.0499,0.0000,-0.1942,0.0000,0.0000,0.0000,0.0000,0.0000,0.0000,0.0000,5.00,3.00,2.00,0.0000,0.0000,0.0000,0,0.000000
92,0.0200,0.0000,45.0000,-30.0000,0.0000,0.0000,0.0000,0.0000,0.0000,0.0000,-27.1820,-474.2999,91.6819,0.0000,0.0000,0.0000,1.0065,-1.7843,82.9067,0.0000,-0.1942,0.0000,0.0000,0.0000,0.0000,0.0000,0.0000,0.0000,5.00,3.00,2.00,0.0000,0.0000,0.0000,0,0.000000
92,0.0200,0.0000,45.0000,-30.0000,0.0000,0.0000,0.0000,0.0000,0.0000,0.0000,-27.2371,-476.2285,91.6914,-2.7512,-96.4279,0.4776,-0.5480,-1.7843,86.4601,0.0000,-0.1942,0.0000,0.0000,0.0000,0.0000,0.0000,0.0000,0.0000,5.00,3.00,2.00,0.0000,0.0000,0.0000,0,0.000000
93,0.0200,0.0000,45.0000,-30.0000,0.0000,0.0000,0.0000,0.0000,0.0000,0.0000,-27.2921,-478.1611,91.7010,0.0000,0.0000,0.0000,0.4045,-1.7843,86.4131,0.0000,-0.1942,0.0000,0.0000,0.0000,0.0000,0.0000,0.0000,0.0000,5.00,3.00,2.00,0.0000,0.0000,0.0000,0,0.000000
93,0.0200,0.0000,45.0000,-30.0000,0.0000,0.0000,0.0000,0.0000,0.0000,0.0000,-27.3471,-480.0974,91.7107,0.0000,0.0000,0.0000,-0.0818,-1.7843,85.8702,0.0000,-0.1942,0.0000,0.0000,0.0000,0.0000,0.0000,0.0000,0.0000,5.00,3.00,2.00,0.0000,0.0000,0.0000,0,0.000000
93,0.0200,0.0000,45.0000,-30.0000,0.0000,0.0000,0.0000,0.0000,0.0000,0.0000,-27.4021,-482.0378,91.7202,0.0000,0.0000,0.0000,1.5888,-1.7843,86.0881,0.0000,-0.1942,0.0000,0.0000,0.0000,0.0000,0.0000,0.0000,0.0000,5.00,3.00,2.00,0.0000,0.0000,0.0000,0,0.000000
93,0.0200,0.0000,45.0000,-30.0000,0.0000,0.0000,0.0000,0.0000,0.0000,0.0000,-27.4572,-483.9821,91.7298,0.0000,0.0000,0.0000,-1.3402,-1.7843,81.0199,0.0000,-0.1942,0.0000,0.0000,0.0000,0.0000,0.0000,0.0000,0.0000,5.00,3.00,2.00,0.0000,0.0000,0.0000,0,0.000000
93,0.0200,0.0000,45.0000,-30.0000,0.0000,0.0000,0.0000,0.0000,0.0000,0.0000,-27.5122,-485.9304,91.7395,-2.7512,-97.4121,0.4822,-0.8554,-1.7843,82.6970,0.0000,-0.1942,0.0000,0.0000,0.0000,0.0000,0.0000,0.0000,0.0000,5.00,3.00,2.00,0.0000,0.0000,0.0000,0,0.000000
94,0.0200,0.0000,45.0000,-30.0000,0.0000,0.0000,0.0000,0.0000,0.0000,0.0000,-27.5672,-487.8825,91.7490,0.0000,0.0000,0.0000,-3.1089,-1.7843,82.5214,0.0000,-0.1942,0.0000,0.0000,0.0000,0.0000,0.0000,0.0000,0.0000,5.00,3.00,2.00,0.0000,0.0000,0.0000,0,0.000000
94,0.0200,0.0000,45.0000,-30.0000,0.0000,0.0000,0.0000,0.0000,0.0000,0.0000,-27.6222,-489.8386,91.7586,0.0000,0.0000,0.0000,-0.0259,-1.7843,86.9360,0.0000,-0.1942,0.0000,0.0000,0.0000,0.0000,0.0000,0.0000,0.0000,5.00,3.00,2.00,0.0000,0.0000,0.0000,0,0.000000
94,0.0200,0.0000,45.0000,-30.0000,0.0000,0.0000,0.0000,0.0000,0.0000,0.0000,-27.6772,-491.7986,91.7682,0.0000,0.0000,0.0000,0.1646,-1.7843,81.4256,0.0000,-0.1942,0.0000,0.0000,0.0000,0.0000,0.0000,0.0000,0.0000,5.00,3.00,2.00,0.0000,0.0000,0.0000,0,0.000000
94,0.0200,0.0000,45.0000,-30.0000,0.0000,0.0000,0.0000,0.0000,0.0000,0.0000,-27.7323,-493.7625,91.7778,0.0000,0.0000,0.0000,2.1675,-1.7843,84.5980,0.0000,-0.1942,0.0000,0.0000,0.0000,0.0000,0.0000,0.0000,0.0000,5.00,3.00,2.00,0.0000,0.0000,0.0000,0,0.000000
94,0.0200,0.0000,45.0000,-30.0000,0.0000,0.0000,0.0000,0.0000,0.0000,0.0000,-27.7873,-495.7303,91.7874,-2.7512,-98.3917,0.4807,-0.1020,-1.7843,82.4665,0.0000,-0.1942,0.0000,0.0000,0.0000,0.0000,0.0000,0.0000,0.0000,5.00,3.00,2.00,0.0000,0.0000,0.0000,0,0.000000
95,0.0200,0.0000,45.0000,-30.0000,0.0000,0.0000,0.0000,0.0000,0.0000,0.0000,-27.8423,-497.7021,91.7970,0.0000,0.0000,0.0000,0.1664,-1.7843,86.3222,0.0000,-0.1942,0.0000,0.0000,0.0000,0.0000,0.0000,0.0000,0.0000,5.00,3.00,2.00,0.0000,0.0000,0.0000,0,0.000000
95,0.0200,0.0000,45.0000,-30.0000,0.0000,0.0000,0.0000,0.0000,0.0000,0.0000,-27.8973,-499.6777,91.8066,0.0000,0.0000,0.0000,-1.6852,-1.7843,83.2498,0.0000,-0.1942,0.0000,0.0000,0.0000,0.0000,0.0000,0.0000,0.0000,5.00,3.00,2.00,0.0000,0.0000,0.0000,0,0.000000
95,0.0200,0.0000,45.0000,-30.0000,0.0000,0.0000,0.0000,0.0000,0.0000,0.0000,-27.9524,-501.6573,91.8162,0.0000,0.0000,0.0000,0.3606,-1.7843,81.6802,0.0000,-0.1942,0.0000,0.0000,0.0000,0.0000,0.0000,0.0000,0.0000,5.00,3.00,2.00,0.0000,0.0000,0.0000,0,0.000000
95,0.0200,0.0000,45.0000,-30.0000,0.0000,0.0000,0.0000,0.0000,0.0000,0.0000,-28.0074,-503.6409,91.8257,0.0000,0.0000,0.0000,-1.5807,-1.7843,84.9151,0.0000,-0.1942,0.0000,0.0000,0.0000,0.0000,0.0000,0.0000,0.0000,5.00,3.00,2.00,0.0000,0.0000,0.0000,0,0.000000
95,0.0200,0.0000,45.0000,-30.0000,0.0000,0.0000,0.0000,0.0000,0.0000,0.0000,-28.0624,-505.6283,91.8353,-2.7512,-99.3729,0.4791,1.8987,-1.7843,82.1560,0.0000,-0.1942,0.0000,0.0000,0.0000,0.0000,0.0000,0.0000,0.0000,5.00,3.00,2.00,0.0000,0.0000,0.0000,0,0.000000
96,0.0200,0.0000,45.0000,-30.0000,0.0000,0.0000,0.0000,0.0000,0.0000,0.0000,-28.1174,-507.6198,91.8450,0.0000,0.0000,0.0000,-0.7958,-1.7843,85.9651,0.0000,-0.1942,0.0000,0.0000,0.0000,0.0000,0.0000,0.0000,0.0000,5.00,3.00,2.00,0.0000,0.0000,0.0000,0,0.000000
96,0.0200,0.0000,45.0000,-30.0000,0.0000,0.0000,0.0000,0.0000,0.0000,0.0000,-28.1725,-509.6150,91.8546,0.0000,0.0000,0.0000,2.0710,-1.7843,86.7789,0.0000,-0.1942,0.0000,0.0000,0.0000,0.0000,0.0000,0.0000,0.0000,5.00,3.00,2.00,0.0000,0.0000,0.0000,0,0.000000
96,0.0200,0.0000,45.0000,-30.0000,0.0000,0.0000,0.0000,0.0000,0.0000,0.0000,-28.2275,-511.6142,91.8641,0.0000,0.0000,0.0000,-2.1472,-1.7843,85.5239,0.0000,-0.1942,0.0000,0.0000,0.0000,0.0000,0.0000,0.0000,0.0000,5.00,3.00,2.00,0.0000,0.0000,0.0000,0,0.000000
96,0.0200,0.0000,45.0000,-30.0000,0.0000,0.0000,0.0000,0.0000,0.0000,0.0000,-28.2825,-513.6174,91.8737,0.0000,0.0000,0.0000,-1.7683,-1.7843,85.9751,0.0000,-0.1942,0.0000,0.0000,0.0000,0.0000,0.0000,0.0000,0.0000,5.00,3.00,2.00,0.0000,0.0000,0.0000,0,0.000000
96,0.0200,0.0000,45.0000,-30.0000,0.0000,0.0000,0.0000,0.0000,0.0000,0.0000,-28.3375,-515.6244,91.8833,-2.7512,-100.3510,0.4807,-1.3032,-1.7843,86.0168,0.0000,-0.1942,0.0000,0.0000,0.0000,0.0000,0.0000,0.0000,0.0000,5.00,3.00,2.00,0.0000,0.0000,0.0000,0,0.000000
97,0.0200,0.0000,45.0000,-30.0000,0.0000,0.0000,0.0000,0.0000,0.0000,0.0000,-28.3926,-517.6354,91.8929,0.0000,0.0000,0.0000,-0.3565,-1.7843,80.8688,0.0000,-0.1942,0.0000,0.0000,0.0000,0.0000,0.0000,0.0000,0.0000,5.00,3.00,2.00,0.0000,0.0000,0.0000,0,0.000000
97,0.0200,0.0000,45.0000,-30.0000,0.0000,0.0000,0.0000,0.0000,0.0000,0.0000,-28.4476,-519.6503,91.9024,0.0000,0.0000,0.0000,-0.4332,-1.7843,86.0338,0.0000,-0.1942,0.0000,0.0000,0.0000,0.0000,0.0000,0.0000,0.0000,5.00,3.00,2.00,0.0000,0.0000,0.0000,0,0.000000
97,0.0200,0.0000,45.0000,-30.0000,0.0000,0.0000,0.0000,0.0000,0.0000,0.0000,-28.5026,-521.6692,91.9120,0.0000,0.0000,0.0000,0.4706,-1.7843,81.6183,0.0000,-0.1942,0.0000,0.0000,0.0000,0.0000,0.0000,0.0000,0.0000,5.00,3.00,2.00,0.0000,0.0000,0.0000,0,0.000000
97,0.0200,0.0000,45.0000,-30.0000,0.0000,0.0000,0.0000,0.0000,0.0000,0.0000,-28.5576,-523.6919,91.9216,0.0000,0.0000,0.0000,1.0026,-1.7843,87.0089,0.0000,-0.1942,0.0000,0.0000,0.0000,0.0000,0.0000,0.0000,0.0000,5.00,3.00,2.00,0.0000,0.0000,0.0000,0,0.000000
97,0.0200,0.0000,45.0000,-30.0000,0.0000,0.0000,0.0000,0.0000,0.0000,0.0000,-28.6126,-525.7186,91.9312,-2.7512,-101.3367,0.4807,0.4512,-1.7843,82.5221,0.0000,-0.1942,0.0000,0.0000,0.0000,0.0000,0.0000,0.0000,0.0000,5.00,3.00,2.00,0.0000,0.0000,0.0000,0,0.000000
98,0.0200,0.0000,45.0000,-30.0000,0.0000,0.0000,0.0000,0.0000,0.0000,0.0000,-28.6677,-527.7493,91.9409,0.0000,0.0000,0.0000,-1.6514,-1.7843,81.1836,0.0000,-0.1942,0.0000,0.0000,0.0000,0.0000,0.0000,0.0000,0.0000,5.00,3.00,2.00,0.0000,0.0000,0.0000,0,0.000000
98,0.0200,0.0000,45.0000,-30.0000,0.0000,0.0000,0.0000,0.0000,0.0000,0.0000,-28.7227,-529.7838,91.9504,0.0000,0.0000,0.0000,1.5960,-1.7843,81.1995,0.0000,-0.1942,0.0000,0.0000,0.0000,0.0000,0.0000,0.0000,0.0000,5.00,3.00,2.00,0.0000,0.0000,0.0000,0,0.000000
98,0.0200,0.0000,45.0000,-30.0000,0.0000,0.0000,0.0000,0.0000,0.0000,0.0000,-28.7777,-531.8223,91.9600,0.0000,0.0000,0.0000,-0.8589,-1.7843,86.9009,0.0000,-0.1942,0.0000,0.0000,0.0000,0.0000,0.0000,0.0000,0.0000,5.00,3.00,2.00,0.0000,0.0000,0.0000,0,0.000000
98,0.0200,0.0000,45.0000,-30.0000,0.0000,0.0000,0.0000,0.0000,0.0000,0.0000,-28.8327,-533.8646,91.9696,0.0000,0.0000,0.0000,2.0339,-1.7843,84.0451,0.0000,-0.1942,0.0000,0.0000,0.0000,0.0000,0.0000,0.0000,0.0000,5.00,3.00,2.00,0.0000,0.0000,0.0000,0,0.000000
98,0.0200,0.0000,45.0000,-30.0000,0.0000,0.0000,0.0000,0.0000,0.0000,0.0000,-28.8878,-535.9111,91.9792,-2.7512,-102.3224,0.4791,3.0601,-1.7843,84.4407,0.0000,-0.1942,0.0000,0.0000,0.0000,0.0000,0.0000,0.0000,0.0000,5.00,3.00,2.00,0.0000,0.0000,0.0000,0,0.000000
99,0.0200,0.0000,45.0000,-30.0000,0.0000,0.0000,0.0000,0.0000,0.0000,0.0000,-28.9428,-537.9612,91.9888,0.0000,0.0000,0.0000,1.5936,-1.7843,85.2341,0.0000,-0.1942,0.0000,0.0000,0.0000,0.0000,0.0000,0.0000,0.0000,5.00,3.00,2.00,0.0000,0.0000,0.0000,0,0.000000
99,0.0200,0.0000,45.0000,-30.0000,0.0000,0.0000,0.0000,0.0000,0.0000,0.0000,-28.9978,-540.0154,91.9984,0.0000,0.0000,0.0000,-0.7584,-1.7843,86.5183,0.0000,-0.1942,0.0000,0.0000,0.0000,0.0000,0.0000,0.0000,0.0000,5.00,3.00,2.00,0.0000,0.0000,0.0000,0,0.000000
99,0.0200,0.0000,45.0000,-30.0000,0.0000,0.0000,0.0000,0.0000,0.0000,0.0000,-29.0528,-542.0735,92.0080,0.0000,0.0000,0.0000,-2.2483,-1.7843,82.7531,0.0000,-0.1942,0.0000,0.0000,0.0000,0.0000,0.0000,0.0000,0.0000,5.00,3.00,2.00,0.0000,0.0000,0.0000,0,0.000000
99,0.0200,0.0000,45.0000,-30.0000,0.0000,0.0000,0.0000,0.0000,0.0000,0.0000,-29.1079,-544.1355,92.0175,0.0000,0.0000,0.0000,0.6739,-1.7843,81.4559,0.0000,-0.1942,0.0000,0.0000,0.0000,0.0000,0.0000,0.0000,0.0000,5.00,3.00,2.00,0.0000,0.0000,0.0000,0,0.000000
99,0.0200,0.0000,45.0000,-30.0000,0.0000,0.0000,0.0000,0.0000,0.0000,0.0000,-29.1629,-546.2014,92.0271,-2.7512,-103.2959,0.4791,0.9846,-1.7843,86.5959,0.0000,-0.1942,0.0000,0.0000,0.0000,0.0000,0.0000,0.0000,0.0000,5.00,3.00,2.00,0.0000,0.0000,0.0000,0,0.000000
100,0.0200,0.0000,45.0000,-30.0000,0.0000,0.0000,0.0000,0.0000,0.0000,0.0000,-29.2179,-548.2713,92.0367,0.0000,0.0000,0.0000,-1.8241,-1.7843,84.3622,0.0000,-0.1942,0.0000,0.0000,0.0000,0.0000,0.0000,0.0000,0.0000,5.00,3.00,2.00,0.0000,0.0000,0.0000,0,0.000000
100,0.0200,0.0000,45.0000,-30.0000,0.0000,0.0000,0.0000,0.0000,0.0000,0.0000,-29.2729,-550.3451,92.0463,0.0000,0.0000,0.0000,-1.2836,-1.7843,86.2900,0.0000,-0.1942,0.0000,0.0000,0.0000,0.0000,0.0000,0.0000,0.0000,5.00,3.00,2.00,0.0000,0.0000,0.0000,0,0.000000
100,0.0200,0.0000,45.0000,-30.0000,0.0000,0.0000,0.0000,0.0000,0.0000,0.0000,-29.3279,-552.4228,92.0559,0.0000,0.0000,0.0000,1.3221,-1.7843,86.3230,0.0000,-0.1942,0.0000,0.0000,0.0000,0.0000,0.0000,0.0000,0.0000,5.00,3.00,2.00,0.0000,0.0000,0.0000,0,0.000000
100,0.0200,0.0000,45.0000,-30.0000,0.0000,0.0000,0.0000,0.0000,0.0000,0.0000,-29.3830,-554.5045,92.0654,0.0000,0.0000,0.0000,-3.2458,-1.7843,84.9342,0.0000,-0.1942,0.0000,0.0000,0.0000,0.0000,0.0000,0.0000,0.0000,5.00,3.00,2.00,0.0000,0.0000,0.0000,0,0.000000
100,0.0200,0.0000,45.0000,-30.0000,0.0000,0.0000,0.0000,0.0000,0.0000,0.0000,-29.4380,-556.5900,92.0751,-2.7512,-104.2786,0.4837,-2.1101,-1.7843,85.0155,0.0000,-0.1942,0.0000,0.0000,0.0000,0.0000,0.0000,0.0000,0.0000,5.00,3.00,2.00,0.0000,0.0000,0.0000,0,0.000000
101,0.0200,0.0000,45.0000,-30.0000,0.0000,0.0000,0.0000,0.0000,0.0000,0.0000,-29.4930,-558.6794,92.0847,0.0000,0.0000,0.0000,2.4380,-1.7843,82.5890,0.0000,-0.1942,0.0000,0.0000,0.0000,0.0000,0.0000,0.0000,0.0000,5.00,3.00,2.00,0.0000,0.0000,0.0000,0,0.000000
101,0.0200,0.0000,45.0000,-30.0000,0.0000,0.0000,0.0000,0.0000,0.0000,0.0000,-29.5480,-560.7728,92.0943,0.0000,0.0000,0.0000,0.8553,-1.7843,85.5518,0.0000,-0.1942,0.0000,0.0000,0.0000,0.0000,0.0000,0.0000,0.0000,5.00,3.00,2.00,0.0000,0.0000,0.0000,0,0.000000
101,0.0200,0.0000,45.0000,-30.0000,0.0000,0.0000,0.0000,0.0000,0.0000,0.0000,-29.6031,-562.8702,92.1038,0.0000,0.0000,0.0000,-0.4260,-1.7843,80.8308,0.0000,-0.1942,0.0000,0.0000,0.0000,0.0000,0.0000,0.0000,0.0000,5.00,3.00,2.00,0.0000,0.0000,0.0000,0,0.000000
101,0.0200,0.0000,45.0000,-30.0000,0.0000,0.0000,0.0000,0.0000,0.0000,0.0000,-29.6581,-564.9715,92.1134,0.0000,0.0000,0.0000,1.1399,-1.7843,82.1179,0.0000,-0.1942,0.0000,0.0000,0.0000,0.0000,0.0000,0.0000,0.0000,5.00,3.00,2.00,0.0000,0.0000,0.0000,0,0.000000
101,0.0200,0.0000,45.0000,-30.0000,0.0000,0.0000,0.0000,0.0000,0.0000,0.0000,-29.7131,-567.0767,92.1230,-2.7512,-105.2582,0.4807,1.4714,-1.7843,85.2107,0.0000,-0.1942,0.0000,0.0000,0.0000,0.0000,0.0000,0.0000,0.0000,5.00,3.00,2.00,0.0000,0.0000,0.0000,0,0.000000
102,0.0200,0.0000,45.0000,-30.0000,0.0000,0.0000,0.0000,0.0000,0.0000,0.0000,-29.7681,-569.1856,92.1326,0.0000,0.0000,0.0000,-3.2187,-1.7843,82.9002,0.0000,-0.1942,0.0000,0.0000,0.0000,0.0000,0.0000,0.0000,0.0000,5.00,3.00,2.00,0.0000,0.0000,0.0000,0,0.000000
102,0.0200,0.0000,45.0000,-30.0000,0.0000,0.0000,0.0000,0.0000,0.0000,0.0000,-29.8232,-571.2987,92.1422,0.0000,0.0000,0.0000,-1.0006,-1.7843,86.1255,0.0000,-0.1942,0.0000,0.0000,0.0000,0.0000,0.0000,0.0000,0.0000,5.00,3.00,2.00,0.0000,0.0000,0.0000,0,0.000000
102,0.0200,0.0000,45.0000,-30.0000,0.0000,0.0000,0.0000,0.0000,0.0000,0.0000,-29.8782,-573.4157,92.1518,0.0000,0.0000,0.0000,-1.6839,-1.7843,84.9328,0.0000,-0.1942,0.0000,0.0000,0.0000,0.0000,0.0000,0.0000,0.0000,5.00,3.00,2.00,0.0000,0.0000,0.0000,0,0.000000
102,0.0200,0.0000,45.0000,-30.0000,0.0000,0.0000,0.0000,0.0000,0.0000,0.0000,-29.9332,-575.5365,92.1613,0.0000,0.0000,0.0000,-2.0885,-1.7843,85.0624,0.0000,-0.1942,0.0000,0.0000,0.0000,0.0000,0.0000,0.0000,0.0000,5.00,3.00,2.00,0.0000,0.0000,0.0000,0,0.000000
102,0.0200,0.0000,45.0000,-30.0000,0.0000,0.0000,0.0000,0.0000,0.0000,0.0000,-29.9882,-577.6613,92.1710,-2.7512,-106.2408,0.4822,0.5499,-1.7843,81.2780,0.0000,-0.1942,0.0000,0.0000,0.0000,0.0000,0.0000,0.0000,0.0000,5.00,3.00,2.00,0.0000,0.0000,0.0000,0,0.000000
103,0.0200,0.0000,45.0000,-30.0000,0.0000,0.0000,0.0000,0.0000,0.0000,0.0000,-30.0432,-579.7900,92.1806,0.0000,0.0000,0.0000,-1.5615,-1.7843,85.0821,0.0000,-0.1942,0.0000,0.0000,0.0000,0.0000,0.0000,0.0000,0.0000,5.00,3.00,2.00,0.0000,0.0000,0.0000,0,0.000000
103,0.0200,0.0000,45.0000,-30.0000,0.0000,0.0000,0.0000,0.0000,0.0000,0.0000,-30.0983,-581.9227,92.1902,0.0000,0.0000,0.0000,1.4407,-1.7843,83.7127,0.0000,-0.1942,0.0000,0.0000,0.0000,0.0000,0.0000,0.0000,0.0000,5.00,3.00,2.00,0.0000,0.0000,0.0000,0,0.000000
103,0.0200,0.0000,45.0000,-30.0000,0.0000,0.0000,0.0000,0.0000,0.0000,0.0000,-30.1533,-584.0592,92.1997,0.0000,0.0000,0.0000,0.8022,-1.7843,85.2706,0.0000,-0.1942,0.0000,0.0000,0.0000,0.0000,0.0000,0.0000,0.0000,5.00,3.00,2.00,0.0000,0.0000,0.0000,0,0.000000
103,0.0200,0.0000,45.0000,-30.0000,0.0000,0.0000,0.0000,0.0000,0.0000,0.0000,-30.2083,-586.1997,92.2093,0.0000,0.0000,0.0000,-2.3489,-1.7843,86.3345,0.0000,-0.1942,0.0000,0.0000,0.0000,0.0000,0.0000,0.0000,0.0000,5.00,3.00,2.00,0.0000,0.0000,0.0000,0,0.000000
103,0.0200,0.0000,45.0000,-30.0000,0.0000,0.0000,0.0000,0.0000,0.0000,0.0000,-30.2633,-588.3441,92.2189,-2.7512,-107.2205,0.4791,0.0410,-1.7843,81.4679,0.0000,-0.1942,0.0000,0.0000,0.0000,0.0000,0.0000,0.0000,0.0000,5.00,3.00,2.00,0.0000,0.0000,0.0000,0,0.000000
104,0.0200,0.0000,45.0000,-30.0000,0.0000,0.0000,0.0000,0.0000,0.0000,0.0000,-30.3184,-590.4924,92.2285,0.0000,0.0000,0.0000,1.7489,-1.7843,81.4585,0.0000,-0.1942,0.0000,0.0000,0.0000,0.0000,0.0000,0.0000,0.0000,5.00,3.00,2.00,0.0000,0.0000,0.0000,0,0.000000
104,0.0200,0.0000,45.0000,-30.0000,0.0000,0.0000,0.0000,0.0000,0.0000,0.0000,-30.3734,-592.6448,92.2381,0.0000,0.0000,0.0000,1.6970,-1.7843,84.7201,0.0000,-0.1942,0.0000,0.0000,0.0000,0.0000,0.0000,0.0000,0.0000,5.00,3.00,2.00,0.0000,0.0000,0.0000,0,0.000000
104,0.0200,0.0000,45.0000,-30.0000,0.0000,0.0000,0.0000,0.0000,0.0000,0.0000,-30.4284,-594.8009,92.2477,0.0000,0.0000,0.0000,-2.2788,-1.7843,83.3856,0.0000,-0.1942,0.0000,0.0000,0.0000,0.0000,0.0000,0.0000,0.0000,5.00,3.00,2.00,0.0000,0.0000,0.0000,0,0.000000
104,0.0200,0.0000,45.0000,-30.0000,0.0000,0.0000,0.0000,0.0000,0.0000,0.0000,-30.4834,-596.9609,92.2573,0.0000,0.0000,0.0000,1.0042,-1.7843,81.0525,0.0000,-0.1942,0.0000,0.0000,0.0000,0.0000,0.0000,0.0000,0.0000,5.00,3.00,2.00,0.0000,0.0000,0.0000,0,0.000000
104,0.0200,0.0000,45.0000,-30.0000,0.0000,0.0000,0.0000,0.0000,0.0000,0.0000,-30.5385,-599.1250,92.2669,-2.7512,-108.2031,0.4791,-1.3284,-1.7843,81.2690,0.0000,-0.1942,0.0000,0.0000,0.0000,0.0000,0.0000,0.0000,0.0000,5.00,3.00,2.00,0.0000,0.0000,0.0000,0,0.000000
105,0.0200,0.0000,45.0000,-30.0000,0.0000,0.0000,0.0000,0.0000,0.0000,0.0000,-30.5935,-601.2930,92.2765,0.0000,0.0000,0.0000,-2.1431,-1.7843,83.4008,0.0000,-0.1942,0.0000,0.0000,0.0000,0.0000,0.0000,0.0000,0.0000,5.00,3.00,2.00,0.0000,0.0000,0.0000,0,0.000000
105,0.0200,0.0000,45.0000,-30.0000,0.0000,0.0000,0.0000,0.0000,0.0000,0.0000,-30.6485,-603.4648,92.2861,0.0000,0.0000,0.0000,2.0285,-1.7843,83.8338,0.0000,-0.1942,0.0000,0.0000,0.0000,0.0000,0.0000,0.0000,0.0000,5.00,3.00,2.00,0.0000,0.0000,0.0000,0,0.000000
105,0.0200,0.0000,45.0000,-30.0000,0.0000,0.0000,0.0000,0.0000,0.0000,0.0000,-30.7035,-605.6407,92.2956,0.0000,0.0000,0.0000,-3.1619,-1.7843,85.0876,0.0000,-0.1942,0.0000,0.0000,0.0000,0.0000,0.0000,0.0000,0.0000,5.00,3.00,2.00,0.0000,0.0000,0.0000,0,0.000000
105,0.0200,0.0000,45.0000,-30.0000,0.0000,0.0000,0.0000,0.0000,0.0000,0.0000,-30.7585,-607.8204,92.3053,0.0000,0.0000,0.0000,2.1534,-1.7843,83.4199,0.0000,-0.1942,0.0000,0.0000,0.0000,0.0000,0.0000,0.0000,0.0000,5.00,3.00,2.00,0.0000,0.0000,0.0000,0,0.000000
105,0.0200,0.0000,45.0000,-30.0000,0.0000,0.0000,0.0000,0.0000,0.0000,0.0000,-30.8136,-610.0040,92.3148,-2.7512,-109.1797,0.4776,-0.1527,-1.7843,80.6661,0.0000,-0.1942,0.0000,0.0000,0.0000,0.0000,0.0000,0.0000,0.0000,5.00,3.00,2.00,0.0000,0.0000,0.0000,0,0.000000
106,0.0200,0.0000,45.0000,-30.0000,0.0000,0.0000,0.0000,0.0000,0.0000,0.0000,-30.8686,-612.1917,92.3244,0.0000,0.0000,0.0000,-1.0211,-1.7843,81.8598,0.0000,-0.1942,0.0000,0.0000,0.0000,0.0000,0.0000,0.0000,0.0000,5.00,3.00,2.00,0.0000,0.0000,0.0000,0,0.000000
106,0.0200,0.0000,45.0000,-30.0000,0.0000,0.0000,0.0000,0.0000,0.0000,0.0000,-30.9236,-614.3831,92.3340,0.0000,0.0000,0.0000,-1.9511,-1.7843,84.2014,0.0000,-0.1942,0.0000,0.0000,0.0000,0.0000,0.0000,0.0000,0.0000,5.00,3.00,2.00,0.0000,0.0000,0.0000,0,0.000000
106,0.0200,0.0000,45.0000,-30.0000,0.0000,0.0000,0.0000,0.0000,0.0000,0.0000,-30.9786,-616.5786,92.3436,0.0000,0.0000,0.0000,1.9413,-1.7843,84.8923,0.0000,-0.1942,0.0000,0.0000,0.0000,0.0000,0.0000,0.0000,0.0000,5.00,3.00,2.00,0.0000,0.0000,0.0000,0,0.000000
106,0.0200,0.0000,45.0000,-30.0000,0.0000,0.0000,0.0000,0.0000,0.0000,0.0000,-31.0337,-618.7779,92.3532,0.0000,0.0000,0.0000,-2.2875,-1.7843,83.0387,0.0000,-0.1942,0.0000,0.0000,0.0000,0.0000,0.0000,0.0000,0.0000,5.00,3.00,2.00,0.0000,0.0000,0.0000,0,0.000000
106,0.0200,0.0000,45.0000,-30.0000,0.0000,0.0000,0.0000,0.0000,0.0000,0.0000,-31.0887,-620.9812,92.3628,-2.7512,-110.1654,0.4791,-0.3899,-1.7843,86.8606,0.0000,-0.1942,0.0000,0.0000,0.0000,0.0000,0.0000,0.0000,0.0000,5.00,3.00,2.00,0.0000,0.0000,0.0000,0,0.000000
107,0.0200,0.0000,45.0000,-30.0000,0.0000,0.0000,0.0000,0.0000,0.0000,0.0000,-31.1437,-623.1884,92.3723,0.0000,0.0000,0.0000,-2.5031,-1.7843,81.8274,0.0000,-0.1942,0.0000,0.0000,0.0000,0.0000,0.0000,0.0000,0.0000,5.00,3.00,2.00,0.0000,0.0000,0.0000,0,0.000000
107,0.0200,0.0000,45.0000,-30.0000,0.0000,0.0000,0.0000,0.0000,0.0000,0.0000,-31.1987,-625.3994,92.3820,0.0000,0.0000,0.0000,1.6773,-1.7843,86.6568,0.0000,-0.1942,0.0000,0.0000,0.0000,0.0000,0.0000,0.0000,0.0000,5.00,3.00,2.00,0.0000,0.0000,0.0000,0,0.000000
107,0.0200,0.0000,45.0000,-30.0000,0.0000,0.0000,0.0000,0.0000,0.0000,0.0000,-31.2538,-627.6144,92.3915,0.0000,0.0000,0.0000,1.7032,-1.7843,85.3315,0.0000,-0.1942,0.0000,0.0000,0.0000,0.0000,0.0000,0.0000,0.0000,5.00,3.00,2.00,0.0000,0.0000,0.0000,0,0.000000
107,0.0200,0.0000,45.0000,-30.0000,0.0000,0.0000,0.0000,0.0000,0.0000,0.0000,-31.3088,-629.8335,92.4011,0.0000,0.0000,0.0000,-1.1147,-1.7843,82.9063,0.0000,-0.1942,0.0000,0.0000,0.0000,0.0000,0.0000,0.0000,0.0000,5.00,3.00,2.00,0.0000,0.0000,0.0000,0,0.000000
107,0.0200,0.0000,45.0000,-30.0000,0.0000,0.0000,0.0000,0.0000,0.0000,0.0000,-31.3638,-632.0564,92.4107,-2.7512,-111.1450,0.4807,-1.6379,-1.7843,81.2498,0.0000,-0.1942,0.0000,0.0000,0.0000,0.0000,0.0000,0.0000,0.0000,5.00,3.00,2.00,0.0000,0.0000,0.0000,0,0.000000
108,0.0200,0.0000,45.0000,-30.0000,0.0000,0.0000,0.0000,0.0000,0.0000,0.0000,-31.4188,-634.2832,92.4203,0.0000,0.0000,0.0000,-1.7265,-1.7843,82.7213,0.0000,-0.1942,0.0000,0.0000,0.0000,0.0000,0.0000,0.0000,0.0000,5.00,3.00,2.00,0.0000,0.0000,0.0000,0,0.000000
108,0.0200,0.0000,45.0000,-30.0000,0.0000,0.0000,0.0000,0.0000,0.0000,0.0000,-31.4738,-636.5139,92.4299,0.0000,0.0000,0.0000,-0.2375,-1.7843,85.5841,0.0000,-0.1942,0.0000,0.0000,0.0000,0.0000,0.0000,0.0000,0.0000,5.00,3.00,2.00,0.0000,0.0000,0.0000,0,0.000000
108,0.0200,0.0000,45.0000,-30.0000,0.0000,0.0000,0.0000,0.0000,0.0000,0.0000,-31.5289,-638.7487,92.4395,0.0000,0.0000,0.0000,2.5472,-1.7843,84.4964,0.0000,-0.1942,0.0000,0.0000,0.0000,0.0000,0.0000,0.0000,0.0000,5.00,3.00,2.00,0.0000,0.0000,0.0000,0,0.000000
108,0.0200,0.0000,45.0000,-30.0000,0.0000,0.0000,0.0000,0.0000,0.0000,0.0000,-31.5839,-640.9872,92.4491,0.0000,0.0000,0.0000,-0.5576,-1.7843,86.9166,0.0000,-0.1942,0.0000,0.0000,0.0000,0.0000,0.0000,0.0000,0.0000,5.00,3.00,2.00,0.0000,0.0000,0.0000,0,0.000000
108,0.0200,0.0000,45.0000,-30.0000,0.0000,0.0000,0.0000,0.0000,0.0000,0.0000,-31.6389,-643.2296,92.4587,-2.7512,-112.1216,0.4791,0.2868,-1.7843,82.4628,0.0000,-0.1942,0.0000,0.0000,0.0000,0.0000,0.0000,0.0000,0.0000,5.00,3.00,2.00,0.0000,0.0000,0.0000,0,0.000000
109,0.0200,0.0000,45.0000,-30.0000,0.0000,0.0000,0.0000,0.0000,0.0000,0.0000,-31.6939,-645.4762,92.4683,0.0000,0.0000,0.0000,-2.4404,-1.7843,84.5657,0.0000,-0.1942,0.0000,0.0000,0.0000,0.0000,0.0000,0.0000,0.0000,5.00,3.00,2.00,0.0000,0.0000,0.0000,0,0.000000
109,0.0200,0.0000,45.0000,-30.0000,0.0000,0.0000,0.0000,0.0000,0.0000,0.0000,-31.7490,-647.7265,92.4779,0.0000,0.0000,0.0000,-2.5190,-1.7843,81.8435,0.0000,-0.1942,0.0000,0.0000,0.0000,0.0000,0.0000,0.0000,0.0000,5.00,3.00,2.00,0.0000,0.0000,0.0000,0,0.000000
109,0.0200,0.0000,45.0000,-30.0000,0.0000,0.0000,0.0000,0.0000,0.0000,0.0000,-31.8040,-649.9807,92.4874,0.0000,0.0000,0.0000,2.0001,-1.7843,82.6772,0.0000,-0.1942,0.0000,0.0000,0.0000,0.0000,0.0000,0.0000,0.0000,5.00,3.00,2.00,0.0000,0.0000,0.0000,0,0.000000
109,0.0200,0.0000,45.0000,-30.0000,0.0000,0.0000,0.0000,0.0000,0.0000,0.0000,-31.8590,-652.2390,92.4971,0.0000,0.0000,0.0000,2.6023,-1.7843,83.7903,0.0000,-0.1942,0.0000,0.0000,0.0000,0.0000,0.0000,0.0000,0.0000,5.00,3.00,2.00,0.0000,0.0000,0.0000,0,0.000000
109,0.0200,0.0000,45.0000,-30.0000,0.0000,0.0000,0.0000,0.0000,0.0000,0.0000,-31.9140,-654.5012,92.5067,-2.7512,-113.1104,0.4807,0.8191,-1.7843,86.0194,0.0000,-0.1942,0.0000,0.0000,0.0000,0.0000,0.0000,0.0000,0.0000,5.00,3.00,2.00,0.0000,0.0000,0.0000,0,0.000000
110,0.0200,0.0000,45.0000,-30.0000,0.0000,0.0000,0.0000,0.0000,0.0000,0.0000,-31.9691,-656.7671,92.5162,0.0000,0.0000,0.0000,-2.5520,-1.7843,85.4064,0.0000,-0.1942,0.0000,0.0000,0.0000,0.0000,0.0000,0.0000,0.0000,5.00,3.00,2.00,0.0000,0.0000,0.0000,0,0.000000
110,0.0200,0.0000,45.0000,-30.0000,0.0000,0.0000,0.0000,0.0000,0.0000,0.0000,-32.0241,-659.0371,92.5258,0.0000,0.0000,0.0000,-1.4637,-1.7843,85.9048,0.0000,-0.1942,0.0000,0.0000,0.0000,0.0000,0.0000,0.0000,0.0000,5.00,3.00,2.00,0.0000,0.0000,0.0000,0,0.000000
110,0.0200,0.0000,45.0000,-30.0000,0.0000,0.0000,0.0000,0.0000,0.0000,0.0000,-32.0791,-661.3110,92.5354,0.0000,0.0000,0.0000,1.5229,-1.7843,81.6845,0.0000,-0.1942,0.0000,0.0000,0.0000,0.0000,0.0000,0.0000,0.0000,5.00,3.00,2.00,0.0000,0.0000,0.0000,0,0.000000
110,0.0200,0.0000,45.0000,-30.0000,0.0000,0.0000,0.0000,0.0000,0.0000,0.0000,-32.1341,-663.5889,92.5450,0.0000,0.0000,0.0000,0.5367,-1.7843,87.4245,0.0000,-0.1942,0.0000,0.0000,0.0000,0.0000,0.0000,0.0000,0.0000,5.00,3.00,2.00,0.0000,0.0000,0.0000,0,0.000000
110,0.0200,0.0000,45.0000,-30.0000,0.0000,0.0000,0.0000,0.0000,0.0000,0.0000,-32.1892,-665.8706,92.5546,-2.7512,-114.0869,0.4776,0.5962,-1.7843,86.0037,0.0000,-0.1942,0.0000,0.0000,0.0000,0.0000,0.0000,0.0000,0.0000,5.00,3.00,2.00,0.0000,0.0000,0.0000,0,0.000000
111,0.0200,0.0000,45.0000,-30.0000,0.0000,0.0000,0.0000,0.0000,0.0000,0.0000,-32.2442,-668.1563,92.5641,0.0000,0.0000,0.0000,0.8901,-1.7843,81.6469,0.0000,-0.1942,0.0000,0.0000,0.0000,0.0000,0.0000,0.0000,0.0000,5.00,3.00,2.00,0.0000,0.0000,0.0000,0,0.000000
111,0.0200,0.0000,45.0000,-30.0000,0.0000,0.0000,0.0000,0.0000,0.0000,0.0000,-32.2992,-670.4459,92.5738,0.0000,0.0000,0.0000,-1.5935,-1.7843,83.2702,0.0000,-0.1942,0.0000,0.0000,0.0000,0.0000,0.0000,0.0000,0.0000,5.00,3.00,2.00,0.0000,0.0000,0.0000,0,0.000000
111,0.0200,0.0000,45.0000,-30.0000,0.0000,0.0000,0.0000,0.0000,0.0000,0.0000,-32.3542,-672.7394,92.5833,0.0000,0.0000,0.0000,-2.1652,-1.7843,83.4357,0.0000,-0.1942,0.0000,0.0000,0.0000,0.0000,0.0000,0.0000,0.0000,5.00,3.00,2.00,0.0000,0.0000,0.0000,0,0.000000
111,0.0200,0.0000,45.0000,-30.0000,0.0000,0.0000,0.0000,0.0000,0.0000,0.0000,-32.4092,-675.0369,92.5929,0.0000,0.0000,0.0000,-2.8978,-1.7843,85.4573,0.0000,-0.1942,0.0000,0.0000,0.0000,0.0000,0.0000,0.0000,0.0000,5.00,3.00,2.00,0.0000,0.0000,0.0000,0,0.000000
111,0.0200,0.0000,45.0000,-30.0000,0.0000,0.0000,0.0000,0.0000,0.0000,0.0000,-32.4643,-677.3382,92.6026,-2.7512,-115.0665,0.4822,-1.7279,-1.7843,84.8042,0.0000,-0.1942,0.0000,0.0000,0.0000,0.0000,0.0000,0.0000,0.0000,5.00,3.00,2.00,0.0000,0.0000,0.0000,0,0.000000
112,0.0200,0.0000,45.0000,-30.0000,0.0000,0.0000,0.0000,0.0000,0.0000,0.0000,-32.5193,-679.6435,92.6121,0.0000,0.0000,0.0000,0.1021,-1.7843,86.8121,0.0000,-0.1942,0.0000,0.0000,0.0000,0.0000,0.0000,0.0000,0.0000,5.00,3.00,2.00,0.0000,0.0000,0.0000,0,0.000000
112,0.0200,0.0000,45.0000,-30.0000,0.0000,0.0000,0.0000,0.0000,0.0000,0.0000,-32.5743,-681.9527,92.6217,0.0000,0.0000,0.0000,-0.4637,-1.7843,81.4031,0.0000,-0.1942,0.0000,0.0000,0.0000,0.0000,0.0000,0.0000,0.0000,5.00,3.00,2.00,0.0000,0.0000,0.0000,0,0.000000
112,0.0200,0.0000,45.0000,-30.0000,0.0000,0.0000,0.0000,0.0000,0.0000,0.0000,-32.6293,-684.2659,92.6313,0.0000,0.0000,0.0000,-0.6755,-1.7843,81.1184,0.0000,-0.1942,0.0000,0.0000,0.0000,0.0000,0.0000,0.0000,0.0000,5.00,3.00,2.00,0.0000,0.0000,0.0000,0,0.000000
112,0.0200,0.0000,45.0000,-30.0000,0.0000,0.0000,0.0000,0.0000,0.0000,0.0000,-32.6844,-686.5829,92.6409,0.0000,0.0000,0.0000,-1.8180,-1.7843,83.2363,0.0000,-0.1942,0.0000,0.0000,0.0000,0.0000,0.0000,0.0000,0.0000,5.00,3.00,2.00,0.0000,0.0000,0.0000,0,0.000000
112,0.0200,0.0000,45.0000,-30.0000,0.0000,0.0000,0.0000,0.0000,0.0000,0.0000,-32.7394,-688.9040,92.6505,-2.7512,-116.0553,0.4807,1.7543,-1.7843,82.6578,0.0000,-0.1942,0.0000,0.0000,0.0000,0.0000,0.0000,0.0000,0.0000,5.00,3.00,2.00,0.0000,0.0000,0.0000,0,0.000000
113,0.0200,0.0000,45.0000,-30.0000,0.0000,0.0000,0.0000,0.0000,0.0000,0.0000,-32.7944,-691.2288,92.6601,0.0000,0.0000,0.0000,0.4318,-1.7843,86.8590,0.0000,-0.1942,0.0000,0.0000,0.0000,0.0000,0.0000,0.0000,0.0000,5.00,3.00,2.00,0.0000,0.0000,0.0000,0,0.000000
113,0.0200,0.0000,45.0000,-30.0000,0.0000,0.0000,0.0000,0.0000,0.0000,0.0000,-32.8494,-693.5577,92.6697,0.0000,0.0000,0.0000,-1.3653,-1.7843,85.4388,0.0000,-0.1942,0.0000,0.0000,0.0000,0.0000,0.0000,0.0000,0.0000,5.00,3.00,2.00,0.0000,0.0000,0.0000,0,0.000000
113,0.0200,0.0000,45.0000,-30.0000,0.0000,0.0000,0.0000,0.0000,0.0000,0.0000,-32.9045,-695.8905,92.6792,0.0000,0.0000,0.0000,1.1783,-1.7843,85.3613,0.0000,-0.1942,0.0000,0.0000,0.0000,0.0000,0.0000,0.0000,0.0000,5.00,3.00,2.00,0.0000,0.0000,0.0000,0,0.000000
113,0.0200,0.0000,45.0000,-30.0000,0.0000,0.0000,0.0000,0.0000,0.0000,0.0000,-32.9595,-698.2272,92.6888,0.0000,0.0000,0.0000,-2.9617,-1.7843,82.9597,0.0000,-0.1942,0.0000,0.0000,0.0000,0.0000,0.0000,0.0000,0.0000,5.00,3.00,2.00,0.0000,0.0000,0.0000,0,0.000000
113,0.0200,0.0000,45.0000,-30.0000,0.0000,0.0000,0.0000,0.0000,0.0000,0.0000,-33.0145,-700.5677,92.6985,-2.7512,-117.0288,0.4837,-1.4204,-1.7843,86.0638,0.0000,-0.1942,0.0000,0.0000,0.0000,0.0000,0.0000,0.0000,0.0000,5.00,3.00,2.00,0.0000,0.0000,0.0000,0,0.000000
114,0.0200,0.0000,45.0000,-30.0000,0.0000,0.0000,0.0000,0.0000,0.0000,0.0000,-33.0695,-702.9124,92.7080,0.0000,0.0000,0.0000,0.4423,-1.7843,81.7415,0.0000,-0.1942,0.0000,0.0000,0.0000,0.0000,0.0000,0.0000,0.0000,5.00,3.00,2.00,0.0000,0.0000,0.0000,0,0.000000
114,0.0200,0.0000,45.0000,-30.0000,0.0000,0.0000,0.0000,0.0000,0.0000,0.0000,-33.1245,-705.2607,92.7176,0.0000,0.0000,0.0000,-2.9662,-1.7843,85.3776,0.0000,-0.1942,0.0000,0.0000,0.0000,0.0000,0.0000,0.0000,0.0000,5.00,3.00,2.00,0.0000,0.0000,0.0000,0,0.000000
114,0.0200,0.0000,45.0000,-30.0000,0.0000,0.0000,0.0000,0.0000,0.0000,0.0000,-33.1796,-707.6131,92.7272,0.0000,0.0000,0.0000,-2.2313,-1.7843,86.1311,0.0000,-0.1942,0.0000,0.0000,0.0000,0.0000,0.0000,0.0000,0.0000,5.00,3.00,2.00,0.0000,0.0000,0.0000,0,0.000000
114,0.0200,0.0000,45.0000,-30.0000,0.0000,0.0000,0.0000,0.0000,0.0000,0.0000,-33.2346,-709.9694,92.7368,0.0000,0.0000,0.0000,0.8827,-1.7843,82.0637,0.0000,-0.1942,0.0000,0.0000,0.0000,0.0000,0.0000,0.0000,0.0000,5.00,3.00,2.00,0.0000,0.0000,0.0000,0,0.000000
114,0.0200,0.0000,45.0000,-30.0000,0.0000,0.0000,0.0000,0.0000,0.0000,0.0000,-33.2896,-712.3297,92.7464,-2.7512,-118.0145,0.4791,-1.0351,-1.7843,86.8754,0.0000,-0.1942,0.0000,0.0000,0.0000,0.0000,0.0000,0.0000,0.0000,5.00,3.00,2.00,0.0000,0.0000,0.0000,0,0.000000
115,0.0200,0.0000,45.0000,-30.0000,0.0000,0.0000,0.0000,0.0000,0.0000,0.0000,-33.3446,-714.6938,92.7560,0.0000,0.0000,0.0000,-0.0645,-1.7843,81.6881,0.0000,-0.1942,0.0000,0.0000,0.0000,0.0000,0.0000,0.0000,0.0000,5.00,3.00,2.00,0.0000,0.0000,0.0000,0,0.000000
115,0.0200,0.0000,45.0000,-30.0000,0.0000,0.0000,0.0000,0.0000,0.0000,0.0000,-33.3997,-717.0620,92.7656,0.0000,0.0000,0.0000,-0.5999,-1.7843,85.8006,0.0000,-0.1942,0.0000,0.0000,0.0000,0.0000,0.0000,0.0000,0.0000,5.00,3.00,2.00,0.0000,0.0000,0.0000,0,0.000000
115,0.0200,0.0000,45.0000,-30.0000,0.0000,0.0000,0.0000,0.0000,0.0000,0.0000,-33.4547,-719.4339,92.7752,0.0000,0.0000,0.0000,-2.8037,-1.7843,85.1166,0.0000,-0.1942,0.0000,0.0000,0.0000,0.0000,0.0000,0.0000,0.0000,5.00,3.00,2.00,0.0000,0.0000,0.0000,0,0.000000
115,0.0200,0.0000,45.0000,-30.0000,0.0000,0.0000,0.0000,0.0000,0.0000,0.0000,-33.5097,-721.8099,92.7848,0.0000,0.0000,0.0000,-2.8647,-1.7843,85.3162,0.0000,-0.1942,0.0000,0.0000,0.0000,0.0000,0.0000,0.0000,0.0000,5.00,3.00,2.00,0.0000,0.0000,0.0000,0,0.000000
115,0.0200,0.0000,45.0000,-30.0000,0.0000,0.0000,0.0000,0.0000,0.0000,0.0000,-33.5647,-724.1896,92.7943,-2.7512,-118.9850,0.4776,2.4301,-1.7843,86.3445,0.0000,-0.1942,0.0000,0.0000,0.0000,0.0000,0.0000,0.0000,0.0000,5.00,3.00,2.00,0.0000,0.0000,0.0000,0,0.000000
116,0.0200,0.0000,45.0000,-30.0000,0.0000,0.0000,0.0000,0.0000,0.0000,0.0000,-33.6198,-726.5735,92.8040,0.0000,0.0000,0.0000,-0.9599,-1.7843,86.1782,0.0000,-0.1942,0.0000,0.0000,0.0000,0.0000,0.0000,0.0000,0.0000,5.00,3.00,2.00,0.0000,0.0000,0.0000,0,0.000000
116,0.0200,0.0000,45.0000,-30.0000,0.0000,0.0000,0.0000,0.0000,0.0000,0.0000,-33.6748,-728.9611,92.8135,0.0000,0.0000,0.0000,-2.2270,-1.7843,84.9962,0.0000,-0.1942,0.0000,0.0000,0.0000,0.0000,0.0000,0.0000,0.0000,5.00,3.00,2.00,0.0000,0.0000,0.0000,0,0.000000
116,0.0200,0.0000,45.0000,-30.0000,0.0000,0.0000,0.0000,0.0000,0.0000,0.0000,-33.7298,-731.3526,92.8231,0.0000,0.0000,0.0000,-1.8463,-1.7843,86.1221,0.0000,-0.1942,0.0000,0.0000,0.0000,0.0000,0.0000,0.0000,0.0000,5.00,3.00,2.00,0.0000,0.0000,0.0000,0,0.000000
116,0.0200,0.0000,45.0000,-30.0000,0.0000,0.0000,0.0000,0.0000,0.0000,0.0000,-33.7848,-733.7482,92.8328,0.0000,0.0000,0.0000,-1.0430,-1.7843,82.4959,0.0000,-0.1942,0.0000,0.0000,0.0000,0.0000,0.0000,0.0000,0.0000,5.00,3.00,2.00,0.0000,0.0000,0.0000,0,0.000000
116,0.0200,0.0000,45.0000,-30.0000,0.0000,0.0000,0.0000,0.0000,0.0000,0.0000,-33.8398,-736.1478,92.8423,-2.7512,-119.9799,0.4730,-0.7914,-1.7843,87.3773,0.0000,-0.1942,0.0000,0.0000,0.0000,0.0000,0.0000,0.0000,0.0000,5.00,3.00,2.00,0.0000,0.0000,0.0000,0,0.000000
117,0.0200,0.0000,45.0000,-30.0000,0.0000,0.0000,0.0000,0.0000,0.0000,0.0000,-33.8949,-738.5511,92.8519,0.0000,0.0000,0.0000,2.0005,-1.7843,82.9218,0.0000,-0.1942,0.0000,0.0000,0.0000,0.0000,0.0000,0.0000,0.0000,5.00,3.00,2.00,0.0000,0.0000,0.0000,0,0.000000
117,0.0200,0.0000,45.0000,-30.0000,0.0000,0.0000,0.0000,0.0000,0.0000,0.0000,-33.9499,-740.9584,92.8615,0.0000,0.0000,0.0000,-2.1157,-1.7843,84.5935,0.0000,-0.1942,0.0000,0.0000,0.0000,0.0000,0.0000,0.0000,0.0000,5.00,3.00,2.00,0.0000,0.0000,0.0000,0,0.000000
117,0.0200,0.0000,45.0000,-30.0000,0.0000,0.0000,0.0000,0.0000,0.0000,0.0000,-34.0049,-743.3697,92.8711,0.0000,0.0000,0.0000,1.8706,-1.7843,81.4784,0.0000,-0.1942,0.0000,0.0000,0.0000,0.0000,0.0000,0.0000,0.0000,5.00,3.00,2.00,0.0000,0.0000,0.0000,0,0.000000
117,0.0200,0.0000,45.0000,-30.0000,0.0000,0.0000,0.0000,0.0000,0.0000,0.0000,-34.0599,-745.7849,92.8806,0.0000,0.0000,0.0000,2.6268,-1.7843,83.2210,0.0000,-0.1942,0.0000,0.0000,0.0000,0.0000,0.0000,0.0000,0.0000,5.00,3.00,2.00,0.0000,0.0000,0.0000,0,0.000000
117,0.0200,0.0000,45.0000,-30.0000,0.0000,0.0000,0.0000,0.0000,0.0000,0.0000,-34.1150,-748.2040,92.8902,-2.7512,-120.9534,0.4791,-0.2268,-1.7843,82.5490,0.0000,-0.1942,0.0000,0.0000,0.0000,0.0000,0.0000,0.0000,0.0000,5.00,3.00,2.00,0.0000,0.0000,0.0000,0,0.000000
118,0.0200,0.0000,45.0000,-30.0000,0.0000,0.0000,0.0000,0.0000,0.0000,0.0000,-34.1700,-750.6269,92.8997,0.0000,0.0000,0.0000,-0.5015,-1.7843,86.3134,0.0000,-0.1942,0.0000,0.0000,0.0000,0.0000,0.0000,0.0000,0.0000,5.00,3.00,2.00,0.0000,0.0000,0.0000,0,0.000000
118,0.0200,0.0000,45.0000,-30.0000,0.0000,0.0000,0.0000,0.0000,0.0000,0.0000,-34.2250,-753.0539,92.9094,0.0000,0.0000,0.0000,-0.8376,-1.7843,86.1016,0.0000,-0.1942,0.0000,0.0000,0.0000,0.0000,0.0000,0.0000,0.0000,5.00,3.00,2.00,0.0000,0.0000,0.0000,0,0.000000
118,0.0200,0.0000,45.0000,-30.0000,0.0000,0.0000,0.0000,0.0000,0.0000,0.0000,-34.2800,-755.4847,92.9190,0.0000,0.0000,0.0000,-2.0792,-1.7843,86.9562,0.0000,-0.1942,0.0000,0.0000,0.0000,0.0000,0.0000,0.0000,0.0000,5.00,3.00,2.00,0.0000,0.0000,0.0000,0,0.000000
118,0.0200,0.0000,45.0000,-30.0000,0.0000,0.0000,0.0000,0.0000,0.0000,0.0000,-34.3351,-757.9196,92.9286,0.0000,0.0000,0.0000,-2.9676,-1.7843,84.8774,0.0000,-0.1942,0.0000,0.0000,0.0000,0.0000,0.0000,0.0000,0.0000,5.00,3.00,2.00,0.0000,0.0000,0.0000,0,0.000000
118,0.0200,0.0000,45.0000,-30.0000,0.0000,0.0000,0.0000,0.0000,0.0000,0.0000,-34.3901,-760.3583,92.9382,-2.7512,-121.9360,0.4791,-2.5390,-1.7843,83.8230,0.0000,-0.1942,0.0000,0.0000,0.0000,0.0000,0.0000,0.0000,0.0000,5.00,3.00,2.00,0.0000,0.0000,0.0000,0,0.000000
119,0.0200,0.0000,45.0000,-30.0000,0.0000,0.0000,0.0000,0.0000,0.0000,0.0000,-34.4451,-762.8009,92.9478,0.0000,0.0000,0.0000,0.1458,-1.7843,81.7282,0.0000,-0.1942,0.0000,0.0000,0.0000,0.0000,0.0000,0.0000,0.0000,5.00,3.00,2.00,0.0000,0.0000,0.0000,0,0.000000
119,0.0200,0.0000,45.0000,-30.0000,0.0000,0.0000,0.0000,0.0000,0.0000,0.0000,-34.5001,-765.2474,92.9573,0.0000,0.0000,0.0000,-0.0985,-1.7843,82.5590,0.0000,-0.1942,0.0000,0.0000,0.0000,0.0000,0.0000,0.0000,0.0000,5.00,3.00,2.00,0.0000,0.0000,0.0000,0,0.000000
119,0.0200,0.0000,45.0000,-30.0000,0.0000,0.0000,0.0000,0.0000,0.0000,0.0000,-34.5552,-767.6979,92.9669,0.0000,0.0000,0.0000,2.7155,-1.7843,84.2959,0.0000,-0.1942,0.0000,0.0000,0.0000,0.0000,0.0000,0.0000,0.0000,5.00,3.00,2.00,0.0000,0.0000,0.0000,0,0.000000
119,0.0200,0.0000,45.0000,-30.0000,0.0000,0.0000,0.0000,0.0000,0.0000,0.0000,-34.6102,-770.1523,92.9766,0.0000,0.0000,0.0000,-2.2920,-1.7843,86.7548,0.0000,-0.1942,0.0000,0.0000,0.0000,0.0000,0.0000,0.0000,0.0000,5.00,3.00,2.00,0.0000,0.0000,0.0000,0,0.000000
119,0.0200,0.0000,45.0000,-30.0000,0.0000,0.0000,0.0000,0.0000,0.0000,0.0000,-34.6652,-772.6106,92.9862,-2.7512,-122.9126,0.4822,-1.6077,-1.7843,82.5650,0.0000,-0.1942,0.0000,0.0000,0.0000,0.0000,0.0000,0.0000,0.0000,5.00,3.00,2.00,0.0000,0.0000,0.0000,0,0.000000
120,0.0200,0.0000,45.0000,-30.0000,0.0000,0.0000,0.0000,0.0000,0.0000,0.0000,-34.7202,-775.0730,92.9958,0.0000,0.0000,0.0000,-1.8065,-1.7843,85.2310,0.0000,-0.1942,0.0000,0.0000,0.0000,0.0000,0.0000,0.0000,0.0000,5.00,3.00,2.00,0.0000,0.0000,0.0000,0,0.000000
120,0.0200,0.0000,45.0000,-30.0000,0.0000,0.0000,0.0000,0.0000,0.0000,0.0000,-34.7752,-777.5392,93.0053,0.0000,0.0000,0.0000,-0.2397,-1.7843,82.1359,0.0000,-0.1942,0.0000,0.0000,0.0000,0.0000,0.0000,0.0000,0.0000,5.00,3.00,2.00,0.0000,0.0000,0.0000,0,0.000000
120,0.0200,0.0000,45.0000,-30.0000,0.0000,0.0000,0.0000,0.0000,0.0000,0.0000,-34.8303,-780.0092,93.0149,0.0000,0.0000,0.0000,-1.7301,-1.7843,82.5376,0.0000,-0.1942,0.0000,0.0000,0.0000,0.0000,0.0000,0.0000,0.0000,5.00,3.00,2.00,0.0000,0.0000,0.0000,0,0.000000
120,0.0200,0.0000,45.0000,-30.0000,0.0000,0.0000,0.0000,0.0000,0.0000,0.0000,-34.8853,-782.4832,93.0245,0.0000,0.0000,0.0000,1.1831,-1.7843,86.7451,0.0000,-0.1942,0.0000,0.0000,0.0000,0.0000,0.0000,0.0000,0.0000,5.00,3.00,2.00,0.0000,0.0000,0.0000,0,0.000000
120,0.0200,0.0000,45.0000,-30.0000,0.0000,0.0000,0.0000,0.0000,0.0000,0.0000,-34.9403,-784.9612,93.0340,-2.7512,-123.9014,0.4761,1.4807,-1.7843,87.0690,0.0000,-0.1942,0.0000,0.0000,0.0000,0.0000,0.0000,0.0000,0.0000,5.00,3.00,2.00,0.0000,0.0000,0.0000,0,0.000000
121,0.0200,0.0000,45.0000,-30.0000,0.0000,0.0000,0.0000,0.0000,0.0000,0.0000,-34.9953,-787.4430,93.0438,0.0000,0.0000,0.0000,0.0338,-1.7843,86.8755,0.0000,-0.1942,0.0000,0.0000,0.0000,0.0000,0.0000,0.0000,0.0000,5.00,3.00,2.00,0.0000,0.0000,0.0000,0,0.000000
121,0.0200,0.0000,45.0000,-30.0000,0.0000,0.0000,0.0000,0.0000,0.0000,0.0000,-35.0504,-789.9288,93.0533,0.0000,0.0000,0.0000,-0.7286,-1.7843,81.9227,0.0000,-0.1942,0.0000,0.0000,0.0000,0.0000,0.0000,0.0000,0.0000,5.00,3.00,2.00,0.0000,0.0000,0.0000,0,0.000000
121,0.0200,0.0000,45.0000,-30.0000,0.0000,0.0000,0.0000,0.0000,0.0000,0.0000,-35.1054,-792.4186,93.0629,0.0000,0.0000,0.0000,-2.0057,-1.7843,85.8656,0.0000,-0.1942,0.0000,0.0000,0.0000,0.0000,0.0000,0.0000,0.0000,5.00,3.00,2.00,0.0000,0.0000,0.0000,0,0.000000
121,0.0200,0.0000,45.0000,-30.0000,0.0000,0.0000,0.0000,0.0000,0.0000,0.0000,-35.1604,-794.9122,93.0725,0.0000,0.0000,0.0000,-1.1977,-1.7843,86.1015,0.0000,-0.1942,0.0000,0.0000,0.0000,0.0000,0.0000,0.0000,0.0000,5.00,3.00,2.00,0.0000,0.0000,0.0000,0,0.000000
121,0.0200,0.0000,45.0000,-30.0000,0.0000,0.0000,0.0000,0.0000,0.0000,0.0000,-35.2154,-797.4099,93.0821,-2.7512,-124.8810,0.4822,-2.9364,-1.7843,85.6406,0.0000,-0.1942,0.0000,0.0000,0.0000,0.0000,0.0000,0.0000,0.0000,5.00,3.00,2.00,0.0000,0.0000,0.0000,0,0.000000
122,0.0200,0.0000,45.0000,-30.0000,0.0000,0.0000,0.0000,0.0000,0.0000,0.0000,-35.2705,-799.9113,93.0916,0.0000,0.0000,0.0000,2.6631,-1.7843,85.8461,0.0000,-0.1942,0.0000,0.0000,0.0000,0.0000,0.0000,0.0000,0.0000,5.00,3.00,2.00,0.0000,0.0000,0.0000,0,0.000000
122,0.0200,0.0000,45.0000,-30.0000,0.0000,0.0000,0.0000,0.0000,0.0000,0.0000,-35.3255,-802.4167,93.1013,0.0000,0.0000,0.0000,-1.8787,-1.7843,85.2081,0.0000,-0.1942,0.0000,0.0000,0.0000,0.0000,0.0000,0.0000,0.0000,5.00,3.00,2.00,0.0000,0.0000,0.0000,0,0.000000
122,0.0200,0.0000,45.0000,-30.0000,0.0000,0.0000,0.0000,0.0000,0.0000,0.0000,-35.3805,-804.9261,93.1108,0.0000,0.0000,0.0000,2.2449,-1.7843,85.6365,0.0000,-0.1942,0.0000,0.0000,0.0000,0.0000,0.0000,0.0000,0.0000,5.00,3.00,2.00,0.0000,0.0000,0.0000,0,0.000000
122,0.0200,0.0000,45.0000,-30.0000,0.0000,0.0000,0.0000,0.0000,0.0000,0.0000,-35.4355,-807.4393,93.1204,0.0000,0.0000,0.0000,2.9292,-1.7843,85.2688,0.0000,-0.1942,0.0000,0.0000,0.0000,0.0000,0.0000,0.0000,0.0000,5.00,3.00,2.00,0.0000,0.0000,0.0000,0,0.000000
122,0.0200,0.0000,45.0000,-30.0000,0.0000,0.0000,0.0000,0.0000,0.0000,0.0000,-35.4905,-809.9565,93.1301,-2.7512,-125.8606,0.4852,-1.3937,-1.7843,85.7575,0.0000,-0.1942,0.0000,0.0000,0.0000,0.0000,0.0000,0.0000,0.0000,5.00,3.00,2.00,0.0000,0.0000,0.0000,0,0.000000
123,0.0200,0.0000,45.0000,-30.0000,0.0000,0.0000,0.0000,0.0000,0.0000,0.0000,-35.5456,-812.4777,93.1396,0.0000,0.0000,0.0000,0.6734,-1.7843,85.6578,0.0000,-0.1942,0.0000,0.0000,0.0000,0.0000,0.0000,0.0000,0.0000,5.00,3.00,2.00,0.0000,0.0000,0.0000,0,0.000000
123,0.0200,0.0000,45.0000,-30.0000,0.0000,0.0000,0.0000,0.0000,0.0000,0.0000,-35.6006,-815.0027,93.1492,0.0000,0.0000,0.0000,0.3205,-1.7843,81.9101,0.0000,-0.1942,0.0000,0.0000,0.0000,0.0000,0.0000,0.0000,0.0000,5.00,3.00,2.00,0.0000,0.0000,0.0000,0,0.000000
123,0.0200,0.0000,45.0000,-30.0000,0.0000,0.0000,0.0000,0.0000,0.0000,0.0000,-35.6556,-817.5316,93.1588,0.0000,0.0000,0.0000,2.4291,-1.7843,83.5510,0.0000,-0.1942,0.0000,0.0000,0.0000,0.0000,0.0000,0.0000,0.0000,5.00,3.00,2.00,0.0000,0.0000,0.0000,0,0.000000
123,0.0200,0.0000,45.0000,-30.0000,0.0000,0.0000,0.0000,0.0000,0.0000,0.0000,-35.7106,-820.0645,93.1684,0.0000,0.0000,0.0000,2.0223,-1.7843,82.8365,0.0000,-0.1942,0.0000,0.0000,0.0000,0.0000,0.0000,0.0000,0.0000,5.00,3.00,2.00,0.0000,0.0000,0.0000,0,0.000000
123,0.0200,0.0000,45.0000,-30.0000,0.0000,0.0000,0.0000,0.0000,0.0000,0.0000,-35.7657,-822.6013,93.1779,-2.7512,-126.8402,0.4761,-1.4372,-1.7843,83.1799,0.0000,-0.1942,0.0000,0.0000,0.0000,0.0000,0.0000,0.0000,0.0000,5.00,3.00,2.00,0.0000,0.0000,0.0000,0,0.000000
124,0.0200,0.0000,45.0000,-30.0000,0.0000,0.0000,0.0000,0.0000,0.0000,0.0000,-35.8207,-825.1420,93.1875,0.0000,0.0000,0.0000,-0.0132,-1.7843,85.8143,0.0000,-0.1942,0.0000,0.0000,0.0000,0.0000,0.0000,0.0000,0.0000,5.00,3.00,2.00,0.0000,0.0000,0.0000,0,0.000000
124,0.0200,0.0000,45.0000,-30.0000,0.0000,0.0000,0.0000,0.0000,0.0000,0.0000,-35.8757,-827.6866,93.1971,0.0000,0.0000,0.0000,2.4346,-1.7843,83.3912,0.0000,-0.1942,0.0000,0.0000,0.0000,0.0000,0.0000,0.0000,0.0000,5.00,3.00,2.00,0.0000,0.0000,0.0000,0,0.000000
124,0.0200,0.0000,45.0000,-30.0000,0.0000,0.0000,0.0000,0.0000,0.0000,0.0000,-35.9307,-830.2352,93.2067,0.0000,0.0000,0.0000,0.0797,-1.7843,81.8739,0.0000,-0.1942,0.0000,0.0000,0.0000,0.0000,0.0000,0.0000,0.0000,5.00,3.00,2.00,0.0000,0.0000,0.0000,0,0.000000
124,0.0200,0.0000,45.0000,-30.0000,0.0000,0.0000,0.0000,0.0000,0.0000,0.0000,-35.9858,-832.7878,93.2163,0.0000,0.0000,0.0000,0.2993,-1.7843,82.2920,0.0000,-0.1942,0.0000,0.0000,0.0000,0.0000,0.0000,0.0000,0.0000,5.00,3.00,2.00,0.0000,0.0000,0.0000,0,0.000000
124,0.0200,0.0000,45.0000,-30.0000,0.0000,0.0000,0.0000,0.0000,0.0000,0.0000,-36.0408,-835.3442,93.2259,-2.7512,-127.8198,0.4822,2.1735,-1.7843,85.1364,0.0000,-0.1942,0.0000,0.0000,0.0000,0.0000,0.0000,0.0000,0.0000,5.00,3.00,2.00,0.0000,0.0000,0.0000,0,0.000000
125,0.0200,0.0000,45.0000,-30.0000,0.0000,0.0000,0.0000,0.0000,0.0000,0.0000,-36.0958,-837.9045,93.2356,0.0000,0.0000,0.0000,0.2299,-1.7843,82.5609,0.0000,-0.1942,0.0000,0.0000,0.0000,0.0000,0.0000,0.0000,0.0000,5.00,3.00,2.00,0.0000,0.0000,0.0000,0,0.000000
125,0.0200,0.0000,45.0000,-30.0000,0.0000,0.0000,0.0000,0.0000,0.0000,0.0000,-36.1508,-840.4688,93.2450,0.0000,0.0000,0.0000,-0.8545,-1.7843,82.1183,0.0000,-0.1942,0.0000,0.0000,0.0000,0.0000,0.0000,0.0000,0.0000,5.00,3.00,2.00,0.0000,0.0000,0.0000,0,0.000000
125,0.0200,0.0000,45.0000,-30.0000,0.0000,0.0000,0.0000,0.0000,0.0000,0.0000,-36.2058,-843.0369,93.2547,0.0000,0.0000,0.0000,-0.7333,-1.7843,81.7789,0.0000,-0.1942,0.0000,0.0000,0.0000,0.0000,0.0000,0.0000,0.0000,5.00,3.00,2.00,0.0000,0.0000,0.0000,0,0.000000
125,0.0200,0.0000,45.0000,-30.0000,0.0000,0.0000,0.0000,0.0000,0.0000,0.0000,-36.2609,-845.6090,93.2643,0.0000,0.0000,0.0000,1.8648,-1.7843,81.4676,0.0000,-0.1942,0.0000,0.0000,0.0000,0.0000,0.0000,0.0000,0.0000,5.00,3.00,2.00,0.0000,0.0000,0.0000,0,0.000000
125,0.0200,0.0000,45.0000,-30.0000,0.0000,0.0000,0.0000,0.0000,0.0000,0.0000,-36.3159,-848.1851,93.2738,-2.7512,-128.8025,0.4761,-2.0264,-1.7843,86.3791,0.0000,-0.1942,0.0000,0.0000,0.0000,0.0000,0.0000,0.0000,0.0000,5.00,3.00,2.00,0.0000,0.0000,0.0000,0,0.000000
126,0.0200,0.0000,45.0000,-30.0000,0.0000,0.0000,0.0000,0.0000,0.0000,0.0000,-36.3709,-850.7651,93.2835,0.0000,0.0000,0.0000,2.1156,-1.7843,83.1816,0.0000,-0.1942,0.0000,0.0000,0.0000,0.0000,0.0000,0.0000,0.0000,5.00,3.00,2.00,0.0000,0.0000,0.0000,0,0.000000
126,0.0200,0.0000,45.0000,-30.0000,0.0000,0.0000,0.0000,0.0000,0.0000,0.0000,-36.4259,-853.3490,93.2931,0.0000,0.0000,0.0000,-2.0011,-1.7843,83.8042,0.0000,-0.1942,0.0000,0.0000,0.0000,0.0000,0.0000,0.0000,0.0000,5.00,3.00,2.00,0.0000,0.0000,0.0000,0,0.000000
126,0.0200,0.0000,45.0000,-30.0000,0.0000,0.0000,0.0000,0.0000,0.0000,0.0000,-36.4810,-855.9369,93.3026,0.0000,0.0000,0.0000,-1.6723,-1.7843,83.9813,0.0000,-0.1942,0.0000,0.0000,0.0000,0.0000,0.0000,0.0000,0.0000,5.00,3.00,2.00,0.0000,0.0000,0.0000,0,0.000000
126,0.0200,0.0000,45.0000,-30.0000,0.0000,0.0000,0.0000,0.0000,0.0000,0.0000,-36.5360,-858.5286,93.3122,0.0000,0.0000,0.0000,-3.0166,-1.7843,84.7968,0.0000,-0.1942,0.0000,0.0000,0.0000,0.0000,0.0000,0.0000,0.0000,5.00,3.00,2.00,0.0000,0.0000,0.0000,0,0.000000
126,0.0200,0.0000,45.0000,-30.0000,0.0000,0.0000,0.0000,0.0000,0.0000,0.0000,-36.5910,-861.1243,93.3218,-2.7512,-129.7882,0.4791,-1.4954,-1.7843,84.7006,0.0000,-0.1942,0.0000,0.0000,0.0000,0.0000,0.0000,0.0000,0.0000,5.00,3.00,2.00,0.0000,0.0000,0.0000,0,0.000000
127,0.0200,0.0000,45.0000,-30.0000,0.0000,0.0000,0.0000,0.0000,0.0000,0.0000,-36.6460,-863.7238,93.3314,0.0000,0.0000,0.0000,1.1594,-1.7843,84.9229,0.0000,-0.1942,0.0000,0.0000,0.0000,0.0000,0.0000,0.0000,0.0000,5.00,3.00,2.00,0.0000,0.0000,0.0000,0,0.000000
127,0.0200,0.0000,45.0000,-30.0000,0.0000,0.0000,0.0000,0.0000,0.0000,0.0000,-36.7011,-866.3273,93.3409,0.0000,0.0000,0.0000,-0.3210,-1.7843,86.4193,0.0000,-0.1942,0.0000,0.0000,0.0000,0.0000,0.0000,0.0000,0.0000,5.00,3.00,2.00,0.0000,0.0000,0.0000,0,0.000000
127,0.0200,0.0000,45.0000,-30.0000,0.0000,0.0000,0.0000,0.0000,0.0000,0.0000,-36.7561,-868.9348,93.3506,0.0000,0.0000,0.0000,-1.7025,-1.7843,82.1710,0.0000,-0.1942,0.0000,0.0000,0.0000,0.0000,0.0000,0.0000,0.0000,5.00,3.00,2.00,0.0000,0.0000,0.0000,0,0.000000
127,0.0200,0.0000,45.0000,-30.0000,0.0000,0.0000,0.0000,0.0000,0.0000,0.0000,-36.8111,-871.5461,93.3602,0.0000,0.0000,0.0000,-1.2831,-1.7843,82.7211,0.0000,-0.1942,0.0000,0.0000,0.0000,0.0000,0.0000,0.0000,0.0000,5.00,3.00,2.00,0.0000,0.0000,0.0000,0,0.000000
127,0.0200,0.0000,45.0000,-30.0000,0.0000,0.0000,0.0000,0.0000,0.0000,0.0000,-36.8661,-874.1614,93.3698,-2.7512,-130.7648,0.4791,1.0175,-1.7843,80.8797,0.0000,-0.1942,0.0000,0.0000,0.0000,0.0000,0.0000,0.0000,0.0000,5.00,3.00,2.00,0.0000,0.0000,0.0000,0,0.000000
128,0.0200,0.0000,45.0000,-30.0000,0.0000,0.0000,0.0000,0.0000,0.0000,0.0000,-36.9211,-876.7807,93.3794,0.0000,0.0000,0.0000,0.6904,-1.7843,85.4826,0.0000,-0.1942,0.0000,0.0000,0.0000,0.0000,0.0000,0.0000,0.0000,5.00,3.00,2.00,0.0000,0.0000,0.0000,0,0.000000
128,0.0200,0.0000,45.0000,-30.0000,0.0000,0.0000,0.0000,0.0000,0.0000,0.0000,-36.9762,-879.4038,93.3889,0.0000,0.0000,0.0000,-1.3483,-1.7843,86.7498,0.0000,-0.1942,0.0000,0.0000,0.0000,0.0000,0.0000,0.0000,0.0000,5.00,3.00,2.00,0.0000,0.0000,0.0000,0,0.000000
128,0.0200,0.0000,45.0000,-30.0000,0.0000,0.0000,0.0000,0.0000,0.0000,0.0000,-37.0312,-882.0309,93.3985,0.0000,0.0000,0.0000,0.9768,-1.7843,85.1962,0.0000,-0.1942,0.0000,0.0000,0.0000,0.0000,0.0000,0.0000,0.0000,5.00,3.00,2.00,0.0000,0.0000,0.0000,0,0.000000
128,0.0200,0.0000,45.0000,-30.0000,0.0000,0.0000,0.0000,0.0000,0.0000,0.0000,-37.0862,-884.6617,93.4081,0.0000,0.0000,0.0000,-2.4636,-1.7843,86.6531,0.0000,-0.1942,0.0000,0.0000,0.0000,0.0000,0.0000,0.0000,0.0000,5.00,3.00,2.00,0.0000,0.0000,0.0000,0,0.000000
128,0.0200,0.0000,45.0000,-30.0000,0.0000,0.0000,0.0000,0.0000,0.0000,0.0000,-37.1412,-887.2968,93.4176,-2.7512,-131.7505,0.4761,2.3259,-1.7843,84.2911,0.0000,-0.1942,0.0000,0.0000,0.0000,0.0000,0.0000,0.0000,0.0000,5.00,3.00,2.00,0.0000,0.0000,0.0000,0,0.000000
129,0.0200,0.0000,45.0000,-30.0000,0.0000,0.0000,0.0000,0.0000,0.0000,0.0000,-37.1963,-889.9355,93.4274,0.0000,0.0000,0.0000,-2.8611,-1.7843,83.9892,0.0000,-0.1942,0.0000,0.0000,0.0000,0.0000,0.0000,0.0000,0.0000,5.00,3.00,2.00,0.0000,0.0000,0.0000,0,0.000000
129,0.0200,0.0000,45.0000,-30.0000,0.0000,0.0000,0.0000,0.0000,0.0000,0.0000,-37.2513,-892.5783,93.4369,0.0000,0.0000,0.0000,-0.0702,-1.7843,81.2278,0.0000,-0.1942,0.0000,0.0000,0.0000,0.0000,0.0000,0.0000,0.0000,5.00,3.00,2.00,0.0000,0.0000,0.0000,0,0.000000
129,0.0200,0.0000,45.0000,-30.0000,0.0000,0.0000,0.0000,0.0000,0.0000,0.0000,-37.3063,-895.2250,93.4464,0.0000,0.0000,0.0000,0.9588,-1.7843,81.6939,0.0000,-0.1942,0.0000,0.0000,0.0000,0.0000,0.0000,0.0000,0.0000,5.00,3.00,2.00,0.0000,0.0000,0.0000,0,0.000000
129,0.0200,0.0000,45.0000,-30.0000,0.0000,0.0000,0.0000,0.0000,0.0000,0.0000,-37.3613,-897.8756,93.4560,0.0000,0.0000,0.0000,-2.2940,-1.7843,83.8488,0.0000,-0.1942,0.0000,0.0000,0.0000,0.0000,0.0000,0.0000,0.0000,5.00,3.00,2.00,0.0000,0.0000,0.0000,0,0.000000
129,0.0200,0.0000,45.0000,-30.0000,0.0000,0.0000,0.0000,0.0000,0.0000,0.0000,-37.4164,-900.5301,93.4657,-2.7512,-132.7240,0.4822,2.6164,-1.7843,86.1882,0.0000,-0.1942,0.0000,0.0000,0.0000,0.0000,0.0000,0.0000,0.0000,5.00,3.00,2.00,0.0000,0.0000,0.0000,0,0.000000
130,0.0200,0.0000,45.0000,-30.0000,0.0000,0.0000,0.0000,0.0000,0.0000,0.0000,-37.4714,-903.1885,93.4752,0.0000,0.0000,0.0000,2.6482,-1.7843,85.1992,0.0000,-0.1942,0.0000,0.0000,0.0000,0.0000,0.0000,0.0000,0.0000,5.00,3.00,2.00,0.0000,0.0000,0.0000,0,0.000000
130,0.0200,0.0000,45.0000,-30.0000,0.0000,0.0000,0.0000,0.0000,0.0000,0.0000,-37.5264,-905.8510,93.4850,0.0000,0.0000,0.0000,2.1391,-1.7843,83.7878,0.0000,-0.1942,0.0000,0.0000,0.0000,0.0000,0.0000,0.0000,0.0000,5.00,3.00,2.00,0.0000,0.0000,0.0000,0,0.000000
130,0.0200,0.0000,45.0000,-30.0000,0.0000,0.0000,0.0000,0.0000,0.0000,0.0000,-37.5814,-908.5172,93.4945,0.0000,0.0000,0.0000,1.3917,-1.7843,83.5884,0.0000,-0.1942,0.0000,0.0000,0.0000,0.0000,0.0000,0.0000,0.0000,5.00,3.00,2.00,0.0000,0.0000,0.0000,0,0.000000
130,0.0200,0.0000,45.0000,-30.0000,0.0000,0.0000,0.0000,0.0000,0.0000,0.0000,-37.6364,-911.1874,93.5040,0.0000,0.0000,0.0000,2.6202,-1.7843,85.9407,0.0000,-0.1942,0.0000,0.0000,0.0000,0.0000,0.0000,0.0000,0.0000,5.00,3.00,2.00,0.0000,0.0000,0.0000,0,0.000000
130,0.0200,0.0000,45.0000,-30.0000,0.0000,0.0000,0.0000,0.0000,0.0000,0.0000,-37.6915,-913.8617,93.5136,-2.7512,-133.7128,0.4822,2.5149,-1.7843,82.1655,0.0000,-0.1942,0.0000,0.0000,0.0000,0.0000,0.0000,0.0000,0.0000,5.00,3.00,2.00,0.0000,0.0000,0.0000,0,0.000000
131,0.0200,0.0000,45.0000,-30.0000,0.0000,0.0000,0.0000,0.0000,0.0000,0.0000,-37.7465,-916.5397,93.5232,0.0000,0.0000,0.0000,1.9258,-1.7843,82.6034,0.0000,-0.1942,0.0000,0.0000,0.0000,0.0000,0.0000,0.0000,0.0000,5.00,3.00,2.00,0.0000,0.0000,0.0000,0,0.000000
131,0.0200,0.0000,45.0000,-30.0000,0.0000,0.0000,0.0000,0.0000,0.0000,0.0000,-37.8015,-919.2216,93.5328,0.0000,0.0000,0.0000,0.1154,-1.7843,82.1718,0.0000,-0.1942,0.0000,0.0000,0.0000,0.0000,0.0000,0.0000,0.0000,5.00,3.00,2.00,0.0000,0.0000,0.0000,0,0.000000
131,0.0200,0.0000,45.0000,-30.0000,0.0000,0.0000,0.0000,0.0000,0.0000,0.0000,-37.8565,-921.9075,93.5424,0.0000,0.0000,0.0000,0.9522,-1.7843,86.0221,0.0000,-0.1942,0.0000,0.0000,0.0000,0.0000,0.0000,0.0000,0.0000,5.00,3.00,2.00,0.0000,0.0000,0.0000,0,0.000000
131,0.0200,0.0000,45.0000,-30.0000,0.0000,0.0000,0.0000,0.0000,0.0000,0.0000,-37.9116,-924.5975,93.5520,0.0000,0.0000,0.0000,-1.3854,-1.7843,86.7841,0.0000,-0.1942,0.0000,0.0000,0.0000,0.0000,0.0000,0.0000,0.0000,5.00,3.00,2.00,0.0000,0.0000,0.0000,0,0.000000
131,0.0200,0.0000,45.0000,-30.0000,0.0000,0.0000,0.0000,0.0000,0.0000,0.0000,-37.9666,-927.2911,93.5616,-2.7512,-134.6802,0.4822,2.5215,-1.7843,82.4763,0.0000,-0.1942,0.0000,0.0000,0.0000,0.0000,0.0000,0.0000,0.0000,5.00,3.00,2.00,0.0000,0.0000,0.0000,0,0.000000
132,0.0200,0.0000,45.0000,-30.0000,0.0000,0.0000,0.0000,0.0000,0.0000,0.0000,-38.0216,-929.9887,93.5712,0.0000,0.0000,0.0000,3.1924,-1.7843,83.1576,0.0000,-0.1942,0.0000,0.0000,0.0000,0.0000,0.0000,0.0000,0.0000,5.00,3.00,2.00,0.0000,0.0000,0.0000,0,0.000000
132,0.0200,0.0000,45.0000,-30.0000,0.0000,0.0000,0.0000,0.0000,0.0000,0.0000,-38.0766,-932.6904,93.5807,0.0000,0.0000,0.0000,-1.6569,-1.7843,85.9863,0.0000,-0.1942,0.0000,0.0000,0.0000,0.0000,0.0000,0.0000,0.0000,5.00,3.00,2.00,0.0000,0.0000,0.0000,0,0.000000
132,0.0200,0.0000,45.0000,-30.0000,0.0000,0.0000,0.0000,0.0000,0.0000,0.0000,-38.1317,-935.3961,93.5904,0.0000,0.0000,0.0000,1.8819,-1.7843,84.6889,0.0000,-0.1942,0.0000,0.0000,0.0000,0.0000,0.0000,0.0000,0.0000,5.00,3.00,2.00,0.0000,0.0000,0.0000,0,0.000000
132,0.0200,0.0000,45.0000,-30.0000,0.0000,0.0000,0.0000,0.0000,0.0000,0.0000,-38.1867,-938.1055,93.5999,0.0000,0.0000,0.0000,-2.3632,-1.7843,82.3967,0.0000,-0.1942,0.0000,0.0000,0.0000,0.0000,0.0000,0.0000,0.0000,5.00,3.00,2.00,0.0000,0.0000,0.0000,0,0.000000
132,0.0200,0.0000,45.0000,-30.0000,0.0000,0.0000,0.0000,0.0000,0.0000,0.0000,-38.2417,-940.8188,93.6095,-2.7512,-135.6689,0.4791,0.6545,-1.7843,80.9972,0.0000,-0.1942,0.0000,0.0000,0.0000,0.0000,0.0000,0.0000,0.0000,5.00,3.00,2.00,0.0000,0.0000,0.0000,0,0.000000
133,0.0200,0.0000,45.0000,-30.0000,0.0000,0.0000,0.0000,0.0000,0.0000,0.0000,-38.2967,-943.5361,93.6190,0.0000,0.0000,0.0000,-2.1352,-1.7843,84.2911,0.0000,-0.1942,0.0000,0.0000,0.0000,0.0000,0.0000,0.0000,0.0000,5.00,3.00,2.00,0.0000,0.0000,0.0000,0,0.000000
133,0.0200,0.0000,45.0000,-30.0000,0.0000,0.0000,0.0000,0.0000,0.0000,0.0000,-38.3518,-946.2574,93.6287,0.0000,0.0000,0.0000,1.0300,-1.7843,85.8429,0.0000,-0.1942,0.0000,0.0000,0.0000,0.0000,0.0000,0.0000,0.0000,5.00,3.00,2.00,0.0000,0.0000,0.0000,0,0.000000
133,0.0200,0.0000,45.0000,-30.0000,0.0000,0.0000,0.0000,0.0000,0.0000,0.0000,-38.4068,-948.9825,93.6382,0.0000,0.0000,0.0000,-0.4617,-1.7843,86.5613,0.0000,-0.1942,0.0000,0.0000,0.0000,0.0000,0.0000,0.0000,0.0000,5.00,3.00,2.00,0.0000,0.0000,0.0000,0,0.000000
133,0.0200,0.0000,45.0000,-30.0000,0.0000,0.0000,0.0000,0.0000,0.0000,0.0000,-38.4618,-951.7115,93.6479,0.0000,0.0000,0.0000,2.2511,-1.7843,84.1836,0.0000,-0.1942,0.0000,0.0000,0.0000,0.0000,0.0000,0.0000,0.0000,5.00,3.00,2.00,0.0000,0.0000,0.0000,0,0.000000
133,0.0200,0.0000,45.0000,-30.0000,0.0000,0.0000,0.0000,0.0000,0.0000,0.0000,-38.5168,-954.4446,93.6574,-2.7512,-136.6516,0.4791,-3.1430,-1.7843,84.2398,0.0000,-0.1942,0.0000,0.0000,0.0000,0.0000,0.0000,0.0000,0.0000,5.00,3.00,2.00,0.0000,0.0000,0.0000,0,0.000000
134,0.0200,0.0000,45.0000,-30.0000,0.0000,0.0000,0.0000,0.0000,0.0000,0.0000,-38.5718,-957.1816,93.6670,0.0000,0.0000,0.0000,-0.3944,-1.7843,85.8006,0.0000,-0.1942,0.0000,0.0000,0.0000,0.0000,0.0000,0.0000,0.0000,5.00,3.00,2.00,0.0000,0.0000,0.0000,0,0.000000
134,0.0200,0.0000,45.0000,-30.0000,0.0000,0.0000,0.0000,0.0000,0.0000,0.0000,-38.6269,-959.9224,93.6767,0.0000,0.0000,0.0000,0.1017,-1.7843,82.0001,0.0000,-0.1942,0.0000,0.0000,0.0000,0.0000,0.0000,0.0000,0.0000,5.00,3.00,2.00,0.0000,0.0000,0.0000,0,0.000000
134,0.0200,0.0000,45.0000,-30.0000,0.0000,0.0000,0.0000,0.0000,0.0000,0.0000,-38.6819,-962.6672,93.6862,0.0000,0.0000,0.0000,0.0413,-1.7843,85.7048,0.0000,-0.1942,0.0000,0.0000,0.0000,0.0000,0.0000,0.0000,0.0000,5.00,3.00,2.00,0.0000,0.0000,0.0000,0,0.000000
134,0.0200,0.0000,45.0000,-30.0000,0.0000,0.0000,0.0000,0.0000,0.0000,0.0000,-38.7369,-965.4159,93.6958,0.0000,0.0000,0.0000,0.5762,-1.7843,82.2020,0.0000,-0.1942,0.0000,0.0000,0.0000,0.0000,0.0000,0.0000,0.0000,5.00,3.00,2.00,0.0000,0.0000,0.0000,0,0.000000
134,0.0200,0.0000,45.0000,-30.0000,0.0000,0.0000,0.0000,0.0000,0.0000,0.0000,-38.7919,-968.1685,93.7055,-2.7512,-137.6282,0.4822,0.6922,-1.7843,86.0643,0.0000,-0.1942,0.0000,0.0000,0.0000,0.0000,0.0000,0.0000,0.0000,5.00,3.00,2.00,0.0000,0.0000,0.0000,0,0.000000
135,0.0200,0.0000,45.0000,-30.0000,0.0000,0.0000,0.0000,0.0000,0.0000,0.0000,-38.8470,-970.9250,93.7150,0.0000,0.0000,0.0000,1.4142,-1.7843,83.3011,0.0000,-0.1942,0.0000,0.0000,0.0000,0.0000,0.0000,0.0000,0.0000,5.00,3.00,2.00,0.0000,0.0000,0.0000,0,0.000000
135,0.0200,0.0000,45.0000,-30.0000,0.0000,0.0000,0.0000,0.0000,0.0000,0.0000,-38.9020,-973.6855,93.7246,0.0000,0.0000,0.0000,-2.0815,-1.7843,83.8957,0.0000,-0.1942,0.0000,0.0000,0.0000,0.0000,0.0000,0.0000,0.0000,5.00,3.00,2.00,0.0000,0.0000,0.0000,0,0.000000
135,0.0200,0.0000,45.0000,-30.0000,0.0000,0.0000,0.0000,0.0000,0.0000,0.0000,-38.9570,-976.4500,93.7342,0.0000,0.0000,0.0000,-1.0538,-1.7843,82.5422,0.0000,-0.1942,0.0000,0.0000,0.0000,0.0000,0.0000,0.0000,0.0000,5.00,3.00,2.00,0.0000,0.0000,0.0000,0,0.000000
135,0.0200,0.0000,45.0000,-30.0000,0.0000,0.0000,0.0000,0.0000,0.0000,0.0000,-39.0120,-979.2183,93.7437,0.0000,0.0000,0.0000,0.2427,-1.7843,87.3454,0.0000,-0.1942,0.0000,0.0000,0.0000,0.0000,0.0000,0.0000,0.0000,5.00,3.00,2.00,0.0000,0.0000,0.0000,0,0.000000
135,0.0200,0.0000,45.0000,-30.0000,0.0000,0.0000,0.0000,0.0000,0.0000,0.0000,-39.0671,-981.9905,93.7533,-2.7512,-138.6078,0.4791,0.5551,-1.7843,81.0413,0.0000,-0.1942,0.0000,0.0000,0.0000,0.0000,0.0000,0.0000,0.0000,5.00,3.00,2.00,0.0000,0.0000,0.0000,0,0.000000
540,0.0200,0.0000,45.0000,-30.0000,0.0000,0.0000,0.0000,0.0000,0.0000,0.0000,-150.2689,-14602.2300,113.1348,0.0000,0.0000,0.0000,-1.1230,-1.7843,80.9303,0.0000,-0.1942,0.0000,0.0000,0.0000,0.0000,0.0000,0.0000,0.0000,5.00,3.00,2.00,0.0000,0.0000,0.0000,0,0.000000
540,0.0200,0.0000,45.0000,-30.0000,0.0000,0.0000,0.0000,0.0000,0.0000,0.0000,-150.3239,-14612.9400,113.1446,0.0000,0.0000,0.0000,-0.0447,-1.7843,82.5428,0.0000,-0.1942,0.0000,0.0000,0.0000,0.0000,0.0000,0.0000,0.0000,5.00,3.00,2.00,0.0000,0.0000,0.0000,0,0.000000
540,0.0200,0.0000,45.0000,-30.0000,0.0000,0.0000,0.0000,0.0000,0.0000,0.0000,-150.3790,-14623.6500,113.1553,0.0000,0.0000,0.0000,0.7249,-1.7843,81.4263,0.0000,-0.1942,0.0000,0.0000,0.0000,0.0000,0.0000,0.0000,0.0000,5.00,3.00,2.00,0.0000,0.0000,0.0000,0,0.000000
540,0.0200,0.0000,45.0000,-30.0000,0.0000,0.0000,0.0000,0.0000,0.0000,0.0000,-150.4340,-14634.3600,113.1641,0.0000,0.0000,0.0000,-0.4777,-1.7843,81.1834,0.0000,-0.1942,0.0000,0.0000,0.0000,0.0000,0.0000,0.0000,0.0000,5.00,3.00,2.00,0.0000,0.0000,0.0000,0,0.000000
540,0.0200,0.0000,45.0000,-30.0000,0.0000,0.0000,0.0000,0.0000,0.0000,0.0000,-150.4890,-14645.0800,113.1739,-2.7512,-535.9863,0.4883,-2.4976,-1.7843,83.1260,0.0000,-0.1942,0.0000,0.0000,0.0000,0.0000,0.0000,0.0000,0.0000,5.00,3.00,2.00,0.0000,0.0000,0.0000,0,0.000000
541,0.0200,0.0000,45.0000,-30.0000,0.0000,0.0000,0.0000,0.0000,0.0000,0.0000,-150.5440,-14655.8100,113.1836,0.0000,0.0000,0.0000,2.5325,-1.7843,83.4498,0.0000,-0.1942,0.0000,0.0000,0.0000,0.0000,0.0000,0.0000,0.0000,5.00,3.00,2.00,0.0000,0.0000,0.0000,0,0.000000
541,0.0200,0.0000,45.0000,-30.0000,0.0000,0.0000,0.0000,0.0000,0.0000,0.0000,-150.5991,-14666.5300,113.1934,0.0000,0.0000,0.0000,-2.5275,-1.7843,83.8662,0.0000,-0.1942,0.0000,0.0000,0.0000,0.0000,0.0000,0.0000,0.0000,5.00,3.00,2.00,0.0000,0.0000,0.0000,0,0.000000
541,0.0200,0.0000,45.0000,-30.0000,0.0000,0.0000,0.0000,0.0000,0.0000,0.0000,-150.6541,-14677.2600,113.2031,0.0000,0.0000,0.0000,-1.4542,-1.7843,86.0965,0.0000,-0.1942,0.0000,0.0000,0.0000,0.0000,0.0000,0.0000,0.0000,5.00,3.00,2.00,0.0000,0.0000,0.0000,0,0.000000
541,0.0200,0.0000,45.0000,-30.0000,0.0000,0.0000,0.0000,0.0000,0.0000,0.0000,-150.7091,-14688.0000,113.2119,0.0000,0.0000,0.0000,0.4421,-1.7843,85.7514,0.0000,-0.1942,0.0000,0.0000,0.0000,0.0000,0.0000,0.0000,0.0000,5.00,3.00,2.00,0.0000,0.0000,0.0000,0,0.000000
541,0.0200,0.0000,45.0000,-30.0000,0.0000,0.0000,0.0000,0.0000,0.0000,0.0000,-150.7641,-14698.7300,113.2227,-2.7512,-536.8652,0.5371,-1.1009,-1.7843,86.1140,0.0000,-0.1942,0.0000,0.0000,0.0000,0.0000,0.0000,0.0000,0.0000,5.00,3.00,2.00,0.0000,0.0000,0.0000,0,0.000000
542,0.0200,0.0000,45.0000,-30.0000,0.0000,0.0000,0.0000,0.0000,0.0000,0.0000,-150.8192,-14709.4800,113.2315,0.0000,0.0000,0.0000,-3.4389,-1.7843,85.0147,0.0000,-0.1942,0.0000,0.0000,0.0000,0.0000,0.0000,0.0000,0.0000,5.00,3.00,2.00,0.0000,0.0000,0.0000,0,0.000000
542,0.0200,0.0000,45.0000,-30.0000,0.0000,0.0000,0.0000,0.0000,0.0000,0.0000,-150.8742,-14720.2200,113.2403,0.0000,0.0000,0.0000,-0.2045,-1.7843,80.7544,0.0000,-0.1942,0.0000,0.0000,0.0000,0.0000,0.0000,0.0000,0.0000,5.00,3.00,2.00,0.0000,0.0000,0.0000,0,0.000000
542,0.0200,0.0000,45.0000,-30.0000,0.0000,0.0000,0.0000,0.0000,0.0000,0.0000,-150.9292,-14730.9700,113.2510,0.0000,0.0000,0.0000,0.5749,-1.7843,86.1744,0.0000,-0.1942,0.0000,0.0000,0.0000,0.0000,0.0000,0.0000,0.0000,5.00,3.00,2.00,0.0000,0.0000,0.0000,0,0.000000
542,0.0200,0.0000,45.0000,-30.0000,0.0000,0.0000,0.0000,0.0000,0.0000,0.0000,-150.9842,-14741.7300,113.2608,0.0000,0.0000,0.0000,0.0841,-1.7843,81.0515,0.0000,-0.1942,0.0000,0.0000,0.0000,0.0000,0.0000,0.0000,0.0000,5.00,3.00,2.00,0.0000,0.0000,0.0000,0,0.000000
542,0.0200,0.0000,45.0000,-30.0000,0.0000,0.0000,0.0000,0.0000,0.0000,0.0000,-151.0392,-14752.4900,113.2696,-2.7512,-537.9395,0.4395,1.4265,-1.7843,87.1964,0.0000,-0.1942,0.0000,0.0000,0.0000,0.0000,0.0000,0.0000,0.0000,5.00,3.00,2.00,0.0000,0.0000,0.0000,0,0.000000
543,0.0200,0.0000,45.0000,-30.0000,0.0000,0.0000,0.0000,0.0000,0.0000,0.0000,-151.0943,-14763.2500,113.2803,0.0000,0.0000,0.0000,0.4476,-1.7843,86.2649,0.0000,-0.1942,0.0000,0.0000,0.0000,0.0000,0.0000,0.0000,0.0000,5.00,3.00,2.00,0.0000,0.0000,0.0000,0,0.000000
543,0.0200,0.0000,45.0000,-30.0000,0.0000,0.0000,0.0000,0.0000,0.0000,0.0000,-151.1493,-14774.0100,113.2881,0.0000,0.0000,0.0000,2.5369,-1.7843,82.5526,0.0000,-0.1942,0.0000,0.0000,0.0000,0.0000,0.0000,0.0000,0.0000,5.00,3.00,2.00,0.0000,0.0000,0.0000,0,0.000000
543,0.0200,0.0000,45.0000,-30.0000,0.0000,0.0000,0.0000,0.0000,0.0000,0.0000,-151.2043,-14784.7800,113.2979,0.0000,0.0000,0.0000,-1.4435,-1.7843,85.3641,0.0000,-0.1942,0.0000,0.0000,0.0000,0.0000,0.0000,0.0000,0.0000,5.00,3.00,2.00,0.0000,0.0000,0.0000,0,0.000000
543,0.0200,0.0000,45.0000,-30.0000,0.0000,0.0000,0.0000,0.0000,0.0000,0.0000,-151.2593,-14795.5600,113.3067,0.0000,0.0000,0.0000,0.0436,-1.7843,81.7573,0.0000,-0.1942,0.0000,0.0000,0.0000,0.0000,0.0000,0.0000,0.0000,5.00,3.00,2.00,0.0000,0.0000,0.0000,0,0.000000
543,0.0200,0.0000,45.0000,-30.0000,0.0000,0.0000,0.0000,0.0000,0.0000,0.0000,-151.3144,-14806.3300,113.3174,-2.7512,-538.9160,0.5371,-0.2257,-1.7843,82.2042,0.0000,-0.1942,0.0000,0.0000,0.0000,0.0000,0.0000,0.0000,0.0000,5.00,3.00,2.00,0.0000,0.0000,0.0000,0,0.000000
544,0.0200,0.0000,45.0000,-30.0000,0.0000,0.0000,0.0000,0.0000,0.0000,0.0000,-151.3694,-14817.1200,113.3272,0.0000,0.0000,0.0000,-0.2680,-1.7843,82.4154,0.0000,-0.1942,0.0000,0.0000,0.0000,0.0000,0.0000,0.0000,0.0000,5.00,3.00,2.00,0.0000,0.0000,0.0000,0,0.000000
544,0.0200,0.0000,45.0000,-30.0000,0.0000,0.0000,0.0000,0.0000,0.0000,0.0000,-151.4244,-14827.9000,113.3379,0.0000,0.0000,0.0000,0.3747,-1.7843,81.9612,0.0000,-0.1942,0.0000,0.0000,0.0000,0.0000,0.0000,0.0000,0.0000,5.00,3.00,2.00,0.0000,0.0000,0.0000,0,0.000000
544,0.0200,0.0000,45.0000,-30.0000,0.0000,0.0000,0.0000,0.0000,0.0000,0.0000,-151.4794,-14838.6900,113.3457,0.0000,0.0000,0.0000,-2.2295,-1.7843,85.0582,0.0000,-0.1942,0.0000,0.0000,0.0000,0.0000,0.0000,0.0000,0.0000,5.00,3.00,2.00,0.0000,0.0000,0.0000,0,0.000000
544,0.0200,0.0000,45.0000,-30.0000,0.0000,0.0000,0.0000,0.0000,0.0000,0.0000,-151.5345,-14849.4800,113.3555,0.0000,0.0000,0.0000,-1.9984,-1.7843,82.6420,0.0000,-0.1942,0.0000,0.0000,0.0000,0.0000,0.0000,0.0000,0.0000,5.00,3.00,2.00,0.0000,0.0000,0.0000,0,0.000000
544,0.0200,0.0000,45.0000,-30.0000,0.0000,0.0000,0.0000,0.0000,0.0000,0.0000,-151.5895,-14860.2800,113.3662,-2.7512,-539.8438,0.5371,-1.7557,-1.7843,85.2522,0.0000,-0.1942,0.0000,0.0000,0.0000,0.0000,0.0000,0.0000,0.0000,5.00,3.00,2.00,0.0000,0.0000,0.0000,0,0.000000
545,0.0200,0.0000,45.0000,-30.0000,0.0000,0.0000,0.0000,0.0000,0.0000,0.0000,-151.6445,-14871.0800,113.3740,0.0000,0.0000,0.0000,-2.3910,-1.7843,85.5387,0.0000,-0.1942,0.0000,0.0000,0.0000,0.0000,0.0000,0.0000,0.0000,5.00,3.00,2.00,0.0000,0.0000,0.0000,0,0.000000
545,0.0200,0.0000,45.0000,-30.0000,0.0000,0.0000,0.0000,0.0000,0.0000,0.0000,-151.6995,-14881.8800,113.3848,0.0000,0.0000,0.0000,0.0448,-1.7843,85.5935,0.0000,-0.1942,0.0000,0.0000,0.0000,0.0000,0.0000,0.0000,0.0000,5.00,3.00,2.00,0.0000,0.0000,0.0000,0,0.000000
545,0.0200,0.0000,45.0000,-30.0000,0.0000,0.0000,0.0000,0.0000,0.0000,0.0000,-151.7545,-14892.6900,113.3936,0.0000,0.0000,0.0000,-0.5010,-1.7843,86.0885,0.0000,-0.1942,0.0000,0.0000,0.0000,0.0000,0.0000,0.0000,0.0000,5.00,3.00,2.00,0.0000,0.0000,0.0000,0,0.000000
545,0.0200,0.0000,45.0000,-30.0000,0.0000,0.0000,0.0000,0.0000,0.0000,0.0000,-151.8096,-14903.5000,113.4043,0.0000,0.0000,0.0000,-3.3160,-1.7843,84.3366,0.0000,-0.1942,0.0000,0.0000,0.0000,0.0000,0.0000,0.0000,0.0000,5.00,3.00,2.00,0.0000,0.0000,0.0000,0,0.000000
545,0.0200,0.0000,45.0000,-30.0000,0.0000,0.0000,0.0000,0.0000,0.0000,0.0000,-151.8646,-14914.3200,113.4141,-2.7512,-540.8203,0.4883,-2.7808,-1.7843,85.3280,0.0000,-0.1942,0.0000,0.0000,0.0000,0.0000,0.0000,0.0000,0.0000,5.00,3.00,2.00,0.0000,0.0000,0.0000,0,0.000000
546,0.0200,0.0000,45.0000,-30.0000,0.0000,0.0000,0.0000,0.0000,0.0000,0.0000,-151.9196,-14925.1400,113.4239,0.0000,0.0000,0.0000,2.7306,-1.7843,84.4295,0.0000,-0.1942,0.0000,0.0000,0.0000,0.0000,0.0000,0.0000,0.0000,5.00,3.00,2.00,0.0000,0.0000,0.0000,0,0.000000
546,0.0200,0.0000,45.0000,-30.0000,0.0000,0.0000,0.0000,0.0000,0.0000,0.0000,-151.9746,-14935.9700,113.4336,0.0000,0.0000,0.0000,-0.4598,-1.7843,86.1365,0.0000,-0.1942,0.0000,0.0000,0.0000,0.0000,0.0000,0.0000,0.0000,5.00,3.00,2.00,0.0000,0.0000,0.0000,0,0.000000
546,0.0200,0.0000,45.0000,-30.0000,0.0000,0.0000,0.0000,0.0000,0.0000,0.0000,-152.0297,-14946.7900,113.4424,0.0000,0.0000,0.0000,1.7806,-1.7843,83.3323,0.0000,-0.1942,0.0000,0.0000,0.0000,0.0000,0.0000,0.0000,0.0000,5.00,3.00,2.00,0.0000,0.0000,0.0000,0,0.000000
546,0.0200,0.0000,45.0000,-30.0000,0.0000,0.0000,0.0000,0.0000,0.0000,0.0000,-152.0847,-14957.6300,113.4512,0.0000,0.0000,0.0000,-0.2508,-1.7843,85.9411,0.0000,-0.1942,0.0000,0.0000,0.0000,0.0000,0.0000,0.0000,0.0000,5.00,3.00,2.00,0.0000,0.0000,0.0000,0,0.000000
546,0.0200,0.0000,45.0000,-30.0000,0.0000,0.0000,0.0000,0.0000,0.0000,0.0000,-152.1397,-14968.4600,113.4610,-2.7512,-541.7969,0.4883,2.3280,-1.7843,83.5059,0.0000,-0.1942,0.0000,0.0000,0.0000,0.0000,0.0000,0.0000,0.0000,5.00,3.00,2.00,0.0000,0.0000,0.0000,0,0.000000
547,0.0200,0.0000,45.0000,-30.0000,0.0000,0.0000,0.0000,0.0000,0.0000,0.0000,-152.1947,-14979.3000,113.4707,0.0000,0.0000,0.0000,1.2890,-1.7843,85.6700,0.0000,-0.1942,0.0000,0.0000,0.0000,0.0000,0.0000,0.0000,0.0000,5.00,3.00,2.00,0.0000,0.0000,0.0000,0,0.000000
547,0.0200,0.0000,45.0000,-30.0000,0.0000,0.0000,0.0000,0.0000,0.0000,0.0000,-152.2498,-14990.1500,113.4815,0.0000,0.0000,0.0000,1.7990,-1.7843,83.1726,0.0000,-0.1942,0.0000,0.0000,0.0000,0.0000,0.0000,0.0000,0.0000,5.00,3.00,2.00,0.0000,0.0000,0.0000,0,0.000000
547,0.0200,0.0000,45.0000,-30.0000,0.0000,0.0000,0.0000,0.0000,0.0000,0.0000,-152.3048,-15000.9900,113.4893,0.0000,0.0000,0.0000,-2.7117,-1.7843,83.9222,0.0000,-0.1942,0.0000,0.0000,0.0000,0.0000,0.0000,0.0000,0.0000,5.00,3.00,2.00,0.0000,0.0000,0.0000,0,0.000000
547,0.0200,0.0000,45.0000,-30.0000,0.0000,0.0000,0.0000,0.0000,0.0000,0.0000,-152.3598,-15011.8400,113.4990,0.0000,0.0000,0.0000,-1.0626,-1.7843,81.6792,0.0000,-0.1942,0.0000,0.0000,0.0000,0.0000,0.0000,0.0000,0.0000,5.00,3.00,2.00,0.0000,0.0000,0.0000,0,0.000000
547,0.0200,0.0000,45.0000,-30.0000,0.0000,0.0000,0.0000,0.0000,0.0000,0.0000,-152.4148,-15022.7000,113.5088,-2.7512,-542.8223,0.4883,0.0363,-1.7843,82.1375,0.0000,-0.1942,0.0000,0.0000,0.0000,0.0000,0.0000,0.0000,0.0000,5.00,3.00,2.00,0.0000,0.0000,0.0000,0,0.000000
548,0.0200,0.0000,45.0000,-30.0000,0.0000,0.0000,0.0000,0.0000,0.0000,0.0000,-152.4698,-15033.5600,113.5186,0.0000,0.0000,0.0000,1.2207,-1.7843,82.6147,0.0000,-0.1942,0.0000,0.0000,0.0000,0.0000,0.0000,0.0000,0.0000,5.00,3.00,2.00,0.0000,0.0000,0.0000,0,0.000000
548,0.0200,0.0000,45.0000,-30.0000,0.0000,0.0000,0.0000,0.0000,0.0000,0.0000,-152.5249,-15044.4200,113.5283,0.0000,0.0000,0.0000,-1.1525,-1.7843,85.9631,0.0000,-0.1942,0.0000,0.0000,0.0000,0.0000,0.0000,0.0000,0.0000,5.00,3.00,2.00,0.0000,0.0000,0.0000,0,0.000000
548,0.0200,0.0000,45.0000,-30.0000,0.0000,0.0000,0.0000,0.0000,0.0000,0.0000,-152.5799,-15055.2900,113.5371,0.0000,0.0000,0.0000,1.0762,-1.7843,87.0887,0.0000,-0.1942,0.0000,0.0000,0.0000,0.0000,0.0000,0.0000,0.0000,5.00,3.00,2.00,0.0000,0.0000,0.0000,0,0.000000
548,0.0200,0.0000,45.0000,-30.0000,0.0000,0.0000,0.0000,0.0000,0.0000,0.0000,-152.6349,-15066.1600,113.5479,0.0000,0.0000,0.0000,-3.4783,-1.7843,83.6669,0.0000,-0.1942,0.0000,0.0000,0.0000,0.0000,0.0000,0.0000,0.0000,5.00,3.00,2.00,0.0000,0.0000,0.0000,0,0.000000
548,0.0200,0.0000,45.0000,-30.0000,0.0000,0.0000,0.0000,0.0000,0.0000,0.0000,-152.6899,-15077.0400,113.5576,-2.7512,-543.6523,0.4883,-0.5244,-1.7843,82.2771,0.0000,-0.1942,0.0000,0.0000,0.0000,0.0000,0.0000,0.0000,0.0000,5.00,3.00,2.00,0.0000,0.0000,0.0000,0,0.000000
549,0.0200,0.0000,45.0000,-30.0000,0.0000,0.0000,0.0000,0.0000,0.0000,0.0000,-152.7450,-15087.9200,113.5664,0.0000,0.0000,0.0000,-0.5080,-1.7843,86.5560,0.0000,-0.1942,0.0000,0.0000,0.0000,0.0000,0.0000,0.0000,0.0000,5.00,3.00,2.00,0.0000,0.0000,0.0000,0,0.000000
549,0.0200,0.0000,45.0000,-30.0000,0.0000,0.0000,0.0000,0.0000,0.0000,0.0000,-152.8000,-15098.8000,113.5762,0.0000,0.0000,0.0000,0.3396,-1.7843,86.1631,0.0000,-0.1942,0.0000,0.0000,0.0000,0.0000,0.0000,0.0000,0.0000,5.00,3.00,2.00,0.0000,0.0000,0.0000,0,0.000000
549,0.0200,0.0000,45.0000,-30.0000,0.0000,0.0000,0.0000,0.0000,0.0000,0.0000,-152.8550,-15109.6800,113.5860,0.0000,0.0000,0.0000,-2.0556,-1.7843,84.4009,0.0000,-0.1942,0.0000,0.0000,0.0000,0.0000,0.0000,0.0000,0.0000,5.00,3.00,2.00,0.0000,0.0000,0.0000,0,0.000000
549,0.0200,0.0000,45.0000,-30.0000,0.0000,0.0000,0.0000,0.0000,0.0000,0.0000,-152.9100,-15120.5800,113.5967,0.0000,0.0000,0.0000,-1.4996,-1.7843,81.8095,0.0000,-0.1942,0.0000,0.0000,0.0000,0.0000,0.0000,0.0000,0.0000,5.00,3.00,2.00,0.0000,0.0000,0.0000,0,0.000000
549,0.0200,0.0000,45.0000,-30.0000,0.0000,0.0000,0.0000,0.0000,0.0000,0.0000,-152.9651,-15131.4700,113.6045,-2.7512,-544.6777,0.3906,1.1175,-1.7843,82.9451,0.0000,-0.1942,0.0000,0.0000,0.0000,0.0000,0.0000,0.0000,0.0000,5.00,3.00,2.00,0.0000,0.0000,0.0000,0,0.000000
550,0.0200,0.0000,45.0000,-30.0000,0.0000,0.0000,0.0000,0.0000,0.0000,0.0000,-153.0201,-15142.3700,113.6153,0.0000,0.0000,0.0000,-2.1119,-1.7843,82.5826,0.0000,-0.1942,0.0000,0.0000,0.0000,0.0000,0.0000,0.0000,0.0000,5.00,3.00,2.00,0.0000,0.0000,0.0000,0,0.000000
550,0.0200,0.0000,45.0000,-30.0000,0.0000,0.0000,0.0000,0.0000,0.0000,0.0000,-153.0751,-15153.2700,113.6231,0.0000,0.0000,0.0000,2.6731,-1.7843,85.1796,0.0000,-0.1942,0.0000,0.0000,0.0000,0.0000,0.0000,0.0000,0.0000,5.00,3.00,2.00,0.0000,0.0000,0.0000,0,0.000000
550,0.0200,0.0000,45.0000,-30.0000,0.0000,0.0000,0.0000,0.0000,0.0000,0.0000,-153.1301,-15164.1800,113.6348,0.0000,0.0000,0.0000,1.4881,-1.7843,84.0603,0.0000,-0.1942,0.0000,0.0000,0.0000,0.0000,0.0000,0.0000,0.0000,5.00,3.00,2.00,0.0000,0.0000,0.0000,0,0.000000
550,0.0200,0.0000,45.0000,-30.0000,0.0000,0.0000,0.0000,0.0000,0.0000,0.0000,-153.1852,-15175.0900,113.6436,0.0000,0.0000,0.0000,0.1341,-1.7843,85.6576,0.0000,-0.1942,0.0000,0.0000,0.0000,0.0000,0.0000,0.0000,0.0000,5.00,3.00,2.00,0.0000,0.0000,0.0000,0,0.000000
550,0.0200,0.0000,45.0000,-30.0000,0.0000,0.0000,0.0000,0.0000,0.0000,0.0000,-153.2402,-15186.0000,113.6533,-2.7512,-545.7031,0.4883,-2.5961,-1.7843,85.3711,0.0000,-0.1942,0.0000,0.0000,0.0000,0.0000,0.0000,0.0000,0.0000,5.00,3.00,2.00,0.0000,0.0000,0.0000,0,0.000000
551,0.0200,0.0000,45.0000,-30.0000,0.0000,0.0000,0.0000,0.0000,0.0000,0.0000,-153.2952,-15196.9200,113.6621,0.0000,0.0000,0.0000,0.1988,-1.7843,82.4480,0.0000,-0.1942,0.0000,0.0000,0.0000,0.0000,0.0000,0.0000,0.0000,5.00,3.00,2.00,0.0000,0.0000,0.0000,0,0.000000
551,0.0200,0.0000,45.0000,-30.0000,0.0000,0.0000,0.0000,0.0000,0.0000,0.0000,-153.3502,-15207.8400,113.6709,0.0000,0.0000,0.0000,-0.4068,-1.7843,86.2798,0.0000,-0.1942,0.0000,0.0000,0.0000,0.0000,0.0000,0.0000,0.0000,5.00,3.00,2.00,0.0000,0.0000,0.0000,0,0.000000
551,0.0200,0.0000,45.0000,-30.0000,0.0000,0.0000,0.0000,0.0000,0.0000,0.0000,-153.4052,-15218.7700,113.6826,0.0000,0.0000,0.0000,-0.2878,-1.7843,81.2241,0.0000,-0.1942,0.0000,0.0000,0.0000,0.0000,0.0000,0.0000,0.0000,5.00,3.00,2.00,0.0000,0.0000,0.0000,0,0.000000
551,0.0200,0.0000,45.0000,-30.0000,0.0000,0.0000,0.0000,0.0000,0.0000,0.0000,-153.4603,-15229.7000,113.6914,0.0000,0.0000,0.0000,2.2902,-1.7843,82.4215,0.0000,-0.1942,0.0000,0.0000,0.0000,0.0000,0.0000,0.0000,0.0000,5.00,3.00,2.00,0.0000,0.0000,0.0000,0,0.000000
551,0.0200,0.0000,45.0000,-30.0000,0.0000,0.0000,0.0000,0.0000,0.0000,0.0000,-153.5153,-15240.6400,113.7012,-2.7512,-546.7773,0.4883,-0.2433,-1.7843,85.8310,0.0000,-0.1942,0.0000,0.0000,0.0000,0.0000,0.0000,0.0000,0.0000,5.00,3.00,2.00,0.0000,0.0000,0.0000,0,0.000000
552,0.0200,0.0000,45.0000,-30.0000,0.0000,0.0000,0.0000,0.0000,0.0000,0.0000,-153.5703,-15251.5700,113.7100,0.0000,0.0000,0.0000,0.7601,-1.7843,86.2981,0.0000,-0.1942,0.0000,0.0000,0.0000,0.0000,0.0000,0.0000,0.0000,5.00,3.00,2.00,0.0000,0.0000,0.0000,0,0.000000
552,0.0200,0.0000,45.0000,-30.0000,0.0000,0.0000,0.0000,0.0000,0.0000,0.0000,-153.6253,-15262.5200,113.7217,0.0000,0.0000,0.0000,-2.1459,-1.7843,83.3617,0.0000,-0.1942,0.0000,0.0000,0.0000,0.0000,0.0000,0.0000,0.0000,5.00,3.00,2.00,0.0000,0.0000,0.0000,0,0.000000
552,0.0200,0.0000,45.0000,-30.0000,0.0000,0.0000,0.0000,0.0000,0.0000,0.0000,-153.6804,-15273.4600,113.7305,0.0000,0.0000,0.0000,0.8159,-1.7843,82.3882,0.0000,-0.1942,0.0000,0.0000,0.0000,0.0000,0.0000,0.0000,0.0000,5.00,3.00,2.00,0.0000,0.0000,0.0000,0,0.000000
552,0.0200,0.0000,45.0000,-30.0000,0.0000,0.0000,0.0000,0.0000,0.0000,0.0000,-153.7354,-15284.4100,113.7393,0.0000,0.0000,0.0000,2.8457,-1.7843,82.7923,0.0000,-0.1942,0.0000,0.0000,0.0000,0.0000,0.0000,0.0000,0.0000,5.00,3.00,2.00,0.0000,0.0000,0.0000,0,0.000000
552,0.0200,0.0000,45.0000,-30.0000,0.0000,0.0000,0.0000,0.0000,0.0000,0.0000,-153.7904,-15295.3700,113.7481,-2.7512,-547.7051,0.4395,-1.0146,-1.7843,87.3029,0.0000,-0.1942,0.0000,0.0000,0.0000,0.0000,0.0000,0.0000,0.0000,5.00,3.00,2.00,0.0000,0.0000,0.0000,0,0.000000
553,0.0200,0.0000,45.0000,-30.0000,0.0000,0.0000,0.0000,0.0000,0.0000,0.0000,-153.8454,-15306.3300,113.7588,0.0000,0.0000,0.0000,3.0938,-1.7843,83.3173,0.0000,-0.1942,0.0000,0.0000,0.0000,0.0000,0.0000,0.0000,0.0000,5.00,3.00,2.00,0.0000,0.0000,0.0000,0,0.000000
553,0.0200,0.0000,45.0000,-30.0000,0.0000,0.0000,0.0000,0.0000,0.0000,0.0000,-153.9005,-15317.2900,113.7676,0.0000,0.0000,0.0000,1.3451,-1.7843,82.3977,0.0000,-0.1942,0.0000,0.0000,0.0000,0.0000,0.0000,0.0000,0.0000,5.00,3.00,2.00,0.0000,0.0000,0.0000,0,0.000000
553,0.0200,0.0000,45.0000,-30.0000,0.0000,0.0000,0.0000,0.0000,0.0000,0.0000,-153.9555,-15328.2500,113.7783,0.0000,0.0000,0.0000,1.0665,-1.7843,80.9815,0.0000,-0.1942,0.0000,0.0000,0.0000,0.0000,0.0000,0.0000,0.0000,5.00,3.00,2.00,0.0000,0.0000,0.0000,0,0.000000
553,0.0200,0.0000,45.0000,-30.0000,0.0000,0.0000,0.0000,0.0000,0.0000,0.0000,-154.0105,-15339.2200,113.7881,0.0000,0.0000,0.0000,0.7367,-1.7843,86.6115,0.0000,-0.1942,0.0000,0.0000,0.0000,0.0000,0.0000,0.0000,0.0000,5.00,3.00,2.00,0.0000,0.0000,0.0000,0,0.000000
553,0.0200,0.0000,45.0000,-30.0000,0.0000,0.0000,0.0000,0.0000,0.0000,0.0000,-154.0655,-15350.2000,113.7969,-2.7512,-548.6328,0.4395,-1.9266,-1.7843,85.3702,0.0000,-0.1942,0.0000,0.0000,0.0000,0.0000,0.0000,0.0000,0.0000,5.00,3.00,2.00,0.0000,0.0000,0.0000,0,0.000000
554,0.0200,0.0000,45.0000,-30.0000,0.0000,0.0000,0.0000,0.0000,0.0000,0.0000,-154.1205,-15361.1700,113.8067,0.0000,0.0000,0.0000,0.1613,-1.7843,81.2646,0.0000,-0.1942,0.0000,0.0000,0.0000,0.0000,0.0000,0.0000,0.0000,5.00,3.00,2.00,0.0000,0.0000,0.0000,0,0.000000
554,0.0200,0.0000,45.0000,-30.0000,0.0000,0.0000,0.0000,0.0000,0.0000,0.0000,-154.1756,-15372.1600,113.8164,0.0000,0.0000,0.0000,-2.3564,-1.7843,86.5587,0.0000,-0.1942,0.0000,0.0000,0.0000,0.0000,0.0000,0.0000,0.0000,5.00,3.00,2.00,0.0000,0.0000,0.0000,0,0.000000
554,0.0200,0.0000,45.0000,-30.0000,0.0000,0.0000,0.0000,0.0000,0.0000,0.0000,-154.2306,-15383.1400,113.8252,0.0000,0.0000,0.0000,1.5939,-1.7843,83.4451,0.0000,-0.1942,0.0000,0.0000,0.0000,0.0000,0.0000,0.0000,0.0000,5.00,3.00,2.00,0.0000,0.0000,0.0000,0,0.000000
554,0.0200,0.0000,45.0000,-30.0000,0.0000,0.0000,0.0000,0.0000,0.0000,0.0000,-154.2856,-15394.1300,113.8350,0.0000,0.0000,0.0000,0.1519,-1.7843,86.5467,0.0000,-0.1942,0.0000,0.0000,0.0000,0.0000,0.0000,0.0000,0.0000,5.00,3.00,2.00,0.0000,0.0000,0.0000,0,0.000000
554,0.0200,0.0000,45.0000,-30.0000,0.0000,0.0000,0.0000,0.0000,0.0000,0.0000,-154.3406,-15405.1200,113.8447,-2.7512,-549.6582,0.4883,-2.2870,-1.7843,83.5307,0.0000,-0.1942,0.0000,0.0000,0.0000,0.0000,0.0000,0.0000,0.0000,5.00,3.00,2.00,0.0000,0.0000,0.0000,0,0.000000
555,0.0200,0.0000,45.0000,-30.0000,0.0000,0.0000,0.0000,0.0000,0.0000,0.0000,-154.3957,-15416.1200,113.8545,0.0000,0.0000,0.0000,-3.2725,-1.7843,84.7495,0.0000,-0.1942,0.0000,0.0000,0.0000,0.0000,0.0000,0.0000,0.0000,5.00,3.00,2.00,0.0000,0.0000,0.0000,0,0.000000
555,0.0200,0.0000,45.0000,-30.0000,0.0000,0.0000,0.0000,0.0000,0.0000,0.0000,-154.4507,-15427.1200,113.8653,0.0000,0.0000,0.0000,-2.7261,-1.7843,82.7283,0.0000,-0.1942,0.0000,0.0000,0.0000,0.0000,0.0000,0.0000,0.0000,5.00,3.00,2.00,0.0000,0.0000,0.0000,0,0.000000
555,0.0200,0.0000,45.0000,-30.0000,0.0000,0.0000,0.0000,0.0000,0.0000,0.0000,-154.5057,-15438.1200,113.8731,0.0000,0.0000,0.0000,0.3825,-1.7843,86.1317,0.0000,-0.1942,0.0000,0.0000,0.0000,0.0000,0.0000,0.0000,0.0000,5.00,3.00,2.00,0.0000,0.0000,0.0000,0,0.000000
555,0.0200,0.0000,45.0000,-30.0000,0.0000,0.0000,0.0000,0.0000,0.0000,0.0000,-154.5607,-15449.1300,113.8838,0.0000,0.0000,0.0000,0.4145,-1.7843,85.5557,0.0000,-0.1942,0.0000,0.0000,0.0000,0.0000,0.0000,0.0000,0.0000,5.00,3.00,2.00,0.0000,0.0000,0.0000,0,0.000000
555,0.0200,0.0000,45.0000,-30.0000,0.0000,0.0000,0.0000,0.0000,0.0000,0.0000,-154.6158,-15460.1500,113.8926,-2.7512,-550.6348,0.4395,0.0040,-1.7843,81.0726,0.0000,-0.1942,0.0000,0.0000,0.0000,0.0000,0.0000,0.0000,0.0000,5.00,3.00,2.00,0.0000,0.0000,0.0000,0,0.000000
556,0.0200,0.0000,45.0000,-30.0000,0.0000,0.0000,0.0000,0.0000,0.0000,0.0000,-154.6708,-15471.1600,113.9024,0.0000,0.0000,0.0000,-1.1941,-1.7843,86.9793,0.0000,-0.1942,0.0000,0.0000,0.0000,0.0000,0.0000,0.0000,0.0000,5.00,3.00,2.00,0.0000,0.0000,0.0000,0,0.000000
556,0.0200,0.0000,45.0000,-30.0000,0.0000,0.0000,0.0000,0.0000,0.0000,0.0000,-154.7258,-15482.1800,113.9112,0.0000,0.0000,0.0000,1.4635,-1.7843,83.0579,0.0000,-0.1942,0.0000,0.0000,0.0000,0.0000,0.0000,0.0000,0.0000,5.00,3.00,2.00,0.0000,0.0000,0.0000,0,0.000000
556,0.0200,0.0000,45.0000,-30.0000,0.0000,0.0000,0.0000,0.0000,0.0000,0.0000,-154.7808,-15493.2100,113.9219,0.0000,0.0000,0.0000,1.4654,-1.7843,85.1353,0.0000,-0.1942,0.0000,0.0000,0.0000,0.0000,0.0000,0.0000,0.0000,5.00,3.00,2.00,0.0000,0.0000,0.0000,0,0.000000
556,0.0200,0.0000,45.0000,-30.0000,0.0000,0.0000,0.0000,0.0000,0.0000,0.0000,-154.8358,-15504.2400,113.9317,0.0000,0.0000,0.0000,-0.4815,-1.7843,85.7177,0.0000,-0.1942,0.0000,0.0000,0.0000,0.0000,0.0000,0.0000,0.0000,5.00,3.00,2.00,0.0000,0.0000,0.0000,0,0.000000
556,0.0200,0.0000,45.0000,-30.0000,0.0000,0.0000,0.0000,0.0000,0.0000,0.0000,-154.8909,-15515.2700,113.9405,-2.7512,-551.6113,0.4395,2.7464,-1.7843,84.3063,0.0000,-0.1942,0.0000,0.0000,0.0000,0.0000,0.0000,0.0000,0.0000,5.00,3.00,2.00,0.0000,0.0000,0.0000,0,0.000000
557,0.0200,0.0000,45.0000,-30.0000,0.0000,0.0000,0.0000,0.0000,0.0000,0.0000,-154.9459,-15526.3000,113.9502,0.0000,0.0000,0.0000,-2.0205,-1.7843,81.9855,0.0000,-0.1942,0.0000,0.0000,0.0000,0.0000,0.0000,0.0000,0.0000,5.00,3.00,2.00,0.0000,0.0000,0.0000,0,0.000000
557,0.0200,0.0000,45.0000,-30.0000,0.0000,0.0000,0.0000,0.0000,0.0000,0.0000,-155.0009,-15537.3400,113.9610,0.0000,0.0000,0.0000,-2.9623,-1.7843,82.1515,0.0000,-0.1942,0.0000,0.0000,0.0000,0.0000,0.0000,0.0000,0.0000,5.00,3.00,2.00,0.0000,0.0000,0.0000,0,0.000000
557,0.0200,0.0000,45.0000,-30.0000,0.0000,0.0000,0.0000,0.0000,0.0000,0.0000,-155.0559,-15548.3900,113.9707,0.0000,0.0000,0.0000,1.1996,-1.7843,82.6889,0.0000,-0.1942,0.0000,0.0000,0.0000,0.0000,0.0000,0.0000,0.0000,5.00,3.00,2.00,0.0000,0.0000,0.0000,0,0.000000
557,0.0200,0.0000,45.0000,-30.0000,0.0000,0.0000,0.0000,0.0000,0.0000,0.0000,-155.1110,-15559.4400,113.9795,0.0000,0.0000,0.0000,-2.7090,-1.7843,86.3058,0.0000,-0.1942,0.0000,0.0000,0.0000,0.0000,0.0000,0.0000,0.0000,5.00,3.00,2.00,0.0000,0.0000,0.0000,0,0.000000
557,0.0200,0.0000,45.0000,-30.0000,0.0000,0.0000,0.0000,0.0000,0.0000,0.0000,-155.1660,-15570.4900,113.9883,-2.7512,-552.5879,0.4395,-1.4729,-1.7843,84.8910,0.0000,-0.1942,0.0000,0.0000,0.0000,0.0000,0.0000,0.0000,0.0000,5.00,3.00,2.00,0.0000,0.0000,0.0000,0,0.000000
558,0.0200,0.0000,45.0000,-30.0000,0.0000,0.0000,0.0000,0.0000,0.0000,0.0000,-155.2210,-15581.5400,113.9990,0.0000,0.0000,0.0000,0.9351,-1.7843,80.8665,0.0000,-0.1942,0.0000,0.0000,0.0000,0.0000,0.0000,0.0000,0.0000,5.00,3.00,2.00,0.0000,0.0000,0.0000,0,0.000000
558,0.0200,0.0000,45.0000,-30.0000,0.0000,0.0000,0.0000,0.0000,0.0000,0.0000,-155.2760,-15592.6000,114.0088,0.0000,0.0000,0.0000,-3.1065,-1.7843,83.3570,0.0000,-0.1942,0.0000,0.0000,0.0000,0.0000,0.0000,0.0000,0.0000,5.00,3.00,2.00,0.0000,0.0000,0.0000,0,0.000000
558,0.0200,0.0000,45.0000,-30.0000,0.0000,0.0000,0.0000,0.0000,0.0000,0.0000,-155.3311,-15603.6700,114.0196,0.0000,0.0000,0.0000,-2.0905,-1.7843,85.4169,0.0000,-0.1942,0.0000,0.0000,0.0000,0.0000,0.0000,0.0000,0.0000,5.00,3.00,2.00,0.0000,0.0000,0.0000,0,0.000000
558,0.0200,0.0000,45.0000,-30.0000,0.0000,0.0000,0.0000,0.0000,0.0000,0.0000,-155.3861,-15614.7400,114.0274,0.0000,0.0000,0.0000,1.5174,-1.7843,86.3616,0.0000,-0.1942,0.0000,0.0000,0.0000,0.0000,0.0000,0.0000,0.0000,5.00,3.00,2.00,0.0000,0.0000,0.0000,0,0.000000
558,0.0200,0.0000,45.0000,-30.0000,0.0000,0.0000,0.0000,0.0000,0.0000,0.0000,-155.4411,-15625.8100,114.0362,-2.7512,-553.5156,0.4395,1.4708,-1.7843,84.5045,0.0000,-0.1942,0.0000,0.0000,0.0000,0.0000,0.0000,0.0000,0.0000,5.00,3.00,2.00,0.0000,0.0000,0.0000,0,0.000000
559,0.0200,0.0000,45.0000,-30.0000,0.0000,0.0000,0.0000,0.0000,0.0000,0.0000,-155.4961,-15636.8800,114.0449,0.0000,0.0000,0.0000,-2.8174,-1.7843,83.8239,0.0000,-0.1942,0.0000,0.0000,0.0000,0.0000,0.0000,0.0000,0.0000,5.00,3.00,2.00,0.0000,0.0000,0.0000,0,0.000000
559,0.0200,0.0000,45.0000,-30.0000,0.0000,0.0000,0.0000,0.0000,0.0000,0.0000,-155.5511,-15647.9600,114.0567,0.0000,0.0000,0.0000,1.5586,-1.7843,81.9323,0.0000,-0.1942,0.0000,0.0000,0.0000,0.0000,0.0000,0.0000,0.0000,5.00,3.00,2.00,0.0000,0.0000,0.0000,0,0.000000
559,0.0200,0.0000,45.0000,-30.0000,0.0000,0.0000,0.0000,0.0000,0.0000,0.0000,-155.6062,-15659.0400,114.0655,0.0000,0.0000,0.0000,1.2837,-1.7843,87.0465,0.0000,-0.1942,0.0000,0.0000,0.0000,0.0000,0.0000,0.0000,0.0000,5.00,3.00,2.00,0.0000,0.0000,0.0000,0,0.000000
559,0.0200,0.0000,45.0000,-30.0000,0.0000,0.0000,0.0000,0.0000,0.0000,0.0000,-155.6612,-15670.1300,114.0742,0.0000,0.0000,0.0000,1.7068,-1.7843,84.5489,0.0000,-0.1942,0.0000,0.0000,0.0000,0.0000,0.0000,0.0000,0.0000,5.00,3.00,2.00,0.0000,0.0000,0.0000,0,0.000000
559,0.0200,0.0000,45.0000,-30.0000,0.0000,0.0000,0.0000,0.0000,0.0000,0.0000,-155.7162,-15681.2200,114.0830,-2.7512,-554.4434,0.4395,-0.6653,-1.7843,85.5140,0.0000,-0.1942,0.0000,0.0000,0.0000,0.0000,0.0000,0.0000,0.0000,5.00,3.00,2.00,0.0000,0.0000,0.0000,0,0.000000
560,0.0200,0.0000,45.0000,-30.0000,0.0000,0.0000,0.0000,0.0000,0.0000,0.0000,-155.7712,-15692.3200,114.0947,0.0000,0.0000,0.0000,0.0898,-1.7843,86.0363,0.0000,-0.1942,0.0000,0.0000,0.0000,0.0000,0.0000,0.0000,0.0000,5.00,3.00,2.00,0.0000,0.0000,0.0000,0,0.000000
560,0.0200,0.0000,45.0000,-30.0000,0.0000,0.0000,0.0000,0.0000,0.0000,0.0000,-155.8263,-15703.4200,114.1045,0.0000,0.0000,0.0000,0.8459,-1.7843,86.3567,0.0000,-0.1942,0.0000,0.0000,0.0000,0.0000,0.0000,0.0000,0.0000,5.00,3.00,2.00,0.0000,0.0000,0.0000,0,0.000000
560,0.0200,0.0000,45.0000,-30.0000,0.0000,0.0000,0.0000,0.0000,0.0000,0.0000,-155.8813,-15714.5200,114.1143,0.0000,0.0000,0.0000,1.5812,-1.7843,82.4887,0.0000,-0.1942,0.0000,0.0000,0.0000,0.0000,0.0000,0.0000,0.0000,5.00,3.00,2.00,0.0000,0.0000,0.0000,0,0.000000
560,0.0200,0.0000,45.0000,-30.0000,0.0000,0.0000,0.0000,0.0000,0.0000,0.0000,-155.9363,-15725.6200,114.1231,0.0000,0.0000,0.0000,0.3182,-1.7843,87.0969,0.0000,-0.1942,0.0000,0.0000,0.0000,0.0000,0.0000,0.0000,0.0000,5.00,3.00,2.00,0.0000,0.0000,0.0000,0,0.000000
560,0.0200,0.0000,45.0000,-30.0000,0.0000,0.0000,0.0000,0.0000,0.0000,0.0000,-155.9913,-15736.7300,114.1328,-2.7512,-555.5176,0.4883,-2.1177,-1.7843,82.3353,0.0000,-0.1942,0.0000,0.0000,0.0000,0.0000,0.0000,0.0000,0.0000,5.00,3.00,2.00,0.0000,0.0000,0.0000,0,0.000000
561,0.0200,0.0000,45.0000,-30.0000,0.0000,0.0000,0.0000,0.0000,0.0000,0.0000,-156.0464,-15747.8500,114.1426,0.0000,0.0000,0.0000,1.9689,-1.7843,85.6324,0.0000,-0.1942,0.0000,0.0000,0.0000,0.0000,0.0000,0.0000,0.0000,5.00,3.00,2.00,0.0000,0.0000,0.0000,0,0.000000
561,0.0200,0.0000,45.0000,-30.0000,0.0000,0.0000,0.0000,0.0000,0.0000,0.0000,-156.1014,-15758.9700,114.1514,0.0000,0.0000,0.0000,1.3859,-1.7843,83.4647,0.0000,-0.1942,0.0000,0.0000,0.0000,0.0000,0.0000,0.0000,0.0000,5.00,3.00,2.00,0.0000,0.0000,0.0000,0,0.000000
561,0.0200,0.0000,45.0000,-30.0000,0.0000,0.0000,0.0000,0.0000,0.0000,0.0000,-156.1564,-15770.0900,114.1612,0.0000,0.0000,0.0000,2.5918,-1.7843,83.6190,0.0000,-0.1942,0.0000,0.0000,0.0000,0.0000,0.0000,0.0000,0.0000,5.00,3.00,2.00,0.0000,0.0000,0.0000,0,0.000000
561,0.0200,0.0000,45.0000,-30.0000,0.0000,0.0000,0.0000,0.0000,0.0000,0.0000,-156.2114,-15781.2200,114.1709,0.0000,0.0000,0.0000,0.0754,-1.7843,81.9512,0.0000,-0.1942,0.0000,0.0000,0.0000,0.0000,0.0000,0.0000,0.0000,5.00,3.00,2.00,0.0000,0.0000,0.0000,0,0.000000
561,0.0200,0.0000,45.0000,-30.0000,0.0000,0.0000,0.0000,0.0000,0.0000,0.0000,-156.2664,-15792.3500,114.1826,-2.7512,-556.5430,0.5859,-1.9775,-1.7843,84.5845,0.0000,-0.1942,0.0000,0.0000,0.0000,0.0000,0.0000,0.0000,0.0000,5.00,3.00,2.00,0.0000,0.0000,0.0000,0,0.000000
562,0.0200,0.0000,45.0000,-30.0000,0.0000,0.0000,0.0000,0.0000,0.0000,0.0000,-156.3215,-15803.4800,114.1905,0.0000,0.0000,0.0000,2.1077,-1.7843,84.4865,0.0000,-0.1942,0.0000,0.0000,0.0000,0.0000,0.0000,0.0000,0.0000,5.00,3.00,2.00,0.0000,0.0000,0.0000,0,0.000000
562,0.0200,0.0000,45.0000,-30.0000,0.0000,0.0000,0.0000,0.0000,0.0000,0.0000,-156.3765,-15814.6200,114.1992,0.0000,0.0000,0.0000,2.1839,-1.7843,83.6429,0.0000,-0.1942,0.0000,0.0000,0.0000,0.0000,0.0000,0.0000,0.0000,5.00,3.00,2.00,0.0000,0.0000,0.0000,0,0.000000
562,0.0200,0.0000,45.0000,-30.0000,0.0000,0.0000,0.0000,0.0000,0.0000,0.0000,-156.4315,-15825.7600,114.2090,0.0000,0.0000,0.0000,-1.9584,-1.7843,81.9671,0.0000,-0.1942,0.0000,0.0000,0.0000,0.0000,0.0000,0.0000,0.0000,5.00,3.00,2.00,0.0000,0.0000,0.0000,0,0.000000
562,0.0200,0.0000,45.0000,-30.0000,0.0000,0.0000,0.0000,0.0000,0.0000,0.0000,-156.4865,-15836.9100,114.2178,0.0000,0.0000,0.0000,-1.6045,-1.7843,87.1615,0.0000,-0.1942,0.0000,0.0000,0.0000,0.0000,0.0000,0.0000,0.0000,5.00,3.00,2.00,0.0000,0.0000,0.0000,0,0.000000
562,0.0200,0.0000,45.0000,-30.0000,0.0000,0.0000,0.0000,0.0000,0.0000,0.0000,-156.5416,-15848.0600,114.2295,-2.7512,-557.4707,0.5859,-1.2762,-1.7843,82.4435,0.0000,-0.1942,0.0000,0.0000,0.0000,0.0000,0.0000,0.0000,0.0000,5.00,3.00,2.00,0.0000,0.0000,0.0000,0,0.000000
563,0.0200,0.0000,45.0000,-30.0000,0.0000,0.0000,0.0000,0.0000,0.0000,0.0000,-156.5966,-15859.2100,114.2393,0.0000,0.0000,0.0000,-0.6847,-1.7843,82.6488,0.0000,-0.1942,0.0000,0.0000,0.0000,0.0000,0.0000,0.0000,0.0000,5.00,3.00,2.00,0.0000,0.0000,0.0000,0,0.000000
563,0.0200,0.0000,45.0000,-30.0000,0.0000,0.0000,0.0000,0.0000,0.0000,0.0000,-156.6516,-15870.3700,114.2481,0.0000,0.0000,0.0000,1.5673,-1.7843,84.7902,0.0000,-0.1942,0.0000,0.0000,0.0000,0.0000,0.0000,0.0000,0.0000,5.00,3.00,2.00,0.0000,0.0000,0.0000,0,0.000000
563,0.0200,0.0000,45.0000,-30.0000,0.0000,0.0000,0.0000,0.0000,0.0000,0.0000,-156.7066,-15881.5300,114.2569,0.0000,0.0000,0.0000,-2.0896,-1.7843,86.5806,0.0000,-0.1942,0.0000,0.0000,0.0000,0.0000,0.0000,0.0000,0.0000,5.00,3.00,2.00,0.0000,0.0000,0.0000,0,0.000000
563,0.0200,0.0000,45.0000,-30.0000,0.0000,0.0000,0.0000,0.0000,0.0000,0.0000,-156.7617,-15892.7000,114.2666,0.0000,0.0000,0.0000,-3.2706,-1.7843,84.8589,0.0000,-0.1942,0.0000,0.0000,0.0000,0.0000,0.0000,0.0000,0.0000,5.00,3.00,2.00,0.0000,0.0000,0.0000,0,0.000000
563,0.0200,0.0000,45.0000,-30.0000,0.0000,0.0000,0.0000,0.0000,0.0000,0.0000,-156.8167,-15903.8700,114.2783,-2.7512,-558.4473,0.5859,-3.0099,-1.7843,83.3230,0.0000,-0.1942,0.0000,0.0000,0.0000,0.0000,0.0000,0.0000,0.0000,5.00,3.00,2.00,0.0000,0.0000,0.0000,0,0.000000
564,0.0200,0.0000,45.0000,-30.0000,0.0000,0.0000,0.0000,0.0000,0.0000,0.0000,-156.8717,-15915.0400,114.2881,0.0000,0.0000,0.0000,-1.3492,-1.7843,81.4610,0.0000,-0.1942,0.0000,0.0000,0.0000,0.0000,0.0000,0.0000,0.0000,5.00,3.00,2.00,0.0000,0.0000,0.0000,0,0.000000
564,0.0200,0.0000,45.0000,-30.0000,0.0000,0.0000,0.0000,0.0000,0.0000,0.0000,-156.9267,-15926.2200,114.2959,0.0000,0.0000,0.0000,0.4517,-1.7843,87.3699,0.0000,-0.1942,0.0000,0.0000,0.0000,0.0000,0.0000,0.0000,0.0000,5.00,3.00,2.00,0.0000,0.0000,0.0000,0,0.000000
564,0.0200,0.0000,45.0000,-30.0000,0.0000,0.0000,0.0000,0.0000,0.0000,0.0000,-156.9818,-15937.4000,114.3047,0.0000,0.0000,0.0000,-3.0285,-1.7843,85.9751,0.0000,-0.1942,0.0000,0.0000,0.0000,0.0000,0.0000,0.0000,0.0000,5.00,3.00,2.00,0.0000,0.0000,0.0000,0,0.000000
564,0.0200,0.0000,45.0000,-30.0000,0.0000,0.0000,0.0000,0.0000,0.0000,0.0000,-157.0368,-15948.5900,114.3145,0.0000,0.0000,0.0000,-2.2158,-1.7843,84.3404,0.0000,-0.1942,0.0000,0.0000,0.0000,0.0000,0.0000,0.0000,0.0000,5.00,3.00,2.00,0.0000,0.0000,0.0000,0,0.000000
564,0.0200,0.0000,45.0000,-30.0000,0.0000,0.0000,0.0000,0.0000,0.0000,0.0000,-157.0918,-15959.7800,114.3242,-2.7512,-559.5703,0.4883,-0.7363,-1.7843,81.1477,0.0000,-0.1942,0.0000,0.0000,0.0000,0.0000,0.0000,0.0000,0.0000,5.00,3.00,2.00,0.0000,0.0000,0.0000,0,0.000000
565,0.0200,0.0000,45.0000,-30.0000,0.0000,0.0000,0.0000,0.0000,0.0000,0.0000,-157.1468,-15970.9700,114.3340,0.0000,0.0000,0.0000,1.6710,-1.7843,83.2842,0.0000,-0.1942,0.0000,0.0000,0.0000,0.0000,0.0000,0.0000,0.0000,5.00,3.00,2.00,0.0000,0.0000,0.0000,0,0.000000
565,0.0200,0.0000,45.0000,-30.0000,0.0000,0.0000,0.0000,0.0000,0.0000,0.0000,-157.2018,-15982.1700,114.3447,0.0000,0.0000,0.0000,2.9780,-1.7843,85.0344,0.0000,-0.1942,0.0000,0.0000,0.0000,0.0000,0.0000,0.0000,0.0000,5.00,3.00,2.00,0.0000,0.0000,0.0000,0,0.000000
565,0.0200,0.0000,45.0000,-30.0000,0.0000,0.0000,0.0000,0.0000,0.0000,0.0000,-157.2569,-15993.3700,114.3526,0.0000,0.0000,0.0000,-1.9979,-1.7843,82.1783,0.0000,-0.1942,0.0000,0.0000,0.0000,0.0000,0.0000,0.0000,0.0000,5.00,3.00,2.00,0.0000,0.0000,0.0000,0,0.000000
565,0.0200,0.0000,45.0000,-30.0000,0.0000,0.0000,0.0000,0.0000,0.0000,0.0000,-157.3119,-16004.5800,114.3623,0.0000,0.0000,0.0000,-2.7870,-1.7843,84.5053,0.0000,-0.1942,0.0000,0.0000,0.0000,0.0000,0.0000,0.0000,0.0000,5.00,3.00,2.00,0.0000,0.0000,0.0000,0,0.000000
565,0.0200,0.0000,45.0000,-30.0000,0.0000,0.0000,0.0000,0.0000,0.0000,0.0000,-157.3669,-16015.7800,114.3731,-2.7512,-560.4492,0.5371,0.3641,-1.7843,82.0250,0.0000,-0.1942,0.0000,0.0000,0.0000,0.0000,0.0000,0.0000,0.0000,5.00,3.00,2.00,0.0000,0.0000,0.0000,0,0.000000
566,0.0200,0.0000,45.0000,-30.0000,0.0000,0.0000,0.0000,0.0000,0.0000,0.0000,-157.4219,-16027.0000,114.3819,0.0000,0.0000,0.0000,-3.1447,-1.7843,84.2151,0.0000,-0.1942,0.0000,0.0000,0.0000,0.0000,0.0000,0.0000,0.0000,5.00,3.00,2.00,0.0000,0.0000,0.0000,0,0.000000
566,0.0200,0.0000,45.0000,-30.0000,0.0000,0.0000,0.0000,0.0000,0.0000,0.0000,-157.4770,-16038.2100,114.3916,0.0000,0.0000,0.0000,2.6072,-1.7843,81.9107,0.0000,-0.1942,0.0000,0.0000,0.0000,0.0000,0.0000,0.0000,0.0000,5.00,3.00,2.00,0.0000,0.0000,0.0000,0,0.000000
566,0.0200,0.0000,45.0000,-30.0000,0.0000,0.0000,0.0000,0.0000,0.0000,0.0000,-157.5320,-16049.4300,114.4014,0.0000,0.0000,0.0000,1.4641,-1.7843,84.3887,0.0000,-0.1942,0.0000,0.0000,0.0000,0.0000,0.0000,0.0000,0.0000,5.00,3.00,2.00,0.0000,0.0000,0.0000,0,0.000000
566,0.0200,0.0000,45.0000,-30.0000,0.0000,0.0000,0.0000,0.0000,0.0000,0.0000,-157.5870,-16060.6600,114.4102,0.0000,0.0000,0.0000,-2.0278,-1.7843,82.8501,0.0000,-0.1942,0.0000,0.0000,0.0000,0.0000,0.0000,0.0000,0.0000,5.00,3.00,2.00,0.0000,0.0000,0.0000,0,0.000000
566,0.0200,0.0000,45.0000,-30.0000,0.0000,0.0000,0.0000,0.0000,0.0000,0.0000,-157.6420,-16071.8900,114.4219,-2.7512,-561.4746,0.5859,2.5921,-1.7843,81.9197,0.0000,-0.1942,0.0000,0.0000,0.0000,0.0000,0.0000,0.0000,0.0000,5.00,3.00,2.00,0.0000,0.0000,0.0000,0,0.000000
567,0.0200,0.0000,45.0000,-30.0000,0.0000,0.0000,0.0000,0.0000,0.0000,0.0000,-157.6971,-16083.1200,114.4297,0.0000,0.0000,0.0000,-0.6354,-1.7843,85.7077,0.0000,-0.1942,0.0000,0.0000,0.0000,0.0000,0.0000,0.0000,0.0000,5.00,3.00,2.00,0.0000,0.0000,0.0000,0,0.000000
567,0.0200,0.0000,45.0000,-30.0000,0.0000,0.0000,0.0000,0.0000,0.0000,0.0000,-157.7521,-16094.3600,114.4395,0.0000,0.0000,0.0000,-2.2259,-1.7843,81.8397,0.0000,-0.1942,0.0000,0.0000,0.0000,0.0000,0.0000,0.0000,0.0000,5.00,3.00,2.00,0.0000,0.0000,0.0000,0,0.000000
567,0.0200,0.0000,45.0000,-30.0000,0.0000,0.0000,0.0000,0.0000,0.0000,0.0000,-157.8071,-16105.6000,114.4492,0.0000,0.0000,0.0000,-0.7506,-1.7843,87.2821,0.0000,-0.1942,0.0000,0.0000,0.0000,0.0000,0.0000,0.0000,0.0000,5.00,3.00,2.00,0.0000,0.0000,0.0000,0,0.000000
567,0.0200,0.0000,45.0000,-30.0000,0.0000,0.0000,0.0000,0.0000,0.0000,0.0000,-157.8621,-16116.8400,114.4590,0.0000,0.0000,0.0000,-1.8630,-1.7843,83.1444,0.0000,-0.1942,0.0000,0.0000,0.0000,0.0000,0.0000,0.0000,0.0000,5.00,3.00,2.00,0.0000,0.0000,0.0000,0,0.000000
567,0.0200,0.0000,45.0000,-30.0000,0.0000,0.0000,0.0000,0.0000,0.0000,0.0000,-157.9171,-16128.0900,114.4678,-2.7512,-562.3535,0.4395,0.0033,-1.7843,82.2184,0.0000,-0.1942,0.0000,0.0000,0.0000,0.0000,0.0000,0.0000,0.0000,5.00,3.00,2.00,0.0000,0.0000,0.0000,0,0.000000
568,0.0200,0.0000,45.0000,-30.0000,0.0000,0.0000,0.0000,0.0000,0.0000,0.0000,-157.9722,-16139.3400,114.4776,0.0000,0.0000,0.0000,-1.1723,-1.7843,82.9570,0.0000,-0.1942,0.0000,0.0000,0.0000,0.0000,0.0000,0.0000,0.0000,5.00,3.00,2.00,0.0000,0.0000,0.0000,0,0.000000
568,0.0200,0.0000,45.0000,-30.0000,0.0000,0.0000,0.0000,0.0000,0.0000,0.0000,-158.0272,-16150.6000,114.4873,0.0000,0.0000,0.0000,0.9158,-1.7843,85.4951,0.0000,-0.1942,0.0000,0.0000,0.0000,0.0000,0.0000,0.0000,0.0000,5.00,3.00,2.00,0.0000,0.0000,0.0000,0,0.000000
568,0.0200,0.0000,45.0000,-30.0000,0.0000,0.0000,0.0000,0.0000,0.0000,0.0000,-158.0822,-16161.8600,114.4971,0.0000,0.0000,0.0000,-3.0915,-1.7843,84.1008,0.0000,-0.1942,0.0000,0.0000,0.0000,0.0000,0.0000,0.0000,0.0000,5.00,3.00,2.00,0.0000,0.0000,0.0000,0,0.000000
568,0.0200,0.0000,45.0000,-30.0000,0.0000,0.0000,0.0000,0.0000,0.0000,0.0000,-158.1372,-16173.1200,114.5069,0.0000,0.0000,0.0000,-2.5712,-1.7843,82.4287,0.0000,-0.1942,0.0000,0.0000,0.0000,0.0000,0.0000,0.0000,0.0000,5.00,3.00,2.00,0.0000,0.0000,0.0000,0,0.000000
568,0.0200,0.0000,45.0000,-30.0000,0.0000,0.0000,0.0000,0.0000,0.0000,0.0000,-158.1923,-16184.3900,114.5156,-2.7512,-563.3789,0.4395,-0.4829,-1.7843,86.9310,0.0000,-0.1942,0.0000,0.0000,0.0000,0.0000,0.0000,0.0000,0.0000,5.00,3.00,2.00,0.0000,0.0000,0.0000,0,0.000000
569,0.0200,0.0000,45.0000,-30.0000,0.0000,0.0000,0.0000,0.0000,0.0000,0.0000,-158.2473,-16195.6600,114.5254,0.0000,0.0000,0.0000,-2.3068,-1.7843,85.7563,0.0000,-0.1942,0.0000,0.0000,0.0000,0.0000,0.0000,0.0000,0.0000,5.00,3.00,2.00,0.0000,0.0000,0.0000,0,0.000000
569,0.0200,0.0000,45.0000,-30.0000,0.0000,0.0000,0.0000,0.0000,0.0000,0.0000,-158.3023,-16206.9300,114.5342,0.0000,0.0000,0.0000,0.9116,-1.7843,81.0942,0.0000,-0.1942,0.0000,0.0000,0.0000,0.0000,0.0000,0.0000,0.0000,5.00,3.00,2.00,0.0000,0.0000,0.0000,0,0.000000
569,0.0200,0.0000,45.0000,-30.0000,0.0000,0.0000,0.0000,0.0000,0.0000,0.0000,-158.3573,-16218.2100,114.5440,0.0000,0.0000,0.0000,2.7122,-1.7843,86.0163,0.0000,-0.1942,0.0000,0.0000,0.0000,0.0000,0.0000,0.0000,0.0000,5.00,3.00,2.00,0.0000,0.0000,0.0000,0,0.000000
569,0.0200,0.0000,45.0000,-30.0000,0.0000,0.0000,0.0000,0.0000,0.0000,0.0000,-158.4124,-16229.5000,114.5547,0.0000,0.0000,0.0000,0.7404,-1.7843,81.0647,0.0000,-0.1942,0.0000,0.0000,0.0000,0.0000,0.0000,0.0000,0.0000,5.00,3.00,2.00,0.0000,0.0000,0.0000,0,0.000000
569,0.0200,0.0000,45.0000,-30.0000,0.0000,0.0000,0.0000,0.0000,0.0000,0.0000,-158.4674,-16240.7800,114.5645,-2.7512,-564.2578,0.4883,1.3301,-1.7843,83.1952,0.0000,-0.1942,0.0000,0.0000,0.0000,0.0000,0.0000,0.0000,0.0000,5.00,3.00,2.00,0.0000,0.0000,0.0000,0,0.000000
570,0.0200,0.0000,45.0000,-30.0000,0.0000,0.0000,0.0000,0.0000,0.0000,0.0000,-158.5224,-16252.0700,114.5742,0.0000,0.0000,0.0000,2.6959,-1.7843,84.5986,0.0000,-0.1942,0.0000,0.0000,0.0000,0.0000,0.0000,0.0000,0.0000,5.00,3.00,2.00,0.0000,0.0000,0.0000,0,0.000000
570,0.0200,0.0000,45.0000,-30.0000,0.0000,0.0000,0.0000,0.0000,0.0000,0.0000,-158.5774,-16263.3700,114.5840,0.0000,0.0000,0.0000,-3.0643,-1.7843,83.9008,0.0000,-0.1942,0.0000,0.0000,0.0000,0.0000,0.0000,0.0000,0.0000,5.00,3.00,2.00,0.0000,0.0000,0.0000,0,0.000000
570,0.0200,0.0000,45.0000,-30.0000,0.0000,0.0000,0.0000,0.0000,0.0000,0.0000,-158.6324,-16274.6700,114.5918,0.0000,0.0000,0.0000,1.8279,-1.7843,86.7239,0.0000,-0.1942,0.0000,0.0000,0.0000,0.0000,0.0000,0.0000,0.0000,5.00,3.00,2.00,0.0000,0.0000,0.0000,0,0.000000
570,0.0200,0.0000,45.0000,-30.0000,0.0000,0.0000,0.0000,0.0000,0.0000,0.0000,-158.6875,-16285.9700,114.6016,0.0000,0.0000,0.0000,-0.5552,-1.7843,82.5324,0.0000,-0.1942,0.0000,0.0000,0.0000,0.0000,0.0000,0.0000,0.0000,5.00,3.00,2.00,0.0000,0.0000,0.0000,0,0.000000
570,0.0200,0.0000,45.0000,-30.0000,0.0000,0.0000,0.0000,0.0000,0.0000,0.0000,-158.7425,-16297.2800,114.6114,-2.7512,-565.3320,0.4883,1.9995,-1.7843,85.2664,0.0000,-0.1942,0.0000,0.0000,0.0000,0.0000,0.0000,0.0000,0.0000,5.00,3.00,2.00,0.0000,0.0000,0.0000,0,0.000000
571,0.0200,0.0000,45.0000,-30.0000,0.0000,0.0000,0.0000,0.0000,0.0000,0.0000,-158.7975,-16308.5900,114.6221,0.0000,0.0000,0.0000,-1.6493,-1.7843,85.3123,0.0000,-0.1942,0.0000,0.0000,0.0000,0.0000,0.0000,0.0000,0.0000,5.00,3.00,2.00,0.0000,0.0000,0.0000,0,0.000000
571,0.0200,0.0000,45.0000,-30.0000,0.0000,0.0000,0.0000,0.0000,0.0000,0.0000,-158.8525,-16319.9000,114.6319,0.0000,0.0000,0.0000,1.2336,-1.7843,86.5698,0.0000,-0.1942,0.0000,0.0000,0.0000,0.0000,0.0000,0.0000,0.0000,5.00,3.00,2.00,0.0000,0.0000,0.0000,0,0.000000
571,0.0200,0.0000,45.0000,-30.0000,0.0000,0.0000,0.0000,0.0000,0.0000,0.0000,-158.9076,-16331.2200,114.6406,0.0000,0.0000,0.0000,0.4602,-1.7843,86.4234,0.0000,-0.1942,0.0000,0.0000,0.0000,0.0000,0.0000,0.0000,0.0000,5.00,3.00,2.00,0.0000,0.0000,0.0000,0,0.000000
571,0.0200,0.0000,45.0000,-30.0000,0.0000,0.0000,0.0000,0.0000,0.0000,0.0000,-158.9626,-16342.5400,114.6504,0.0000,0.0000,0.0000,-1.8646,-1.7843,83.3405,0.0000,-0.1942,0.0000,0.0000,0.0000,0.0000,0.0000,0.0000,0.0000,5.00,3.00,2.00,0.0000,0.0000,0.0000,0,0.000000
571,0.0200,0.0000,45.0000,-30.0000,0.0000,0.0000,0.0000,0.0000,0.0000,0.0000,-159.0176,-16353.8700,114.6612,-2.7512,-566.2109,0.5371,-2.9488,-1.7843,82.4429,0.0000,-0.1942,0.0000,0.0000,0.0000,0.0000,0.0000,0.0000,0.0000,5.00,3.00,2.00,0.0000,0.0000,0.0000,0,0.000000
572,0.0200,0.0000,45.0000,-30.0000,0.0000,0.0000,0.0000,0.0000,0.0000,0.0000,-159.0726,-16365.2000,114.6690,0.0000,0.0000,0.0000,-2.9026,-1.7843,83.6484,0.0000,-0.1942,0.0000,0.0000,0.0000,0.0000,0.0000,0.0000,0.0000,5.00,3.00,2.00,0.0000,0.0000,0.0000,0,0.000000
572,0.0200,0.0000,45.0000,-30.0000,0.0000,0.0000,0.0000,0.0000,0.0000,0.0000,-159.1277,-16376.5300,114.6787,0.0000,0.0000,0.0000,-1.5090,-1.7843,81.0449,0.0000,-0.1942,0.0000,0.0000,0.0000,0.0000,0.0000,0.0000,0.0000,5.00,3.00,2.00,0.0000,0.0000,0.0000,0,0.000000
572,0.0200,0.0000,45.0000,-30.0000,0.0000,0.0000,0.0000,0.0000,0.0000,0.0000,-159.1827,-16387.8700,114.6885,0.0000,0.0000,0.0000,0.0638,-1.7843,81.2864,0.0000,-0.1942,0.0000,0.0000,0.0000,0.0000,0.0000,0.0000,0.0000,5.00,3.00,2.00,0.0000,0.0000,0.0000,0,0.000000
572,0.0200,0.0000,45.0000,-30.0000,0.0000,0.0000,0.0000,0.0000,0.0000,0.0000,-159.2377,-16399.2100,114.6983,0.0000,0.0000,0.0000,2.3732,-1.7843,85.3186,0.0000,-0.1942,0.0000,0.0000,0.0000,0.0000,0.0000,0.0000,0.0000,5.00,3.00,2.00,0.0000,0.0000,0.0000,0,0.000000
572,0.0200,0.0000,45.0000,-30.0000,0.0000,0.0000,0.0000,0.0000,0.0000,0.0000,-159.2927,-16410.5600,114.7090,-2.7512,-567.3828,0.5371,2.2598,-1.7843,86.4145,0.0000,-0.1942,0.0000,0.0000,0.0000,0.0000,0.0000,0.0000,0.0000,5.00,3.00,2.00,0.0000,0.0000,0.0000,0,0.000000
573,0.0200,0.0000,45.0000,-30.0000,0.0000,0.0000,0.0000,0.0000,0.0000,0.0000,-159.3477,-16421.9100,114.7178,0.0000,0.0000,0.0000,3.2064,-1.7843,84.2241,0.0000,-0.1942,0.0000,0.0000,0.0000,0.0000,0.0000,0.0000,0.0000,5.00,3.00,2.00,0.0000,0.0000,0.0000,0,0.000000
573,0.0200,0.0000,45.0000,-30.0000,0.0000,0.0000,0.0000,0.0000,0.0000,0.0000,-159.4028,-16433.2600,114.7276,0.0000,0.0000,0.0000,1.6799,-1.7843,84.7374,0.0000,-0.1942,0.0000,0.0000,0.0000,0.0000,0.0000,0.0000,0.0000,5.00,3.00,2.00,0.0000,0.0000,0.0000,0,0.000000
573,0.0200,0.0000,45.0000,-30.0000,0.0000,0.0000,0.0000,0.0000,0.0000,0.0000,-159.4578,-16444.6200,114.7373,0.0000,0.0000,0.0000,2.0020,-1.7843,82.5815,0.0000,-0.1942,0.0000,0.0000,0.0000,0.0000,0.0000,0.0000,0.0000,5.00,3.00,2.00,0.0000,0.0000,0.0000,0,0.000000
573,0.0200,0.0000,45.0000,-30.0000,0.0000,0.0000,0.0000,0.0000,0.0000,0.0000,-159.5128,-16455.9800,114.7471,0.0000,0.0000,0.0000,0.9866,-1.7843,82.0466,0.0000,-0.1942,0.0000,0.0000,0.0000,0.0000,0.0000,0.0000,0.0000,5.00,3.00,2.00,0.0000,0.0000,0.0000,0,0.000000
573,0.0200,0.0000,45.0000,-30.0000,0.0000,0.0000,0.0000,0.0000,0.0000,0.0000,-159.5678,-16467.3500,114.7559,-2.7512,-568.3594,0.4395,-2.0947,-1.7843,84.4876,0.0000,-0.1942,0.0000,0.0000,0.0000,0.0000,0.0000,0.0000,0.0000,5.00,3.00,2.00,0.0000,0.0000,0.0000,0,0.000000
574,0.0200,0.0000,45.0000,-30.0000,0.0000,0.0000,0.0000,0.0000,0.0000,0.0000,-159.6229,-16478.7200,114.7656,0.0000,0.0000,0.0000,-1.8266,-1.7843,85.1532,0.0000,-0.1942,0.0000,0.0000,0.0000,0.0000,0.0000,0.0000,0.0000,5.00,3.00,2.00,0.0000,0.0000,0.0000,0,0.000000
574,0.0200,0.0000,45.0000,-30.0000,0.0000,0.0000,0.0000,0.0000,0.0000,0.0000,-159.6779,-16490.0900,114.7744,0.0000,0.0000,0.0000,0.4891,-1.7843,81.6887,0.0000,-0.1942,0.0000,0.0000,0.0000,0.0000,0.0000,0.0000,0.0000,5.00,3.00,2.00,0.0000,0.0000,0.0000,0,0.000000
574,0.0200,0.0000,45.0000,-30.0000,0.0000,0.0000,0.0000,0.0000,0.0000,0.0000,-159.7329,-16501.4700,114.7842,0.0000,0.0000,0.0000,-2.4644,-1.7843,82.3135,0.0000,-0.1942,0.0000,0.0000,0.0000,0.0000,0.0000,0.0000,0.0000,5.00,3.00,2.00,0.0000,0.0000,0.0000,0,0.000000
574,0.0200,0.0000,45.0000,-30.0000,0.0000,0.0000,0.0000,0.0000,0.0000,0.0000,-159.7879,-16512.8500,114.7959,0.0000,0.0000,0.0000,0.7570,-1.7843,82.6848,0.0000,-0.1942,0.0000,0.0000,0.0000,0.0000,0.0000,0.0000,0.0000,5.00,3.00,2.00,0.0000,0.0000,0.0000,0,0.000000
574,0.0200,0.0000,45.0000,-30.0000,0.0000,0.0000,0.0000,0.0000,0.0000,0.0000,-159.8430,-16524.2300,114.8047,-2.7512,-569.2383,0.4395,0.1077,-1.7843,87.3789,0.0000,-0.1942,0.0000,0.0000,0.0000,0.0000,0.0000,0.0000,0.0000,5.00,3.00,2.00,0.0000,0.0000,0.0000,0,0.000000
575,0.0200,0.0000,45.0000,-30.0000,0.0000,0.0000,0.0000,0.0000,0.0000,0.0000,-159.8980,-16535.6200,114.8135,0.0000,0.0000,0.0000,0.3133,-1.7843,81.2644,0.0000,-0.1942,0.0000,0.0000,0.0000,0.0000,0.0000,0.0000,0.0000,5.00,3.00,2.00,0.0000,0.0000,0.0000,0,0.000000
575,0.0200,0.0000,45.0000,-30.0000,0.0000,0.0000,0.0000,0.0000,0.0000,0.0000,-159.9530,-16547.0100,114.8233,0.0000,0.0000,0.0000,-2.0922,-1.7843,82.1337,0.0000,-0.1942,0.0000,0.0000,0.0000,0.0000,0.0000,0.0000,0.0000,5.00,3.00,2.00,0.0000,0.0000,0.0000,0,0.000000
575,0.0200,0.0000,45.0000,-30.0000,0.0000,0.0000,0.0000,0.0000,0.0000,0.0000,-160.0080,-16558.4100,114.8330,0.0000,0.0000,0.0000,-1.2126,-1.7843,86.3893,0.0000,-0.1942,0.0000,0.0000,0.0000,0.0000,0.0000,0.0000,0.0000,5.00,3.00,2.00,0.0000,0.0000,0.0000,0,0.000000
575,0.0200,0.0000,45.0000,-30.0000,0.0000,0.0000,0.0000,0.0000,0.0000,0.0000,-160.0630,-16569.8100,114.8408,0.0000,0.0000,0.0000,-1.6546,-1.7843,84.2856,0.0000,-0.1942,0.0000,0.0000,0.0000,0.0000,0.0000,0.0000,0.0000,5.00,3.00,2.00,0.0000,0.0000,0.0000,0,0.000000
575,0.0200,0.0000,45.0000,-30.0000,0.0000,0.0000,0.0000,0.0000,0.0000,0.0000,-160.1181,-16581.2100,114.8516,-2.7512,-570.1172,0.5371,2.0742,-1.7843,85.0540,0.0000,-0.1942,0.0000,0.0000,0.0000,0.0000,0.0000,0.0000,0.0000,5.00,3.00,2.00,0.0000,0.0000,0.0000,0,0.000000
576,0.0200,0.0000,45.0000,-30.0000,0.0000,0.0000,0.0000,0.0000,0.0000,0.0000,-160.1731,-16592.6300,114.8614,0.0000,0.0000,0.0000,0.8342,-1.7843,87.2947,0.0000,-0.1942,0.0000,0.0000,0.0000,0.0000,0.0000,0.0000,0.0000,5.00,3.00,2.00,0.0000,0.0000,0.0000,0,0.000000
576,0.0200,0.0000,45.0000,-30.0000,0.0000,0.0000,0.0000,0.0000,0.0000,0.0000,-160.2281,-16604.0400,114.8721,0.0000,0.0000,0.0000,1.9418,-1.7843,85.3027,0.0000,-0.1942,0.0000,0.0000,0.0000,0.0000,0.0000,0.0000,0.0000,5.00,3.00,2.00,0.0000,0.0000,0.0000,0,0.000000
576,0.0200,0.0000,45.0000,-30.0000,0.0000,0.0000,0.0000,0.0000,0.0000,0.0000,-160.2831,-16615.4500,114.8809,0.0000,0.0000,0.0000,2.8828,-1.7843,82.6603,0.0000,-0.1942,0.0000,0.0000,0.0000,0.0000,0.0000,0.0000,0.0000,5.00,3.00,2.00,0.0000,0.0000,0.0000,0,0.000000
576,0.0200,0.0000,45.0000,-30.0000,0.0000,0.0000,0.0000,0.0000,0.0000,0.0000,-160.3382,-16626.8700,114.8897,0.0000,0.0000,0.0000,-0.9887,-1.7843,80.7327,0.0000,-0.1942,0.0000,0.0000,0.0000,0.0000,0.0000,0.0000,0.0000,5.00,3.00,2.00,0.0000,0.0000,0.0000,0,0.000000
576,0.0200,0.0000,45.0000,-30.0000,0.0000,0.0000,0.0000,0.0000,0.0000,0.0000,-160.3932,-16638.3000,114.9004,-2.7512,-571.2891,0.5371,-1.8847,-1.7843,82.6201,0.0000,-0.1942,0.0000,0.0000,0.0000,0.0000,0.0000,0.0000,0.0000,5.00,3.00,2.00,0.0000,0.0000,0.0000,0,0.000000
577,0.0200,0.0000,45.0000,-30.0000,0.0000,0.0000,0.0000,0.0000,0.0000,0.0000,-160.4482,-16649.7200,114.9092,0.0000,0.0000,0.0000,1.4389,-1.7843,85.1024,0.0000,-0.1942,0.0000,0.0000,0.0000,0.0000,0.0000,0.0000,0.0000,5.00,3.00,2.00,0.0000,0.0000,0.0000,0,0.000000
577,0.0200,0.0000,45.0000,-30.0000,0.0000,0.0000,0.0000,0.0000,0.0000,0.0000,-160.5032,-16661.1600,114.9199,0.0000,0.0000,0.0000,-0.3963,-1.7843,86.4395,0.0000,-0.1942,0.0000,0.0000,0.0000,0.0000,0.0000,0.0000,0.0000,5.00,3.00,2.00,0.0000,0.0000,0.0000,0,0.000000
577,0.0200,0.0000,45.0000,-30.0000,0.0000,0.0000,0.0000,0.0000,0.0000,0.0000,-160.5583,-16672.5900,114.9287,0.0000,0.0000,0.0000,2.9674,-1.7843,85.4014,0.0000,-0.1942,0.0000,0.0000,0.0000,0.0000,0.0000,0.0000,0.0000,5.00,3.00,2.00,0.0000,0.0000,0.0000,0,0.000000
577,0.0200,0.0000,45.0000,-30.0000,0.0000,0.0000,0.0000,0.0000,0.0000,0.0000,-160.6133,-16684.0300,114.9385,0.0000,0.0000,0.0000,2.2124,-1.7843,84.1279,0.0000,-0.1942,0.0000,0.0000,0.0000,0.0000,0.0000,0.0000,0.0000,5.00,3.00,2.00,0.0000,0.0000,0.0000,0,0.000000
577,0.0200,0.0000,45.0000,-30.0000,0.0000,0.0000,0.0000,0.0000,0.0000,0.0000,-160.6683,-16695.4800,114.9483,-2.7512,-572.3633,0.4883,0.1543,-1.7843,81.6213,0.0000,-0.1942,0.0000,0.0000,0.0000,0.0000,0.0000,0.0000,0.0000,5.00,3.00,2.00,0.0000,0.0000,0.0000,0,0.000000
578,0.0200,0.0000,45.0000,-30.0000,0.0000,0.0000,0.0000,0.0000,0.0000,0.0000,-160.7233,-16706.9300,114.9590,0.0000,0.0000,0.0000,-2.7974,-1.7843,82.6980,0.0000,-0.1942,0.0000,0.0000,0.0000,0.0000,0.0000,0.0000,0.0000,5.00,3.00,2.00,0.0000,0.0000,0.0000,0,0.000000
578,0.0200,0.0000,45.0000,-30.0000,0.0000,0.0000,0.0000,0.0000,0.0000,0.0000,-160.7784,-16718.3800,114.9678,0.0000,0.0000,0.0000,1.2342,-1.7843,83.1551,0.0000,-0.1942,0.0000,0.0000,0.0000,0.0000,0.0000,0.0000,0.0000,5.00,3.00,2.00,0.0000,0.0000,0.0000,0,0.000000
578,0.0200,0.0000,45.0000,-30.0000,0.0000,0.0000,0.0000,0.0000,0.0000,0.0000,-160.8334,-16729.8400,114.9766,0.0000,0.0000,0.0000,0.7500,-1.7843,85.4028,0.0000,-0.1942,0.0000,0.0000,0.0000,0.0000,0.0000,0.0000,0.0000,5.00,3.00,2.00,0.0000,0.0000,0.0000,0,0.000000
578,0.0200,0.0000,45.0000,-30.0000,0.0000,0.0000,0.0000,0.0000,0.0000,0.0000,-160.8884,-16741.3000,114.9854,0.0000,0.0000,0.0000,0.4874,-1.7843,82.1529,0.0000,-0.1942,0.0000,0.0000,0.0000,0.0000,0.0000,0.0000,0.0000,5.00,3.00,2.00,0.0000,0.0000,0.0000,0,0.000000
578,0.0200,0.0000,45.0000,-30.0000,0.0000,0.0000,0.0000,0.0000,0.0000,0.0000,-160.9434,-16752.7600,114.9942,-2.7512,-573.2422,0.4395,-2.3711,-1.7843,86.2735,0.0000,-0.1942,0.0000,0.0000,0.0000,0.0000,0.0000,0.0000,0.0000,5.00,3.00,2.00,0.0000,0.0000,0.0000,0,0.000000
579,0.0200,0.0000,45.0000,-30.0000,0.0000,0.0000,0.0000,0.0000,0.0000,0.0000,-160.9984,-16764.2300,115.0059,0.0000,0.0000,0.0000,0.5837,-1.7843,80.9930,0.0000,-0.1942,0.0000,0.0000,0.0000,0.0000,0.0000,0.0000,0.0000,5.00,3.00,2.00,0.0000,0.0000,0.0000,0,0.000000
579,0.0200,0.0000,45.0000,-30.0000,0.0000,0.0000,0.0000,0.0000,0.0000,0.0000,-161.0535,-16775.7000,115.0147,0.0000,0.0000,0.0000,-1.8741,-1.7843,81.3227,0.0000,-0.1942,0.0000,0.0000,0.0000,0.0000,0.0000,0.0000,0.0000,5.00,3.00,2.00,0.0000,0.0000,0.0000,0,0.000000
579,0.0200,0.0000,45.0000,-30.0000,0.0000,0.0000,0.0000,0.0000,0.0000,0.0000,-161.1085,-16787.1800,115.0254,0.0000,0.0000,0.0000,-3.0304,-1.7843,82.6571,0.0000,-0.1942,0.0000,0.0000,0.0000,0.0000,0.0000,0.0000,0.0000,5.00,3.00,2.00,0.0000,0.0000,0.0000,0,0.000000
579,0.0200,0.0000,45.0000,-30.0000,0.0000,0.0000,0.0000,0.0000,0.0000,0.0000,-161.1635,-16798.6600,115.0342,0.0000,0.0000,0.0000,0.9000,-1.7843,85.8622,0.0000,-0.1942,0.0000,0.0000,0.0000,0.0000,0.0000,0.0000,0.0000,5.00,3.00,2.00,0.0000,0.0000,0.0000,0,0.000000
579,0.0200,0.0000,45.0000,-30.0000,0.0000,0.0000,0.0000,0.0000,0.0000,0.0000,-161.2185,-16810.1400,115.0440,-2.7512,-574.1211,0.4883,-2.5471,-1.7843,84.4190,0.0000,-0.1942,0.0000,0.0000,0.0000,0.0000,0.0000,0.0000,0.0000,5.00,3.00,2.00,0.0000,0.0000,0.0000,0,0.000000
580,0.0200,0.0000,45.0000,-30.0000,0.0000,0.0000,0.0000,0.0000,0.0000,0.0000,-161.2736,-16821.6300,115.0518,0.0000,0.0000,0.0000,2.2811,-1.7843,84.9898,0.0000,-0.1942,0.0000,0.0000,0.0000,0.0000,0.0000,0.0000,0.0000,5.00,3.00,2.00,0.0000,0.0000,0.0000,0,0.000000
580,0.0200,0.0000,45.0000,-30.0000,0.0000,0.0000,0.0000,0.0000,0.0000,0.0000,-161.3286,-16833.1300,115.0625,0.0000,0.0000,0.0000,-1.3010,-1.7843,82.1894,0.0000,-0.1942,0.0000,0.0000,0.0000,0.0000,0.0000,0.0000,0.0000,5.00,3.00,2.00,0.0000,0.0000,0.0000,0,0.000000
580,0.0200,0.0000,45.0000,-30.0000,0.0000,0.0000,0.0000,0.0000,0.0000,0.0000,-161.3836,-16844.6200,115.0723,0.0000,0.0000,0.0000,-3.3145,-1.7843,83.5989,0.0000,-0.1942,0.0000,0.0000,0.0000,0.0000,0.0000,0.0000,0.0000,5.00,3.00,2.00,0.0000,0.0000,0.0000,0,0.000000
580,0.0200,0.0000,45.0000,-30.0000,0.0000,0.0000,0.0000,0.0000,0.0000,0.0000,-161.4386,-16856.1200,115.0821,0.0000,0.0000,0.0000,1.9877,-1.7843,82.0936,0.0000,-0.1942,0.0000,0.0000,0.0000,0.0000,0.0000,0.0000,0.0000,5.00,3.00,2.00,0.0000,0.0000,0.0000,0,0.000000
580,0.0200,0.0000,45.0000,-30.0000,0.0000,0.0000,0.0000,0.0000,0.0000,0.0000,-161.4937,-16867.6300,115.0918,-2.7512,-575.1953,0.4883,-3.2409,-1.7843,83.0804,0.0000,-0.1942,0.0000,0.0000,0.0000,0.0000,0.0000,0.0000,0.0000,5.00,3.00,2.00,0.0000,0.0000,0.0000,0,0.000000
581,0.0200,0.0000,45.0000,-30.0000,0.0000,0.0000,0.0000,0.0000,0.0000,0.0000,-161.5487,-16879.1300,115.1006,0.0000,0.0000,0.0000,2.6843,-1.7843,85.3157,0.0000,-0.1942,0.0000,0.0000,0.0000,0.0000,0.0000,0.0000,0.0000,5.00,3.00,2.00,0.0000,0.0000,0.0000,0,0.000000
581,0.0200,0.0000,45.0000,-30.0000,0.0000,0.0000,0.0000,0.0000,0.0000,0.0000,-161.6037,-16890.6400,115.1114,0.0000,0.0000,0.0000,-3.3023,-1.7843,84.7377,0.0000,-0.1942,0.0000,0.0000,0.0000,0.0000,0.0000,0.0000,0.0000,5.00,3.00,2.00,0.0000,0.0000,0.0000,0,0.000000
581,0.0200,0.0000,45.0000,-30.0000,0.0000,0.0000,0.0000,0.0000,0.0000,0.0000,-161.6587,-16902.1600,115.1201,0.0000,0.0000,0.0000,2.6871,-1.7843,85.2727,0.0000,-0.1942,0.0000,0.0000,0.0000,0.0000,0.0000,0.0000,0.0000,5.00,3.00,2.00,0.0000,0.0000,0.0000,0,0.000000
581,0.0200,0.0000,45.0000,-30.0000,0.0000,0.0000,0.0000,0.0000,0.0000,0.0000,-161.7137,-16913.6800,115.1299,0.0000,0.0000,0.0000,2.7635,-1.7843,82.1497,0.0000,-0.1942,0.0000,0.0000,0.0000,0.0000,0.0000,0.0000,0.0000,5.00,3.00,2.00,0.0000,0.0000,0.0000,0,0.000000
581,0.0200,0.0000,45.0000,-30.0000,0.0000,0.0000,0.0000,0.0000,0.0000,0.0000,-161.7688,-16925.2000,115.1397,-2.7512,-576.1719,0.4883,-1.4499,-1.7843,81.7345,0.0000,-0.1942,0.0000,0.0000,0.0000,0.0000,0.0000,0.0000,0.0000,5.00,3.00,2.00,0.0000,0.0000,0.0000,0,0.000000
582,0.0200,0.0000,45.0000,-30.0000,0.0000,0.0000,0.0000,0.0000,0.0000,0.0000,-161.8238,-16936.7300,115.1494,0.0000,0.0000,0.0000,-0.2354,-1.7843,85.9172,0.0000,-0.1942,0.0000,0.0000,0.0000,0.0000,0.0000,0.0000,0.0000,5.00,3.00,2.00,0.0000,0.0000,0.0000,0,0.000000
582,0.0200,0.0000,45.0000,-30.0000,0.0000,0.0000,0.0000,0.0000,0.0000,0.0000,-161.8788,-16948.2600,115.1582,0.0000,0.0000,0.0000,1.7086,-1.7843,82.1967,0.0000,-0.1942,0.0000,0.0000,0.0000,0.0000,0.0000,0.0000,0.0000,5.00,3.00,2.00,0.0000,0.0000,0.0000,0,0.000000
582,0.0200,0.0000,45.0000,-30.0000,0.0000,0.0000,0.0000,0.0000,0.0000,0.0000,-161.9338,-16959.8000,115.1680,0.0000,0.0000,0.0000,-2.2230,-1.7843,84.3123,0.0000,-0.1942,0.0000,0.0000,0.0000,0.0000,0.0000,0.0000,0.0000,5.00,3.00,2.00,0.0000,0.0000,0.0000,0,0.000000
582,0.0200,0.0000,45.0000,-30.0000,0.0000,0.0000,0.0000,0.0000,0.0000,0.0000,-161.9889,-16971.3400,115.1778,0.0000,0.0000,0.0000,-2.0175,-1.7843,83.2672,0.0000,-0.1942,0.0000,0.0000,0.0000,0.0000,0.0000,0.0000,0.0000,5.00,3.00,2.00,0.0000,0.0000,0.0000,0,0.000000
582,0.0200,0.0000,45.0000,-30.0000,0.0000,0.0000,0.0000,0.0000,0.0000,0.0000,-162.0439,-16982.8800,115.1875,-2.7512,-577.1484,0.4883,-1.6375,-1.7843,84.8667,0.0000,-0.1942,0.0000,0.0000,0.0000,0.0000,0.0000,0.0000,0.0000,5.00,3.00,2.00,0.0000,0.0000,0.0000,0,0.000000
583,0.0200,0.0000,45.0000,-30.0000,0.0000,0.0000,0.0000,0.0000,0.0000,0.0000,-162.0989,-16994.4300,115.1973,0.0000,0.0000,0.0000,1.4399,-1.7843,81.8261,0.0000,-0.1942,0.0000,0.0000,0.0000,0.0000,0.0000,0.0000,0.0000,5.00,3.00,2.00,0.0000,0.0000,0.0000,0,0.000000
583,0.0200,0.0000,45.0000,-30.0000,0.0000,0.0000,0.0000,0.0000,0.0000,0.0000,-162.1539,-17005.9800,115.2061,0.0000,0.0000,0.0000,0.0610,-1.7843,86.6471,0.0000,-0.1942,0.0000,0.0000,0.0000,0.0000,0.0000,0.0000,0.0000,5.00,3.00,2.00,0.0000,0.0000,0.0000,0,0.000000
583,0.0200,0.0000,45.0000,-30.0000,0.0000,0.0000,0.0000,0.0000,0.0000,0.0000,-162.2090,-17017.5300,115.2168,0.0000,0.0000,0.0000,-1.5017,-1.7843,83.4415,0.0000,-0.1942,0.0000,0.0000,0.0000,0.0000,0.0000,0.0000,0.0000,5.00,3.00,2.00,0.0000,0.0000,0.0000,0,0.000000
583,0.0200,0.0000,45.0000,-30.0000,0.0000,0.0000,0.0000,0.0000,0.0000,0.0000,-162.2640,-17029.0900,115.2256,0.0000,0.0000,0.0000,2.2029,-1.7843,84.7278,0.0000,-0.1942,0.0000,0.0000,0.0000,0.0000,0.0000,0.0000,0.0000,5.00,3.00,2.00,0.0000,0.0000,0.0000,0,0.000000
583,0.0200,0.0000,45.0000,-30.0000,0.0000,0.0000,0.0000,0.0000,0.0000,0.0000,-162.3190,-17040.6500,115.2364,-2.7512,-578.1250,0.5371,-3.2327,-1.7843,84.7699,0.0000,-0.1942,0.0000,0.0000,0.0000,0.0000,0.0000,0.0000,0.0000,5.00,3.00,2.00,0.0000,0.0000,0.0000,0,0.000000
584,0.0200,0.0000,45.0000,-30.0000,0.0000,0.0000,0.0000,0.0000,0.0000,0.0000,-162.3740,-17052.2200,115.2451,0.0000,0.0000,0.0000,1.6640,-1.7843,86.2057,0.0000,-0.1942,0.0000,0.0000,0.0000,0.0000,0.0000,0.0000,0.0000,5.00,3.00,2.00,0.0000,0.0000,0.0000,0,0.000000
584,0.0200,0.0000,45.0000,-30.0000,0.0000,0.0000,0.0000,0.0000,0.0000,0.0000,-162.4290,-17063.7900,115.2549,0.0000,0.0000,0.0000,-1.4546,-1.7843,82.4658,0.0000,-0.1942,0.0000,0.0000,0.0000,0.0000,0.0000,0.0000,0.0000,5.00,3.00,2.00,0.0000,0.0000,0.0000,0,0.000000
584,0.0200,0.0000,45.0000,-30.0000,0.0000,0.0000,0.0000,0.0000,0.0000,0.0000,-162.4841,-17075.3700,115.2627,0.0000,0.0000,0.0000,0.8874,-1.7843,86.1046,0.0000,-0.1942,0.0000,0.0000,0.0000,0.0000,0.0000,0.0000,0.0000,5.00,3.00,2.00,0.0000,0.0000,0.0000,0,0.000000
584,0.0200,0.0000,45.0000,-30.0000,0.0000,0.0000,0.0000,0.0000,0.0000,0.0000,-162.5391,-17086.9400,115.2735,0.0000,0.0000,0.0000,-3.0115,-1.7843,82.6408,0.0000,-0.1942,0.0000,0.0000,0.0000,0.0000,0.0000,0.0000,0.0000,5.00,3.00,2.00,0.0000,0.0000,0.0000,0,0.000000
584,0.0200,0.0000,45.0000,-30.0000,0.0000,0.0000,0.0000,0.0000,0.0000,0.0000,-162.5941,-17098.5200,115.2842,-2.7512,-579.1016,0.5371,2.6383,-1.7843,82.9931,0.0000,-0.1942,0.0000,0.0000,0.0000,0.0000,0.0000,0.0000,0.0000,5.00,3.00,2.00,0.0000,0.0000,0.0000,0,0.000000
585,0.0200,0.0000,45.0000,-30.0000,0.0000,0.0000,0.0000,0.0000,0.0000,0.0000,-162.6491,-17110.1100,115.2940,0.0000,0.0000,0.0000,0.8208,-1.7843,85.7197,0.0000,-0.1942,0.0000,0.0000,0.0000,0.0000,0.0000,0.0000,0.0000,5.00,3.00,2.00,0.0000,0.0000,0.0000,0,0.000000
585,0.0200,0.0000,45.0000,-30.0000,0.0000,0.0000,0.0000,0.0000,0.0000,0.0000,-162.7042,-17121.7000,115.3028,0.0000,0.0000,0.0000,-0.7271,-1.7843,82.6742,0.0000,-0.1942,0.0000,0.0000,0.0000,0.0000,0.0000,0.0000,0.0000,5.00,3.00,2.00,0.0000,0.0000,0.0000,0,0.000000
585,0.0200,0.0000,45.0000,-30.0000,0.0000,0.0000,0.0000,0.0000,0.0000,0.0000,-162.7592,-17133.2900,115.3115,0.0000,0.0000,0.0000,-1.3600,-1.7843,85.2098,0.0000,-0.1942,0.0000,0.0000,0.0000,0.0000,0.0000,0.0000,0.0000,5.00,3.00,2.00,0.0000,0.0000,0.0000,0,0.000000
585,0.0200,0.0000,45.0000,-30.0000,0.0000,0.0000,0.0000,0.0000,0.0000,0.0000,-162.8142,-17144.8900,115.3223,0.0000,0.0000,0.0000,1.8696,-1.7843,83.3972,0.0000,-0.1942,0.0000,0.0000,0.0000,0.0000,0.0000,0.0000,0.0000,5.00,3.00,2.00,0.0000,0.0000,0.0000,0,0.000000
585,0.0200,0.0000,45.0000,-30.0000,0.0000,0.0000,0.0000,0.0000,0.0000,0.0000,-162.8692,-17156.4900,115.3321,-2.7512,-580.1758,0.4883,-2.1351,-1.7843,84.3466,0.0000,-0.1942,0.0000,0.0000,0.0000,0.0000,0.0000,0.0000,0.0000,5.00,3.00,2.00,0.0000,0.0000,0.0000,0,0.000000
586,0.0200,0.0000,45.0000,-30.0000,0.0000,0.0000,0.0000,0.0000,0.0000,0.0000,-162.9243,-17168.1000,115.3408,0.0000,0.0000,0.0000,-1.6932,-1.7843,84.5278,0.0000,-0.1942,0.0000,0.0000,0.0000,0.0000,0.0000,0.0000,0.0000,5.00,3.00,2.00,0.0000,0.0000,0.0000,0,0.000000
586,0.0200,0.0000,45.0000,-30.0000,0.0000,0.0000,0.0000,0.0000,0.0000,0.0000,-162.9793,-17179.7100,115.3506,0.0000,0.0000,0.0000,2.6796,-1.7843,83.6725,0.0000,-0.1942,0.0000,0.0000,0.0000,0.0000,0.0000,0.0000,0.0000,5.00,3.00,2.00,0.0000,0.0000,0.0000,0,0.000000
586,0.0200,0.0000,45.0000,-30.0000,0.0000,0.0000,0.0000,0.0000,0.0000,0.0000,-163.0343,-17191.3200,115.3594,0.0000,0.0000,0.0000,-1.5319,-1.7843,81.3142,0.0000,-0.1942,0.0000,0.0000,0.0000,0.0000,0.0000,0.0000,0.0000,5.00,3.00,2.00,0.0000,0.0000,0.0000,0,0.000000
586,0.0200,0.0000,45.0000,-30.0000,0.0000,0.0000,0.0000,0.0000,0.0000,0.0000,-163.0893,-17202.9400,115.3701,0.0000,0.0000,0.0000,0.7397,-1.7843,85.6358,0.0000,-0.1942,0.0000,0.0000,0.0000,0.0000,0.0000,0.0000,0.0000,5.00,3.00,2.00,0.0000,0.0000,0.0000,0,0.000000
586,0.0200,0.0000,45.0000,-30.0000,0.0000,0.0000,0.0000,0.0000,0.0000,0.0000,-163.1443,-17214.5600,115.3789,-2.7512,-580.9570,0.4395,-2.7794,-1.7843,85.4967,0.0000,-0.1942,0.0000,0.0000,0.0000,0.0000,0.0000,0.0000,0.0000,5.00,3.00,2.00,0.0000,0.0000,0.0000,0,0.000000
587,0.0200,0.0000,45.0000,-30.0000,0.0000,0.0000,0.0000,0.0000,0.0000,0.0000,-163.1994,-17226.1800,115.3887,0.0000,0.0000,0.0000,2.2565,-1.7843,85.9541,0.0000,-0.1942,0.0000,0.0000,0.0000,0.0000,0.0000,0.0000,0.0000,5.00,3.00,2.00,0.0000,0.0000,0.0000,0,0.000000
587,0.0200,0.0000,45.0000,-30.0000,0.0000,0.0000,0.0000,0.0000,0.0000,0.0000,-163.2544,-17237.8100,115.3985,0.0000,0.0000,0.0000,0.3134,-1.7843,80.6894,0.0000,-0.1942,0.0000,0.0000,0.0000,0.0000,0.0000,0.0000,0.0000,5.00,3.00,2.00,0.0000,0.0000,0.0000,0,0.000000
587,0.0200,0.0000,45.0000,-30.0000,0.0000,0.0000,0.0000,0.0000,0.0000,0.0000,-163.3094,-17249.4500,115.4082,0.0000,0.0000,0.0000,-1.5663,-1.7843,81.2077,0.0000,-0.1942,0.0000,0.0000,0.0000,0.0000,0.0000,0.0000,0.0000,5.00,3.00,2.00,0.0000,0.0000,0.0000,0,0.000000
587,0.0200,0.0000,45.0000,-30.0000,0.0000,0.0000,0.0000,0.0000,0.0000,0.0000,-163.3644,-17261.0800,115.4180,0.0000,0.0000,0.0000,0.7481,-1.7843,82.6429,0.0000,-0.1942,0.0000,0.0000,0.0000,0.0000,0.0000,0.0000,0.0000,5.00,3.00,2.00,0.0000,0.0000,0.0000,0,0.000000
587,0.0200,0.0000,45.0000,-30.0000,0.0000,0.0000,0.0000,0.0000,0.0000,0.0000,-163.4195,-17272.7200,115.4268,-2.7512,-581.9336,0.4395,-1.1850,-1.7843,86.8882,0.0000,-0.1942,0.0000,0.0000,0.0000,0.0000,0.0000,0.0000,0.0000,5.00,3.00,2.00,0.0000,0.0000,0.0000,0,0.000000
588,0.0200,0.0000,45.0000,-30.0000,0.0000,0.0000,0.0000,0.0000,0.0000,0.0000,-163.4745,-17284.3700,115.4365,0.0000,0.0000,0.0000,1.7778,-1.7843,84.2395,0.0000,-0.1942,0.0000,0.0000,0.0000,0.0000,0.0000,0.0000,0.0000,5.00,3.00,2.00,0.0000,0.0000,0.0000,0,0.000000
588,0.0200,0.0000,45.0000,-30.0000,0.0000,0.0000,0.0000,0.0000,0.0000,0.0000,-163.5295,-17296.0200,115.4473,0.0000,0.0000,0.0000,1.0047,-1.7843,85.7642,0.0000,-0.1942,0.0000,0.0000,0.0000,0.0000,0.0000,0.0000,0.0000,5.00,3.00,2.00,0.0000,0.0000,0.0000,0,0.000000
588,0.0200,0.0000,45.0000,-30.0000,0.0000,0.0000,0.0000,0.0000,0.0000,0.0000,-163.5845,-17307.6700,115.4561,0.0000,0.0000,0.0000,-0.6699,-1.7843,86.8768,0.0000,-0.1942,0.0000,0.0000,0.0000,0.0000,0.0000,0.0000,0.0000,5.00,3.00,2.00,0.0000,0.0000,0.0000,0,0.000000
588,0.0200,0.0000,45.0000,-30.0000,0.0000,0.0000,0.0000,0.0000,0.0000,0.0000,-163.6396,-17319.3200,115.4649,0.0000,0.0000,0.0000,2.8758,-1.7843,84.5507,0.0000,-0.1942,0.0000,0.0000,0.0000,0.0000,0.0000,0.0000,0.0000,5.00,3.00,2.00,0.0000,0.0000,0.0000,0,0.000000
588,0.0200,0.0000,45.0000,-30.0000,0.0000,0.0000,0.0000,0.0000,0.0000,0.0000,-163.6946,-17330.9800,115.4746,-2.7512,-583.0078,0.4883,2.0476,-1.7843,86.2683,0.0000,-0.1942,0.0000,0.0000,0.0000,0.0000,0.0000,0.0000,0.0000,5.00,3.00,2.00,0.0000,0.0000,0.0000,0,0.000000
589,0.0200,0.0000,45.0000,-30.0000,0.0000,0.0000,0.0000,0.0000,0.0000,0.0000,-163.7496,-17342.6500,115.4864,0.0000,0.0000,0.0000,2.2397,-1.7843,84.1812,0.0000,-0.1942,0.0000,0.0000,0.0000,0.0000,0.0000,0.0000,0.0000,5.00,3.00,2.00,0.0000,0.0000,0.0000,0,0.000000
589,0.0200,0.0000,45.0000,-30.0000,0.0000,0.0000,0.0000,0.0000,0.0000,0.0000,-163.8046,-17354.3200,115.4951,0.0000,0.0000,0.0000,-1.6543,-1.7843,81.9904,0.0000,-0.1942,0.0000,0.0000,0.0000,0.0000,0.0000,0.0000,0.0000,5.00,3.00,2.00,0.0000,0.0000,0.0000,0,0.000000
589,0.0200,0.0000,45.0000,-30.0000,0.0000,0.0000,0.0000,0.0000,0.0000,0.0000,-163.8596,-17365.9900,115.5039,0.0000,0.0000,0.0000,-2.5077,-1.7843,82.9441,0.0000,-0.1942,0.0000,0.0000,0.0000,0.0000,0.0000,0.0000,0.0000,5.00,3.00,2.00,0.0000,0.0000,0.0000,0,0.000000
589,0.0200,0.0000,45.0000,-30.0000,0.0000,0.0000,0.0000,0.0000,0.0000,0.0000,-163.9147,-17377.6600,115.5147,0.0000,0.0000,0.0000,1.3196,-1.7843,86.3507,0.0000,-0.1942,0.0000,0.0000,0.0000,0.0000,0.0000,0.0000,0.0000,5.00,3.00,2.00,0.0000,0.0000,0.0000,0,0.000000
589,0.0200,0.0000,45.0000,-30.0000,0.0000,0.0000,0.0000,0.0000,0.0000,0.0000,-163.9697,-17389.3500,115.5225,-2.7512,-584.0820,0.3906,1.2700,-1.7843,83.1849,0.0000,-0.1942,0.0000,0.0000,0.0000,0.0000,0.0000,0.0000,0.0000,5.00,3.00,2.00,0.0000,0.0000,0.0000,0,0.000000
590,0.0200,0.0000,45.0000,-30.0000,0.0000,0.0000,0.0000,0.0000,0.0000,0.0000,-164.0247,-17401.0300,115.5322,0.0000,0.0000,0.0000,2.9806,-1.7843,83.6354,0.0000,-0.1942,0.0000,0.0000,0.0000,0.0000,0.0000,0.0000,0.0000,5.00,3.00,2.00,0.0000,0.0000,0.0000,0,0.000000
590,0.0200,0.0000,45.0000,-30.0000,0.0000,0.0000,0.0000,0.0000,0.0000,0.0000,-164.0797,-17412.7100,115.5420,0.0000,0.0000,0.0000,-2.3434,-1.7843,84.8282,0.0000,-0.1942,0.0000,0.0000,0.0000,0.0000,0.0000,0.0000,0.0000,5.00,3.00,2.00,0.0000,0.0000,0.0000,0,0.000000
590,0.0200,0.0000,45.0000,-30.0000,0.0000,0.0000,0.0000,0.0000,0.0000,0.0000,-164.1348,-17424.4100,115.5508,0.0000,0.0000,0.0000,-1.3318,-1.7843,81.4059,0.0000,-0.1942,0.0000,0.0000,0.0000,0.0000,0.0000,0.0000,0.0000,5.00,3.00,2.00,0.0000,0.0000,0.0000,0,0.000000
590,0.0200,0.0000,45.0000,-30.0000,0.0000,0.0000,0.0000,0.0000,0.0000,0.0000,-164.1898,-17436.1000,115.5625,0.0000,0.0000,0.0000,-1.2298,-1.7843,85.8293,0.0000,-0.1942,0.0000,0.0000,0.0000,0.0000,0.0000,0.0000,0.0000,5.00,3.00,2.00,0.0000,0.0000,0.0000,0,0.000000
590,0.0200,0.0000,45.0000,-30.0000,0.0000,0.0000,0.0000,0.0000,0.0000,0.0000,-164.2448,-17447.8000,115.5713,-2.7512,-584.9609,0.4395,-1.5507,-1.7843,87.1779,0.0000,-0.1942,0.0000,0.0000,0.0000,0.0000,0.0000,0.0000,0.0000,5.00,3.00,2.00,0.0000,0.0000,0.0000,0,0.000000
591,0.0200,0.0000,45.0000,-30.0000,0.0000,0.0000,0.0000,0.0000,0.0000,0.0000,-164.2998,-17459.5000,115.5791,0.0000,0.0000,0.0000,-1.9912,-1.7843,86.1654,0.0000,-0.1942,0.0000,0.0000,0.0000,0.0000,0.0000,0.0000,0.0000,5.00,3.00,2.00,0.0000,0.0000,0.0000,0,0.000000
591,0.0200,0.0000,45.0000,-30.0000,0.0000,0.0000,0.0000,0.0000,0.0000,0.0000,-164.3549,-17471.2100,115.5899,0.0000,0.0000,0.0000,2.9636,-1.7843,85.2699,0.0000,-0.1942,0.0000,0.0000,0.0000,0.0000,0.0000,0.0000,0.0000,5.00,3.00,2.00,0.0000,0.0000,0.0000,0,0.000000
591,0.0200,0.0000,45.0000,-30.0000,0.0000,0.0000,0.0000,0.0000,0.0000,0.0000,-164.4099,-17482.9200,115.5987,0.0000,0.0000,0.0000,-0.0973,-1.7843,82.0246,0.0000,-0.1942,0.0000,0.0000,0.0000,0.0000,0.0000,0.0000,0.0000,5.00,3.00,2.00,0.0000,0.0000,0.0000,0,0.000000
591,0.0200,0.0000,45.0000,-30.0000,0.0000,0.0000,0.0000,0.0000,0.0000,0.0000,-164.4649,-17494.6400,115.6084,0.0000,0.0000,0.0000,-0.1968,-1.7843,80.6073,0.0000,-0.1942,0.0000,0.0000,0.0000,0.0000,0.0000,0.0000,0.0000,5.00,3.00,2.00,0.0000,0.0000,0.0000,0,0.000000
591,0.0200,0.0000,45.0000,-30.0000,0.0000,0.0000,0.0000,0.0000,0.0000,0.0000,-164.5199,-17506.3600,115.6192,-2.7512,-586.0352,0.5371,2.6781,-1.7843,83.3741,0.0000,-0.1942,0.0000,0.0000,0.0000,0.0000,0.0000,0.0000,0.0000,5.00,3.00,2.00,0.0000,0.0000,0.0000,0,0.000000
592,0.0200,0.0000,45.0000,-30.0000,0.0000,0.0000,0.0000,0.0000,0.0000,0.0000,-164.5750,-17518.0800,115.6289,0.0000,0.0000,0.0000,-1.8675,-1.7843,86.8941,0.0000,-0.1942,0.0000,0.0000,0.0000,0.0000,0.0000,0.0000,0.0000,5.00,3.00,2.00,0.0000,0.0000,0.0000,0,0.000000
592,0.0200,0.0000,45.0000,-30.0000,0.0000,0.0000,0.0000,0.0000,0.0000,0.0000,-164.6300,-17529.8000,115.6387,0.0000,0.0000,0.0000,-2.2399,-1.7843,85.3213,0.0000,-0.1942,0.0000,0.0000,0.0000,0.0000,0.0000,0.0000,0.0000,5.00,3.00,2.00,0.0000,0.0000,0.0000,0,0.000000
592,0.0200,0.0000,45.0000,-30.0000,0.0000,0.0000,0.0000,0.0000,0.0000,0.0000,-164.6850,-17541.5400,115.6465,0.0000,0.0000,0.0000,1.3204,-1.7843,83.5663,0.0000,-0.1942,0.0000,0.0000,0.0000,0.0000,0.0000,0.0000,0.0000,5.00,3.00,2.00,0.0000,0.0000,0.0000,0,0.000000
2352,0.0200,0.0000,45.0000,-30.0000,0.0000,0.0000,0.0000,0.0000,0.0000,0.0000,-649.0201,-272771.5000,200.1104,0.0000,0.0000,0.0000,-0.3492,-1.7843,82.2001,0.0000,-0.1942,0.0000,0.0000,0.0000,0.0000,0.0000,0.0000,0.0000,5.00,3.00,2.00,0.0000,0.0000,0.0000,0,0.000000
2352,0.0200,0.0000,45.0000,-30.0000,0.0000,0.0000,0.0000,0.0000,0.0000,0.0000,-649.0751,-272817.8000,200.1260,-2.7527,-2315.6250,0.7813,2.2604,-1.7843,85.5550,0.0000,-0.1942,0.0000,0.0000,0.0000,0.0000,0.0000,0.0000,0.0000,5.00,3.00,2.00,0.0000,0.0000,0.0000,0,0.000000
2353,0.0200,0.0000,45.0000,-30.0000,0.0000,0.0000,0.0000,0.0000,0.0000,0.0000,-649.1302,-272864.1000,200.1260,0.0000,0.0000,0.0000,1.8344,-1.7843,83.6384,0.0000,-0.1942,0.0000,0.0000,0.0000,0.0000,0.0000,0.0000,0.0000,5.00,3.00,2.00,0.0000,0.0000,0.0000,0,0.000000
2353,0.0200,0.0000,45.0000,-30.0000,0.0000,0.0000,0.0000,0.0000,0.0000,0.0000,-649.1852,-272910.3000,200.1416,0.0000,0.0000,0.0000,-2.6493,-1.7843,82.4194,0.0000,-0.1942,0.0000,0.0000,0.0000,0.0000,0.0000,0.0000,0.0000,5.00,3.00,2.00,0.0000,0.0000,0.0000,0,0.000000
2353,0.0200,0.0000,45.0000,-30.0000,0.0000,0.0000,0.0000,0.0000,0.0000,0.0000,-649.2403,-272956.6000,200.1260,0.0000,0.0000,0.0000,-0.3793,-1.7843,86.9485,0.0000,-0.1942,0.0000,0.0000,0.0000,0.0000,0.0000,0.0000,0.0000,5.00,3.00,2.00,0.0000,0.0000,0.0000,0,0.000000
2353,0.0200,0.0000,45.0000,-30.0000,0.0000,0.0000,0.0000,0.0000,0.0000,0.0000,-649.2953,-273002.9000,200.1729,0.0000,0.0000,0.0000,-2.3155,-1.7843,83.0781,0.0000,-0.1942,0.0000,0.0000,0.0000,0.0000,0.0000,0.0000,0.0000,5.00,3.00,2.00,0.0000,0.0000,0.0000,0,0.000000
2353,0.0200,0.0000,45.0000,-30.0000,0.0000,0.0000,0.0000,0.0000,0.0000,0.0000,-649.3504,-273049.2000,200.1573,-2.7527,-2315.6250,-0.7813,3.1238,-1.7843,84.0140,0.0000,-0.1942,0.0000,0.0000,0.0000,0.0000,0.0000,0.0000,0.0000,5.00,3.00,2.00,0.0000,0.0000,0.0000,0,0.000000
2354,0.0200,0.0000,45.0000,-30.0000,0.0000,0.0000,0.0000,0.0000,0.0000,0.0000,-649.4055,-273095.5000,200.1573,0.0000,0.0000,0.0000,-1.3973,-1.7843,86.2033,0.0000,-0.1942,0.0000,0.0000,0.0000,0.0000,0.0000,0.0000,0.0000,5.00,3.00,2.00,0.0000,0.0000,0.0000,0,0.000000
2354,0.0200,0.0000,45.0000,-30.0000,0.0000,0.0000,0.0000,0.0000,0.0000,0.0000,-649.4605,-273141.8000,200.1885,0.0000,0.0000,0.0000,-2.3213,-1.7843,86.3326,0.0000,-0.1942,0.0000,0.0000,0.0000,0.0000,0.0000,0.0000,0.0000,5.00,3.00,2.00,0.0000,0.0000,0.0000,0,0.000000
2354,0.0200,0.0000,45.0000,-30.0000,0.0000,0.0000,0.0000,0.0000,0.0000,0.0000,-649.5156,-273188.1000,200.2041,0.0000,0.0000,0.0000,2.0793,-1.7843,86.4608,0.0000,-0.1942,0.0000,0.0000,0.0000,0.0000,0.0000,0.0000,0.0000,5.00,3.00,2.00,0.0000,0.0000,0.0000,0,0.000000
2354,0.0200,0.0000,45.0000,-30.0000,0.0000,0.0000,0.0000,0.0000,0.0000,0.0000,-649.5706,-273234.4000,200.2041,0.0000,0.0000,0.0000,-0.5974,-1.7843,82.3265,0.0000,-0.1942,0.0000,0.0000,0.0000,0.0000,0.0000,0.0000,0.0000,5.00,3.00,2.00,0.0000,0.0000,0.0000,0,0.000000
2354,0.0200,0.0000,45.0000,-30.0000,0.0000,0.0000,0.0000,0.0000,0.0000,0.0000,-649.6257,-273280.7000,200.2198,-2.7527,-2315.6250,0.7813,-1.1148,-1.7843,86.6228,0.0000,-0.1942,0.0000,0.0000,0.0000,0.0000,0.0000,0.0000,0.0000,5.00,3.00,2.00,0.0000,0.0000,0.0000,0,0.000000
2355,0.0200,0.0000,45.0000,-30.0000,0.0000,0.0000,0.0000,0.0000,0.0000,0.0000,-649.6807,-273327.0000,200.2354,0.0000,0.0000,0.0000,0.6458,-1.7843,81.9590,0.0000,-0.1942,0.0000,0.0000,0.0000,0.0000,0.0000,0.0000,0.0000,5.00,3.00,2.00,0.0000,0.0000,0.0000,0,0.000000
2355,0.0200,0.0000,45.0000,-30.0000,0.0000,0.0000,0.0000,0.0000,0.0000,0.0000,-649.7358,-273373.3000,200.2198,0.0000,0.0000,0.0000,-2.4514,-1.7843,86.0135,0.0000,-0.1942,0.0000,0.0000,0.0000,0.0000,0.0000,0.0000,0.0000,5.00,3.00,2.00,0.0000,0.0000,0.0000,0,0.000000
2355,0.0200,0.0000,45.0000,-30.0000,0.0000,0.0000,0.0000,0.0000,0.0000,0.0000,-649.7908,-273419.7000,200.2198,0.0000,0.0000,0.0000,-1.5805,-1.7843,83.7332,0.0000,-0.1942,0.0000,0.0000,0.0000,0.0000,0.0000,0.0000,0.0000,5.00,3.00,2.00,0.0000,0.0000,0.0000,0,0.000000
2355,0.0200,0.0000,45.0000,-30.0000,0.0000,0.0000,0.0000,0.0000,0.0000,0.0000,-649.8459,-273466.0000,200.2510,0.0000,0.0000,0.0000,2.2598,-1.7843,84.3936,0.0000,-0.1942,0.0000,0.0000,0.0000,0.0000,0.0000,0.0000,0.0000,5.00,3.00,2.00,0.0000,0.0000,0.0000,0,0.000000
2355,0.0200,0.0000,45.0000,-30.0000,0.0000,0.0000,0.0000,0.0000,0.0000,0.0000,-649.9009,-273512.3000,200.2666,-2.7527,-2315.6250,0.7813,-1.8973,-1.7843,82.4933,0.0000,-0.1942,0.0000,0.0000,0.0000,0.0000,0.0000,0.0000,0.0000,5.00,3.00,2.00,0.0000,0.0000,0.0000,0,0.000000
2356,0.0200,0.0000,45.0000,-30.0000,0.0000,0.0000,0.0000,0.0000,0.0000,0.0000,-649.9560,-273558.7000,200.2823,0.0000,0.0000,0.0000,-2.2522,-1.7843,84.7308,0.0000,-0.1942,0.0000,0.0000,0.0000,0.0000,0.0000,0.0000,0.0000,5.00,3.00,2.00,0.0000,0.0000,0.0000,0,0.000000
2356,0.0200,0.0000,45.0000,-30.0000,0.0000,0.0000,0.0000,0.0000,0.0000,0.0000,-650.0110,-273605.0000,200.2979,0.0000,0.0000,0.0000,-0.3397,-1.7843,85.5976,0.0000,-0.1942,0.0000,0.0000,0.0000,0.0000,0.0000,0.0000,0.0000,5.00,3.00,2.00,0.0000,0.0000,0.0000,0,0.000000
2356,0.0200,0.0000,45.0000,-30.0000,0.0000,0.0000,0.0000,0.0000,0.0000,0.0000,-650.0661,-273651.3000,200.3135,0.0000,0.0000,0.0000,0.9227,-1.7843,82.9569,0.0000,-0.1942,0.0000,0.0000,0.0000,0.0000,0.0000,0.0000,0.0000,5.00,3.00,2.00,0.0000,0.0000,0.0000,0,0.000000
2356,0.0200,0.0000,45.0000,-30.0000,0.0000,0.0000,0.0000,0.0000,0.0000,0.0000,-650.1212,-273697.7000,200.2823,0.0000,0.0000,0.0000,2.1514,-1.7843,82.4965,0.0000,-0.1942,0.0000,0.0000,0.0000,0.0000,0.0000,0.0000,0.0000,5.00,3.00,2.00,0.0000,0.0000,0.0000,0,0.000000
2356,0.0200,0.0000,45.0000,-30.0000,0.0000,0.0000,0.0000,0.0000,0.0000,0.0000,-650.1762,-273744.0000,200.3135,-2.7527,-2318.7500,1.5625,2.3909,-1.7843,83.7071,0.0000,-0.1942,0.0000,0.0000,0.0000,0.0000,0.0000,0.0000,0.0000,5.00,3.00,2.00,0.0000,0.0000,0.0000,0,0.000000
2357,0.0200,0.0000,45.0000,-30.0000,0.0000,0.0000,0.0000,0.0000,0.0000,0.0000,-650.2313,-273790.4000,200.3135,0.0000,0.0000,0.0000,-1.1841,-1.7843,82.7123,0.0000,-0.1942,0.0000,0.0000,0.0000,0.0000,0.0000,0.0000,0.0000,5.00,3.00,2.00,0.0000,0.0000,0.0000,0,0.000000
2357,0.0200,0.0000,45.0000,-30.0000,0.0000,0.0000,0.0000,0.0000,0.0000,0.0000,-650.2863,-273836.8000,200.3448,0.0000,0.0000,0.0000,-1.7121,-1.7843,84.6848,0.0000,-0.1942,0.0000,0.0000,0.0000,0.0000,0.0000,0.0000,0.0000,5.00,3.00,2.00,0.0000,0.0000,0.0000,0,0.000000
2357,0.0200,0.0000,45.0000,-30.0000,0.0000,0.0000,0.0000,0.0000,0.0000,0.0000,-650.3414,-273883.1000,200.3448,0.0000,0.0000,0.0000,-1.9726,-1.7843,85.1242,0.0000,-0.1942,0.0000,0.0000,0.0000,0.0000,0.0000,0.0000,0.0000,5.00,3.00,2.00,0.0000,0.0000,0.0000,0,0.000000
2357,0.0200,0.0000,45.0000,-30.0000,0.0000,0.0000,0.0000,0.0000,0.0000,0.0000,-650.3964,-273929.5000,200.3448,0.0000,0.0000,0.0000,-1.5149,-1.7843,87.1037,0.0000,-0.1942,0.0000,0.0000,0.0000,0.0000,0.0000,0.0000,0.0000,5.00,3.00,2.00,0.0000,0.0000,0.0000,0,0.000000
2357,0.0200,0.0000,45.0000,-30.0000,0.0000,0.0000,0.0000,0.0000,0.0000,0.0000,-650.4515,-273975.8000,200.3760,-2.7527,-2318.7500,1.5625,-0.5064,-1.7843,81.0471,0.0000,-0.1942,0.0000,0.0000,0.0000,0.0000,0.0000,0.0000,0.0000,5.00,3.00,2.00,0.0000,0.0000,0.0000,0,0.000000
2358,0.0200,0.0000,45.0000,-30.0000,0.0000,0.0000,0.0000,0.0000,0.0000,0.0000,-650.5065,-274022.2000,200.3760,0.0000,0.0000,0.0000,-2.1445,-1.7843,81.7112,0.0000,-0.1942,0.0000,0.0000,0.0000,0.0000,0.0000,0.0000,0.0000,5.00,3.00,2.00,0.0000,0.0000,0.0000,0,0.000000
2358,0.0200,0.0000,45.0000,-30.0000,0.0000,0.0000,0.0000,0.0000,0.0000,0.0000,-650.5616,-274068.6000,200.3916,0.0000,0.0000,0.0000,-2.4357,-1.7843,85.3631,0.0000,-0.1942,0.0000,0.0000,0.0000,0.0000,0.0000,0.0000,0.0000,5.00,3.00,2.00,0.0000,0.0000,0.0000,0,0.000000
2358,0.0200,0.0000,45.0000,-30.0000,0.0000,0.0000,0.0000,0.0000,0.0000,0.0000,-650.6166,-274115.0000,200.4073,0.0000,0.0000,0.0000,0.8192,-1.7843,82.5922,0.0000,-0.1942,0.0000,0.0000,0.0000,0.0000,0.0000,0.0000,0.0000,5.00,3.00,2.00,0.0000,0.0000,0.0000,0,0.000000
2358,0.0200,0.0000,45.0000,-30.0000,0.0000,0.0000,0.0000,0.0000,0.0000,0.0000,-650.6717,-274161.3000,200.3916,0.0000,0.0000,0.0000,-3.0362,-1.7843,84.8916,0.0000,-0.1942,0.0000,0.0000,0.0000,0.0000,0.0000,0.0000,0.0000,5.00,3.00,2.00,0.0000,0.0000,0.0000,0,0.000000
2358,0.0200,0.0000,45.0000,-30.0000,0.0000,0.0000,0.0000,0.0000,0.0000,0.0000,-650.7267,-274207.7000,200.4073,-2.7527,-2318.7500,0.7813,-2.3429,-1.7843,84.5630,0.0000,-0.1942,0.0000,0.0000,0.0000,0.0000,0.0000,0.0000,0.0000,5.00,3.00,2.00,0.0000,0.0000,0.0000,0,0.000000
2359,0.0200,0.0000,45.0000,-30.0000,0.0000,0.0000,0.0000,0.0000,0.0000,0.0000,-650.7818,-274254.1000,200.4073,0.0000,0.0000,0.0000,1.0199,-1.7843,86.8287,0.0000,-0.1942,0.0000,0.0000,0.0000,0.0000,0.0000,0.0000,0.0000,5.00,3.00,2.00,0.0000,0.0000,0.0000,0,0.000000
2359,0.0200,0.0000,45.0000,-30.0000,0.0000,0.0000,0.0000,0.0000,0.0000,0.0000,-650.8369,-274300.5000,200.4229,0.0000,0.0000,0.0000,-1.9894,-1.7843,86.9861,0.0000,-0.1942,0.0000,0.0000,0.0000,0.0000,0.0000,0.0000,0.0000,5.00,3.00,2.00,0.0000,0.0000,0.0000,0,0.000000
2359,0.0200,0.0000,45.0000,-30.0000,0.0000,0.0000,0.0000,0.0000,0.0000,0.0000,-650.8919,-274347.0000,200.4385,0.0000,0.0000,0.0000,-1.1412,-1.7843,85.7286,0.0000,-0.1942,0.0000,0.0000,0.0000,0.0000,0.0000,0.0000,0.0000,5.00,3.00,2.00,0.0000,0.0000,0.0000,0,0.000000
2359,0.0200,0.0000,45.0000,-30.0000,0.0000,0.0000,0.0000,0.0000,0.0000,0.0000,-650.9470,-274393.3000,200.4698,0.0000,0.0000,0.0000,-2.7919,-1.7843,85.0365,0.0000,-0.1942,0.0000,0.0000,0.0000,0.0000,0.0000,0.0000,0.0000,5.00,3.00,2.00,0.0000,0.0000,0.0000,0,0.000000
2359,0.0200,0.0000,45.0000,-30.0000,0.0000,0.0000,0.0000,0.0000,0.0000,0.0000,-651.0020,-274439.7000,200.4541,-2.7527,-2318.7500,-0.7813,-1.3100,-1.7843,85.9901,0.0000,-0.1942,0.0000,0.0000,0.0000,0.0000,0.0000,0.0000,0.0000,5.00,3.00,2.00,0.0000,0.0000,0.0000,0,0.000000
2360,0.0200,0.0000,45.0000,-30.0000,0.0000,0.0000,0.0000,0.0000,0.0000,0.0000,-651.0571,-274486.2000,200.4854,0.0000,0.0000,0.0000,-1.6872,-1.7843,82.7725,0.0000,-0.1942,0.0000,0.0000,0.0000,0.0000,0.0000,0.0000,0.0000,5.00,3.00,2.00,0.0000,0.0000,0.0000,0,0.000000
2360,0.0200,0.0000,45.0000,-30.0000,0.0000,0.0000,0.0000,0.0000,0.0000,0.0000,-651.1121,-274532.6000,200.4698,0.0000,0.0000,0.0000,2.1170,-1.7843,82.5308,0.0000,-0.1942,0.0000,0.0000,0.0000,0.0000,0.0000,0.0000,0.0000,5.00,3.00,2.00,0.0000,0.0000,0.0000,0,0.000000
2360,0.0200,0.0000,45.0000,-30.0000,0.0000,0.0000,0.0000,0.0000,0.0000,0.0000,-651.1672,-274579.0000,200.4698,0.0000,0.0000,0.0000,2.7409,-1.7843,84.1554,0.0000,-0.1942,0.0000,0.0000,0.0000,0.0000,0.0000,0.0000,0.0000,5.00,3.00,2.00,0.0000,0.0000,0.0000,0,0.000000
2360,0.0200,0.0000,45.0000,-30.0000,0.0000,0.0000,0.0000,0.0000,0.0000,0.0000,-651.2222,-274625.4000,200.5166,0.0000,0.0000,0.0000,-2.6032,-1.7843,85.6025,0.0000,-0.1942,0.0000,0.0000,0.0000,0.0000,0.0000,0.0000,0.0000,5.00,3.00,2.00,0.0000,0.0000,0.0000,0,0.000000
2360,0.0200,0.0000,45.0000,-30.0000,0.0000,0.0000,0.0000,0.0000,0.0000,0.0000,-651.2773,-274671.8000,200.4854,-2.7527,-2321.8750,-1.5625,-2.4295,-1.7843,84.9448,0.0000,-0.1942,0.0000,0.0000,0.0000,0.0000,0.0000,0.0000,0.0000,5.00,3.00,2.00,0.0000,0.0000,0.0000,0,0.000000
2361,0.0200,0.0000,45.0000,-30.0000,0.0000,0.0000,0.0000,0.0000,0.0000,0.0000,-651.3323,-274718.3000,200.5323,0.0000,0.0000,0.0000,-1.6210,-1.7843,81.5715,0.0000,-0.1942,0.0000,0.0000,0.0000,0.0000,0.0000,0.0000,0.0000,5.00,3.00,2.00,0.0000,0.0000,0.0000,0,0.000000
2361,0.0200,0.0000,45.0000,-30.0000,0.0000,0.0000,0.0000,0.0000,0.0000,0.0000,-651.3874,-274764.7000,200.5166,0.0000,0.0000,0.0000,-1.4551,-1.7843,82.9447,0.0000,-0.1942,0.0000,0.0000,0.0000,0.0000,0.0000,0.0000,0.0000,5.00,3.00,2.00,0.0000,0.0000,0.0000,0,0.000000
2361,0.0200,0.0000,45.0000,-30.0000,0.0000,0.0000,0.0000,0.0000,0.0000,0.0000,-651.4424,-274811.2000,200.5323,0.0000,0.0000,0.0000,-1.0219,-1.7843,86.3754,0.0000,-0.1942,0.0000,0.0000,0.0000,0.0000,0.0000,0.0000,0.0000,5.00,3.00,2.00,0.0000,0.0000,0.0000,0,0.000000
2361,0.0200,0.0000,45.0000,-30.0000,0.0000,0.0000,0.0000,0.0000,0.0000,0.0000,-651.4975,-274857.6000,200.5323,0.0000,0.0000,0.0000,-1.4998,-1.7843,85.6760,0.0000,-0.1942,0.0000,0.0000,0.0000,0.0000,0.0000,0.0000,0.0000,5.00,3.00,2.00,0.0000,0.0000,0.0000,0,0.000000
2361,0.0200,0.0000,45.0000,-30.0000,0.0000,0.0000,0.0000,0.0000,0.0000,0.0000,-651.5526,-274904.0000,200.5479,-2.7527,-2321.8750,0.7813,-1.4410,-1.7843,83.0760,0.0000,-0.1942,0.0000,0.0000,0.0000,0.0000,0.0000,0.0000,0.0000,5.00,3.00,2.00,0.0000,0.0000,0.0000,0,0.000000
2362,0.0200,0.0000,45.0000,-30.0000,0.0000,0.0000,0.0000,0.0000,0.0000,0.0000,-651.6076,-274950.5000,200.5635,0.0000,0.0000,0.0000,0.7446,-1.7843,81.7596,0.0000,-0.1942,0.0000,0.0000,0.0000,0.0000,0.0000,0.0000,0.0000,5.00,3.00,2.00,0.0000,0.0000,0.0000,0,0.000000
2362,0.0200,0.0000,45.0000,-30.0000,0.0000,0.0000,0.0000,0.0000,0.0000,0.0000,-651.6627,-274996.9000,200.5635,0.0000,0.0000,0.0000,-1.7130,-1.7843,82.6991,0.0000,-0.1942,0.0000,0.0000,0.0000,0.0000,0.0000,0.0000,0.0000,5.00,3.00,2.00,0.0000,0.0000,0.0000,0,0.000000
2362,0.0200,0.0000,45.0000,-30.0000,0.0000,0.0000,0.0000,0.0000,0.0000,0.0000,-651.7177,-275043.4000,200.5635,0.0000,0.0000,0.0000,-1.8285,-1.7843,84.0537,0.0000,-0.1942,0.0000,0.0000,0.0000,0.0000,0.0000,0.0000,0.0000,5.00,3.00,2.00,0.0000,0.0000,0.0000,0,0.000000
2362,0.0200,0.0000,45.0000,-30.0000,0.0000,0.0000,0.0000,0.0000,0.0000,0.0000,-651.7728,-275089.9000,200.5948,0.0000,0.0000,0.0000,-3.0417,-1.7843,84.5280,0.0000,-0.1942,0.0000,0.0000,0.0000,0.0000,0.0000,0.0000,0.0000,5.00,3.00,2.00,0.0000,0.0000,0.0000,0,0.000000
2362,0.0200,0.0000,45.0000,-30.0000,0.0000,0.0000,0.0000,0.0000,0.0000,0.0000,-651.8278,-275136.3000,200.5948,-2.7527,-2323.4380,0.0000,-3.3814,-1.7843,83.2467,0.0000,-0.1942,0.0000,0.0000,0.0000,0.0000,0.0000,0.0000,0.0000,5.00,3.00,2.00,0.0000,0.0000,0.0000,0,0.000000
2363,0.0200,0.0000,45.0000,-30.0000,0.0000,0.0000,0.0000,0.0000,0.0000,0.0000,-651.8829,-275182.8000,200.6104,0.0000,0.0000,0.0000,2.5567,-1.7843,85.5675,0.0000,-0.1942,0.0000,0.0000,0.0000,0.0000,0.0000,0.0000,0.0000,5.00,3.00,2.00,0.0000,0.0000,0.0000,0,0.000000
2363,0.0200,0.0000,45.0000,-30.0000,0.0000,0.0000,0.0000,0.0000,0.0000,0.0000,-651.9379,-275229.3000,200.6104,0.0000,0.0000,0.0000,-3.2119,-1.7843,84.5862,0.0000,-0.1942,0.0000,0.0000,0.0000,0.0000,0.0000,0.0000,0.0000,5.00,3.00,2.00,0.0000,0.0000,0.0000,0,0.000000
2363,0.0200,0.0000,45.0000,-30.0000,0.0000,0.0000,0.0000,0.0000,0.0000,0.0000,-651.9930,-275275.8000,200.6416,0.0000,0.0000,0.0000,-2.5478,-1.7843,84.8152,0.0000,-0.1942,0.0000,0.0000,0.0000,0.0000,0.0000,0.0000,0.0000,5.00,3.00,2.00,0.0000,0.0000,0.0000,0,0.000000
2363,0.0200,0.0000,45.0000,-30.0000,0.0000,0.0000,0.0000,0.0000,0.0000,0.0000,-652.0480,-275322.3000,200.6573,0.0000,0.0000,0.0000,-2.0195,-1.7843,86.1077,0.0000,-0.1942,0.0000,0.0000,0.0000,0.0000,0.0000,0.0000,0.0000,5.00,3.00,2.00,0.0000,0.0000,0.0000,0,0.000000
2363,0.0200,0.0000,45.0000,-30.0000,0.0000,0.0000,0.0000,0.0000,0.0000,0.0000,-652.1031,-275368.7000,200.6416,-2.7527,-2323.4380,-0.7813,-3.4210,-1.7843,84.7125,0.0000,-0.1942,0.0000,0.0000,0.0000,0.0000,0.0000,0.0000,0.0000,5.00,3.00,2.00,0.0000,0.0000,0.0000,0,0.000000
2364,0.0200,0.0000,45.0000,-30.0000,0.0000,0.0000,0.0000,0.0000,0.0000,0.0000,-652.1581,-275415.2000,200.6729,0.0000,0.0000,0.0000,-1.4456,-1.7843,82.8986,0.0000,-0.1942,0.0000,0.0000,0.0000,0.0000,0.0000,0.0000,0.0000,5.00,3.00,2.00,0.0000,0.0000,0.0000,0,0.000000
2364,0.0200,0.0000,45.0000,-30.0000,0.0000,0.0000,0.0000,0.0000,0.0000,0.0000,-652.2132,-275461.7000,200.6573,0.0000,0.0000,0.0000,-2.8025,-1.7843,84.7835,0.0000,-0.1942,0.0000,0.0000,0.0000,0.0000,0.0000,0.0000,0.0000,5.00,3.00,2.00,0.0000,0.0000,0.0000,0,0.000000
2364,0.0200,0.0000,45.0000,-30.0000,0.0000,0.0000,0.0000,0.0000,0.0000,0.0000,-652.2682,-275508.2000,200.6573,0.0000,0.0000,0.0000,2.0454,-1.7843,82.5596,0.0000,-0.1942,0.0000,0.0000,0.0000,0.0000,0.0000,0.0000,0.0000,5.00,3.00,2.00,0.0000,0.0000,0.0000,0,0.000000
2364,0.0200,0.0000,45.0000,-30.0000,0.0000,0.0000,0.0000,0.0000,0.0000,0.0000,-652.3233,-275554.7000,200.6729,0.0000,0.0000,0.0000,-1.2197,-1.7843,87.3952,0.0000,-0.1942,0.0000,0.0000,0.0000,0.0000,0.0000,0.0000,0.0000,5.00,3.00,2.00,0.0000,0.0000,0.0000,0,0.000000
2364,0.0200,0.0000,45.0000,-30.0000,0.0000,0.0000,0.0000,0.0000,0.0000,0.0000,-652.3784,-275601.2000,200.6885,-2.7527,-2325.0000,0.7813,1.1167,-1.7843,87.0531,0.0000,-0.1942,0.0000,0.0000,0.0000,0.0000,0.0000,0.0000,0.0000,5.00,3.00,2.00,0.0000,0.0000,0.0000,0,0.000000
2365,0.0200,0.0000,45.0000,-30.0000,0.0000,0.0000,0.0000,0.0000,0.0000,0.0000,-652.4334,-275647.7000,200.7198,0.0000,0.0000,0.0000,0.5954,-1.7843,81.3778,0.0000,-0.1942,0.0000,0.0000,0.0000,0.0000,0.0000,0.0000,0.0000,5.00,3.00,2.00,0.0000,0.0000,0.0000,0,0.000000
2365,0.0200,0.0000,45.0000,-30.0000,0.0000,0.0000,0.0000,0.0000,0.0000,0.0000,-652.4885,-275694.3000,200.7198,0.0000,0.0000,0.0000,-2.8670,-1.7843,83.0068,0.0000,-0.1942,0.0000,0.0000,0.0000,0.0000,0.0000,0.0000,0.0000,5.00,3.00,2.00,0.0000,0.0000,0.0000,0,0.000000
2365,0.0200,0.0000,45.0000,-30.0000,0.0000,0.0000,0.0000,0.0000,0.0000,0.0000,-652.5435,-275740.7000,200.7354,0.0000,0.0000,0.0000,1.0844,-1.7843,82.9390,0.0000,-0.1942,0.0000,0.0000,0.0000,0.0000,0.0000,0.0000,0.0000,5.00,3.00,2.00,0.0000,0.0000,0.0000,0,0.000000
2365,0.0200,0.0000,45.0000,-30.0000,0.0000,0.0000,0.0000,0.0000,0.0000,0.0000,-652.5986,-275787.3000,200.7354,0.0000,0.0000,0.0000,-1.5042,-1.7843,81.2641,0.0000,-0.1942,0.0000,0.0000,0.0000,0.0000,0.0000,0.0000,0.0000,5.00,3.00,2.00,0.0000,0.0000,0.0000,0,0.000000
2365,0.0200,0.0000,45.0000,-30.0000,0.0000,0.0000,0.0000,0.0000,0.0000,0.0000,-652.6536,-275833.8000,200.7354,-2.7527,-2328.1250,0.0000,-1.8768,-1.7843,81.7089,0.0000,-0.1942,0.0000,0.0000,0.0000,0.0000,0.0000,0.0000,0.0000,5.00,3.00,2.00,0.0000,0.0000,0.0000,0,0.000000
2366,0.0200,0.0000,45.0000,-30.0000,0.0000,0.0000,0.0000,0.0000,0.0000,0.0000,-652.7087,-275880.3000,200.7510,0.0000,0.0000,0.0000,0.7820,-1.7843,82.3327,0.0000,-0.1942,0.0000,0.0000,0.0000,0.0000,0.0000,0.0000,0.0000,5.00,3.00,2.00,0.0000,0.0000,0.0000,0,0.000000
2366,0.0200,0.0000,45.0000,-30.0000,0.0000,0.0000,0.0000,0.0000,0.0000,0.0000,-652.7637,-275926.9000,200.7823,0.0000,0.0000,0.0000,0.1495,-1.7843,86.0096,0.0000,-0.1942,0.0000,0.0000,0.0000,0.0000,0.0000,0.0000,0.0000,5.00,3.00,2.00,0.0000,0.0000,0.0000,0,0.000000
2366,0.0200,0.0000,45.0000,-30.0000,0.0000,0.0000,0.0000,0.0000,0.0000,0.0000,-652.8188,-275973.4000,200.7510,0.0000,0.0000,0.0000,2.1173,-1.7843,85.4629,0.0000,-0.1942,0.0000,0.0000,0.0000,0.0000,0.0000,0.0000,0.0000,5.00,3.00,2.00,0.0000,0.0000,0.0000,0,0.000000
2366,0.0200,0.0000,45.0000,-30.0000,0.0000,0.0000,0.0000,0.0000,0.0000,0.0000,-652.8738,-276019.9000,200.7979,0.0000,0.0000,0.0000,-0.7898,-1.7843,81.8534,0.0000,-0.1942,0.0000,0.0000,0.0000,0.0000,0.0000,0.0000,0.0000,5.00,3.00,2.00,0.0000,0.0000,0.0000,0,0.000000
