Episode,Timestamp,Base_Angle,Shoulder_Angle,Elbow_Angle,Base_Velocity,Shoulder_Velocity,Elbow_Velocity,Base_Control,Shoulder_Control,Elbow_Control,Magnet_Pos_X,Magnet_Pos_Y,Magnet_Pos_Z,Magnet_Vel_X,Magnet_Vel_Y,Magnet_Vel_Z,Box_Pos_X,Box_Pos_Y,Box_Pos_Z,Box_Vel_X,Box_Vel_Y,Box_Vel_Z,Base_Torque_Nm,Shoulder_Torque_Nm,Elbow_Torque_Nm,Base_Power_W,Shoulder_Power_W,Elbow_Power_W,Base_Mass_kg,Shoulder_Mass_kg,Elbow_Mass_kg,Base_KE_J,Shoulder_KE_J,Elbow_KE_J,Box_Attached,Energy_Step_J
6,0.0200,0.0000,45.0001,-30.0000,0.0000,0.0000,0.0000,0.0000,0.0000,0.0000,33.8851,3.1596,69.1302,0.1112,-1.6119,-0.5524,31.6029,-1.7843,66.4921,0.0000,-0.1942,0.0000,0.0000,0.0000,0.0000,0.0000,0.0000,0.0000,5.00,3.00,2.00,0.0000,0.0000,0.0000,0,0.000000
6,0.0400,0.0000,45.0001,-30.0000,0.0000,-0.0001,0.0000,0.0000,0.0000,0.0000,33.8851,3.1596,69.1302,0.1112,-1.6119,-0.5524,31.6029,-1.7920,66.4921,0.0000,-0.3865,0.0000,0.0000,0.0000,0.0000,0.0000,0.0000,0.0000,5.00,3.00,2.00,0.0000,0.0000,0.0000,0,0.000000
6,0.0600,0.0000,45.0001,-30.0000,0.0000,-0.0001,0.0000,0.0466,-0.1751,-0.5848,33.8851,3.1596,69.1302,-95.6936,269.8708,-65.5201,31.6029,-1.8036,66.4921,0.0000,-0.5769,0.0000,0.0000,0.0000,0.0000,0.0000,0.0000,0.0000,5.00,3.00,2.00,0.0000,0.0000,0.0000,0,0.000000
6,0.0800,0.0233,44.9138,-30.2924,0.0203,-0.0763,-0.2552,0.0466,-0.1751,-0.5848,33.8859,3.1657,69.1132,-95.6936,269.8708,-65.5201,31.6029,-1.8189,66.4921,0.0000,-0.7654,0.0000,0.0000,0.0000,0.0000,0.0000,0.0000,0.0000,5.00,3.00,2.00,0.0010,0.0087,0.0651,0,0.000000
6,0.1000,0.0466,44.8250,-30.5848,0.0203,-0.0776,-0.2552,0.0466,-0.1751,-0.5848,33.8867,3.1718,69.0961,-95.6936,269.8708,-65.5201,31.6029,-1.8379,66.4921,0.0000,-0.9520,0.0000,0.0000,0.0000,0.0000,0.0000,0.0000,0.0000,5.00,3.00,2.00,0.0010,0.0090,0.0651,0,0.000000
6,0.1200,0.0699,44.7374,-30.8772,0.0203,-0.0765,-0.2552,0.0466,-0.1751,-0.5848,33.8875,3.1778,69.0789,-95.6936,269.8708,-65.5201,31.6029,-1.8606,66.4921,0.0000,-1.1367,0.0000,0.0000,0.0000,0.0000,0.0000,0.0000,0.0000,5.00,3.00,2.00,0.0010,0.0088,0.0651,0,0.000000
6,0.1400,0.0932,44.6499,-31.1696,0.0203,-0.0765,-0.2552,0.0466,-0.1751,-0.5848,33.8883,3.1836,69.0618,-95.6936,269.8708,-65.5201,31.6029,-1.8870,66.4921,0.0000,-1.3195,0.0000,0.0000,0.0000,0.0000,0.0000,0.0000,0.0000,5.00,3.00,2.00,0.0010,0.0088,0.0651,0,0.000000
6,0.1600,0.1165,44.5623,-31.4619,0.0203,-0.0765,-0.2552,-0.2366,-0.0378,0.0124,33.8891,3.1893,69.0446,0.2003,1.4850,-4.2797,31.6029,-1.9170,66.4921,0.0000,-1.5006,0.0000,0.0000,0.0000,0.0000,0.0000,0.0000,0.0000,5.00,3.00,2.00,0.0010,0.0088,0.0651,0,0.000000
6,0.1800,-0.0018,44.5423,-31.4558,-0.1032,-0.0167,0.0054,-0.2366,-0.0378,0.0124,33.8850,3.1900,69.0436,0.2003,1.4850,-4.2797,31.6029,-1.9277,66.4921,0.0000,-0.5345,0.0000,0.0000,0.0000,0.0000,0.0000,0.0000,0.0000,5.00,3.00,2.00,0.0266,0.0004,0.0000,0,0.000000
6,0.2000,-0.1201,44.5245,-31.4496,-0.1032,-0.0157,0.0054,-0.2366,-0.0378,0.0124,33.8810,3.1905,69.0427,0.2003,1.4850,-4.2797,31.6029,-1.9299,66.4921,0.0000,-0.1069,0.0000,0.0000,0.0000,0.0000,0.0000,0.0000,0.0000,5.00,3.00,2.00,0.0266,0.0004,0.0000,0,0.000000
6,0.2200,-0.2384,44.5056,-31.4434,-0.1032,-0.0166,0.0054,-0.2366,-0.0378,0.0124,33.8769,3.1911,69.0417,0.2003,1.4850,-4.2797,31.6029,-1.9303,66.4921,0.0000,-0.0214,0.0000,0.0000,0.0000,0.0000,0.0000,0.0000,0.0000,5.00,3.00,2.00,0.0266,0.0004,0.0000,0,0.000000
6,0.2400,-0.3567,44.4866,-31.4372,-0.1032,-0.0166,0.0054,-0.2366,-0.0378,0.0124,33.8729,3.1917,69.0407,0.2003,1.4850,-4.2797,31.6029,-1.9304,66.4921,0.0000,-0.0043,0.0000,0.0000,0.0000,0.0000,0.0000,0.0000,0.0000,5.00,3.00,2.00,0.0266,0.0004,0.0000,0,0.000000
6,0.2600,-0.4750,44.4677,-31.4310,-0.1032,-0.0166,0.0054,1.0000,0.0427,-0.2584,33.8688,3.1923,69.0396,-1.0138,0.1481,-0.2495,31.6029,-1.9304,66.4921,0.0000,-0.0009,0.0000,0.0000,0.0000,0.0000,0.0000,0.0000,0.0000,5.00,3.00,2.00,0.0266,0.0004,0.0000,0,0.000000
6,0.2800,0.0250,44.4892,-31.5602,0.4363,0.0186,-0.1128,1.0000,0.0427,-0.2584,33.8859,3.1927,69.0360,-1.0138,0.1481,-0.2495,31.6029,-1.9304,66.4921,0.0000,-0.0002,0.0000,0.0000,0.0000,0.0000,0.0000,0.0000,0.0000,5.00,3.00,2.00,0.4760,0.0005,0.0127,0,0.000000
6,0.3000,0.5250,44.5104,-31.6894,0.4363,0.0185,-0.1128,1.0000,0.0427,-0.2584,33.9030,3.1932,69.0322,-1.0138,0.1481,-0.2495,31.6029,-1.9304,66.4921,0.0000,0.0000,0.0000,0.0000,0.0000,0.0000,0.0000,0.0000,0.0000,5.00,3.00,2.00,0.4760,0.0005,0.0127,0,0.000000
6,0.3200,1.0250,44.5317,-31.8187,0.4363,0.0186,-0.1128,1.0000,0.0427,-0.2584,33.9200,3.1936,69.0283,-1.0138,0.1481,-0.2495,31.6029,-1.9304,66.4921,0.0000,0.0000,0.0000,0.0000,0.0000,0.0000,0.0000,0.0000,0.0000,5.00,3.00,2.00,0.4760,0.0005,0.0127,0,0.000000
6,0.3400,1.5250,44.5531,-31.9479,0.4363,0.0186,-0.1128,1.0000,0.0427,-0.2584,33.9369,3.1940,69.0242,-1.0138,0.1481,-0.2495,31.6029,-1.9304,66.4921,0.0000,0.0000,0.0000,0.0000,0.0000,0.0000,0.0000,0.0000,0.0000,5.00,3.00,2.00,0.4760,0.0005,0.0127,0,0.000000
6,0.3600,2.0250,44.5744,-32.0771,0.4363,0.0186,-0.1128,0.1851,0.0038,-0.1255,33.9538,3.1944,69.0200,4.2492,0.1065,-0.9834,31.6029,-1.9304,66.4921,0.0000,0.0000,0.0000,0.0000,0.0000,0.0000,0.0000,0.0000,0.0000,5.00,3.00,2.00,0.4760,0.0005,0.0127,0,0.000000
6,0.3800,2.1176,44.5762,-32.1399,0.0808,0.0016,-0.0548,0.1851,0.0038,-0.1255,33.9568,3.1949,69.0175,4.2492,0.1065,-0.9834,31.6029,-1.9304,66.4921,0.0000,0.0000,0.0000,0.0000,0.0000,0.0000,0.0000,0.0000,0.0000,5.00,3.00,2.00,0.0163,0.0000,0.0030,0,0.000000
6,0.4000,2.2101,44.5782,-32.2026,0.0808,0.0016,-0.0548,0.1851,0.0038,-0.1255,33.9599,3.1954,69.0150,4.2492,0.1065,-0.9834,31.6029,-1.9304,66.4921,0.0000,0.0000,0.0000,0.0000,0.0000,0.0000,0.0000,0.0000,0.0000,5.00,3.00,2.00,0.0163,0.0000,0.0030,0,0.000000
6,0.4200,2.3027,44.5801,-32.2654,0.0808,0.0016,-0.0548,0.1851,0.0038,-0.1255,33.9629,3.1959,69.0126,4.2492,0.1065,-0.9834,31.6029,-1.9304,66.4921,0.0000,0.0000,0.0000,0.0000,0.0000,0.0000,0.0000,0.0000,0.0000,5.00,3.00,2.00,0.0163,0.0000,0.0030,0,0.000000
6,0.4400,2.3953,44.5819,-32.3282,0.0808,0.0016,-0.0548,0.1851,0.0038,-0.1255,33.9660,3.1964,69.0101,4.2492,0.1065,-0.9834,31.6029,-1.9304,66.4921,0.0000,0.0000,0.0000,0.0000,0.0000,0.0000,0.0000,0.0000,0.0000,5.00,3.00,2.00,0.0163,0.0000,0.0030,0,0.000000
6,0.4600,2.4878,44.5838,-32.3910,0.0808,0.0016,-0.0548,-0.0044,-0.1198,-0.2093,33.9690,3.1968,69.0076,0.7593,0.1195,-0.6191,31.6029,-1.9304,66.4921,0.0000,0.0000,0.0000,0.0000,0.0000,0.0000,0.0000,0.0000,0.0000,5.00,3.00,2.00,0.0163,0.0000,0.0030,0,0.000000
6,0.4800,2.4857,44.5243,-32.4956,-0.0019,-0.0523,-0.0913,-0.0044,-0.1198,-0.2093,33.9686,3.1997,68.9996,0.7593,0.1195,-0.6191,31.6029,-1.9304,66.4921,0.0000,0.0000,0.0000,0.0000,0.0000,0.0000,0.0000,0.0000,0.0000,5.00,3.00,2.00,0.0000,0.0041,0.0083,0,0.000000
6,0.5000,2.4835,44.4640,-32.6002,-0.0019,-0.0526,-0.0913,-0.0044,-0.1198,-0.2093,33.9681,3.2026,68.9916,0.7593,0.1195,-0.6191,31.6029,-1.9304,66.4921,0.0000,0.0000,0.0000,0.0000,0.0000,0.0000,0.0000,0.0000,0.0000,5.00,3.00,2.00,0.0000,0.0042,0.0083,0,0.000000
6,0.5200,2.4813,44.4042,-32.7049,-0.0019,-0.0523,-0.0913,-0.0044,-0.1198,-0.2093,33.9677,3.2055,68.9835,0.7593,0.1195,-0.6191,31.6029,-1.9304,66.4921,0.0000,0.0000,0.0000,0.0000,0.0000,0.0000,0.0000,0.0000,0.0000,5.00,3.00,2.00,0.0000,0.0041,0.0083,0,0.000000
6,0.5400,2.4791,44.3443,-32.8095,-0.0019,-0.0523,-0.0913,-0.0044,-0.1198,-0.2093,33.9673,3.2083,68.9755,0.7593,0.1195,-0.6191,31.6029,-1.9304,66.4921,0.0000,0.0000,0.0000,0.0000,0.0000,0.0000,0.0000,0.0000,0.0000,5.00,3.00,2.00,0.0000,0.0041,0.0083,0,0.000000
6,0.5600,2.4769,44.2844,-32.9142,-0.0019,-0.0523,-0.0913,0.5363,-0.2899,-0.3709,33.9669,3.2111,68.9674,-0.1055,0.7156,-2.0073,31.6029,-1.9304,66.4921,0.0000,0.0000,0.0000,0.0000,0.0000,0.0000,0.0000,0.0000,0.0000,5.00,3.00,2.00,0.0000,0.0041,0.0083,0,0.000000
6,0.5800,2.7450,44.1400,-33.0996,0.2340,-0.1265,-0.1619,0.5363,-0.2899,-0.3709,33.9749,3.2173,68.9503,-0.1055,0.7156,-2.0073,31.6029,-1.9304,66.4921,0.0000,0.0000,0.0000,0.0000,0.0000,0.0000,0.0000,0.0000,0.0000,5.00,3.00,2.00,0.1369,0.0240,0.0262,0,0.000000
6,0.6000,3.0132,43.9945,-33.2851,0.2340,-0.1270,-0.1618,0.5363,-0.2899,-0.3709,33.9828,3.2235,68.9330,-0.1055,0.7156,-2.0073,31.6029,-1.9304,66.4921,0.0000,0.0000,0.0000,0.0000,0.0000,0.0000,0.0000,0.0000,0.0000,5.00,3.00,2.00,0.1369,0.0242,0.0262,0,0.000000
6,0.6200,3.2813,43.8495,-33.4705,0.2340,-0.1265,-0.1618,0.5363,-0.2899,-0.3709,33.9905,3.2295,68.9157,-0.1055,0.7156,-2.0073,31.6029,-1.9304,66.4921,0.0000,0.0000,0.0000,0.0000,0.0000,0.0000,0.0000,0.0000,0.0000,5.00,3.00,2.00,0.1369,0.0240,0.0262,0,0.000000
6,0.6400,3.5495,43.7046,-33.6560,0.2340,-0.1265,-0.1618,0.5363,-0.2899,-0.3709,33.9981,3.2355,68.8983,-0.1055,0.7156,-2.0073,31.6029,-1.9304,66.4921,0.0000,0.0000,0.0000,0.0000,0.0000,0.0000,0.0000,0.0000,0.0000,5.00,3.00,2.00,0.1369,0.0240,0.0262,0,0.000000
6,0.6600,3.8177,43.5597,-33.8415,0.2340,-0.1265,-0.1618,0.0087,-0.2967,-0.4863,34.0055,3.2414,68.8808,1.9302,1.5130,-4.3297,31.6029,-1.9304,66.4921,0.0000,0.0000,0.0000,0.0000,0.0000,0.0000,0.0000,0.0000,0.0000,5.00,3.00,2.00,0.1369,0.0240,0.0262,0,0.000000
6,0.6800,3.8220,43.4114,-34.0846,0.0038,-0.1295,-0.2122,0.0087,-0.2967,-0.4863,34.0043,3.2477,68.8614,1.9302,1.5130,-4.3297,31.6029,-1.9304,66.4921,0.0000,0.0000,0.0000,0.0000,0.0000,0.0000,0.0000,0.0000,0.0000,5.00,3.00,2.00,0.0000,0.0251,0.0450,0,0.000000
6,0.7000,3.8263,43.2630,-34.3277,0.0038,-0.1296,-0.2122,0.0087,-0.2967,-0.4863,34.0031,3.2538,68.8420,1.9302,1.5130,-4.3297,31.6029,-1.9304,66.4921,0.0000,0.0000,0.0000,0.0000,0.0000,0.0000,0.0000,0.0000,0.0000,5.00,3.00,2.00,0.0000,0.0252,0.0450,0,0.000000
6,0.7200,3.8307,43.1146,-34.5708,0.0038,-0.1295,-0.2122,0.0087,-0.2967,-0.4863,34.0020,3.2599,68.8225,1.9302,1.5130,-4.3297,31.6029,-1.9304,66.4921,0.0000,0.0000,0.0000,0.0000,0.0000,0.0000,0.0000,0.0000,0.0000,5.00,3.00,2.00,0.0000,0.0252,0.0450,0,0.000000
6,0.7400,3.8350,42.9663,-34.8140,0.0038,-0.1295,-0.2122,0.0087,-0.2967,-0.4863,34.0008,3.2658,68.8030,1.9302,1.5130,-4.3297,31.6029,-1.9304,66.4921,0.0000,0.0000,0.0000,0.0000,0.0000,0.0000,0.0000,0.0000,0.0000,5.00,3.00,2.00,0.0000,0.0251,0.0450,0,0.000000
6,0.7600,3.8394,42.8179,-35.0571,0.0038,-0.1295,-0.2122,-0.7359,0.4983,-0.4104,33.9996,3.2716,68.7835,-0.2924,1.5119,-4.8691,31.6029,-1.9304,66.4921,0.0000,0.0000,0.0000,0.0000,0.0000,0.0000,0.0000,0.0000,0.0000,5.00,3.00,2.00,0.0000,0.0252,0.0450,0,0.000000
6,0.7800,3.4714,43.0656,-35.2623,-0.3211,0.2172,-0.1791,-0.7359,0.4983,-0.4104,33.9892,3.2653,68.7924,-0.2924,1.5119,-4.8691,31.6029,-1.9304,66.4921,0.0000,0.0000,0.0000,0.0000,0.0000,0.0000,0.0000,0.0000,0.0000,5.00,3.00,2.00,0.2578,0.0708,0.0321,0,0.000000
6,0.8000,3.1035,43.3162,-35.4675,-0.3211,0.2187,-0.1791,-0.7359,0.4983,-0.4104,33.9786,3.2589,68.8014,-0.2924,1.5119,-4.8691,31.6029,-1.9304,66.4921,0.0000,0.0000,0.0000,0.0000,0.0000,0.0000,0.0000,0.0000,0.0000,5.00,3.00,2.00,0.2578,0.0717,0.0321,0,0.000000
6,0.8200,2.7355,43.5654,-35.6727,-0.3211,0.2174,-0.1791,-0.7359,0.4983,-0.4104,33.9679,3.2525,68.8102,-0.2924,1.5119,-4.8691,31.6029,-1.9304,66.4921,0.0000,0.0000,0.0000,0.0000,0.0000,0.0000,0.0000,0.0000,0.0000,5.00,3.00,2.00,0.2578,0.0709,0.0321,0,0.000000
6,0.8400,2.3676,43.8146,-35.8779,-0.3211,0.2174,-0.1791,-0.7359,0.4983,-0.4104,33.9571,3.2461,68.8189,-0.2924,1.5119,-4.8691,31.6029,-1.9304,66.4921,0.0000,0.0000,0.0000,0.0000,0.0000,0.0000,0.0000,0.0000,0.0000,5.00,3.00,2.00,0.2578,0.0709,0.0321,0,0.000000
6,0.8600,1.9996,44.0637,-36.0832,-0.3211,0.2174,-0.1791,0.4849,0.3076,-0.3762,33.9462,3.2397,68.8275,-2.6709,-1.5986,2.2026,31.6029,-1.9304,66.4921,0.0000,0.0000,0.0000,0.0000,0.0000,0.0000,0.0000,0.0000,0.0000,5.00,3.00,2.00,0.2578,0.0709,0.0321,0,0.000000
6,0.8800,2.2421,44.2178,-36.2713,0.2116,0.1342,-0.1642,0.4849,0.3076,-0.3762,33.9537,3.2360,68.8298,-2.6709,-1.5986,2.2026,31.6029,-1.9304,66.4921,0.0000,0.0000,0.0000,0.0000,0.0000,0.0000,0.0000,0.0000,0.0000,5.00,3.00,2.00,0.1119,0.0270,0.0269,0,0.000000
6,0.9000,2.4845,44.3713,-36.4594,0.2116,0.1339,-0.1642,0.4849,0.3076,-0.3762,33.9612,3.2323,68.8321,-2.6709,-1.5986,2.2026,31.6029,-1.9304,66.4921,0.0000,0.0000,0.0000,0.0000,0.0000,0.0000,0.0000,0.0000,0.0000,5.00,3.00,2.00,0.1119,0.0269,0.0270,0,0.000000
6,0.9200,2.7269,44.5251,-36.6475,0.2116,0.1342,-0.1642,0.4849,0.3076,-0.3762,33.9688,3.2287,68.8343,-2.6709,-1.5986,2.2026,31.6029,-1.9304,66.4921,0.0000,0.0000,0.0000,0.0000,0.0000,0.0000,0.0000,0.0000,0.0000,5.00,3.00,2.00,0.1119,0.0270,0.0269,0,0.000000
6,0.9400,2.9694,44.6789,-36.8356,0.2116,0.1342,-0.1642,0.4849,0.3076,-0.3762,33.9764,3.2250,68.8365,-2.6709,-1.5986,2.2026,31.6029,-1.9304,66.4921,0.0000,0.0000,0.0000,0.0000,0.0000,0.0000,0.0000,0.0000,0.0000,5.00,3.00,2.00,0.1119,0.0270,0.0270,0,0.000000
6,0.9600,3.2118,44.8327,-37.0237,0.2116,0.1342,-0.1642,0.0932,0.1698,-0.2958,33.9840,3.2213,68.8386,1.8875,-0.9190,0.5562,31.6029,-1.9304,66.4921,0.0000,0.0000,0.0000,0.0000,0.0000,0.0000,0.0000,0.0000,0.0000,5.00,3.00,2.00,0.1119,0.0270,0.0269,0,0.000000
6,0.9800,3.2584,44.9177,-37.1717,0.0407,0.0741,-0.1291,0.0932,0.1698,-0.2958,33.9854,3.2195,68.8382,1.8875,-0.9190,0.5562,31.6029,-1.9304,66.4921,0.0000,0.0000,0.0000,0.0000,0.0000,0.0000,0.0000,0.0000,0.0000,5.00,3.00,2.00,0.0041,0.0082,0.0167,0,0.000000
6,1.0000,3.3050,45.0024,-37.3196,0.0407,0.0739,-0.1291,0.0932,0.1698,-0.2958,33.9868,3.2177,68.8378,1.8875,-0.9190,0.5562,31.6029,-1.9304,66.4921,0.0000,0.0000,0.0000,0.0000,0.0000,0.0000,0.0000,0.0000,0.0000,5.00,3.00,2.00,0.0041,0.0082,0.0167,0,0.000000
6,1.0200,3.3516,45.0873,-37.4675,0.0407,0.0740,-0.1291,0.0932,0.1698,-0.2958,33.9882,3.2158,68.8373,1.8875,-0.9190,0.5562,31.6029,-1.9304,66.4921,0.0000,0.0000,0.0000,0.0000,0.0000,0.0000,0.0000,0.0000,0.0000,5.00,3.00,2.00,0.0041,0.0082,0.0167,0,0.000000
6,1.0400,3.3983,45.1722,-37.6154,0.0407,0.0740,-0.1291,0.0932,0.1698,-0.2958,33.9896,3.2140,68.8369,1.8875,-0.9190,0.5562,31.6029,-1.9304,66.4921,0.0000,0.0000,0.0000,0.0000,0.0000,0.0000,0.0000,0.0000,0.0000,5.00,3.00,2.00,0.0041,0.0082,0.0167,0,0.000000
6,1.0600,3.4449,45.2571,-37.7633,0.0407,0.0741,-0.1291,-0.1229,-0.3783,-0.1275,33.9910,3.2122,68.8364,0.3527,-0.4544,-0.1129,31.6029,-1.9304,66.4921,0.0000,0.0000,0.0000,0.0000,0.0000,0.0000,0.0000,0.0000,0.0000,5.00,3.00,2.00,0.0041,0.0082,0.0167,0,0.000000
6,1.0800,3.3834,45.0685,-37.8271,-0.0536,-0.1650,-0.0556,-0.1229,-0.3783,-0.1275,33.9882,3.2183,68.8216,0.3527,-0.4544,-0.1129,31.6029,-1.9304,66.4921,0.0000,0.0000,0.0000,0.0000,0.0000,0.0000,0.0000,0.0000,0.0000,5.00,3.00,2.00,0.0072,0.0408,0.0031,0,0.000000
6,1.1000,3.3219,44.8788,-37.8909,-0.0536,-0.1656,-0.0556,-0.1229,-0.3783,-0.1275,33.9855,3.2244,68.8068,0.3527,-0.4544,-0.1129,31.6029,-1.9304,66.4921,0.0000,0.0000,0.0000,0.0000,0.0000,0.0000,0.0000,0.0000,0.0000,5.00,3.00,2.00,0.0072,0.0411,0.0031,0,0.000000
6,1.1200,3.2604,44.6896,-37.9546,-0.0536,-0.1651,-0.0556,-0.1229,-0.3783,-0.1275,33.9828,3.2304,68.7920,0.3527,-0.4544,-0.1129,31.6029,-1.9304,66.4921,0.0000,0.0000,0.0000,0.0000,0.0000,0.0000,0.0000,0.0000,0.0000,5.00,3.00,2.00,0.0072,0.0409,0.0031,0,0.000000
6,1.1400,3.1990,44.5005,-38.0184,-0.0536,-0.1651,-0.0556,-0.1229,-0.3783,-0.1275,33.9801,3.2363,68.7771,0.3527,-0.4544,-0.1129,31.6029,-1.9304,66.4921,0.0000,0.0000,0.0000,0.0000,0.0000,0.0000,0.0000,0.0000,0.0000,5.00,3.00,2.00,0.0072,0.0409,0.0031,0,0.000000
6,1.1600,3.1375,44.3113,-38.0822,-0.0536,-0.1651,-0.0556,-0.0076,0.2379,-0.2184,33.9775,3.2422,68.7622,-0.6767,1.5011,-3.7083,31.6029,-1.9304,66.4921,0.0000,0.0000,0.0000,0.0000,0.0000,0.0000,0.0000,0.0000,0.0000,5.00,3.00,2.00,0.0072,0.0409,0.0031,0,0.000000
6,1.1800,3.1337,44.4296,-38.1914,-0.0033,0.1037,-0.0953,-0.0076,0.2379,-0.2184,33.9775,3.2392,68.7656,-0.6767,1.5011,-3.7083,31.6029,-1.9304,66.4921,0.0000,0.0000,0.0000,0.0000,0.0000,0.0000,0.0000,0.0000,0.0000,5.00,3.00,2.00,0.0000,0.0161,0.0091,0,0.000000
6,1.2000,3.1299,44.5492,-38.3006,-0.0033,0.1044,-0.0953,-0.0076,0.2379,-0.2184,33.9776,3.2362,68.7691,-0.6767,1.5011,-3.7083,31.6029,-1.9304,66.4921,0.0000,0.0000,0.0000,0.0000,0.0000,0.0000,0.0000,0.0000,0.0000,5.00,3.00,2.00,0.0000,0.0163,0.0091,0,0.000000
6,1.2200,3.1261,44.6682,-38.4098,-0.0033,0.1038,-0.0953,-0.0076,0.2379,-0.2184,33.9777,3.2331,68.7725,-0.6767,1.5011,-3.7083,31.6029,-1.9304,66.4921,0.0000,0.0000,0.0000,0.0000,0.0000,0.0000,0.0000,0.0000,0.0000,5.00,3.00,2.00,0.0000,0.0162,0.0091,0,0.000000
6,1.2400,3.1223,44.7871,-38.5190,-0.0033,0.1038,-0.0953,-0.0076,0.2379,-0.2184,33.9778,3.2301,68.7760,-0.6767,1.5011,-3.7083,31.6029,-1.9304,66.4921,0.0000,0.0000,0.0000,0.0000,0.0000,0.0000,0.0000,0.0000,0.0000,5.00,3.00,2.00,0.0000,0.0162,0.0091,0,0.000000
6,1.2600,3.1185,44.9060,-38.6283,-0.0033,0.1038,-0.0953,-0.5491,-0.4468,-0.1496,33.9778,3.2270,68.7794,0.0187,-0.7604,0.8583,31.6029,-1.9304,66.4921,0.0000,0.0000,0.0000,0.0000,0.0000,0.0000,0.0000,0.0000,0.0000,5.00,3.00,2.00,0.0000,0.0162,0.0091,0,0.000000
6,1.2800,2.8440,44.6834,-38.7031,-0.2396,-0.1949,-0.0653,-0.5491,-0.4468,-0.1496,33.9688,3.2339,68.7622,0.0187,-0.7604,0.8583,31.6029,-1.9304,66.4921,0.0000,0.0000,0.0000,0.0000,0.0000,0.0000,0.0000,0.0000,0.0000,5.00,3.00,2.00,0.1435,0.0570,0.0043,0,0.000000
6,1.3000,2.5695,44.4593,-38.7779,-0.2396,-0.1956,-0.0653,-0.5491,-0.4468,-0.1496,33.9599,3.2408,68.7449,0.0187,-0.7604,0.8583,31.6029,-1.9304,66.4921,0.0000,0.0000,0.0000,0.0000,0.0000,0.0000,0.0000,0.0000,0.0000,5.00,3.00,2.00,0.1435,0.0574,0.0043,0,0.000000
6,1.3200,2.2949,44.2359,-38.8526,-0.2396,-0.1950,-0.0653,-0.5491,-0.4468,-0.1496,33.9512,3.2476,68.7275,0.0187,-0.7604,0.8583,31.6029,-1.9304,66.4921,0.0000,0.0000,0.0000,0.0000,0.0000,0.0000,0.0000,0.0000,0.0000,5.00,3.00,2.00,0.1435,0.0570,0.0043,0,0.000000
6,1.3400,2.0204,44.0125,-38.9274,-0.2396,-0.1950,-0.0653,-0.5491,-0.4468,-0.1496,33.9427,3.2542,68.7101,0.0187,-0.7604,0.8583,31.6029,-1.9304,66.4921,0.0000,0.0000,0.0000,0.0000,0.0000,0.0000,0.0000,0.0000,0.0000,5.00,3.00,2.00,0.1435,0.0570,0.0043,0,0.000000
6,1.3600,1.7459,43.7891,-39.0022,-0.2396,-0.1950,-0.0653,0.0881,0.4349,0.2625,33.9343,3.2608,68.6925,-2.1759,1.6919,-4.3419,31.6029,-1.9304,66.4921,0.0000,0.0000,0.0000,0.0000,0.0000,0.0000,0.0000,0.0000,0.0000,5.00,3.00,2.00,0.1435,0.0570,0.0043,0,0.000000
6,1.3800,1.7899,44.0053,-38.8710,0.0385,0.1896,0.1145,0.0881,0.4349,0.2625,33.9362,3.2543,68.7121,-2.1759,1.6919,-4.3419,31.6029,-1.9304,66.4921,0.0000,0.0000,0.0000,0.0000,0.0000,0.0000,0.0000,0.0000,0.0000,5.00,3.00,2.00,0.0037,0.0539,0.0131,0,0.000000
6,1.4000,1.8340,44.2240,-38.7398,0.0385,0.1908,0.1145,0.0881,0.4349,0.2625,33.9381,3.2475,68.7317,-2.1759,1.6919,-4.3419,31.6029,-1.9304,66.4921,0.0000,0.0000,0.0000,0.0000,0.0000,0.0000,0.0000,0.0000,0.0000,5.00,3.00,2.00,0.0037,0.0546,0.0131,0,0.000000
6,1.4200,1.8781,44.4414,-38.6085,0.0385,0.1897,0.1145,0.0881,0.4349,0.2625,33.9400,3.2406,68.7513,-2.1759,1.6919,-4.3419,31.6029,-1.9304,66.4921,0.0000,0.0000,0.0000,0.0000,0.0000,0.0000,0.0000,0.0000,0.0000,5.00,3.00,2.00,0.0037,0.0540,0.0131,0,0.000000
6,1.4400,1.9221,44.6588,-38.4773,0.0385,0.1897,0.1145,0.0881,0.4349,0.2625,33.9419,3.2337,68.7708,-2.1759,1.6919,-4.3419,31.6029,-1.9304,66.4921,0.0000,0.0000,0.0000,0.0000,0.0000,0.0000,0.0000,0.0000,0.0000,5.00,3.00,2.00,0.0037,0.0540,0.0131,0,0.000000
6,1.4600,1.9662,44.8763,-38.3460,0.0385,0.1897,0.1145,-0.0514,0.2264,-0.1737,33.9439,3.2266,68.7903,0.4789,-1.7110,4.8866,31.6029,-1.9304,66.4921,0.0000,0.0000,0.0000,0.0000,0.0000,0.0000,0.0000,0.0000,0.0000,5.00,3.00,2.00,0.0037,0.0540,0.0131,0,0.000000
6,1.4800,1.9405,44.9900,-38.4329,-0.0224,0.0988,-0.0758,-0.0514,0.2264,-0.1737,33.9433,3.2236,68.7943,0.4789,-1.7110,4.8866,31.6029,-1.9304,66.4921,0.0000,0.0000,0.0000,0.0000,0.0000,0.0000,0.0000,0.0000,0.0000,5.00,3.00,2.00,0.0013,0.0147,0.0057,0,0.000000
6,1.5000,1.9149,45.1027,-38.5197,-0.0224,0.0983,-0.0758,-0.0514,0.2264,-0.1737,33.9426,3.2206,68.7982,0.4789,-1.7110,4.8866,31.6029,-1.9304,66.4921,0.0000,0.0000,0.0000,0.0000,0.0000,0.0000,0.0000,0.0000,0.0000,5.00,3.00,2.00,0.0013,0.0145,0.0057,0,0.000000
6,1.5200,1.8892,45.2159,-38.6066,-0.0224,0.0988,-0.0758,-0.0514,0.2264,-0.1737,33.9420,3.2176,68.8021,0.4789,-1.7110,4.8866,31.6029,-1.9304,66.4921,0.0000,0.0000,0.0000,0.0000,0.0000,0.0000,0.0000,0.0000,0.0000,5.00,3.00,2.00,0.0013,0.0146,0.0057,0,0.000000
6,1.5400,1.8635,45.3291,-38.6934,-0.0224,0.0988,-0.0758,-0.0514,0.2264,-0.1737,33.9413,3.2146,68.8061,0.4789,-1.7110,4.8866,31.6029,-1.9304,66.4921,0.0000,0.0000,0.0000,0.0000,0.0000,0.0000,0.0000,0.0000,0.0000,5.00,3.00,2.00,0.0013,0.0146,0.0057,0,0.000000
6,1.5600,1.8378,45.4423,-38.7803,-0.0224,0.0988,-0.0758,0.1962,-0.3230,0.1224,33.9407,3.2116,68.8100,-0.1606,-0.7512,0.9869,31.6029,-1.9304,66.4921,0.0000,0.0000,0.0000,0.0000,0.0000,0.0000,0.0000,0.0000,0.0000,5.00,3.00,2.00,0.0013,0.0146,0.0057,0,0.000000
6,1.5800,1.9360,45.2813,-38.7191,0.0856,-0.1409,0.0534,0.1962,-0.3230,0.1224,33.9434,3.2162,68.8019,-0.1606,-0.7512,0.9869,31.6029,-1.9304,66.4921,0.0000,0.0000,0.0000,0.0000,0.0000,0.0000,0.0000,0.0000,0.0000,5.00,3.00,2.00,0.0183,0.0298,0.0029,0,0.000000
6,1.6000,2.0341,45.1194,-38.6579,0.0856,-0.1413,0.0534,0.1962,-0.3230,0.1224,33.9461,3.2208,68.7936,-0.1606,-0.7512,0.9869,31.6029,-1.9304,66.4921,0.0000,0.0000,0.0000,0.0000,0.0000,0.0000,0.0000,0.0000,0.0000,5.00,3.00,2.00,0.0183,0.0300,0.0029,0,0.000000
6,1.6200,2.1322,44.9578,-38.5967,0.0856,-0.1410,0.0534,0.1962,-0.3230,0.1224,33.9487,3.2253,68.7854,-0.1606,-0.7512,0.9869,31.6029,-1.9304,66.4921,0.0000,0.0000,0.0000,0.0000,0.0000,0.0000,0.0000,0.0000,0.0000,5.00,3.00,2.00,0.0183,0.0298,0.0029,0,0.000000
6,1.6400,2.2303,44.7964,-38.5355,0.0856,-0.1409,0.0534,0.1962,-0.3230,0.1224,33.9513,3.2299,68.7772,-0.1606,-0.7512,0.9869,31.6029,-1.9304,66.4921,0.0000,0.0000,0.0000,0.0000,0.0000,0.0000,0.0000,0.0000,0.0000,5.00,3.00,2.00,0.0183,0.0298,0.0029,0,0.000000
6,1.6600,2.3284,44.6349,-38.4743,0.0856,-0.1410,0.0534,-0.1799,0.0932,-0.2465,33.9539,3.2344,68.7689,0.6596,1.1388,-2.0561,31.6029,-1.9304,66.4921,0.0000,0.0000,0.0000,0.0000,0.0000,0.0000,0.0000,0.0000,0.0000,5.00,3.00,2.00,0.0183,0.0298,0.0029,0,0.000000
6,1.6800,2.2385,44.6812,-38.5976,-0.0785,0.0406,-0.1076,-0.1799,0.0932,-0.2465,33.9512,3.2335,68.7671,0.6596,1.1388,-2.0561,31.6029,-1.9304,66.4921,0.0000,0.0000,0.0000,0.0000,0.0000,0.0000,0.0000,0.0000,0.0000,5.00,3.00,2.00,0.0154,0.0025,0.0116,0,0.000000
6,1.7000,2.1485,44.7281,-38.7208,-0.0785,0.0409,-0.1076,-0.1799,0.0932,-0.2465,33.9484,3.2327,68.7653,0.6596,1.1388,-2.0561,31.6029,-1.9304,66.4921,0.0000,0.0000,0.0000,0.0000,0.0000,0.0000,0.0000,0.0000,0.0000,5.00,3.00,2.00,0.0154,0.0025,0.0116,0,0.000000
6,1.7200,2.0585,44.7747,-38.8441,-0.0785,0.0407,-0.1076,-0.1799,0.0932,-0.2465,33.9457,3.2318,68.7635,0.6596,1.1388,-2.0561,31.6029,-1.9304,66.4921,0.0000,0.0000,0.0000,0.0000,0.0000,0.0000,0.0000,0.0000,0.0000,5.00,3.00,2.00,0.0154,0.0025,0.0116,0,0.000000
6,1.7400,1.9686,44.8213,-38.9673,-0.0785,0.0407,-0.1076,-0.1799,0.0932,-0.2465,33.9430,3.2310,68.7617,0.6596,1.1388,-2.0561,31.6029,-1.9304,66.4921,0.0000,0.0000,0.0000,0.0000,0.0000,0.0000,0.0000,0.0000,0.0000,5.00,3.00,2.00,0.0154,0.0025,0.0116,0,0.000000
6,1.7600,1.8786,44.8680,-39.0906,-0.0785,0.0407,-0.1076,0.3939,0.6782,-0.1576,33.9403,3.2301,68.7599,-0.6800,-0.2142,-0.4478,31.6029,-1.9304,66.4921,0.0000,0.0000,0.0000,0.0000,0.0000,0.0000,0.0000,0.0000,0.0000,5.00,3.00,2.00,0.0154,0.0025,0.0116,0,0.000000
6,1.7800,2.0755,45.2064,-39.1694,0.1719,0.2958,-0.0688,0.3939,0.6782,-0.1576,33.9468,3.2204,68.7787,-0.6800,-0.2142,-0.4478,31.6029,-1.9304,66.4921,0.0000,0.0000,0.0000,0.0000,0.0000,0.0000,0.0000,0.0000,0.0000,5.00,3.00,2.00,0.0738,0.1313,0.0047,0,0.000000
6,1.8000,2.2725,45.5462,-39.2482,0.1719,0.2965,-0.0688,0.3939,0.6782,-0.1576,33.9534,3.2106,68.7976,-0.6800,-0.2142,-0.4478,31.6029,-1.9304,66.4921,0.0000,0.0000,0.0000,0.0000,0.0000,0.0000,0.0000,0.0000,0.0000,5.00,3.00,2.00,0.0738,0.1319,0.0047,0,0.000000
6,1.8200,2.4694,45.8853,-39.3270,0.1719,0.2959,-0.0688,0.3939,0.6782,-0.1576,33.9601,3.2007,68.8162,-0.6800,-0.2142,-0.4478,31.6029,-1.9304,66.4921,0.0000,0.0000,0.0000,0.0000,0.0000,0.0000,0.0000,0.0000,0.0000,5.00,3.00,2.00,0.0738,0.1314,0.0047,0,0.000000
6,1.8400,2.6663,46.2245,-39.4058,0.1719,0.2959,-0.0688,0.3939,0.6782,-0.1576,33.9670,3.1907,68.8349,-0.6800,-0.2142,-0.4478,31.6029,-1.9304,66.4921,0.0000,0.0000,0.0000,0.0000,0.0000,0.0000,0.0000,0.0000,0.0000,5.00,3.00,2.00,0.0738,0.1314,0.0047,0,0.000000
6,1.8600,2.8633,46.5636,-39.4845,0.1719,0.2959,-0.0688,0.3774,0.1012,-0.4945,33.9739,3.1806,68.8534,1.6825,-2.4734,4.6719,31.6029,-1.9304,66.4921,0.0000,0.0000,0.0000,0.0000,0.0000,0.0000,0.0000,0.0000,0.0000,5.00,3.00,2.00,0.0738,0.1314,0.0047,0,0.000000
6,1.8800,3.0520,46.6150,-39.7318,0.1647,0.0442,-0.2157,0.3774,0.1012,-0.4945,33.9794,3.1802,68.8465,1.6825,-2.4734,4.6719,31.6029,-1.9304,66.4921,0.0000,0.0000,0.0000,0.0000,0.0000,0.0000,0.0000,0.0000,0.0000,5.00,3.00,2.00,0.0678,0.0029,0.0465,0,0.000000
6,1.9000,3.2407,46.6648,-39.9790,0.1647,0.0435,-0.2157,0.3774,0.1012,-0.4945,33.9849,3.1799,68.8395,1.6825,-2.4734,4.6719,31.6029,-1.9304,66.4921,0.0000,0.0000,0.0000,0.0000,0.0000,0.0000,0.0000,0.0000,0.0000,5.00,3.00,2.00,0.0678,0.0028,0.0465,0,0.000000
6,1.9200,3.4294,46.7154,-40.2262,0.1647,0.0442,-0.2158,0.3774,0.1012,-0.4945,33.9903,3.1795,68.8325,1.6825,-2.4734,4.6719,31.6029,-1.9304,66.4921,0.0000,0.0000,0.0000,0.0000,0.0000,0.0000,0.0000,0.0000,0.0000,5.00,3.00,2.00,0.0678,0.0029,0.0465,0,0.000000
6,1.9400,3.6181,46.7661,-40.4735,0.1647,0.0442,-0.2158,0.3774,0.1012,-0.4945,33.9957,3.1790,68.8255,1.6825,-2.4734,4.6719,31.6029,-1.9304,66.4921,0.0000,0.0000,0.0000,0.0000,0.0000,0.0000,0.0000,0.0000,0.0000,5.00,3.00,2.00,0.0678,0.0029,0.0465,0,0.000000
6,1.9600,3.8068,46.8167,-40.7207,0.1647,0.0442,-0.2157,0.5294,-0.1028,-0.5723,34.0010,3.1786,68.8185,1.3525,-0.1029,-1.7422,31.6029,-1.9304,66.4921,0.0000,0.0000,0.0000,0.0000,0.0000,0.0000,0.0000,0.0000,0.0000,5.00,3.00,2.00,0.0678,0.0029,0.0465,0,0.000000
6,1.9800,4.0715,46.7655,-41.0068,0.2310,-0.0449,-0.2497,0.5294,-0.1028,-0.5723,34.0080,3.1813,68.8032,1.3525,-0.1029,-1.7422,31.6029,-1.9304,66.4921,0.0000,0.0000,0.0000,0.0000,0.0000,0.0000,0.0000,0.0000,0.0000,5.00,3.00,2.00,0.1334,0.0030,0.0623,0,0.000000
6,2.0000,4.3362,46.7139,-41.2930,0.2310,-0.0451,-0.2497,0.5294,-0.1028,-0.5723,34.0148,3.1840,68.7878,1.3525,-0.1029,-1.7422,31.6029,-1.9304,66.4921,0.0000,0.0000,0.0000,0.0000,0.0000,0.0000,0.0000,0.0000,0.0000,5.00,3.00,2.00,0.1334,0.0030,0.0623,0,0.000000
6,2.0200,4.6009,46.6625,-41.5791,0.2310,-0.0449,-0.2497,0.5294,-0.1028,-0.5723,34.0215,3.1866,68.7724,1.3525,-0.1029,-1.7422,31.6029,-1.9304,66.4921,0.0000,0.0000,0.0000,0.0000,0.0000,0.0000,0.0000,0.0000,0.0000,5.00,3.00,2.00,0.1334,0.0030,0.0623,0,0.000000
6,2.0400,4.8656,46.6110,-41.8652,0.2310,-0.0449,-0.2497,0.5294,-0.1028,-0.5723,34.0281,3.1891,68.7569,1.3525,-0.1029,-1.7422,31.6029,-1.9304,66.4921,0.0000,0.0000,0.0000,0.0000,0.0000,0.0000,0.0000,0.0000,0.0000,5.00,3.00,2.00,0.1334,0.0030,0.0623,0,0.000000
6,2.0600,5.1303,46.5596,-42.1514,0.2310,-0.0449,-0.2497,0.0463,0.1568,0.0820,34.0346,3.1915,68.7415,1.6781,0.6478,-3.8532,31.6029,-1.9304,66.4921,0.0000,0.0000,0.0000,0.0000,0.0000,0.0000,0.0000,0.0000,0.0000,5.00,3.00,2.00,0.1334,0.0030,0.0623,0,0.000000
6,2.0800,5.1534,46.6376,-42.1104,0.0202,0.0684,0.0358,0.0463,0.1568,0.0820,34.0358,3.1891,68.7481,1.6781,0.6478,-3.8532,31.6029,-1.9304,66.4921,0.0000,0.0000,0.0000,0.0000,0.0000,0.0000,0.0000,0.0000,0.0000,5.00,3.00,2.00,0.0010,0.0070,0.0013,0,0.000000
6,2.1000,5.1766,46.7165,-42.0694,0.0202,0.0688,0.0358,0.0463,0.1568,0.0820,34.0371,3.1867,68.7548,1.6781,0.6478,-3.8532,31.6029,-1.9304,66.4921,0.0000,0.0000,0.0000,0.0000,0.0000,0.0000,0.0000,0.0000,0.0000,5.00,3.00,2.00,0.0010,0.0071,0.0013,0,0.000000
6,2.1200,5.1997,46.7949,-42.0284,0.0202,0.0684,0.0358,0.0463,0.1568,0.0820,34.0384,3.1842,68.7614,1.6781,0.6478,-3.8532,31.6029,-1.9304,66.4921,0.0000,0.0000,0.0000,0.0000,0.0000,0.0000,0.0000,0.0000,0.0000,5.00,3.00,2.00,0.0010,0.0070,0.0013,0,0.000000
6,2.1400,5.2228,46.8733,-41.9874,0.0202,0.0684,0.0358,0.0463,0.1568,0.0820,34.0397,3.1818,68.7681,1.6781,0.6478,-3.8532,31.6029,-1.9304,66.4921,0.0000,0.0000,0.0000,0.0000,0.0000,0.0000,0.0000,0.0000,0.0000,5.00,3.00,2.00,0.0010,0.0070,0.0013,0,0.000000
6,2.1600,5.2459,46.9517,-41.9464,0.0202,0.0684,0.0358,0.4242,-0.0252,-0.2626,34.0410,3.1793,68.7747,0.3220,-0.6116,1.6621,31.6029,-1.9304,66.4921,0.0000,0.0000,0.0000,0.0000,0.0000,0.0000,0.0000,0.0000,0.0000,5.00,3.00,2.00,0.0010,0.0070,0.0013,0,0.000000
6,2.1800,5.4580,46.9394,-42.0777,0.1851,-0.0110,-0.1146,0.4242,-0.0252,-0.2626,34.0467,3.1801,68.7681,0.3220,-0.6116,1.6621,31.6029,-1.9304,66.4921,0.0000,0.0000,0.0000,0.0000,0.0000,0.0000,0.0000,0.0000,0.0000,5.00,3.00,2.00,0.0856,0.0002,0.0131,0,0.000000
6,2.2000,5.6701,46.9265,-42.2089,0.1851,-0.0113,-0.1146,0.4242,-0.0252,-0.2626,34.0524,3.1809,68.7614,0.3220,-0.6116,1.6621,31.6029,-1.9304,66.4921,0.0000,0.0000,0.0000,0.0000,0.0000,0.0000,0.0000,0.0000,0.0000,5.00,3.00,2.00,0.0856,0.0002,0.0131,0,0.000000
6,2.2200,5.8822,46.9139,-42.3402,0.1851,-0.0110,-0.1146,0.4242,-0.0252,-0.2626,34.0580,3.1817,68.7547,0.3220,-0.6116,1.6621,31.6029,-1.9304,66.4921,0.0000,0.0000,0.0000,0.0000,0.0000,0.0000,0.0000,0.0000,0.0000,5.00,3.00,2.00,0.0856,0.0002,0.0131,0,0.000000
6,2.2400,6.0943,46.9012,-42.4715,0.1851,-0.0110,-0.1146,0.4242,-0.0252,-0.2626,34.0635,3.1825,68.7479,0.3220,-0.6116,1.6621,31.6029,-1.9304,66.4921,0.0000,0.0000,0.0000,0.0000,0.0000,0.0000,0.0000,0.0000,0.0000,5.00,3.00,2.00,0.0856,0.0002,0.0131,0,0.000000
6,2.2600,6.3064,46.8886,-42.6028,0.1851,-0.0110,-0.1146,-0.4814,0.1404,-0.2939,34.0690,3.1833,68.7412,1.4025,0.2005,-1.6754,31.6029,-1.9304,66.4921,0.0000,0.0000,0.0000,0.0000,0.0000,0.0000,0.0000,0.0000,0.0000,5.00,3.00,2.00,0.0856,0.0002,0.0131,0,0.000000
6,2.2800,6.0657,46.9587,-42.7497,-0.2100,0.0612,-0.1282,-0.4814,0.1404,-0.2939,34.0619,3.1817,68.7406,1.4025,0.2005,-1.6754,31.6029,-1.9304,66.4921,0.0000,0.0000,0.0000,0.0000,0.0000,0.0000,0.0000,0.0000,0.0000,5.00,3.00,2.00,0.1103,0.0056,0.0164,0,0.000000
6,2.3000,5.8251,47.0290,-42.8967,-0.2100,0.0613,-0.1282,-0.4814,0.1404,-0.2939,34.0548,3.1801,68.7400,1.4025,0.2005,-1.6754,31.6029,-1.9304,66.4921,0.0000,0.0000,0.0000,0.0000,0.0000,0.0000,0.0000,0.0000,0.0000,5.00,3.00,2.00,0.1103,0.0056,0.0164,0,0.000000
6,2.3200,5.5844,47.0992,-43.0436,-0.2100,0.0613,-0.1282,-0.4814,0.1404,-0.2939,34.0476,3.1784,68.7393,1.4025,0.2005,-1.6754,31.6029,-1.9304,66.4921,0.0000,0.0000,0.0000,0.0000,0.0000,0.0000,0.0000,0.0000,0.0000,5.00,3.00,2.00,0.1103,0.0056,0.0164,0,0.000000
6,2.3400,5.3437,47.1694,-43.1905,-0.2100,0.0613,-0.1282,-0.4814,0.1404,-0.2939,34.0405,3.1768,68.7386,1.4025,0.2005,-1.6754,31.6029,-1.9304,66.4921,0.0000,0.0000,0.0000,0.0000,0.0000,0.0000,0.0000,0.0000,0.0000,5.00,3.00,2.00,0.1103,0.0056,0.0164,0,0.000000
6,2.3600,5.1030,47.2396,-43.3375,-0.2100,0.0613,-0.1282,-0.2363,0.0958,-0.3317,34.0334,3.1752,68.7379,-1.7807,-0.4061,-0.1675,31.6029,-1.9304,66.4921,0.0000,0.0000,0.0000,0.0000,0.0000,0.0000,0.0000,0.0000,0.0000,5.00,3.00,2.00,0.1103,0.0056,0.0164,0,0.000000
6,2.3800,4.9848,47.2875,-43.5033,-0.1031,0.0418,-0.1447,-0.2363,0.0958,-0.3317,34.0297,3.1742,68.7346,-1.7807,-0.4061,-0.1675,31.6029,-1.9304,66.4921,0.0000,0.0000,0.0000,0.0000,0.0000,0.0000,0.0000,0.0000,0.0000,5.00,3.00,2.00,0.0266,0.0026,0.0210,0,0.000000
6,2.4000,4.8667,47.3354,-43.6692,-0.1031,0.0417,-0.1447,-0.2363,0.0958,-0.3317,34.0260,3.1733,68.7313,-1.7807,-0.4061,-0.1675,31.6029,-1.9304,66.4921,0.0000,0.0000,0.0000,0.0000,0.0000,0.0000,0.0000,0.0000,0.0000,5.00,3.00,2.00,0.0266,0.0026,0.0210,0,0.000000
6,2.4200,4.7485,47.3833,-43.8351,-0.1031,0.0418,-0.1447,-0.2363,0.0958,-0.3317,34.0223,3.1723,68.7280,-1.7807,-0.4061,-0.1675,31.6029,-1.9304,66.4921,0.0000,0.0000,0.0000,0.0000,0.0000,0.0000,0.0000,0.0000,0.0000,5.00,3.00,2.00,0.0266,0.0026,0.0210,0,0.000000
6,2.4400,4.6303,47.4311,-44.0009,-0.1031,0.0418,-0.1447,-0.2363,0.0958,-0.3317,34.0186,3.1713,68.7247,-1.7807,-0.4061,-0.1675,31.6029,-1.9304,66.4921,0.0000,0.0000,0.0000,0.0000,0.0000,0.0000,0.0000,0.0000,0.0000,5.00,3.00,2.00,0.0266,0.0026,0.0210,0,0.000000
6,2.4600,4.5122,47.4790,-44.1668,-0.1031,0.0418,-0.1447,-0.0821,0.1395,-0.1554,34.0149,3.1704,68.7214,-0.9275,-0.2412,-0.8232,31.6029,-1.9304,66.4921,0.0000,0.0000,0.0000,0.0000,0.0000,0.0000,0.0000,0.0000,0.0000,5.00,3.00,2.00,0.0266,0.0026,0.0210,0,0.000000
6,2.4800,4.4711,47.5487,-44.2445,-0.0358,0.0609,-0.0678,-0.0821,0.1395,-0.1554,34.0138,3.1685,68.7228,-0.9275,-0.2412,-0.8232,31.6029,-1.9304,66.4921,0.0000,0.0000,0.0000,0.0000,0.0000,0.0000,0.0000,0.0000,0.0000,5.00,3.00,2.00,0.0032,0.0056,0.0046,0,0.000000
6,2.5000,4.4300,47.6185,-44.3222,-0.0358,0.0609,-0.0678,-0.0821,0.1395,-0.1554,34.0127,3.1667,68.7243,-0.9275,-0.2412,-0.8232,31.6029,-1.9304,66.4921,0.0000,0.0000,0.0000,0.0000,0.0000,0.0000,0.0000,0.0000,0.0000,5.00,3.00,2.00,0.0032,0.0056,0.0046,0,0.000000
6,2.5200,4.3890,47.6883,-44.3999,-0.0358,0.0609,-0.0678,-0.0821,0.1395,-0.1554,34.0117,3.1649,68.7258,-0.9275,-0.2412,-0.8232,31.6029,-1.9304,66.4921,0.0000,0.0000,0.0000,0.0000,0.0000,0.0000,0.0000,0.0000,0.0000,5.00,3.00,2.00,0.0032,0.0056,0.0046,0,0.000000
6,2.5400,4.3479,47.7581,-44.4776,-0.0358,0.0609,-0.0678,-0.0821,0.1395,-0.1554,34.0106,3.1630,68.7272,-0.9275,-0.2412,-0.8232,31.6029,-1.9304,66.4921,0.0000,0.0000,0.0000,0.0000,0.0000,0.0000,0.0000,0.0000,0.0000,5.00,3.00,2.00,0.0032,0.0056,0.0046,0,0.000000
6,2.5600,4.3068,47.8278,-44.5552,-0.0358,0.0609,-0.0678,0.3342,0.2422,-0.3969,34.0095,3.1612,68.7287,-0.2689,-0.4582,0.3635,31.6029,-1.9304,66.4921,0.0000,0.0000,0.0000,0.0000,0.0000,0.0000,0.0000,0.0000,0.0000,5.00,3.00,2.00,0.0032,0.0056,0.0046,0,0.000000
6,2.5800,4.4739,47.9489,-44.7537,0.1458,0.1057,-0.1732,0.3342,0.2422,-0.3969,34.0143,3.1581,68.7281,-0.2689,-0.4582,0.3635,31.6029,-1.9304,66.4921,0.0000,0.0000,0.0000,0.0000,0.0000,0.0000,0.0000,0.0000,0.0000,5.00,3.00,2.00,0.0532,0.0167,0.0300,0,0.000000
6,2.6000,4.6410,48.0700,-44.9521,0.1458,0.1057,-0.1732,0.3342,0.2422,-0.3969,34.0191,3.1551,68.7275,-0.2689,-0.4582,0.3635,31.6029,-1.9304,66.4921,0.0000,0.0000,0.0000,0.0000,0.0000,0.0000,0.0000,0.0000,0.0000,5.00,3.00,2.00,0.0532,0.0167,0.0300,0,0.000000
6,2.6200,4.8081,48.1911,-45.1505,0.1458,0.1057,-0.1732,0.3342,0.2422,-0.3969,34.0239,3.1520,68.7269,-0.2689,-0.4582,0.3635,31.6029,-1.9304,66.4921,0.0000,0.0000,0.0000,0.0000,0.0000,0.0000,0.0000,0.0000,0.0000,5.00,3.00,2.00,0.0532,0.0167,0.0300,0,0.000000
6,2.6400,4.9752,48.3122,-45.3489,0.1458,0.1057,-0.1732,0.3342,0.2422,-0.3969,34.0287,3.1489,68.7262,-0.2689,-0.4582,0.3635,31.6029,-1.9304,66.4921,0.0000,0.0000,0.0000,0.0000,0.0000,0.0000,0.0000,0.0000,0.0000,5.00,3.00,2.00,0.0532,0.0168,0.0300,0,0.000000
6,2.6600,5.1423,48.4333,-45.5474,0.1458,0.1057,-0.1732,0.4368,0.4141,0.5743,34.0335,3.1458,68.7256,1.1990,-0.7675,-0.1534,31.6029,-1.9304,66.4921,0.0000,0.0000,0.0000,0.0000,0.0000,0.0000,0.0000,0.0000,0.0000,5.00,3.00,2.00,0.0532,0.0167,0.0300,0,0.000000
6,2.6800,5.3607,48.6400,-45.2602,0.1906,0.1806,0.2506,0.4368,0.4141,0.5743,34.0421,3.1392,68.7497,1.1990,-0.7675,-0.1534,31.6029,-1.9304,66.4921,0.0000,0.0000,0.0000,0.0000,0.0000,0.0000,0.0000,0.0000,0.0000,5.00,3.00,2.00,0.0908,0.0489,0.0628,0,0.000000
6,2.7000,5.5791,48.8473,-44.9730,0.1906,0.1809,0.2506,0.4368,0.4141,0.5743,34.0509,3.1323,68.7738,1.1990,-0.7675,-0.1534,31.6029,-1.9304,66.4921,0.0000,0.0000,0.0000,0.0000,0.0000,0.0000,0.0000,0.0000,0.0000,5.00,3.00,2.00,0.0908,0.0491,0.0628,0,0.000000
6,2.7200,5.7975,49.0544,-44.6859,0.1906,0.1807,0.2506,0.4368,0.4141,0.5743,34.0598,3.1253,68.7979,1.1990,-0.7675,-0.1534,31.6029,-1.9304,66.4921,0.0000,0.0000,0.0000,0.0000,0.0000,0.0000,0.0000,0.0000,0.0000,5.00,3.00,2.00,0.0908,0.0490,0.0628,0,0.000000
6,2.7400,6.0159,49.2614,-44.3987,0.1906,0.1807,0.2506,0.4368,0.4141,0.5743,34.0690,3.1181,68.8218,1.1990,-0.7675,-0.1534,31.6029,-1.9304,66.4921,0.0000,0.0000,0.0000,0.0000,0.0000,0.0000,0.0000,0.0000,0.0000,5.00,3.00,2.00,0.0908,0.0490,0.0628,0,0.000000
6,2.7600,6.2343,49.4684,-44.1116,0.1906,0.1807,0.2506,-0.1486,0.2572,-0.4656,34.0783,3.1106,68.8457,2.2429,-1.7600,6.0043,31.6029,-1.9304,66.4921,0.0000,0.0000,0.0000,0.0000,0.0000,0.0000,0.0000,0.0000,0.0000,5.00,3.00,2.00,0.0908,0.0490,0.0628,0,0.000000
6,2.7800,6.1600,49.5974,-44.3444,-0.0648,0.1122,-0.2032,-0.1486,0.2572,-0.4656,34.0759,3.1075,68.8448,2.2429,-1.7600,6.0043,31.6029,-1.9304,66.4921,0.0000,0.0000,0.0000,0.0000,0.0000,0.0000,0.0000,0.0000,0.0000,5.00,3.00,2.00,0.0105,0.0189,0.0413,0,0.000000
6,2.8000,6.0857,49.7256,-44.5772,-0.0648,0.1119,-0.2032,-0.1486,0.2572,-0.4656,34.0735,3.1044,68.8438,2.2429,-1.7600,6.0043,31.6029,-1.9304,66.4921,0.0000,0.0000,0.0000,0.0000,0.0000,0.0000,0.0000,0.0000,0.0000,5.00,3.00,2.00,0.0105,0.0188,0.0413,0,0.000000
6,2.8200,6.0114,49.8542,-44.8100,-0.0648,0.1122,-0.2032,-0.1486,0.2572,-0.4656,34.0711,3.1012,68.8428,2.2429,-1.7600,6.0043,31.6029,-1.9304,66.4921,0.0000,0.0000,0.0000,0.0000,0.0000,0.0000,0.0000,0.0000,0.0000,5.00,3.00,2.00,0.0105,0.0189,0.0413,0,0.000000
6,2.8400,5.9371,49.9828,-45.0428,-0.0648,0.1122,-0.2032,-0.1486,0.2572,-0.4656,34.0687,3.0981,68.8418,2.2429,-1.7600,6.0043,31.6029,-1.9304,66.4921,0.0000,0.0000,0.0000,0.0000,0.0000,0.0000,0.0000,0.0000,0.0000,5.00,3.00,2.00,0.0105,0.0189,0.0413,0,0.000000
6,2.8600,5.8628,50.1113,-45.2756,-0.0648,0.1122,-0.2032,0.3225,0.1311,-0.2999,34.0662,3.0949,68.8409,-0.6048,-0.7879,-0.2407,31.6029,-1.9304,66.4921,0.0000,0.0000,0.0000,0.0000,0.0000,0.0000,0.0000,0.0000,0.0000,5.00,3.00,2.00,0.0105,0.0189,0.0413,0,0.000000
6,2.8800,6.0240,50.1769,-45.4256,0.1407,0.0572,-0.1309,0.3225,0.1311,-0.2999,34.0710,3.0934,68.8385,-0.6048,-0.7879,-0.2407,31.6029,-1.9304,66.4921,0.0000,0.0000,0.0000,0.0000,0.0000,0.0000,0.0000,0.0000,0.0000,5.00,3.00,2.00,0.0495,0.0049,0.0171,0,0.000000
6,2.9000,6.1853,50.2424,-45.5755,0.1407,0.0572,-0.1309,0.3225,0.1311,-0.2999,34.0758,3.0918,68.8360,-0.6048,-0.7879,-0.2407,31.6029,-1.9304,66.4921,0.0000,0.0000,0.0000,0.0000,0.0000,0.0000,0.0000,0.0000,0.0000,5.00,3.00,2.00,0.0495,0.0049,0.0171,0,0.000000
6,2.9200,6.3465,50.3079,-45.7255,0.1407,0.0572,-0.1309,0.3225,0.1311,-0.2999,34.0805,3.0903,68.8336,-0.6048,-0.7879,-0.2407,31.6029,-1.9304,66.4921,0.0000,0.0000,0.0000,0.0000,0.0000,0.0000,0.0000,0.0000,0.0000,5.00,3.00,2.00,0.0495,0.0049,0.0171,0,0.000000
6,2.9400,6.5078,50.3735,-45.8755,0.1407,0.0572,-0.1309,0.3225,0.1311,-0.2999,34.0852,3.0888,68.8312,-0.6048,-0.7879,-0.2407,31.6029,-1.9304,66.4921,0.0000,0.0000,0.0000,0.0000,0.0000,0.0000,0.0000,0.0000,0.0000,5.00,3.00,2.00,0.0495,0.0049,0.0171,0,0.000000
6,2.9600,6.6690,50.4390,-46.0254,0.1407,0.0572,-0.1309,0.3725,-0.0353,0.0090,34.0899,3.0872,68.8287,1.1854,-0.3837,-0.6073,31.6029,-1.9304,66.4921,0.0000,0.0000,0.0000,0.0000,0.0000,0.0000,0.0000,0.0000,0.0000,5.00,3.00,2.00,0.0495,0.0049,0.0171,0,0.000000
6,2.9800,6.8553,50.4213,-46.0210,0.1625,-0.0154,0.0039,0.3725,-0.0353,0.0090,34.0955,3.0877,68.8271,1.1854,-0.3837,-0.6073,31.6029,-1.9304,66.4921,0.0000,0.0000,0.0000,0.0000,0.0000,0.0000,0.0000,0.0000,0.0000,5.00,3.00,2.00,0.0660,0.0004,0.0000,0,0.000000
6,3.0000,7.0415,50.4037,-46.0165,0.1625,-0.0154,0.0039,0.3725,-0.0353,0.0090,34.1011,3.0883,68.8255,1.1854,-0.3837,-0.6073,31.6029,-1.9304,66.4921,0.0000,0.0000,0.0000,0.0000,0.0000,0.0000,0.0000,0.0000,0.0000,5.00,3.00,2.00,0.0660,0.0004,0.0000,0,0.000000
6,3.0200,7.2278,50.3861,-46.0120,0.1625,-0.0154,0.0039,0.3725,-0.0353,0.0090,34.1067,3.0888,68.8239,1.1854,-0.3837,-0.6073,31.6029,-1.9304,66.4921,0.0000,0.0000,0.0000,0.0000,0.0000,0.0000,0.0000,0.0000,0.0000,5.00,3.00,2.00,0.0660,0.0004,0.0000,0,0.000000
6,3.0400,7.4140,50.3684,-46.0075,0.1625,-0.0154,0.0039,0.3725,-0.0353,0.0090,34.1122,3.0893,68.8222,1.1854,-0.3837,-0.6073,31.6029,-1.9304,66.4921,0.0000,0.0000,0.0000,0.0000,0.0000,0.0000,0.0000,0.0000,0.0000,5.00,3.00,2.00,0.0660,0.0004,0.0000,0,0.000000
6,3.0600,7.6003,50.3508,-46.0030,0.1625,-0.0154,0.0039,-0.5459,-0.0187,-0.0952,34.1178,3.0899,68.8205,1.3914,0.1322,-0.4093,31.6029,-1.9304,66.4921,0.0000,0.0000,0.0000,0.0000,0.0000,0.0000,0.0000,0.0000,0.0000,5.00,3.00,2.00,0.0660,0.0004,0.0000,0,0.000000
6,3.0800,7.3273,50.3414,-46.0507,-0.2382,-0.0082,-0.0415,-0.5459,-0.0187,-0.0952,34.1091,3.0903,68.8191,1.3914,0.1322,-0.4093,31.6029,-1.9304,66.4921,0.0000,0.0000,0.0000,0.0000,0.0000,0.0000,0.0000,0.0000,0.0000,5.00,3.00,2.00,0.1418,0.0001,0.0017,0,0.000000
6,3.1000,7.0544,50.3320,-46.0983,-0.2382,-0.0082,-0.0415,-0.5459,-0.0187,-0.0952,34.1005,3.0907,68.8177,1.3914,0.1322,-0.4093,31.6029,-1.9304,66.4921,0.0000,0.0000,0.0000,0.0000,0.0000,0.0000,0.0000,0.0000,0.0000,5.00,3.00,2.00,0.1418,0.0001,0.0017,0,0.000000
6,3.1200,6.7814,50.3227,-46.1459,-0.2382,-0.0082,-0.0415,-0.5459,-0.0187,-0.0952,34.0919,3.0911,68.8162,1.3914,0.1322,-0.4093,31.6029,-1.9304,66.4921,0.0000,0.0000,0.0000,0.0000,0.0000,0.0000,0.0000,0.0000,0.0000,5.00,3.00,2.00,0.1418,0.0001,0.0017,0,0.000000
6,3.1400,6.5085,50.3133,-46.1935,-0.2382,-0.0082,-0.0415,-0.5459,-0.0187,-0.0952,34.0834,3.0916,68.8147,1.3914,0.1322,-0.4093,31.6029,-1.9304,66.4921,0.0000,0.0000,0.0000,0.0000,0.0000,0.0000,0.0000,0.0000,0.0000,5.00,3.00,2.00,0.1418,0.0001,0.0017,0,0.000000
6,3.1600,6.2356,50.3040,-46.2411,-0.2382,-0.0082,-0.0415,0.0772,0.3600,-0.1394,34.0748,3.0920,68.8131,-2.1482,0.1068,-0.3716,31.6029,-1.9304,66.4921,0.0000,0.0000,0.0000,0.0000,0.0000,0.0000,0.0000,0.0000,0.0000,5.00,3.00,2.00,0.1418,0.0001,0.0017,0,0.000000
6,3.1800,6.2742,50.4838,-46.3108,0.0337,0.1571,-0.0608,0.0772,0.3600,-0.1394,34.0769,3.0867,68.8215,-2.1482,0.1068,-0.3716,31.6029,-1.9304,66.4921,0.0000,0.0000,0.0000,0.0000,0.0000,0.0000,0.0000,0.0000,0.0000,5.00,3.00,2.00,0.0028,0.0370,0.0037,0,0.000000
6,3.2000,6.3128,50.6640,-46.3804,0.0337,0.1572,-0.0608,0.0772,0.3600,-0.1394,34.0790,3.0814,68.8299,-2.1482,0.1068,-0.3716,31.6029,-1.9304,66.4921,0.0000,0.0000,0.0000,0.0000,0.0000,0.0000,0.0000,0.0000,0.0000,5.00,3.00,2.00,0.0028,0.0371,0.0037,0,0.000000
6,3.2200,6.3514,50.8440,-46.4501,0.0337,0.1571,-0.0608,0.0772,0.3600,-0.1394,34.0812,3.0760,68.8382,-2.1482,0.1068,-0.3716,31.6029,-1.9304,66.4921,0.0000,0.0000,0.0000,0.0000,0.0000,0.0000,0.0000,0.0000,0.0000,5.00,3.00,2.00,0.0028,0.0370,0.0037,0,0.000000
6,3.2400,6.3900,51.0240,-46.5198,0.0337,0.1571,-0.0608,0.0772,0.3600,-0.1394,34.0833,3.0707,68.8465,-2.1482,0.1068,-0.3716,31.6029,-1.9304,66.4921,0.0000,0.0000,0.0000,0.0000,0.0000,0.0000,0.0000,0.0000,0.0000,5.00,3.00,2.00,0.0028,0.0370,0.0037,0,0.000000
6,3.2600,6.4287,51.2041,-46.5895,0.0337,0.1571,-0.0608,0.8403,-0.2339,-0.6386,34.0854,3.0653,68.8548,0.5316,-1.3356,2.0874,31.6029,-1.9304,66.4921,0.0000,0.0000,0.0000,0.0000,0.0000,0.0000,0.0000,0.0000,0.0000,5.00,3.00,2.00,0.0028,0.0370,0.0037,0,0.000000
6,3.2800,6.8488,51.0875,-46.9088,0.3666,-0.1020,-0.2786,0.8403,-0.2339,-0.6386,34.0961,3.0699,68.8333,0.5316,-1.3356,2.0874,31.6029,-1.9304,66.4921,0.0000,0.0000,0.0000,0.0000,0.0000,0.0000,0.0000,0.0000,0.0000,5.00,3.00,2.00,0.3360,0.0156,0.0776,0,0.000000
6,3.3000,7.2689,50.9702,-47.2281,0.3666,-0.1023,-0.2786,0.8403,-0.2339,-0.6386,34.1064,3.0744,68.8116,0.5316,-1.3356,2.0874,31.6029,-1.9304,66.4921,0.0000,0.0000,0.0000,0.0000,0.0000,0.0000,0.0000,0.0000,0.0000,5.00,3.00,2.00,0.3360,0.0157,0.0776,0,0.000000
6,3.3200,7.6890,50.8532,-47.5474,0.3666,-0.1021,-0.2786,0.8403,-0.2339,-0.6386,34.1164,3.0787,68.7899,0.5316,-1.3356,2.0874,31.6029,-1.9304,66.4921,0.0000,0.0000,0.0000,0.0000,0.0000,0.0000,0.0000,0.0000,0.0000,5.00,3.00,2.00,0.3360,0.0156,0.0776,0,0.000000
6,3.3400,8.1092,50.7363,-47.8667,0.3666,-0.1020,-0.2786,0.8403,-0.2339,-0.6386,34.1261,3.0829,68.7681,0.5316,-1.3356,2.0874,31.6029,-1.9304,66.4921,0.0000,0.0000,0.0000,0.0000,0.0000,0.0000,0.0000,0.0000,0.0000,5.00,3.00,2.00,0.3360,0.0156,0.0776,0,0.000000
6,3.3600,8.5293,50.6194,-48.1860,0.3666,-0.1021,-0.2786,0.6799,0.3440,0.2032,34.1355,3.0870,68.7463,2.5023,1.0854,-5.4295,31.6029,-1.9304,66.4921,0.0000,0.0000,0.0000,0.0000,0.0000,0.0000,0.0000,0.0000,0.0000,5.00,3.00,2.00,0.3360,0.0156,0.0776,0,0.000000
6,3.3800,8.8693,50.7910,-48.0844,0.2967,0.1501,0.0887,0.6799,0.3440,0.2032,34.1477,3.0817,68.7595,2.5023,1.0854,-5.4295,31.6029,-1.9304,66.4921,0.0000,0.0000,0.0000,0.0000,0.0000,0.0000,0.0000,0.0000,0.0000,5.00,3.00,2.00,0.2201,0.0338,0.0079,0,0.000000
6,3.4000,9.2092,50.9633,-47.9827,0.2967,0.1504,0.0887,0.6799,0.3440,0.2032,34.1601,3.0764,68.7727,2.5023,1.0854,-5.4295,31.6029,-1.9304,66.4921,0.0000,0.0000,0.0000,0.0000,0.0000,0.0000,0.0000,0.0000,0.0000,5.00,3.00,2.00,0.2201,0.0339,0.0079,0,0.000000
6,3.4200,9.5492,51.1353,-47.8811,0.2967,0.1501,0.0887,0.6799,0.3440,0.2032,34.1726,3.0710,68.7857,2.5023,1.0854,-5.4295,31.6029,-1.9304,66.4921,0.0000,0.0000,0.0000,0.0000,0.0000,0.0000,0.0000,0.0000,0.0000,5.00,3.00,2.00,0.2201,0.0338,0.0079,0,0.000000
6,3.4400,9.8892,51.3073,-47.7795,0.2967,0.1501,0.0887,0.6799,0.3440,0.2032,34.1853,3.0655,68.7987,2.5023,1.0854,-5.4295,31.6029,-1.9304,66.4921,0.0000,0.0000,0.0000,0.0000,0.0000,0.0000,0.0000,0.0000,0.0000,5.00,3.00,2.00,0.2201,0.0338,0.0079,0,0.000000
6,3.4600,10.2292,51.4793,-47.6779,0.2967,0.1501,0.0887,0.2089,0.0717,0.0068,34.1981,3.0600,68.8115,3.1330,-1.3508,3.2616,31.6029,-1.9304,66.4921,0.0000,0.0000,0.0000,0.0000,0.0000,0.0000,0.0000,0.0000,0.0000,5.00,3.00,2.00,0.2201,0.0338,0.0079,0,0.000000
6,3.4800,10.3336,51.5153,-47.6745,0.0912,0.0313,0.0030,0.2089,0.0717,0.0068,34.2017,3.0589,68.8133,3.1330,-1.3508,3.2616,31.6029,-1.9304,66.4921,0.0000,0.0000,0.0000,0.0000,0.0000,0.0000,0.0000,0.0000,0.0000,5.00,3.00,2.00,0.0208,0.0015,0.0000,0,0.000000
6,3.5000,10.4381,51.5510,-47.6710,0.0912,0.0312,0.0030,0.2089,0.0717,0.0068,34.2053,3.0577,68.8150,3.1330,-1.3508,3.2616,31.6029,-1.9304,66.4921,0.0000,0.0000,0.0000,0.0000,0.0000,0.0000,0.0000,0.0000,0.0000,5.00,3.00,2.00,0.0208,0.0015,0.0000,0,0.000000
6,3.5200,10.5425,51.5869,-47.6676,0.0912,0.0313,0.0030,0.2089,0.0717,0.0068,34.2089,3.0566,68.8168,3.1330,-1.3508,3.2616,31.6029,-1.9304,66.4921,0.0000,0.0000,0.0000,0.0000,0.0000,0.0000,0.0000,0.0000,0.0000,5.00,3.00,2.00,0.0208,0.0015,0.0000,0,0.000000
6,3.5400,10.6470,51.6228,-47.6642,0.0912,0.0313,0.0030,0.2089,0.0717,0.0068,34.2125,3.0555,68.8185,3.1330,-1.3508,3.2616,31.6029,-1.9304,66.4921,0.0000,0.0000,0.0000,0.0000,0.0000,0.0000,0.0000,0.0000,0.0000,5.00,3.00,2.00,0.0208,0.0015,0.0000,0,0.000000
6,3.5600,10.7514,51.6586,-47.6608,0.0912,0.0313,0.0030,0.8652,0.0319,0.1155,34.2162,3.0544,68.8203,0.9012,-0.2792,0.4398,31.6029,-1.9304,66.4921,0.0000,0.0000,0.0000,0.0000,0.0000,0.0000,0.0000,0.0000,0.0000,5.00,3.00,2.00,0.0208,0.0015,0.0000,0,0.000000
6,3.5800,11.1840,51.6746,-47.6030,0.3775,0.0139,0.0504,0.8652,0.0319,0.1155,34.2300,3.0537,68.8210,0.9012,-0.2792,0.4398,31.6029,-1.9304,66.4921,0.0000,0.0000,0.0000,0.0000,0.0000,0.0000,0.0000,0.0000,0.0000,5.00,3.00,2.00,0.3563,0.0003,0.0025,0,0.000000
6,3.6000,11.6166,51.6906,-47.5453,0.3775,0.0139,0.0504,0.8652,0.0319,0.1155,34.2438,3.0531,68.8216,0.9012,-0.2792,0.4398,31.6029,-1.9304,66.4921,0.0000,0.0000,0.0000,0.0000,0.0000,0.0000,0.0000,0.0000,0.0000,5.00,3.00,2.00,0.3563,0.0003,0.0025,0,0.000000
6,3.6200,12.0492,51.7065,-47.4875,0.3775,0.0139,0.0504,0.8652,0.0319,0.1155,34.2577,3.0524,68.8221,0.9012,-0.2792,0.4398,31.6029,-1.9304,66.4921,0.0000,0.0000,0.0000,0.0000,0.0000,0.0000,0.0000,0.0000,0.0000,5.00,3.00,2.00,0.3563,0.0003,0.0025,0,0.000000
6,3.6400,12.4817,51.7225,-47.4298,0.3775,0.0139,0.0504,0.8652,0.0319,0.1155,34.2715,3.0517,68.8225,0.9012,-0.2792,0.4398,31.6029,-1.9304,66.4921,0.0000,0.0000,0.0000,0.0000,0.0000,0.0000,0.0000,0.0000,0.0000,5.00,3.00,2.00,0.3563,0.0003,0.0025,0,0.000000
6,3.6600,12.9143,51.7385,-47.3720,0.3775,0.0139,0.0504,-0.0133,0.1276,-0.4362,34.2855,3.0511,68.8228,3.4645,-0.1668,0.1232,31.6029,-1.9304,66.4921,0.0000,0.0000,0.0000,0.0000,0.0000,0.0000,0.0000,0.0000,0.0000,5.00,3.00,2.00,0.3563,0.0003,0.0025,0,0.000000
6,3.6800,12.9077,51.8023,-47.5902,-0.0058,0.0557,-0.1903,-0.0133,0.1276,-0.4362,34.2842,3.0497,68.8181,3.4645,-0.1668,0.1232,31.6029,-1.9304,66.4921,0.0000,0.0000,0.0000,0.0000,0.0000,0.0000,0.0000,0.0000,0.0000,5.00,3.00,2.00,0.0001,0.0046,0.0362,0,0.000000
6,3.7000,12.9010,51.8660,-47.8083,-0.0058,0.0556,-0.1904,-0.0133,0.1276,-0.4362,34.2829,3.0484,68.8135,3.4645,-0.1668,0.1232,31.6029,-1.9304,66.4921,0.0000,0.0000,0.0000,0.0000,0.0000,0.0000,0.0000,0.0000,0.0000,5.00,3.00,2.00,0.0001,0.0046,0.0362,0,0.000000
6,3.7200,12.8944,51.9298,-48.0264,-0.0058,0.0557,-0.1903,-0.0133,0.1276,-0.4362,34.2816,3.0470,68.8088,3.4645,-0.1668,0.1232,31.6029,-1.9304,66.4921,0.0000,0.0000,0.0000,0.0000,0.0000,0.0000,0.0000,0.0000,0.0000,5.00,3.00,2.00,0.0001,0.0046,0.0362,0,0.000000
6,3.7400,12.8877,51.9936,-48.2445,-0.0058,0.0557,-0.1903,-0.0133,0.1276,-0.4362,34.2804,3.0456,68.8042,3.4645,-0.1668,0.1232,31.6029,-1.9304,66.4921,0.0000,0.0000,0.0000,0.0000,0.0000,0.0000,0.0000,0.0000,0.0000,5.00,3.00,2.00,0.0001,0.0046,0.0362,0,0.000000
6,3.7600,12.8811,52.0574,-48.4627,-0.0058,0.0557,-0.1904,0.4910,-0.5832,-0.0252,34.2791,3.0442,68.7996,-0.3187,-0.3423,-1.1597,31.6029,-1.9304,66.4921,0.0000,0.0000,0.0000,0.0000,0.0000,0.0000,0.0000,0.0000,0.0000,5.00,3.00,2.00,0.0001,0.0046,0.0362,0,0.000000
6,3.7800,13.1266,51.7659,-48.4752,0.2142,-0.2545,-0.0110,0.4910,-0.5832,-0.0252,34.2822,3.0532,68.7796,-0.3187,-0.3423,-1.1597,31.6029,-1.9304,66.4921,0.0000,0.0000,0.0000,0.0000,0.0000,0.0000,0.0000,0.0000,0.0000,5.00,3.00,2.00,0.1147,0.0971,0.0001,0,0.000000
6,3.8000,13.3720,51.4741,-48.4878,0.2142,-0.2546,-0.0110,0.4910,-0.5832,-0.0252,34.2852,3.0621,68.7596,-0.3187,-0.3423,-1.1597,31.6029,-1.9304,66.4921,0.0000,0.0000,0.0000,0.0000,0.0000,0.0000,0.0000,0.0000,0.0000,5.00,3.00,2.00,0.1147,0.0972,0.0001,0,0.000000
6,3.8200,13.6175,51.1825,-48.5004,0.2142,-0.2545,-0.0110,0.4910,-0.5832,-0.0252,34.2879,3.0708,68.7396,-0.3187,-0.3423,-1.1597,31.6029,-1.9304,66.4921,0.0000,0.0000,0.0000,0.0000,0.0000,0.0000,0.0000,0.0000,0.0000,5.00,3.00,2.00,0.1147,0.0971,0.0001,0,0.000000
6,3.8400,13.8630,50.8909,-48.5130,0.2142,-0.2545,-0.0110,0.4910,-0.5832,-0.0252,34.2905,3.0795,68.7196,-0.3187,-0.3423,-1.1597,31.6029,-1.9304,66.4921,0.0000,0.0000,0.0000,0.0000,0.0000,0.0000,0.0000,0.0000,0.0000,5.00,3.00,2.00,0.1147,0.0971,0.0001,0,0.000000
6,3.8600,14.1085,50.5993,-48.5255,0.2142,-0.2545,-0.0110,0.1546,0.0673,-0.4901,34.2930,3.0881,68.6995,0.6945,2.1955,-5.0034,31.6029,-1.9304,66.4921,0.0000,0.0000,0.0000,0.0000,0.0000,0.0000,0.0000,0.0000,0.0000,5.00,3.00,2.00,0.1147,0.0971,0.0001,0,0.000000
6,3.8800,14.1858,50.6328,-48.7706,0.0675,0.0294,-0.2139,0.1546,0.0673,-0.4901,34.2933,3.0875,68.6914,0.6945,2.1955,-5.0034,31.6029,-1.9304,66.4921,0.0000,0.0000,0.0000,0.0000,0.0000,0.0000,0.0000,0.0000,0.0000,5.00,3.00,2.00,0.0114,0.0013,0.0457,0,0.000000
6,3.9000,14.2631,50.6666,-49.0157,0.0675,0.0295,-0.2139,0.1546,0.0673,-0.4901,34.2935,3.0868,68.6833,0.6945,2.1955,-5.0034,31.6029,-1.9304,66.4921,0.0000,0.0000,0.0000,0.0000,0.0000,0.0000,0.0000,0.0000,0.0000,5.00,3.00,2.00,0.0114,0.0013,0.0457,0,0.000000
6,3.9200,14.3404,50.7003,-49.2607,0.0675,0.0294,-0.2139,0.1546,0.0673,-0.4901,34.2938,3.0861,68.6753,0.6945,2.1955,-5.0034,31.6029,-1.9304,66.4921,0.0000,0.0000,0.0000,0.0000,0.0000,0.0000,0.0000,0.0000,0.0000,5.00,3.00,2.00,0.0114,0.0013,0.0457,0,0.000000
6,3.9400,14.4177,50.7339,-49.5058,0.0675,0.0294,-0.2139,0.1546,0.0673,-0.4901,34.2940,3.0854,68.6672,0.6945,2.1955,-5.0034,31.6029,-1.9304,66.4921,0.0000,0.0000,0.0000,0.0000,0.0000,0.0000,0.0000,0.0000,0.0000,5.00,3.00,2.00,0.0114,0.0013,0.0457,0,0.000000
6,3.9600,14.4950,50.7676,-49.7508,0.0675,0.0294,-0.2139,0.3757,0.0360,-0.3417,34.2942,3.0846,68.6591,0.0607,-0.1762,-2.0203,31.6029,-1.9304,66.4921,0.0000,0.0000,0.0000,0.0000,0.0000,0.0000,0.0000,0.0000,0.0000,5.00,3.00,2.00,0.0114,0.0013,0.0457,0,0.000000
6,3.9800,14.6829,50.7856,-49.9217,0.1639,0.0157,-0.1491,0.3757,0.0360,-0.3417,34.2979,3.0842,68.6522,0.0607,-0.1762,-2.0203,31.6029,-1.9304,66.4921,0.0000,0.0000,0.0000,0.0000,0.0000,0.0000,0.0000,0.0000,0.0000,5.00,3.00,2.00,0.0672,0.0004,0.0222,0,0.000000
6,4.0000,14.8708,50.8036,-50.0925,0.1639,0.0157,-0.1491,0.3757,0.0360,-0.3417,34.3016,3.0838,68.6452,0.0607,-0.1762,-2.0203,31.6029,-1.9304,66.4921,0.0000,0.0000,0.0000,0.0000,0.0000,0.0000,0.0000,0.0000,0.0000,5.00,3.00,2.00,0.0672,0.0004,0.0222,0,0.000000
6,4.0200,15.0586,50.8216,-50.2634,0.1639,0.0157,-0.1491,0.3757,0.0360,-0.3417,34.3052,3.0833,68.6383,0.0607,-0.1762,-2.0203,31.6029,-1.9304,66.4921,0.0000,0.0000,0.0000,0.0000,0.0000,0.0000,0.0000,0.0000,0.0000,5.00,3.00,2.00,0.0672,0.0004,0.0222,0,0.000000
6,4.0400,15.2465,50.8395,-50.4342,0.1639,0.0157,-0.1491,0.3757,0.0360,-0.3417,34.3088,3.0829,68.6313,0.0607,-0.1762,-2.0203,31.6029,-1.9304,66.4921,0.0000,0.0000,0.0000,0.0000,0.0000,0.0000,0.0000,0.0000,0.0000,5.00,3.00,2.00,0.0672,0.0004,0.0222,0,0.000000
6,4.0600,15.4344,50.8575,-50.6050,0.1639,0.0157,-0.1491,-0.0070,0.5130,0.0059,34.3124,3.0824,68.6244,0.9108,-0.1081,-1.7353,31.6029,-1.9304,66.4921,0.0000,0.0000,0.0000,0.0000,0.0000,0.0000,0.0000,0.0000,0.0000,5.00,3.00,2.00,0.0672,0.0004,0.0222,0,0.000000
6,4.0800,15.4309,51.1139,-50.6021,-0.0031,0.2238,0.0026,-0.0070,0.5130,0.0059,34.3166,3.0752,68.6401,0.9108,-0.1081,-1.7353,31.6029,-1.9304,66.4921,0.0000,0.0000,0.0000,0.0000,0.0000,0.0000,0.0000,0.0000,0.0000,5.00,3.00,2.00,0.0000,0.0751,0.0000,0,0.000000
6,4.1000,15.4273,51.3705,-50.5991,-0.0031,0.2239,0.0026,-0.0070,0.5130,0.0059,34.3209,3.0679,68.6558,0.9108,-0.1081,-1.7353,31.6029,-1.9304,66.4921,0.0000,0.0000,0.0000,0.0000,0.0000,0.0000,0.0000,0.0000,0.0000,5.00,3.00,2.00,0.0000,0.0752,0.0000,0,0.000000
6,4.1200,15.4238,51.6270,-50.5962,-0.0031,0.2238,0.0026,-0.0070,0.5130,0.0059,34.3251,3.0605,68.6714,0.9108,-0.1081,-1.7353,31.6029,-1.9304,66.4921,0.0000,0.0000,0.0000,0.0000,0.0000,0.0000,0.0000,0.0000,0.0000,5.00,3.00,2.00,0.0000,0.0751,0.0000,0,0.000000
6,4.1400,15.4203,51.8835,-50.5933,-0.0031,0.2238,0.0026,-0.0070,0.5130,0.0059,34.3293,3.0531,68.6871,0.9108,-0.1081,-1.7353,31.6029,-1.9304,66.4921,0.0000,0.0000,0.0000,0.0000,0.0000,0.0000,0.0000,0.0000,0.0000,5.00,3.00,2.00,0.0000,0.0752,0.0000,0,0.000000
6,4.1600,15.4168,52.1400,-50.5903,-0.0031,0.2238,0.0026,-0.2650,0.0273,-0.0719,34.3335,3.0456,68.7026,1.0536,-1.8429,3.9131,31.6029,-1.9304,66.4921,0.0000,0.0000,0.0000,0.0000,0.0000,0.0000,0.0000,0.0000,0.0000,5.00,3.00,2.00,0.0000,0.0751,0.0000,0,0.000000
6,4.1800,15.2843,52.1537,-50.6263,-0.1156,0.0119,-0.0314,-0.2650,0.0273,-0.0719,34.3296,3.0452,68.7031,1.0536,-1.8429,3.9131,31.6029,-1.9304,66.4921,0.0000,0.0000,0.0000,0.0000,0.0000,0.0000,0.0000,0.0000,0.0000,5.00,3.00,2.00,0.0334,0.0002,0.0010,0,0.000000
6,4.2000,15.1518,52.1672,-50.6622,-0.1156,0.0118,-0.0314,-0.2650,0.0273,-0.0719,34.3256,3.0449,68.7035,1.0536,-1.8429,3.9131,31.6029,-1.9304,66.4921,0.0000,0.0000,0.0000,0.0000,0.0000,0.0000,0.0000,0.0000,0.0000,5.00,3.00,2.00,0.0334,0.0002,0.0010,0,0.000000
6,4.2200,15.0192,52.1809,-50.6981,-0.1156,0.0119,-0.0314,-0.2650,0.0273,-0.0719,34.3217,3.0445,68.7040,1.0536,-1.8429,3.9131,31.6029,-1.9304,66.4921,0.0000,0.0000,0.0000,0.0000,0.0000,0.0000,0.0000,0.0000,0.0000,5.00,3.00,2.00,0.0334,0.0002,0.0010,0,0.000000
6,4.2400,14.8867,52.1945,-50.7341,-0.1156,0.0119,-0.0314,-0.2650,0.0273,-0.0719,34.3178,3.0441,68.7044,1.0536,-1.8429,3.9131,31.6029,-1.9304,66.4921,0.0000,0.0000,0.0000,0.0000,0.0000,0.0000,0.0000,0.0000,0.0000,5.00,3.00,2.00,0.0334,0.0002,0.0010,0,0.000000
6,4.2600,14.7542,52.2082,-50.7700,-0.1156,0.0119,-0.0314,0.2124,-0.2886,-0.0646,34.3139,3.0438,68.7048,-0.9798,-0.0908,0.1091,31.6029,-1.9304,66.4921,0.0000,0.0000,0.0000,0.0000,0.0000,0.0000,0.0000,0.0000,0.0000,5.00,3.00,2.00,0.0334,0.0002,0.0010,0,0.000000
6,4.2800,14.8604,52.0639,-50.8023,0.0927,-0.1259,-0.0282,0.2124,-0.2886,-0.0646,34.3143,3.0480,68.6941,-0.9798,-0.0908,0.1091,31.6029,-1.9304,66.4921,0.0000,0.0000,0.0000,0.0000,0.0000,0.0000,0.0000,0.0000,0.0000,5.00,3.00,2.00,0.0215,0.0238,0.0008,0,0.000000
6,4.3000,14.9666,51.9196,-50.8346,0.0927,-0.1260,-0.0282,0.2124,-0.2886,-0.0646,34.3146,3.0522,68.6833,-0.9798,-0.0908,0.1091,31.6029,-1.9304,66.4921,0.0000,0.0000,0.0000,0.0000,0.0000,0.0000,0.0000,0.0000,0.0000,5.00,3.00,2.00,0.0215,0.0238,0.0008,0,0.000000
6,4.3200,15.0728,51.7753,-50.8669,0.0927,-0.1259,-0.0282,0.2124,-0.2886,-0.0646,34.3149,3.0564,68.6725,-0.9798,-0.0908,0.1091,31.6029,-1.9304,66.4921,0.0000,0.0000,0.0000,0.0000,0.0000,0.0000,0.0000,0.0000,0.0000,5.00,3.00,2.00,0.0215,0.0238,0.0008,0,0.000000
6,4.3400,15.1790,51.6310,-50.8992,0.0927,-0.1259,-0.0282,0.2124,-0.2886,-0.0646,34.3151,3.0606,68.6617,-0.9798,-0.0908,0.1091,31.6029,-1.9304,66.4921,0.0000,0.0000,0.0000,0.0000,0.0000,0.0000,0.0000,0.0000,0.0000,5.00,3.00,2.00,0.0215,0.0238,0.0008,0,0.000000
6,4.3600,15.2852,51.4867,-50.9315,0.0927,-0.1259,-0.0282,-0.1634,-0.5889,0.6670,34.3153,3.0648,68.6509,0.0727,1.0495,-2.6943,31.6029,-1.9304,66.4921,0.0000,0.0000,0.0000,0.0000,0.0000,0.0000,0.0000,0.0000,0.0000,5.00,3.00,2.00,0.0215,0.0238,0.0008,0,0.000000
6,4.3800,15.2035,51.1922,-50.5981,-0.0713,-0.2569,0.2910,-0.1634,-0.5889,0.6670,34.3118,3.0730,68.6467,0.0727,1.0495,-2.6943,31.6029,-1.9304,66.4921,0.0000,0.0000,0.0000,0.0000,0.0000,0.0000,0.0000,0.0000,0.0000,5.00,3.00,2.00,0.0127,0.0990,0.0847,0,0.000000
6,4.4000,15.1218,50.8978,-50.2646,-0.0713,-0.2569,0.2910,-0.1634,-0.5889,0.6670,34.3082,3.0812,68.6424,0.0727,1.0495,-2.6943,31.6029,-1.9304,66.4921,0.0000,0.0000,0.0000,0.0000,0.0000,0.0000,0.0000,0.0000,0.0000,5.00,3.00,2.00,0.0127,0.0990,0.0847,0,0.000000
6,4.4200,15.0401,50.6034,-49.9311,-0.0713,-0.2569,0.2910,-0.1634,-0.5889,0.6670,34.3046,3.0894,68.6381,0.0727,1.0495,-2.6943,31.6029,-1.9304,66.4921,0.0000,0.0000,0.0000,0.0000,0.0000,0.0000,0.0000,0.0000,0.0000,5.00,3.00,2.00,0.0127,0.0990,0.0847,0,0.000000
6,4.4400,14.9584,50.3090,-49.5976,-0.0713,-0.2569,0.2910,-0.1634,-0.5889,0.6670,34.3011,3.0975,68.6337,0.0727,1.0495,-2.6943,31.6029,-1.9304,66.4921,0.0000,0.0000,0.0000,0.0000,0.0000,0.0000,0.0000,0.0000,0.0000,5.00,3.00,2.00,0.0127,0.0990,0.0847,0,0.000000
6,4.4600,14.8767,50.0145,-49.2641,-0.0713,-0.2569,0.2910,0.5659,0.3130,-0.0547,34.2975,3.1056,68.6293,-0.8900,2.0420,-1.0830,31.6029,-1.9304,66.4921,0.0000,0.0000,0.0000,0.0000,0.0000,0.0000,0.0000,0.0000,0.0000,5.00,3.00,2.00,0.0127,0.0990,0.0847,0,0.000000
6,4.4800,15.1596,50.1709,-49.2915,0.2469,0.1366,-0.0239,0.5659,0.3130,-0.0547,34.3075,3.1012,68.6357,-0.8900,2.0420,-1.0830,31.6029,-1.9304,66.4921,0.0000,0.0000,0.0000,0.0000,0.0000,0.0000,0.0000,0.0000,0.0000,5.00,3.00,2.00,0.1524,0.0280,0.0006,0,0.000000
6,4.5000,15.4426,50.3276,-49.3188,0.2469,0.1367,-0.0239,0.5659,0.3130,-0.0547,34.3175,3.0968,68.6421,-0.8900,2.0420,-1.0830,31.6029,-1.9304,66.4921,0.0000,0.0000,0.0000,0.0000,0.0000,0.0000,0.0000,0.0000,0.0000,5.00,3.00,2.00,0.1524,0.0280,0.0006,0,0.000000
6,4.5200,15.7255,50.4841,-49.3462,0.2469,0.1366,-0.0239,0.5659,0.3130,-0.0547,34.3276,3.0924,68.6484,-0.8900,2.0420,-1.0830,31.6029,-1.9304,66.4921,0.0000,0.0000,0.0000,0.0000,0.0000,0.0000,0.0000,0.0000,0.0000,5.00,3.00,2.00,0.1524,0.0280,0.0006,0,0.000000
6,4.5400,16.0084,50.6406,-49.3735,0.2469,0.1366,-0.0239,0.5659,0.3130,-0.0547,34.3378,3.0879,68.6547,-0.8900,2.0420,-1.0830,31.6029,-1.9304,66.4921,0.0000,0.0000,0.0000,0.0000,0.0000,0.0000,0.0000,0.0000,0.0000,5.00,3.00,2.00,0.1524,0.0280,0.0006,0,0.000000
6,4.5600,16.2914,50.7971,-49.4008,0.2469,0.1366,-0.0239,0.4130,-0.3789,-0.0829,34.3481,3.0835,68.6608,2.5272,-1.1070,1.5778,31.6029,-1.9304,66.4921,0.0000,0.0000,0.0000,0.0000,0.0000,0.0000,0.0000,0.0000,0.0000,5.00,3.00,2.00,0.1524,0.0280,0.0006,0,0.000000
6,4.5800,16.4979,50.6078,-49.4423,0.1802,-0.1653,-0.0362,0.4130,-0.3789,-0.0829,34.3499,3.0889,68.6461,2.5272,-1.1070,1.5778,31.6029,-1.9304,66.4921,0.0000,0.0000,0.0000,0.0000,0.0000,0.0000,0.0000,0.0000,0.0000,5.00,3.00,2.00,0.0812,0.0410,0.0013,0,0.000000
6,4.6000,16.7044,50.4182,-49.4838,0.1802,-0.1655,-0.0362,0.4130,-0.3789,-0.0829,34.3516,3.0943,68.6313,2.5272,-1.1070,1.5778,31.6029,-1.9304,66.4921,0.0000,0.0000,0.0000,0.0000,0.0000,0.0000,0.0000,0.0000,0.0000,5.00,3.00,2.00,0.0812,0.0411,0.0013,0,0.000000
6,4.6200,16.9109,50.2288,-49.5252,0.1802,-0.1653,-0.0362,0.4130,-0.3789,-0.0829,34.3533,3.0997,68.6166,2.5272,-1.1070,1.5778,31.6029,-1.9304,66.4921,0.0000,0.0000,0.0000,0.0000,0.0000,0.0000,0.0000,0.0000,0.0000,5.00,3.00,2.00,0.0812,0.0410,0.0013,0,0.000000
6,4.6400,17.1174,50.0393,-49.5667,0.1802,-0.1653,-0.0362,0.4130,-0.3789,-0.0829,34.3548,3.1050,68.6018,2.5272,-1.1070,1.5778,31.6029,-1.9304,66.4921,0.0000,0.0000,0.0000,0.0000,0.0000,0.0000,0.0000,0.0000,0.0000,5.00,3.00,2.00,0.0812,0.0410,0.0013,0,0.000000
6,4.6600,17.3240,49.8499,-49.6082,0.1802,-0.1653,-0.0362,-0.3273,-0.3963,0.5807,34.3562,3.1103,68.5870,0.4063,1.3421,-3.6919,31.6029,-1.9304,66.4921,0.0000,0.0000,0.0000,0.0000,0.0000,0.0000,0.0000,0.0000,0.0000,5.00,3.00,2.00,0.0812,0.0410,0.0013,0,0.000000
6,4.6800,17.1603,49.6517,-49.3178,-0.1428,-0.1729,0.2534,-0.3273,-0.3963,0.5807,34.3516,3.1157,68.5875,0.4063,1.3421,-3.6919,31.6029,-1.9304,66.4921,0.0000,0.0000,0.0000,0.0000,0.0000,0.0000,0.0000,0.0000,0.0000,5.00,3.00,2.00,0.0510,0.0448,0.0642,0,0.000000
6,4.7000,16.9966,49.4536,-49.0275,-0.1428,-0.1728,0.2534,-0.3273,-0.3963,0.5807,34.3471,3.1211,68.5880,0.4063,1.3421,-3.6919,31.6029,-1.9304,66.4921,0.0000,0.0000,0.0000,0.0000,0.0000,0.0000,0.0000,0.0000,0.0000,5.00,3.00,2.00,0.0510,0.0448,0.0642,0,0.000000
6,4.7200,16.8330,49.2555,-48.7372,-0.1428,-0.1729,0.2534,-0.3273,-0.3963,0.5807,34.3425,3.1265,68.5884,0.4063,1.3421,-3.6919,31.6029,-1.9304,66.4921,0.0000,0.0000,0.0000,0.0000,0.0000,0.0000,0.0000,0.0000,0.0000,5.00,3.00,2.00,0.0510,0.0448,0.0642,0,0.000000
6,4.7400,16.6693,49.0574,-48.4468,-0.1428,-0.1729,0.2534,-0.3273,-0.3963,0.5807,34.3379,3.1318,68.5888,0.4063,1.3421,-3.6919,31.6029,-1.9304,66.4921,0.0000,0.0000,0.0000,0.0000,0.0000,0.0000,0.0000,0.0000,0.0000,5.00,3.00,2.00,0.0510,0.0448,0.0642,0,0.000000
6,4.7600,16.5057,48.8592,-48.1565,-0.1428,-0.1729,0.2534,0.1532,0.3200,-0.8147,34.3333,3.1371,68.5892,-1.1454,1.3417,0.1110,31.6029,-1.9304,66.4921,0.0000,0.0000,0.0000,0.0000,0.0000,0.0000,0.0000,0.0000,0.0000,5.00,3.00,2.00,0.0510,0.0448,0.0642,0,0.000000
6,4.7800,16.5823,49.0192,-48.5638,0.0668,0.1396,-0.3555,0.1532,0.3200,-0.8147,34.3335,3.1329,68.5827,-1.1454,1.3417,0.1110,31.6029,-1.9304,66.4921,0.0000,0.0000,0.0000,0.0000,0.0000,0.0000,0.0000,0.0000,0.0000,5.00,3.00,2.00,0.0112,0.0292,0.1264,0,0.000000
6,4.8000,16.6589,49.1793,-48.9711,0.0668,0.1396,-0.3555,0.1532,0.3200,-0.8147,34.3338,3.1286,68.5761,-1.1454,1.3417,0.1110,31.6029,-1.9304,66.4921,0.0000,0.0000,0.0000,0.0000,0.0000,0.0000,0.0000,0.0000,0.0000,5.00,3.00,2.00,0.0112,0.0292,0.1264,0,0.000000
6,4.8200,16.7355,49.3393,-49.3784,0.0668,0.1396,-0.3555,0.1532,0.3200,-0.8147,34.3340,3.1243,68.5695,-1.1454,1.3417,0.1110,31.6029,-1.9304,66.4921,0.0000,0.0000,0.0000,0.0000,0.0000,0.0000,0.0000,0.0000,0.0000,5.00,3.00,2.00,0.0112,0.0292,0.1264,0,0.000000
6,4.8400,16.8121,49.4993,-49.7858,0.0668,0.1396,-0.3555,0.1532,0.3200,-0.8147,34.3342,3.1199,68.5629,-1.1454,1.3417,0.1110,31.6029,-1.9304,66.4921,0.0000,0.0000,0.0000,0.0000,0.0000,0.0000,0.0000,0.0000,0.0000,5.00,3.00,2.00,0.0112,0.0292,0.1264,0,0.000000
6,4.8600,16.8887,49.6593,-50.1931,0.0668,0.1396,-0.3555,-0.2057,0.3496,-0.3713,34.3343,3.1154,68.5563,0.0519,-1.0845,-1.6445,31.6029,-1.9304,66.4921,0.0000,0.0000,0.0000,0.0000,0.0000,0.0000,0.0000,0.0000,0.0000,5.00,3.00,2.00,0.0112,0.0292,0.1264,0,0.000000
6,4.8800,16.7858,49.8340,-50.3787,-0.0898,0.1525,-0.1620,-0.2057,0.3496,-0.3713,34.3327,3.1106,68.5606,0.0519,-1.0845,-1.6445,31.6029,-1.9304,66.4921,0.0000,0.0000,0.0000,0.0000,0.0000,0.0000,0.0000,0.0000,0.0000,5.00,3.00,2.00,0.0201,0.0349,0.0262,0,0.000000
6,4.9000,16.6830,50.0088,-50.5644,-0.0898,0.1526,-0.1620,-0.2057,0.3496,-0.3713,34.3311,3.1058,68.5648,0.0519,-1.0845,-1.6445,31.6029,-1.9304,66.4921,0.0000,0.0000,0.0000,0.0000,0.0000,0.0000,0.0000,0.0000,0.0000,5.00,3.00,2.00,0.0201,0.0349,0.0262,0,0.000000
6,4.9200,16.5801,50.1836,-50.7501,-0.0898,0.1525,-0.1620,-0.2057,0.3496,-0.3713,34.3294,3.1010,68.5691,0.0519,-1.0845,-1.6445,31.6029,-1.9304,66.4921,0.0000,0.0000,0.0000,0.0000,0.0000,0.0000,0.0000,0.0000,0.0000,5.00,3.00,2.00,0.0201,0.0349,0.0262,0,0.000000
6,4.9400,16.4773,50.3584,-50.9357,-0.0898,0.1525,-0.1620,-0.2057,0.3496,-0.3713,34.3278,3.0962,68.5733,0.0519,-1.0845,-1.6445,31.6029,-1.9304,66.4921,0.0000,0.0000,0.0000,0.0000,0.0000,0.0000,0.0000,0.0000,0.0000,5.00,3.00,2.00,0.0201,0.0349,0.0262,0,0.000000
6,4.9600,16.3744,50.5332,-51.1214,-0.0898,0.1525,-0.1620,0.0869,0.1846,0.5079,34.3261,3.0913,68.5775,-0.4124,-1.2045,1.0590,31.6029,-1.9304,66.4921,0.0000,0.0000,0.0000,0.0000,0.0000,0.0000,0.0000,0.0000,0.0000,5.00,3.00,2.00,0.0201,0.0349,0.0262,0,0.000000
6,4.9800,16.4179,50.6254,-50.8674,0.0379,0.0805,0.2216,0.0869,0.1846,0.5079,34.3318,3.0889,68.5926,-0.4124,-1.2045,1.0590,31.6029,-1.9304,66.4921,0.0000,0.0000,0.0000,0.0000,0.0000,0.0000,0.0000,0.0000,0.0000,5.00,3.00,2.00,0.0036,0.0097,0.0491,0,0.000000
6,5.0000,16.4613,50.7177,-50.6135,0.0379,0.0806,0.2216,0.0869,0.1846,0.5079,34.3375,3.0863,68.6077,-0.4124,-1.2045,1.0590,31.6029,-1.9304,66.4921,0.0000,0.0000,0.0000,0.0000,0.0000,0.0000,0.0000,0.0000,0.0000,5.00,3.00,2.00,0.0036,0.0097,0.0491,0,0.000000
6,5.0200,16.5048,50.8100,-50.3595,0.0379,0.0805,0.2216,0.0869,0.1846,0.5079,34.3432,3.0837,68.6228,-0.4124,-1.2045,1.0590,31.6029,-1.9304,66.4921,0.0000,0.0000,0.0000,0.0000,0.0000,0.0000,0.0000,0.0000,0.0000,5.00,3.00,2.00,0.0036,0.0097,0.0491,0,0.000000
6,5.0400,16.5482,50.9023,-50.1056,0.0379,0.0805,0.2216,0.0869,0.1846,0.5079,34.3490,3.0810,68.6378,-0.4124,-1.2045,1.0590,31.6029,-1.9304,66.4921,0.0000,0.0000,0.0000,0.0000,0.0000,0.0000,0.0000,0.0000,0.0000,5.00,3.00,2.00,0.0036,0.0097,0.0491,0,0.000000
6,5.0600,16.5917,50.9946,-49.8516,0.0379,0.0805,0.2216,0.2933,0.5786,-0.5165,34.3547,3.0782,68.6529,1.4324,-0.6585,3.7682,31.6029,-1.9304,66.4921,0.0000,0.0000,0.0000,0.0000,0.0000,0.0000,0.0000,0.0000,0.0000,5.00,3.00,2.00,0.0036,0.0097,0.0491,0,0.000000
6,5.0800,16.7383,51.2839,-50.1099,0.1280,0.2524,-0.2254,0.2933,0.5786,-0.5165,34.3610,3.0701,68.6591,1.4324,-0.6585,3.7682,31.6029,-1.9304,66.4921,0.0000,0.0000,0.0000,0.0000,0.0000,0.0000,0.0000,0.0000,0.0000,5.00,3.00,2.00,0.0409,0.0956,0.0508,0,0.000000
6,5.1000,16.8850,51.5731,-50.3681,0.1280,0.2524,-0.2254,0.2933,0.5786,-0.5165,34.3673,3.0619,68.6653,1.4324,-0.6585,3.7682,31.6029,-1.9304,66.4921,0.0000,0.0000,0.0000,0.0000,0.0000,0.0000,0.0000,0.0000,0.0000,5.00,3.00,2.00,0.0409,0.0956,0.0508,0,0.000000
6,5.1200,17.0316,51.8624,-50.6264,0.1280,0.2524,-0.2254,0.2933,0.5786,-0.5165,34.3736,3.0537,68.6714,1.4324,-0.6585,3.7682,31.6029,-1.9304,66.4921,0.0000,0.0000,0.0000,0.0000,0.0000,0.0000,0.0000,0.0000,0.0000,5.00,3.00,2.00,0.0409,0.0956,0.0508,0,0.000000
6,5.1400,17.1782,52.1517,-50.8846,0.1280,0.2524,-0.2254,0.2933,0.5786,-0.5165,34.3799,3.0455,68.6774,1.4324,-0.6585,3.7682,31.6029,-1.9304,66.4921,0.0000,0.0000,0.0000,0.0000,0.0000,0.0000,0.0000,0.0000,0.0000,5.00,3.00,2.00,0.0409,0.0956,0.0508,0,0.000000
6,5.1600,17.3249,52.4410,-51.1429,0.1280,0.2524,-0.2254,-0.3736,0.2561,-0.2141,34.3863,3.0373,68.6834,1.5787,-2.0449,1.5282,31.6029,-1.9304,66.4921,0.0000,0.0000,0.0000,0.0000,0.0000,0.0000,0.0000,0.0000,0.0000,5.00,3.00,2.00,0.0409,0.0956,0.0508,0,0.000000
6,5.1800,17.1380,52.5691,-51.2500,-0.1630,0.1117,-0.0934,-0.3736,0.2561,-0.2141,34.3821,3.0336,68.6885,1.5787,-2.0449,1.5282,31.6029,-1.9304,66.4921,0.0000,0.0000,0.0000,0.0000,0.0000,0.0000,0.0000,0.0000,0.0000,5.00,3.00,2.00,0.0665,0.0187,0.0087,0,0.000000
6,5.2000,16.9512,52.6971,-51.3570,-0.1630,0.1117,-0.0934,-0.3736,0.2561,-0.2141,34.3779,3.0299,68.6936,1.5787,-2.0449,1.5282,31.6029,-1.9304,66.4921,0.0000,0.0000,0.0000,0.0000,0.0000,0.0000,0.0000,0.0000,0.0000,5.00,3.00,2.00,0.0665,0.0187,0.0087,0,0.000000
6,5.2200,16.7644,52.8251,-51.4641,-0.1630,0.1117,-0.0934,-0.3736,0.2561,-0.2141,34.3737,3.0263,68.6987,1.5787,-2.0449,1.5282,31.6029,-1.9304,66.4921,0.0000,0.0000,0.0000,0.0000,0.0000,0.0000,0.0000,0.0000,0.0000,5.00,3.00,2.00,0.0665,0.0187,0.0087,0,0.000000
6,5.2400,16.5776,52.9531,-51.5711,-0.1630,0.1117,-0.0934,-0.3736,0.2561,-0.2141,34.3695,3.0226,68.7038,1.5787,-2.0449,1.5282,31.6029,-1.9304,66.4921,0.0000,0.0000,0.0000,0.0000,0.0000,0.0000,0.0000,0.0000,0.0000,5.00,3.00,2.00,0.0665,0.0187,0.0087,0,0.000000
6,5.2600,16.3907,53.0812,-51.6782,-0.1630,0.1117,-0.0934,0.3613,-0.0106,0.0395,34.3652,3.0189,68.7088,-1.0569,-0.9200,1.2684,31.6029,-1.9304,66.4921,0.0000,0.0000,0.0000,0.0000,0.0000,0.0000,0.0000,0.0000,0.0000,5.00,3.00,2.00,0.0665,0.0187,0.0087,0,0.000000
6,5.2800,16.5714,53.0759,-51.6584,0.1576,-0.0046,0.0172,0.3613,-0.0106,0.0395,34.3704,3.0190,68.7077,-1.0569,-0.9200,1.2684,31.6029,-1.9304,66.4921,0.0000,0.0000,0.0000,0.0000,0.0000,0.0000,0.0000,0.0000,0.0000,5.00,3.00,2.00,0.0621,0.0000,0.0003,0,0.000000
6,5.3000,16.7520,53.0706,-51.6387,0.1576,-0.0046,0.0172,0.3613,-0.0106,0.0395,34.3757,3.0192,68.7066,-1.0569,-0.9200,1.2684,31.6029,-1.9304,66.4921,0.0000,0.0000,0.0000,0.0000,0.0000,0.0000,0.0000,0.0000,0.0000,5.00,3.00,2.00,0.0621,0.0000,0.0003,0,0.000000
6,5.3200,16.9326,53.0653,-51.6189,0.1576,-0.0046,0.0172,0.3613,-0.0106,0.0395,34.3810,3.0193,68.7055,-1.0569,-0.9200,1.2684,31.6029,-1.9304,66.4921,0.0000,0.0000,0.0000,0.0000,0.0000,0.0000,0.0000,0.0000,0.0000,5.00,3.00,2.00,0.0621,0.0000,0.0003,0,0.000000
6,5.3400,17.1132,53.0600,-51.5992,0.1576,-0.0046,0.0172,0.3613,-0.0106,0.0395,34.3863,3.0194,68.7044,-1.0569,-0.9200,1.2684,31.6029,-1.9304,66.4921,0.0000,0.0000,0.0000,0.0000,0.0000,0.0000,0.0000,0.0000,0.0000,5.00,3.00,2.00,0.0621,0.0000,0.0003,0,0.000000
6,5.3600,17.2939,53.0548,-51.5794,0.1576,-0.0046,0.0172,0.6419,0.1601,0.4460,34.3915,3.0196,68.7033,1.3184,0.0342,-0.2766,31.6029,-1.9304,66.4921,0.0000,0.0000,0.0000,0.0000,0.0000,0.0000,0.0000,0.0000,0.0000,5.00,3.00,2.00,0.0621,0.0000,0.0003,0,0.000000
6,5.3800,17.6148,53.1348,-51.3564,0.2801,0.0699,0.1946,0.6419,0.1601,0.4460,34.4049,3.0169,68.7137,1.3184,0.0342,-0.2766,31.6029,-1.9304,66.4921,0.0000,0.0000,0.0000,0.0000,0.0000,0.0000,0.0000,0.0000,0.0000,5.00,3.00,2.00,0.1961,0.0073,0.0379,0,0.000000
6,5.4000,17.9358,53.2149,-51.1335,0.2801,0.0699,0.1946,0.6419,0.1601,0.4460,34.4183,3.0142,68.7241,1.3184,0.0342,-0.2766,31.6029,-1.9304,66.4921,0.0000,0.0000,0.0000,0.0000,0.0000,0.0000,0.0000,0.0000,0.0000,5.00,3.00,2.00,0.1961,0.0073,0.0379,0,0.000000
6,5.4200,18.2568,53.2949,-50.9105,0.2801,0.0699,0.1946,0.6419,0.1601,0.4460,34.4319,3.0114,68.7343,1.3184,0.0342,-0.2766,31.6029,-1.9304,66.4921,0.0000,0.0000,0.0000,0.0000,0.0000,0.0000,0.0000,0.0000,0.0000,5.00,3.00,2.00,0.1961,0.0073,0.0379,0,0.000000
6,5.4400,18.5777,53.3750,-50.6875,0.2801,0.0699,0.1946,0.6419,0.1601,0.4460,34.4456,3.0086,68.7444,1.3184,0.0342,-0.2766,31.6029,-1.9304,66.4921,0.0000,0.0000,0.0000,0.0000,0.0000,0.0000,0.0000,0.0000,0.0000,5.00,3.00,2.00,0.1961,0.0073,0.0379,0,0.000000
6,5.4600,18.8987,53.4551,-50.4645,0.2801,0.0699,0.1946,-0.2798,-0.1926,-0.4390,34.4595,3.0057,68.7544,3.3974,-0.6951,2.5585,31.6029,-1.9304,66.4921,0.0000,0.0000,0.0000,0.0000,0.0000,0.0000,0.0000,0.0000,0.0000,5.00,3.00,2.00,0.1961,0.0073,0.0379,0,0.000000
6,5.4800,18.7588,53.3589,-50.6840,-0.1221,-0.0840,-0.1916,-0.2798,-0.1926,-0.4390,34.4506,3.0091,68.7418,3.3974,-0.6951,2.5585,31.6029,-1.9304,66.4921,0.0000,0.0000,0.0000,0.0000,0.0000,0.0000,0.0000,0.0000,0.0000,5.00,3.00,2.00,0.0373,0.0106,0.0367,0,0.000000
6,5.5000,18.6189,53.2624,-50.9035,-0.1221,-0.0842,-0.1916,-0.2798,-0.1926,-0.4390,34.4418,3.0124,68.7292,3.3974,-0.6951,2.5585,31.6029,-1.9304,66.4921,0.0000,0.0000,0.0000,0.0000,0.0000,0.0000,0.0000,0.0000,0.0000,5.00,3.00,2.00,0.0373,0.0106,0.0367,0,0.000000
6,5.5200,18.4790,53.1661,-51.1230,-0.1221,-0.0841,-0.1916,-0.2798,-0.1926,-0.4390,34.4331,3.0157,68.7165,3.3974,-0.6951,2.5585,31.6029,-1.9304,66.4921,0.0000,0.0000,0.0000,0.0000,0.0000,0.0000,0.0000,0.0000,0.0000,5.00,3.00,2.00,0.0373,0.0106,0.0367,0,0.000000
6,5.5400,18.3391,53.0698,-51.3426,-0.1221,-0.0841,-0.1916,-0.2798,-0.1926,-0.4390,34.4244,3.0188,68.7037,3.3974,-0.6951,2.5585,31.6029,-1.9304,66.4921,0.0000,0.0000,0.0000,0.0000,0.0000,0.0000,0.0000,0.0000,0.0000,5.00,3.00,2.00,0.0373,0.0106,0.0367,0,0.000000
6,5.5600,18.1992,52.9734,-51.5621,-0.1221,-0.0841,-0.1916,0.0887,0.0805,0.1436,34.4158,3.0220,68.6909,-2.1835,0.8149,-3.1746,31.6029,-1.9304,66.4921,0.0000,0.0000,0.0000,0.0000,0.0000,0.0000,0.0000,0.0000,0.0000,5.00,3.00,2.00,0.0373,0.0106,0.0367,0,0.000000
6,5.5800,18.2435,53.0136,-51.4903,0.0387,0.0351,0.0627,0.0887,0.0805,0.1436,34.4187,3.0207,68.6956,-2.1835,0.8149,-3.1746,31.6029,-1.9304,66.4921,0.0000,0.0000,0.0000,0.0000,0.0000,0.0000,0.0000,0.0000,0.0000,5.00,3.00,2.00,0.0037,0.0018,0.0039,0,0.000000
6,5.6000,18.2878,53.0539,-51.4185,0.0387,0.0352,0.0627,0.0887,0.0805,0.1436,34.4217,3.0194,68.7004,-2.1835,0.8149,-3.1746,31.6029,-1.9304,66.4921,0.0000,0.0000,0.0000,0.0000,0.0000,0.0000,0.0000,0.0000,0.0000,5.00,3.00,2.00,0.0037,0.0019,0.0039,0,0.000000
6,5.6200,18.3322,53.0942,-51.3467,0.0387,0.0351,0.0627,0.0887,0.0805,0.1436,34.4246,3.0181,68.7051,-2.1835,0.8149,-3.1746,31.6029,-1.9304,66.4921,0.0000,0.0000,0.0000,0.0000,0.0000,0.0000,0.0000,0.0000,0.0000,5.00,3.00,2.00,0.0037,0.0018,0.0039,0,0.000000
6,5.6400,18.3765,53.1344,-51.2749,0.0387,0.0351,0.0627,0.0887,0.0805,0.1436,34.4276,3.0168,68.7098,-2.1835,0.8149,-3.1746,31.6029,-1.9304,66.4921,0.0000,0.0000,0.0000,0.0000,0.0000,0.0000,0.0000,0.0000,0.0000,5.00,3.00,2.00,0.0037,0.0019,0.0039,0,0.000000
6,5.6600,18.4208,53.1746,-51.2031,0.0387,0.0351,0.0627,0.2129,-0.1145,-0.1835,34.4306,3.0155,68.7145,0.7381,-0.3221,1.1757,31.6029,-1.9304,66.4921,0.0000,0.0000,0.0000,0.0000,0.0000,0.0000,0.0000,0.0000,0.0000,5.00,3.00,2.00,0.0037,0.0018,0.0039,0,0.000000
6,5.6800,18.5272,53.1175,-51.2948,0.0929,-0.0500,-0.0801,0.2129,-0.1145,-0.1835,34.4313,3.0174,68.7066,0.7381,-0.3221,1.1757,31.6029,-1.9304,66.4921,0.0000,0.0000,0.0000,0.0000,0.0000,0.0000,0.0000,0.0000,0.0000,5.00,3.00,2.00,0.0216,0.0037,0.0064,0,0.000000
6,5.7000,18.6337,53.0601,-51.3866,0.0929,-0.0500,-0.0801,0.2129,-0.1145,-0.1835,34.4320,3.0192,68.6987,0.7381,-0.3221,1.1757,31.6029,-1.9304,66.4921,0.0000,0.0000,0.0000,0.0000,0.0000,0.0000,0.0000,0.0000,0.0000,5.00,3.00,2.00,0.0216,0.0038,0.0064,0,0.000000
6,5.7200,18.7401,53.0028,-51.4783,0.0929,-0.0500,-0.0801,0.2129,-0.1145,-0.1835,34.4327,3.0210,68.6908,0.7381,-0.3221,1.1757,31.6029,-1.9304,66.4921,0.0000,0.0000,0.0000,0.0000,0.0000,0.0000,0.0000,0.0000,0.0000,5.00,3.00,2.00,0.0216,0.0037,0.0064,0,0.000000
6,5.7400,18.8466,52.9456,-51.5701,0.0929,-0.0500,-0.0801,0.2129,-0.1145,-0.1835,34.4334,3.0228,68.6829,0.7381,-0.3221,1.1757,31.6029,-1.9304,66.4921,0.0000,0.0000,0.0000,0.0000,0.0000,0.0000,0.0000,0.0000,0.0000,5.00,3.00,2.00,0.0216,0.0037,0.0064,0,0.000000
6,5.7600,18.9530,52.8883,-51.6619,0.0929,-0.0500,-0.0801,0.0377,0.0840,-0.7729,34.4340,3.0246,68.6750,0.1703,0.4527,-1.9722,31.6029,-1.9304,66.4921,0.0000,0.0000,0.0000,0.0000,0.0000,0.0000,0.0000,0.0000,0.0000,5.00,3.00,2.00,0.0216,0.0037,0.0064,0,0.000000
6,5.7800,18.9718,52.9303,-52.0483,0.0164,0.0367,-0.3372,0.0377,0.0840,-0.7729,34.4303,3.0236,68.6625,0.1703,0.4527,-1.9722,31.6029,-1.9304,66.4921,0.0000,0.0000,0.0000,0.0000,0.0000,0.0000,0.0000,0.0000,0.0000,5.00,3.00,2.00,0.0007,0.0020,0.1137,0,0.000000
6,5.8000,18.9907,52.9723,-52.4348,0.0164,0.0366,-0.3372,0.0377,0.0840,-0.7729,34.4266,3.0226,68.6501,0.1703,0.4527,-1.9722,31.6029,-1.9304,66.4921,0.0000,0.0000,0.0000,0.0000,0.0000,0.0000,0.0000,0.0000,0.0000,5.00,3.00,2.00,0.0007,0.0020,0.1137,0,0.000000
6,5.8200,19.0095,53.0143,-52.8212,0.0164,0.0367,-0.3372,0.0377,0.0840,-0.7729,34.4229,3.0215,68.6376,0.1703,0.4527,-1.9722,31.6029,-1.9304,66.4921,0.0000,0.0000,0.0000,0.0000,0.0000,0.0000,0.0000,0.0000,0.0000,5.00,3.00,2.00,0.0007,0.0020,0.1137,0,0.000000
6,5.8400,19.0284,53.0563,-53.2077,0.0164,0.0367,-0.3373,0.0377,0.0840,-0.7729,34.4191,3.0203,68.6251,0.1703,0.4527,-1.9722,31.6029,-1.9304,66.4921,0.0000,0.0000,0.0000,0.0000,0.0000,0.0000,0.0000,0.0000,0.0000,5.00,3.00,2.00,0.0007,0.0020,0.1137,0,0.000000
6,5.8600,19.0472,53.0983,-53.5942,0.0164,0.0367,-0.3372,0.4125,0.0030,0.3015,34.4154,3.0190,68.6126,-0.9296,-0.2789,-3.1185,31.6029,-1.9304,66.4921,0.0000,0.0000,0.0000,0.0000,0.0000,0.0000,0.0000,0.0000,0.0000,5.00,3.00,2.00,0.0007,0.0020,0.1137,0,0.000000
6,5.8800,19.2535,53.0998,-53.4434,0.1800,0.0013,0.1315,0.4125,0.0030,0.3015,34.4230,3.0190,68.6166,-0.9296,-0.2789,-3.1185,31.6029,-1.9304,66.4921,0.0000,0.0000,0.0000,0.0000,0.0000,0.0000,0.0000,0.0000,0.0000,5.00,3.00,2.00,0.0810,0.0000,0.0173,0,0.000000
6,5.9000,19.4597,53.1013,-53.2927,0.1800,0.0014,0.1315,0.4125,0.0030,0.3015,34.4306,3.0190,68.6204,-0.9296,-0.2789,-3.1185,31.6029,-1.9304,66.4921,0.0000,0.0000,0.0000,0.0000,0.0000,0.0000,0.0000,0.0000,0.0000,5.00,3.00,2.00,0.0810,0.0000,0.0173,0,0.000000
6,5.9200,19.6660,53.1029,-53.1420,0.1800,0.0013,0.1315,0.4125,0.0030,0.3015,34.4382,3.0190,68.6243,-0.9296,-0.2789,-3.1185,31.6029,-1.9304,66.4921,0.0000,0.0000,0.0000,0.0000,0.0000,0.0000,0.0000,0.0000,0.0000,5.00,3.00,2.00,0.0810,0.0000,0.0173,0,0.000000
6,5.9400,19.8722,53.1044,-52.9912,0.1800,0.0013,0.1315,0.4125,0.0030,0.3015,34.4459,3.0189,68.6281,-0.9296,-0.2789,-3.1185,31.6029,-1.9304,66.4921,0.0000,0.0000,0.0000,0.0000,0.0000,0.0000,0.0000,0.0000,0.0000,5.00,3.00,2.00,0.0810,0.0000,0.0173,0,0.000000
6,5.9600,20.0785,53.1059,-52.8405,0.1800,0.0013,0.1315,0.1370,0.3161,-0.1346,34.4536,3.0188,68.6319,1.9085,-0.0078,0.9621,31.6029,-1.9304,66.4921,0.0000,0.0000,0.0000,0.0000,0.0000,0.0000,0.0000,0.0000,0.0000,5.00,3.00,2.00,0.0810,0.0000,0.0173,0,0.000000
6,5.9800,20.1470,53.2639,-52.9078,0.0598,0.1379,-0.0587,0.1370,0.3161,-0.1346,34.4579,3.0143,68.6378,1.9085,-0.0078,0.9621,31.6029,-1.9304,66.4921,0.0000,0.0000,0.0000,0.0000,0.0000,0.0000,0.0000,0.0000,0.0000,5.00,3.00,2.00,0.0089,0.0285,0.0034,0,0.000000
6,6.0000,20.2155,53.4220,-52.9751,0.0598,0.1379,-0.0587,0.1370,0.3161,-0.1346,34.4622,3.0097,68.6438,1.9085,-0.0078,0.9621,31.6029,-1.9304,66.4921,0.0000,0.0000,0.0000,0.0000,0.0000,0.0000,0.0000,0.0000,0.0000,5.00,3.00,2.00,0.0089,0.0285,0.0034,0,0.000000
6,6.0200,20.2840,53.5800,-53.0423,0.0598,0.1379,-0.0587,0.1370,0.3161,-0.1346,34.4665,3.0051,68.6497,1.9085,-0.0078,0.9621,31.6029,-1.9304,66.4921,0.0000,0.0000,0.0000,0.0000,0.0000,0.0000,0.0000,0.0000,0.0000,5.00,3.00,2.00,0.0089,0.0285,0.0034,0,0.000000
6,6.0400,20.3525,53.7380,-53.1096,0.0598,0.1379,-0.0587,0.1370,0.3161,-0.1346,34.4708,3.0005,68.6556,1.9085,-0.0078,0.9621,31.6029,-1.9304,66.4921,0.0000,0.0000,0.0000,0.0000,0.0000,0.0000,0.0000,0.0000,0.0000,5.00,3.00,2.00,0.0089,0.0285,0.0034,0,0.000000
6,6.0600,20.4210,53.8961,-53.1769,0.0598,0.1379,-0.0587,0.2796,0.2300,-0.1161,34.4751,2.9959,68.6615,1.0786,-1.1482,1.4782,31.6029,-1.9304,66.4921,0.0000,0.0000,0.0000,0.0000,0.0000,0.0000,0.0000,0.0000,0.0000,5.00,3.00,2.00,0.0089,0.0285,0.0034,0,0.000000
6,6.0800,20.5608,54.0111,-53.2349,0.1220,0.1004,-0.0506,0.2796,0.2300,-0.1161,34.4807,2.9925,68.6644,1.0786,-1.1482,1.4782,31.6029,-1.9304,66.4921,0.0000,0.0000,0.0000,0.0000,0.0000,0.0000,0.0000,0.0000,0.0000,5.00,3.00,2.00,0.0372,0.0151,0.0026,0,0.000000
6,6.1000,20.7007,54.1261,-53.2930,0.1220,0.1004,-0.0506,0.2796,0.2300,-0.1161,34.4862,2.9891,68.6674,1.0786,-1.1482,1.4782,31.6029,-1.9304,66.4921,0.0000,0.0000,0.0000,0.0000,0.0000,0.0000,0.0000,0.0000,0.0000,5.00,3.00,2.00,0.0372,0.0151,0.0026,0,0.000000
6,6.1200,20.8405,54.2411,-53.3510,0.1220,0.1004,-0.0506,0.2796,0.2300,-0.1161,34.4918,2.9857,68.6703,1.0786,-1.1482,1.4782,31.6029,-1.9304,66.4921,0.0000,0.0000,0.0000,0.0000,0.0000,0.0000,0.0000,0.0000,0.0000,5.00,3.00,2.00,0.0372,0.0151,0.0026,0,0.000000
6,6.1400,20.9803,54.3561,-53.4090,0.1220,0.1004,-0.0506,0.2796,0.2300,-0.1161,34.4973,2.9824,68.6732,1.0786,-1.1482,1.4782,31.6029,-1.9304,66.4921,0.0000,0.0000,0.0000,0.0000,0.0000,0.0000,0.0000,0.0000,0.0000,5.00,3.00,2.00,0.0372,0.0151,0.0026,0,0.000000
6,6.1600,21.1201,54.4712,-53.4670,0.1220,0.1004,-0.0506,0.2734,0.0823,-0.4251,34.5029,2.9790,68.6761,1.3897,-0.8458,0.7343,31.6029,-1.9304,66.4921,0.0000,0.0000,0.0000,0.0000,0.0000,0.0000,0.0000,0.0000,0.0000,5.00,3.00,2.00,0.0372,0.0151,0.0026,0,0.000000
6,6.1800,21.2568,54.5123,-53.6796,0.1193,0.0359,-0.1855,0.2734,0.0823,-0.4251,34.5045,2.9779,68.6690,1.3897,-0.8458,0.7343,31.6029,-1.9304,66.4921,0.0000,0.0000,0.0000,0.0000,0.0000,0.0000,0.0000,0.0000,0.0000,5.00,3.00,2.00,0.0356,0.0019,0.0344,0,0.000000
6,6.2000,21.3935,54.5534,-53.8922,0.1193,0.0359,-0.1855,0.2734,0.0823,-0.4251,34.5061,2.9768,68.6619,1.3897,-0.8458,0.7343,31.6029,-1.9304,66.4921,0.0000,0.0000,0.0000,0.0000,0.0000,0.0000,0.0000,0.0000,0.0000,5.00,3.00,2.00,0.0356,0.0019,0.0344,0,0.000000
6,6.2200,21.5302,54.5946,-54.1047,0.1193,0.0359,-0.1855,0.2734,0.0823,-0.4251,34.5077,2.9756,68.6547,1.3897,-0.8458,0.7343,31.6029,-1.9304,66.4921,0.0000,0.0000,0.0000,0.0000,0.0000,0.0000,0.0000,0.0000,0.0000,5.00,3.00,2.00,0.0356,0.0019,0.0344,0,0.000000
6,6.2400,21.6669,54.6357,-54.3173,0.1193,0.0359,-0.1855,0.2734,0.0823,-0.4251,34.5092,2.9745,68.6476,1.3897,-0.8458,0.7343,31.6029,-1.9304,66.4921,0.0000,0.0000,0.0000,0.0000,0.0000,0.0000,0.0000,0.0000,0.0000,5.00,3.00,2.00,0.0356,0.0019,0.0344,0,0.000000
6,6.2600,21.8036,54.6768,-54.5298,0.1193,0.0359,-0.1855,-0.2354,-0.3803,-0.2472,34.5107,2.9733,68.6405,0.3885,-0.2834,-1.7826,31.6029,-1.9304,66.4921,0.0000,0.0000,0.0000,0.0000,0.0000,0.0000,0.0000,0.0000,0.0000,5.00,3.00,2.00,0.0356,0.0019,0.0344,0,0.000000
6,6.2800,21.6859,54.4867,-54.6534,-0.1027,-0.1659,-0.1079,-0.2354,-0.3803,-0.2472,34.5013,2.9789,68.6263,0.3885,-0.2834,-1.7826,31.6029,-1.9304,66.4921,0.0000,0.0000,0.0000,0.0000,0.0000,0.0000,0.0000,0.0000,0.0000,5.00,3.00,2.00,0.0264,0.0413,0.0116,0,0.000000
6,6.3000,21.5681,54.2965,-54.7770,-0.1027,-0.1660,-0.1079,-0.2354,-0.3803,-0.2472,34.4920,2.9843,68.6121,0.3885,-0.2834,-1.7826,31.6029,-1.9304,66.4921,0.0000,0.0000,0.0000,0.0000,0.0000,0.0000,0.0000,0.0000,0.0000,5.00,3.00,2.00,0.0264,0.0413,0.0116,0,0.000000
6,6.3200,21.4504,54.1064,-54.9006,-0.1027,-0.1659,-0.1079,-0.2354,-0.3803,-0.2472,34.4828,2.9897,68.5978,0.3885,-0.2834,-1.7826,31.6029,-1.9304,66.4921,0.0000,0.0000,0.0000,0.0000,0.0000,0.0000,0.0000,0.0000,0.0000,5.00,3.00,2.00,0.0264,0.0413,0.0116,0,0.000000
6,6.3400,21.3327,53.9162,-55.0242,-0.1027,-0.1659,-0.1079,-0.2354,-0.3803,-0.2472,34.4736,2.9950,68.5835,0.3885,-0.2834,-1.7826,31.6029,-1.9304,66.4921,0.0000,0.0000,0.0000,0.0000,0.0000,0.0000,0.0000,0.0000,0.0000,5.00,3.00,2.00,0.0264,0.0413,0.0116,0,0.000000
6,6.3600,21.2150,53.7261,-55.1478,-0.1027,-0.1659,-0.1079,0.3277,0.4224,-0.3677,34.4644,3.0003,68.5692,-2.3127,1.3490,-3.5667,31.6029,-1.9304,66.4921,0.0000,0.0000,0.0000,0.0000,0.0000,0.0000,0.0000,0.0000,0.0000,5.00,3.00,2.00,0.0264,0.0413,0.0116,0,0.000000
6,6.3800,21.3789,53.9372,-55.3316,0.1430,0.1843,-0.1604,0.3277,0.4224,-0.3677,34.4707,2.9942,68.5727,-2.3127,1.3490,-3.5667,31.6029,-1.9304,66.4921,0.0000,0.0000,0.0000,0.0000,0.0000,0.0000,0.0000,0.0000,0.0000,5.00,3.00,2.00,0.0511,0.0510,0.0257,0,0.000000
6,6.4000,21.5427,54.1485,-55.5155,0.1430,0.1844,-0.1604,0.3277,0.4224,-0.3677,34.4771,2.9881,68.5762,-2.3127,1.3490,-3.5667,31.6029,-1.9304,66.4921,0.0000,0.0000,0.0000,0.0000,0.0000,0.0000,0.0000,0.0000,0.0000,5.00,3.00,2.00,0.0511,0.0510,0.0257,0,0.000000
6,6.4200,21.7066,54.3597,-55.6993,0.1430,0.1843,-0.1604,0.3277,0.4224,-0.3677,34.4834,2.9819,68.5796,-2.3127,1.3490,-3.5667,31.6029,-1.9304,66.4921,0.0000,0.0000,0.0000,0.0000,0.0000,0.0000,0.0000,0.0000,0.0000,5.00,3.00,2.00,0.0511,0.0510,0.0257,0,0.000000
6,6.4400,21.8705,54.5709,-55.8831,0.1430,0.1843,-0.1604,0.3277,0.4224,-0.3677,34.4897,2.9758,68.5830,-2.3127,1.3490,-3.5667,31.6029,-1.9304,66.4921,0.0000,0.0000,0.0000,0.0000,0.0000,0.0000,0.0000,0.0000,0.0000,5.00,3.00,2.00,0.0511,0.0510,0.0257,0,0.000000
6,6.4600,22.0343,54.7821,-56.0669,0.1430,0.1843,-0.1604,0.4276,0.4853,0.0950,34.4961,2.9696,68.5864,1.5833,-1.5321,0.8610,31.6029,-1.9304,66.4921,0.0000,0.0000,0.0000,0.0000,0.0000,0.0000,0.0000,0.0000,0.0000,5.00,3.00,2.00,0.0511,0.0510,0.0257,0,0.000000
6,6.4800,22.2481,55.0247,-56.0195,0.1866,0.2118,0.0414,0.4276,0.4853,0.0950,34.5081,2.9627,68.5996,1.5833,-1.5321,0.8610,31.6029,-1.9304,66.4921,0.0000,0.0000,0.0000,0.0000,0.0000,0.0000,0.0000,0.0000,0.0000,5.00,3.00,2.00,0.0870,0.0673,0.0017,0,0.000000
6,6.5000,22.4620,55.2674,-55.9720,0.1866,0.2118,0.0414,0.4276,0.4853,0.0950,34.5201,2.9558,68.6126,1.5833,-1.5321,0.8610,31.6029,-1.9304,66.4921,0.0000,0.0000,0.0000,0.0000,0.0000,0.0000,0.0000,0.0000,0.0000,5.00,3.00,2.00,0.0870,0.0673,0.0017,0,0.000000
6,6.5200,22.6758,55.5101,-55.9245,0.1866,0.2118,0.0414,0.4276,0.4853,0.0950,34.5323,2.9487,68.6257,1.5833,-1.5321,0.8610,31.6029,-1.9304,66.4921,0.0000,0.0000,0.0000,0.0000,0.0000,0.0000,0.0000,0.0000,0.0000,5.00,3.00,2.00,0.0870,0.0673,0.0017,0,0.000000
6,6.5400,22.8896,55.7528,-55.8770,0.1866,0.2118,0.0414,0.4276,0.4853,0.0950,34.5445,2.9416,68.6386,1.5833,-1.5321,0.8610,31.6029,-1.9304,66.4921,0.0000,0.0000,0.0000,0.0000,0.0000,0.0000,0.0000,0.0000,0.0000,5.00,3.00,2.00,0.0870,0.0673,0.0017,0,0.000000
6,6.5600,23.1034,55.9954,-55.8295,0.1866,0.2118,0.0414,-0.2302,0.5371,0.4006,34.5569,2.9343,68.6514,3.0382,-1.7640,3.2494,31.6029,-1.9304,66.4921,0.0000,0.0000,0.0000,0.0000,0.0000,0.0000,0.0000,0.0000,0.0000,5.00,3.00,2.00,0.0870,0.0673,0.0017,0,0.000000
6,6.5800,22.9883,56.2639,-55.6293,-0.1005,0.2343,0.1748,-0.2302,0.5371,0.4006,34.5632,2.9262,68.6751,3.0382,-1.7640,3.2494,31.6029,-1.9304,66.4921,0.0000,0.0000,0.0000,0.0000,0.0000,0.0000,0.0000,0.0000,0.0000,5.00,3.00,2.00,0.0252,0.0824,0.0306,0,0.000000
6,6.6000,22.8732,56.5325,-55.4290,-0.1005,0.2343,0.1748,-0.2302,0.5371,0.4006,34.5694,2.9179,68.6988,3.0382,-1.7640,3.2494,31.6029,-1.9304,66.4921,0.0000,0.0000,0.0000,0.0000,0.0000,0.0000,0.0000,0.0000,0.0000,5.00,3.00,2.00,0.0252,0.0824,0.0306,0,0.000000
6,6.6200,22.7580,56.8010,-55.2287,-0.1005,0.2343,0.1748,-0.2302,0.5371,0.4006,34.5755,2.9094,68.7225,3.0382,-1.7640,3.2494,31.6029,-1.9304,66.4921,0.0000,0.0000,0.0000,0.0000,0.0000,0.0000,0.0000,0.0000,0.0000,5.00,3.00,2.00,0.0252,0.0824,0.0306,0,0.000000
6,6.6400,22.6429,57.0695,-55.0284,-0.1005,0.2343,0.1748,-0.2302,0.5371,0.4006,34.5815,2.9007,68.7462,3.0382,-1.7640,3.2494,31.6029,-1.9304,66.4921,0.0000,0.0000,0.0000,0.0000,0.0000,0.0000,0.0000,0.0000,0.0000,5.00,3.00,2.00,0.0252,0.0824,0.0306,0,0.000000
6,6.6600,22.5278,57.3380,-54.8281,-0.1005,0.2343,0.1748,0.0490,0.0464,-0.8067,34.5874,2.8919,68.7699,1.5280,-2.1243,5.9280,31.6029,-1.9304,66.4921,0.0000,0.0000,0.0000,0.0000,0.0000,0.0000,0.0000,0.0000,0.0000,5.00,3.00,2.00,0.0252,0.0824,0.0306,0,0.000000
6,6.6800,22.5523,57.3614,-55.2314,0.0214,0.0203,-0.3520,0.0490,0.0464,-0.8067,34.5825,2.8918,68.7559,1.5280,-2.1243,5.9280,31.6029,-1.9304,66.4921,0.0000,0.0000,0.0000,0.0000,0.0000,0.0000,0.0000,0.0000,0.0000,5.00,3.00,2.00,0.0011,0.0006,0.1239,0,0.000000
6,6.7000,22.5768,57.3845,-55.6348,0.0214,0.0202,-0.3520,0.0490,0.0464,-0.8067,34.5774,2.8916,68.7418,1.5280,-2.1243,5.9280,31.6029,-1.9304,66.4921,0.0000,0.0000,0.0000,0.0000,0.0000,0.0000,0.0000,0.0000,0.0000,5.00,3.00,2.00,0.0011,0.0006,0.1239,0,0.000000
6,6.7200,22.6013,57.4077,-56.0382,0.0214,0.0203,-0.3520,0.0490,0.0464,-0.8067,34.5724,2.8913,68.7278,1.5280,-2.1243,5.9280,31.6029,-1.9304,66.4921,0.0000,0.0000,0.0000,0.0000,0.0000,0.0000,0.0000,0.0000,0.0000,5.00,3.00,2.00,0.0011,0.0006,0.1239,0,0.000000
6,6.7400,22.6258,57.4309,-56.4416,0.0214,0.0203,-0.3520,0.0490,0.0464,-0.8067,34.5674,2.8909,68.7137,1.5280,-2.1243,5.9280,31.6029,-1.9304,66.4921,0.0000,0.0000,0.0000,0.0000,0.0000,0.0000,0.0000,0.0000,0.0000,5.00,3.00,2.00,0.0011,0.0006,0.1239,0,0.000000
6,6.7600,22.6503,57.4541,-56.8449,0.0214,0.0203,-0.3520,0.5349,0.2634,-0.4104,34.5624,2.8904,68.6997,-1.2535,-0.0710,-3.5126,31.6029,-1.9304,66.4921,0.0000,0.0000,0.0000,0.0000,0.0000,0.0000,0.0000,0.0000,0.0000,5.00,3.00,2.00,0.0011,0.0006,0.1239,0,0.000000
6,6.7800,22.9178,57.5858,-57.0501,0.2334,0.1149,-0.1791,0.5349,0.2634,-0.4104,34.5698,2.8865,68.6961,-1.2535,-0.0710,-3.5126,31.6029,-1.9304,66.4921,0.0000,0.0000,0.0000,0.0000,0.0000,0.0000,0.0000,0.0000,0.0000,5.00,3.00,2.00,0.1362,0.0198,0.0321,0,0.000000
6,6.8000,23.1853,57.7175,-57.2554,0.2334,0.1150,-0.1791,0.5349,0.2634,-0.4104,34.5771,2.8825,68.6925,-1.2535,-0.0710,-3.5126,31.6029,-1.9304,66.4921,0.0000,0.0000,0.0000,0.0000,0.0000,0.0000,0.0000,0.0000,0.0000,5.00,3.00,2.00,0.1362,0.0198,0.0321,0,0.000000
6,6.8200,23.4527,57.8492,-57.4606,0.2334,0.1149,-0.1791,0.5349,0.2634,-0.4104,34.5845,2.8785,68.6888,-1.2535,-0.0710,-3.5126,31.6029,-1.9304,66.4921,0.0000,0.0000,0.0000,0.0000,0.0000,0.0000,0.0000,0.0000,0.0000,5.00,3.00,2.00,0.1362,0.0198,0.0321,0,0.000000
6,6.8400,23.7202,57.9810,-57.6658,0.2334,0.1149,-0.1791,0.5349,0.2634,-0.4104,34.5918,2.8745,68.6851,-1.2535,-0.0710,-3.5126,31.6029,-1.9304,66.4921,0.0000,0.0000,0.0000,0.0000,0.0000,0.0000,0.0000,0.0000,0.0000,5.00,3.00,2.00,0.1362,0.0198,0.0321,0,0.000000
6,6.8600,23.9876,58.1127,-57.8710,0.2334,0.1149,-0.1791,-0.0362,0.0414,-0.3270,34.5991,2.8705,68.6814,1.8393,-0.9947,-0.9151,31.6029,-1.9304,66.4921,0.0000,0.0000,0.0000,0.0000,0.0000,0.0000,0.0000,0.0000,0.0000,5.00,3.00,2.00,0.1362,0.0198,0.0321,0,0.000000
6,6.8800,23.9695,58.1334,-58.0345,-0.0158,0.0181,-0.1427,-0.0362,0.0414,-0.3270,34.5965,2.8699,68.6767,1.8393,-0.9947,-0.9151,31.6029,-1.9304,66.4921,0.0000,0.0000,0.0000,0.0000,0.0000,0.0000,0.0000,0.0000,0.0000,5.00,3.00,2.00,0.0006,0.0005,0.0204,0,0.000000
6,6.9000,23.9514,58.1541,-58.1980,-0.0158,0.0181,-0.1427,-0.0362,0.0414,-0.3270,34.5938,2.8693,68.6720,1.8393,-0.9947,-0.9151,31.6029,-1.9304,66.4921,0.0000,0.0000,0.0000,0.0000,0.0000,0.0000,0.0000,0.0000,0.0000,5.00,3.00,2.00,0.0006,0.0005,0.0204,0,0.000000
6,6.9200,23.9333,58.1748,-58.3616,-0.0158,0.0181,-0.1427,-0.0362,0.0414,-0.3270,34.5911,2.8687,68.6673,1.8393,-0.9947,-0.9151,31.6029,-1.9304,66.4921,0.0000,0.0000,0.0000,0.0000,0.0000,0.0000,0.0000,0.0000,0.0000,5.00,3.00,2.00,0.0006,0.0005,0.0204,0,0.000000
6,6.9400,23.9152,58.1955,-58.5251,-0.0158,0.0181,-0.1427,-0.0362,0.0414,-0.3270,34.5884,2.8680,68.6626,1.8393,-0.9947,-0.9151,31.6029,-1.9304,66.4921,0.0000,0.0000,0.0000,0.0000,0.0000,0.0000,0.0000,0.0000,0.0000,5.00,3.00,2.00,0.0006,0.0005,0.0204,0,0.000000
6,6.9600,23.8971,58.2162,-58.6886,-0.0158,0.0181,-0.1427,0.3147,0.2214,-0.0175,34.5857,2.8673,68.6579,-0.6714,-0.1608,-1.1723,31.6029,-1.9304,66.4921,0.0000,0.0000,0.0000,0.0000,0.0000,0.0000,0.0000,0.0000,0.0000,5.00,3.00,2.00,0.0006,0.0005,0.0204,0,0.000000
6,6.9800,24.0544,58.3269,-58.6973,0.1373,0.0966,-0.0076,0.3147,0.2214,-0.0175,34.5926,2.8640,68.6617,-0.6714,-0.1608,-1.1723,31.6029,-1.9304,66.4921,0.0000,0.0000,0.0000,0.0000,0.0000,0.0000,0.0000,0.0000,0.0000,5.00,3.00,2.00,0.0471,0.0140,0.0001,0,0.000000
6,7.0000,24.2117,58.4377,-58.7060,0.1373,0.0966,-0.0076,0.3147,0.2214,-0.0175,34.5995,2.8606,68.6654,-0.6714,-0.1608,-1.1723,31.6029,-1.9304,66.4921,0.0000,0.0000,0.0000,0.0000,0.0000,0.0000,0.0000,0.0000,0.0000,5.00,3.00,2.00,0.0471,0.0140,0.0001,0,0.000000
6,7.0200,24.3691,58.5484,-58.7148,0.1373,0.0966,-0.0076,0.3147,0.2214,-0.0175,34.6064,2.8572,68.6690,-0.6714,-0.1608,-1.1723,31.6029,-1.9304,66.4921,0.0000,0.0000,0.0000,0.0000,0.0000,0.0000,0.0000,0.0000,0.0000,5.00,3.00,2.00,0.0471,0.0140,0.0001,0,0.000000
6,7.0400,24.5264,58.6591,-58.7235,0.1373,0.0966,-0.0076,0.3147,0.2214,-0.0175,34.6133,2.8539,68.6727,-0.6714,-0.1608,-1.1723,31.6029,-1.9304,66.4921,0.0000,0.0000,0.0000,0.0000,0.0000,0.0000,0.0000,0.0000,0.0000,5.00,3.00,2.00,0.0471,0.0140,0.0001,0,0.000000
6,7.0600,24.6837,58.7698,-58.7322,0.1373,0.0966,-0.0076,0.2538,0.6420,-0.1948,34.6203,2.8505,68.6763,1.7292,-0.8434,0.9193,31.6029,-1.9304,66.4921,0.0000,0.0000,0.0000,0.0000,0.0000,0.0000,0.0000,0.0000,0.0000,5.00,3.00,2.00,0.0471,0.0140,0.0001,0,0.000000
6,7.0800,24.8106,59.0908,-58.8297,0.1108,0.2801,-0.0850,0.2538,0.6420,-0.1948,34.6301,2.8406,68.6883,1.7292,-0.8434,0.9193,31.6029,-1.9304,66.4921,0.0000,0.0000,0.0000,0.0000,0.0000,0.0000,0.0000,0.0000,0.0000,5.00,3.00,2.00,0.0307,0.1177,0.0072,0,0.000000
6,7.1000,24.9375,59.4118,-58.9271,0.1108,0.2801,-0.0850,0.2538,0.6420,-0.1948,34.6400,2.8306,68.7002,1.7292,-0.8434,0.9193,31.6029,-1.9304,66.4921,0.0000,0.0000,0.0000,0.0000,0.0000,0.0000,0.0000,0.0000,0.0000,5.00,3.00,2.00,0.0307,0.1177,0.0072,0,0.000000
6,7.1200,25.0645,59.7328,-59.0245,0.1108,0.2801,-0.0850,0.2538,0.6420,-0.1948,34.6499,2.8206,68.7119,1.7292,-0.8434,0.9193,31.6029,-1.9304,66.4921,0.0000,0.0000,0.0000,0.0000,0.0000,0.0000,0.0000,0.0000,0.0000,5.00,3.00,2.00,0.0307,0.1177,0.0072,0,0.000000
6,7.1400,25.1914,60.0538,-59.1219,0.1107,0.2801,-0.0850,0.2538,0.6420,-0.1948,34.6598,2.8105,68.7236,1.7292,-0.8434,0.9193,31.6029,-1.9304,66.4921,0.0000,0.0000,0.0000,0.0000,0.0000,0.0000,0.0000,0.0000,0.0000,5.00,3.00,2.00,0.0307,0.1177,0.0072,0,0.000000
6,7.1600,25.3183,60.3748,-59.2193,0.1108,0.2801,-0.0850,-0.1947,0.2706,0.4199,34.6698,2.8003,68.7353,2.4729,-2.5078,2.9480,31.6029,-1.9304,66.4921,0.0000,0.0000,0.0000,0.0000,0.0000,0.0000,0.0000,0.0000,0.0000,5.00,3.00,2.00,0.0307,0.1177,0.0072,0,0.000000
6,7.1800,25.2209,60.5101,-59.0093,-0.0849,0.1181,0.1832,-0.1947,0.2706,0.4199,34.6739,2.7958,68.7514,2.4729,-2.5078,2.9480,31.6029,-1.9304,66.4921,0.0000,0.0000,0.0000,0.0000,0.0000,0.0000,0.0000,0.0000,0.0000,5.00,3.00,2.00,0.0180,0.0209,0.0336,0,0.000000
6,7.2000,25.1236,60.6454,-58.7994,-0.0849,0.1181,0.1832,-0.1947,0.2706,0.4199,34.6780,2.7911,68.7675,2.4729,-2.5078,2.9480,31.6029,-1.9304,66.4921,0.0000,0.0000,0.0000,0.0000,0.0000,0.0000,0.0000,0.0000,0.0000,5.00,3.00,2.00,0.0180,0.0209,0.0336,0,0.000000
6,7.2200,25.0263,60.7807,-58.5894,-0.0849,0.1181,0.1832,-0.1947,0.2706,0.4199,34.6820,2.7864,68.7836,2.4729,-2.5078,2.9480,31.6029,-1.9304,66.4921,0.0000,0.0000,0.0000,0.0000,0.0000,0.0000,0.0000,0.0000,0.0000,5.00,3.00,2.00,0.0180,0.0209,0.0336,0,0.000000
6,7.2400,24.9289,60.9160,-58.3795,-0.0849,0.1181,0.1832,-0.1947,0.2706,0.4199,34.6860,2.7816,68.7997,2.4729,-2.5078,2.9480,31.6029,-1.9304,66.4921,0.0000,0.0000,0.0000,0.0000,0.0000,0.0000,0.0000,0.0000,0.0000,5.00,3.00,2.00,0.0180,0.0209,0.0336,0,0.000000
6,7.2600,24.8316,61.0514,-58.1695,-0.0849,0.1181,0.1832,-0.1847,0.6122,0.2451,34.6899,2.7767,68.8159,1.0071,-1.1821,4.0314,31.6029,-1.9304,66.4921,0.0000,0.0000,0.0000,0.0000,0.0000,0.0000,0.0000,0.0000,0.0000,5.00,3.00,2.00,0.0180,0.0209,0.0336,0,0.000000
6,7.2800,24.7392,61.3575,-58.0470,-0.0806,0.2671,0.1070,-0.1847,0.6122,0.2451,34.6965,2.7661,68.8377,1.0071,-1.1821,4.0314,31.6029,-1.9304,66.4921,0.0000,0.0000,0.0000,0.0000,0.0000,0.0000,0.0000,0.0000,0.0000,5.00,3.00,2.00,0.0162,0.1070,0.0114,0,0.000000
6,7.3000,24.6469,61.6636,-57.9244,-0.0806,0.2671,0.1070,-0.1847,0.6122,0.2451,34.7031,2.7554,68.8595,1.0071,-1.1821,4.0314,31.6029,-1.9304,66.4921,0.0000,0.0000,0.0000,0.0000,0.0000,0.0000,0.0000,0.0000,0.0000,5.00,3.00,2.00,0.0162,0.1070,0.0114,0,0.000000
6,7.3200,24.5545,61.9697,-57.8018,-0.0806,0.2671,0.1069,-0.1847,0.6122,0.2451,34.7096,2.7445,68.8812,1.0071,-1.1821,4.0314,31.6029,-1.9304,66.4921,0.0000,0.0000,0.0000,0.0000,0.0000,0.0000,0.0000,0.0000,0.0000,5.00,3.00,2.00,0.0162,0.1070,0.0114,0,0.000000
6,7.3400,24.4621,62.2758,-57.6793,-0.0806,0.2671,0.1070,-0.1847,0.6122,0.2451,34.7159,2.7335,68.9029,1.0071,-1.1821,4.0314,31.6029,-1.9304,66.4921,0.0000,0.0000,0.0000,0.0000,0.0000,0.0000,0.0000,0.0000,0.0000,5.00,3.00,2.00,0.0162,0.1070,0.0114,0,0.000000
6,7.3600,24.3698,62.5819,-57.5567,-0.0806,0.2671,0.1069,-0.3264,0.1590,0.1866,34.7222,2.7223,68.9246,1.6150,-2.7202,5.4367,31.6029,-1.9304,66.4921,0.0000,0.0000,0.0000,0.0000,0.0000,0.0000,0.0000,0.0000,0.0000,5.00,3.00,2.00,0.0162,0.1070,0.0114,0,0.000000
6,7.3800,24.2066,62.6614,-57.4634,-0.1424,0.0694,0.0814,-0.3264,0.1590,0.1866,34.7203,2.7191,68.9345,1.6150,-2.7202,5.4367,31.6029,-1.9304,66.4921,0.0000,0.0000,0.0000,0.0000,0.0000,0.0000,0.0000,0.0000,0.0000,5.00,3.00,2.00,0.0507,0.0072,0.0066,0,0.000000
6,7.4000,24.0434,62.7409,-57.3701,-0.1424,0.0694,0.0814,-0.3264,0.1590,0.1866,34.7184,2.7159,68.9445,1.6150,-2.7202,5.4367,31.6029,-1.9304,66.4921,0.0000,0.0000,0.0000,0.0000,0.0000,0.0000,0.0000,0.0000,0.0000,5.00,3.00,2.00,0.0507,0.0072,0.0066,0,0.000000
6,7.4200,23.8803,62.8204,-57.2768,-0.1424,0.0694,0.0814,-0.3264,0.1590,0.1866,34.7164,2.7127,68.9544,1.6150,-2.7202,5.4367,31.6029,-1.9304,66.4921,0.0000,0.0000,0.0000,0.0000,0.0000,0.0000,0.0000,0.0000,0.0000,5.00,3.00,2.00,0.0507,0.0072,0.0066,0,0.000000
6,7.4400,23.7171,62.8999,-57.1835,-0.1424,0.0694,0.0814,-0.3264,0.1590,0.1866,34.7144,2.7095,68.9643,1.6150,-2.7202,5.4367,31.6029,-1.9304,66.4921,0.0000,0.0000,0.0000,0.0000,0.0000,0.0000,0.0000,0.0000,0.0000,5.00,3.00,2.00,0.0507,0.0072,0.0066,0,0.000000
6,7.4600,23.5539,62.9794,-57.0902,-0.1424,0.0694,0.0814,0.5790,-0.5673,-0.0517,34.7123,2.7062,68.9742,-0.4953,-0.8006,2.4780,31.6029,-1.9304,66.4921,0.0000,0.0000,0.0000,0.0000,0.0000,0.0000,0.0000,0.0000,0.0000,5.00,3.00,2.00,0.0507,0.0072,0.0066,0,0.000000
6,7.4800,23.8434,62.6958,-57.1161,0.2526,-0.2475,-0.0226,0.5790,-0.5673,-0.0517,34.7150,2.7166,68.9544,-0.4953,-0.8006,2.4780,31.6029,-1.9304,66.4921,0.0000,0.0000,0.0000,0.0000,0.0000,0.0000,0.0000,0.0000,0.0000,5.00,3.00,2.00,0.1596,0.0919,0.0005,0,0.000000
6,7.5000,24.1329,62.4121,-57.1419,0.2526,-0.2476,-0.0226,0.5790,-0.5673,-0.0517,34.7174,2.7268,68.9345,-0.4953,-0.8006,2.4780,31.6029,-1.9304,66.4921,0.0000,0.0000,0.0000,0.0000,0.0000,0.0000,0.0000,0.0000,0.0000,5.00,3.00,2.00,0.1596,0.0920,0.0005,0,0.000000
6,7.5200,24.4224,62.1284,-57.1678,0.2526,-0.2475,-0.0226,0.5790,-0.5673,-0.0517,34.7197,2.7369,68.9146,-0.4953,-0.8006,2.4780,31.6029,-1.9304,66.4921,0.0000,0.0000,0.0000,0.0000,0.0000,0.0000,0.0000,0.0000,0.0000,5.00,3.00,2.00,0.1596,0.0919,0.0005,0,0.000000
6,7.5400,24.7119,61.8448,-57.1936,0.2526,-0.2475,-0.0226,0.5790,-0.5673,-0.0517,34.7218,2.7469,68.8947,-0.4953,-0.8006,2.4780,31.6029,-1.9304,66.4921,0.0000,0.0000,0.0000,0.0000,0.0000,0.0000,0.0000,0.0000,0.0000,5.00,3.00,2.00,0.1596,0.0919,0.0005,0,0.000000
6,7.5600,25.0014,61.5611,-57.2195,0.2526,-0.2475,-0.0226,0.5730,-0.0840,0.1884,34.7236,2.7569,68.8748,0.5671,2.5323,-4.9694,31.6029,-1.9304,66.4921,0.0000,0.0000,0.0000,0.0000,0.0000,0.0000,0.0000,0.0000,0.0000,5.00,3.00,2.00,0.1596,0.0919,0.0005,0,0.000000
6,7.5800,25.2879,61.5191,-57.1253,0.2500,-0.0367,0.0822,0.5730,-0.0840,0.1884,34.7332,2.7581,68.8718,0.5671,2.5323,-4.9694,31.6029,-1.9304,66.4921,0.0000,0.0000,0.0000,0.0000,0.0000,0.0000,0.0000,0.0000,0.0000,5.00,3.00,2.00,0.1563,0.0020,0.0068,0,0.000000
6,7.6000,25.5744,61.4771,-57.0311,0.2500,-0.0366,0.0822,0.5730,-0.0840,0.1884,34.7428,2.7592,68.8688,0.5671,2.5323,-4.9694,31.6029,-1.9304,66.4921,0.0000,0.0000,0.0000,0.0000,0.0000,0.0000,0.0000,0.0000,0.0000,5.00,3.00,2.00,0.1563,0.0020,0.0068,0,0.000000
6,7.6200,25.8609,61.4351,-56.9369,0.2500,-0.0366,0.0822,0.5730,-0.0840,0.1884,34.7523,2.7604,68.8658,0.5671,2.5323,-4.9694,31.6029,-1.9304,66.4921,0.0000,0.0000,0.0000,0.0000,0.0000,0.0000,0.0000,0.0000,0.0000,5.00,3.00,2.00,0.1563,0.0020,0.0068,0,0.000000
6,7.6400,26.1474,61.3931,-56.8427,0.2500,-0.0366,0.0822,0.5730,-0.0840,0.1884,34.7619,2.7615,68.8626,0.5671,2.5323,-4.9694,31.6029,-1.9304,66.4921,0.0000,0.0000,0.0000,0.0000,0.0000,0.0000,0.0000,0.0000,0.0000,5.00,3.00,2.00,0.1563,0.0020,0.0068,0,0.000000
6,7.6600,26.4340,61.3512,-56.7486,0.2500,-0.0366,0.0822,-0.1435,0.4165,-0.6725,34.7714,2.7627,68.8595,2.3886,0.2900,-0.7671,31.6029,-1.9304,66.4921,0.0000,0.0000,0.0000,0.0000,0.0000,0.0000,0.0000,0.0000,0.0000,5.00,3.00,2.00,0.1563,0.0020,0.0068,0,0.000000
6,7.6800,26.3622,61.5594,-57.0848,-0.0626,0.1817,-0.2934,-0.1435,0.4165,-0.6725,34.7685,2.7565,68.8591,2.3886,0.2900,-0.7671,31.6029,-1.9304,66.4921,0.0000,0.0000,0.0000,0.0000,0.0000,0.0000,0.0000,0.0000,0.0000,5.00,3.00,2.00,0.0098,0.0495,0.0861,0,0.000000
6,7.7000,26.2904,61.7676,-57.4211,-0.0626,0.1817,-0.2934,-0.1435,0.4165,-0.6725,34.7655,2.7504,68.8588,2.3886,0.2900,-0.7671,31.6029,-1.9304,66.4921,0.0000,0.0000,0.0000,0.0000,0.0000,0.0000,0.0000,0.0000,0.0000,5.00,3.00,2.00,0.0098,0.0495,0.0861,0,0.000000
6,7.7200,26.2186,61.9759,-57.7574,-0.0626,0.1817,-0.2935,-0.1435,0.4165,-0.6725,34.7626,2.7441,68.8584,2.3886,0.2900,-0.7671,31.6029,-1.9304,66.4921,0.0000,0.0000,0.0000,0.0000,0.0000,0.0000,0.0000,0.0000,0.0000,5.00,3.00,2.00,0.0098,0.0495,0.0861,0,0.000000
6,7.7400,26.1469,62.1841,-58.0936,-0.0626,0.1817,-0.2934,-0.1435,0.4165,-0.6725,34.7596,2.7379,68.8581,2.3886,0.2900,-0.7671,31.6029,-1.9304,66.4921,0.0000,0.0000,0.0000,0.0000,0.0000,0.0000,0.0000,0.0000,0.0000,5.00,3.00,2.00,0.0098,0.0495,0.0861,0,0.000000
6,7.7600,26.0751,62.3923,-58.4299,-0.0626,0.1817,-0.2934,0.5232,0.6385,0.0341,34.7566,2.7317,68.8576,-0.7387,-1.5518,-0.0908,31.6029,-1.9304,66.4921,0.0000,0.0000,0.0000,0.0000,0.0000,0.0000,0.0000,0.0000,0.0000,5.00,3.00,2.00,0.0098,0.0495,0.0861,0,0.000000
6,7.7800,26.3367,62.7115,-58.4128,0.2283,0.2786,0.0149,0.5232,0.6385,0.0341,34.7731,2.7205,68.8705,-0.7387,-1.5518,-0.0908,31.6029,-1.9304,66.4921,0.0000,0.0000,0.0000,0.0000,0.0000,0.0000,0.0000,0.0000,0.0000,5.00,3.00,2.00,0.1303,0.1164,0.0002,0,0.000000
6,7.8000,26.5983,63.0308,-58.3958,0.2283,0.2786,0.0149,0.5232,0.6385,0.0341,34.7897,2.7093,68.8832,-0.7387,-1.5518,-0.0908,31.6029,-1.9304,66.4921,0.0000,0.0000,0.0000,0.0000,0.0000,0.0000,0.0000,0.0000,0.0000,5.00,3.00,2.00,0.1303,0.1164,0.0002,0,0.000000
6,7.8200,26.8598,63.3501,-58.3787,0.2283,0.2786,0.0149,0.5232,0.6385,0.0341,34.8064,2.6979,68.8958,-0.7387,-1.5518,-0.0908,31.6029,-1.9304,66.4921,0.0000,0.0000,0.0000,0.0000,0.0000,0.0000,0.0000,0.0000,0.0000,5.00,3.00,2.00,0.1303,0.1164,0.0002,0,0.000000
6,7.8400,27.1214,63.6693,-58.3616,0.2283,0.2786,0.0149,0.5232,0.6385,0.0341,34.8232,2.6864,68.9081,-0.7387,-1.5518,-0.0908,31.6029,-1.9304,66.4921,0.0000,0.0000,0.0000,0.0000,0.0000,0.0000,0.0000,0.0000,0.0000,5.00,3.00,2.00,0.1303,0.1164,0.0002,0,0.000000
6,7.8600,27.3830,63.9885,-58.3446,0.2283,0.2786,0.0149,0.3892,0.5395,-0.1290,34.8401,2.6748,68.9203,4.1719,-2.8417,3.1345,31.6029,-1.9304,66.4921,0.0000,0.0000,0.0000,0.0000,0.0000,0.0000,0.0000,0.0000,0.0000,5.00,3.00,2.00,0.1303,0.1164,0.0002,0,0.000000
6,7.8800,27.5776,64.2583,-58.4091,0.1698,0.2354,-0.0563,0.3892,0.5395,-0.1290,34.8521,2.6653,68.9281,4.1719,-2.8417,3.1345,31.6029,-1.9304,66.4921,0.0000,0.0000,0.0000,0.0000,0.0000,0.0000,0.0000,0.0000,0.0000,5.00,3.00,2.00,0.0721,0.0831,0.0032,0,0.000000
6,7.9000,27.7722,64.5280,-58.4736,0.1698,0.2354,-0.0563,0.3892,0.5395,-0.1290,34.8642,2.6557,68.9358,4.1719,-2.8417,3.1345,31.6029,-1.9304,66.4921,0.0000,0.0000,0.0000,0.0000,0.0000,0.0000,0.0000,0.0000,0.0000,5.00,3.00,2.00,0.0721,0.0831,0.0032,0,0.000000
6,7.9200,27.9668,64.7978,-58.5381,0.1698,0.2354,-0.0563,0.3892,0.5395,-0.1290,34.8763,2.6460,68.9434,4.1719,-2.8417,3.1345,31.6029,-1.9304,66.4921,0.0000,0.0000,0.0000,0.0000,0.0000,0.0000,0.0000,0.0000,0.0000,5.00,3.00,2.00,0.0721,0.0831,0.0032,0,0.000000
6,7.9400,28.1614,65.0675,-58.6026,0.1698,0.2354,-0.0563,0.3892,0.5395,-0.1290,34.8885,2.6364,68.9509,4.1719,-2.8417,3.1345,31.6029,-1.9304,66.4921,0.0000,0.0000,0.0000,0.0000,0.0000,0.0000,0.0000,0.0000,0.0000,5.00,3.00,2.00,0.0721,0.0831,0.0032,0,0.000000
6,7.9600,28.3560,65.3373,-58.6671,0.1698,0.2354,-0.0563,-0.1629,-0.1636,0.0065,34.9007,2.6266,68.9583,3.0293,-2.4106,1.9005,31.6029,-1.9304,66.4921,0.0000,0.0000,0.0000,0.0000,0.0000,0.0000,0.0000,0.0000,0.0000,5.00,3.00,2.00,0.0721,0.0831,0.0032,0,0.000000
6,7.9800,28.2746,65.2555,-58.6638,-0.0711,-0.0714,0.0028,-0.1629,-0.1636,0.0065,34.8959,2.6296,68.9559,3.0293,-2.4106,1.9005,31.6029,-1.9304,66.4921,0.0000,0.0000,0.0000,0.0000,0.0000,0.0000,0.0000,0.0000,0.0000,5.00,3.00,2.00,0.0126,0.0076,0.0000,0,0.000000
6,8.0000,28.1931,65.1737,-58.6606,-0.0711,-0.0714,0.0028,-0.1629,-0.1636,0.0065,34.8912,2.6327,68.9535,3.0293,-2.4106,1.9005,31.6029,-1.9304,66.4921,0.0000,0.0000,0.0000,0.0000,0.0000,0.0000,0.0000,0.0000,0.0000,5.00,3.00,2.00,0.0126,0.0076,0.0000,0,0.000000
6,8.0200,28.1117,65.0919,-58.6573,-0.0711,-0.0714,0.0028,-0.1629,-0.1636,0.0065,34.8864,2.6357,68.9511,3.0293,-2.4106,1.9005,31.6029,-1.9304,66.4921,0.0000,0.0000,0.0000,0.0000,0.0000,0.0000,0.0000,0.0000,0.0000,5.00,3.00,2.00,0.0126,0.0076,0.0000,0,0.000000
6,8.0400,28.0302,65.0101,-58.6541,-0.0711,-0.0714,0.0028,-0.1629,-0.1636,0.0065,34.8817,2.6387,68.9486,3.0293,-2.4106,1.9005,31.6029,-1.9304,66.4921,0.0000,0.0000,0.0000,0.0000,0.0000,0.0000,0.0000,0.0000,0.0000,5.00,3.00,2.00,0.0126,0.0076,0.0000,0,0.000000
6,8.0600,27.9488,64.9283,-58.6508,-0.0711,-0.0714,0.0028,0.2380,0.4367,0.2546,34.8770,2.6417,68.9461,-1.1839,0.7555,-0.6096,31.6029,-1.9304,66.4921,0.0000,0.0000,0.0000,0.0000,0.0000,0.0000,0.0000,0.0000,0.0000,5.00,3.00,2.00,0.0126,0.0076,0.0000,0,0.000000
6,8.0800,28.0678,65.1466,-58.5235,0.1038,0.1906,0.1111,0.2380,0.4367,0.2546,34.8889,2.6330,68.9592,-1.1839,0.7555,-0.6096,31.6029,-1.9304,66.4921,0.0000,0.0000,0.0000,0.0000,0.0000,0.0000,0.0000,0.0000,0.0000,5.00,3.00,2.00,0.0270,0.0545,0.0123,0,0.000000
6,8.1000,28.1868,65.3650,-58.3962,0.1038,0.1906,0.1111,0.2380,0.4367,0.2546,34.9010,2.6243,68.9723,-1.1839,0.7555,-0.6096,31.6029,-1.9304,66.4921,0.0000,0.0000,0.0000,0.0000,0.0000,0.0000,0.0000,0.0000,0.0000,5.00,3.00,2.00,0.0270,0.0545,0.0123,0,0.000000
6,8.1200,28.3058,65.5834,-58.2689,0.1038,0.1906,0.1111,0.2380,0.4367,0.2546,34.9130,2.6154,68.9852,-1.1839,0.7555,-0.6096,31.6029,-1.9304,66.4921,0.0000,0.0000,0.0000,0.0000,0.0000,0.0000,0.0000,0.0000,0.0000,5.00,3.00,2.00,0.0270,0.0545,0.0123,0,0.000000
6,8.1400,28.4248,65.8018,-58.1416,0.1038,0.1906,0.1111,0.2380,0.4367,0.2546,34.9251,2.6064,68.9981,-1.1839,0.7555,-0.6096,31.6029,-1.9304,66.4921,0.0000,0.0000,0.0000,0.0000,0.0000,0.0000,0.0000,0.0000,0.0000,5.00,3.00,2.00,0.0270,0.0545,0.0123,0,0.000000
6,8.1600,28.5438,66.0201,-58.0143,0.1038,0.1906,0.1111,0.0490,0.6875,-0.0753,34.9372,2.5974,69.0109,3.0117,-2.2172,3.2368,31.6029,-1.9304,66.4921,0.0000,0.0000,0.0000,0.0000,0.0000,0.0000,0.0000,0.0000,0.0000,5.00,3.00,2.00,0.0270,0.0545,0.0123,0,0.000000
6,8.1800,28.5683,66.3639,-58.0520,0.0214,0.3000,-0.0329,0.0490,0.6875,-0.0753,34.9463,2.5843,69.0256,3.0117,-2.2172,3.2368,31.6029,-1.9304,66.4921,0.0000,0.0000,0.0000,0.0000,0.0000,0.0000,0.0000,0.0000,0.0000,5.00,3.00,2.00,0.0011,0.1350,0.0011,0,0.000000
6,8.2000,28.5928,66.7076,-58.0896,0.0214,0.3000,-0.0329,0.0490,0.6875,-0.0753,34.9553,2.5712,69.0402,3.0117,-2.2172,3.2368,31.6029,-1.9304,66.4921,0.0000,0.0000,0.0000,0.0000,0.0000,0.0000,0.0000,0.0000,0.0000,5.00,3.00,2.00,0.0011,0.1350,0.0011,0,0.000000
6,8.2200,28.6173,67.0514,-58.1273,0.0214,0.3000,-0.0329,0.0490,0.6875,-0.0753,34.9643,2.5580,69.0547,3.0117,-2.2172,3.2368,31.6029,-1.9304,66.4921,0.0000,0.0000,0.0000,0.0000,0.0000,0.0000,0.0000,0.0000,0.0000,5.00,3.00,2.00,0.0011,0.1350,0.0011,0,0.000000
6,8.2400,28.6418,67.3952,-58.1649,0.0214,0.3000,-0.0329,0.0490,0.6875,-0.0753,34.9733,2.5446,69.0691,3.0117,-2.2172,3.2368,31.6029,-1.9304,66.4921,0.0000,0.0000,0.0000,0.0000,0.0000,0.0000,0.0000,0.0000,0.0000,5.00,3.00,2.00,0.0011,0.1350,0.0011,0,0.000000
6,8.2600,28.6663,67.7389,-58.2026,0.0214,0.3000,-0.0329,-0.0821,0.2667,-0.5920,34.9823,2.5312,69.0835,2.2533,-3.3090,3.6304,31.6029,-1.9304,66.4921,0.0000,0.0000,0.0000,0.0000,0.0000,0.0000,0.0000,0.0000,0.0000,5.00,3.00,2.00,0.0011,0.1350,0.0011,0,0.000000
6,8.2800,28.6253,67.8723,-58.4986,-0.0358,0.1164,-0.2583,-0.0821,0.2667,-0.5920,34.9786,2.5278,69.0802,2.2533,-3.3090,3.6304,31.6029,-1.9304,66.4921,0.0000,0.0000,0.0000,0.0000,0.0000,0.0000,0.0000,0.0000,0.0000,5.00,3.00,2.00,0.0032,0.0203,0.0667,0,0.000000
6,8.3000,28.5842,68.0057,-58.7946,-0.0358,0.1163,-0.2583,-0.0821,0.2667,-0.5920,34.9749,2.5245,69.0768,2.2533,-3.3090,3.6304,31.6029,-1.9304,66.4921,0.0000,0.0000,0.0000,0.0000,0.0000,0.0000,0.0000,0.0000,0.0000,5.00,3.00,2.00,0.0032,0.0203,0.0667,0,0.000000
6,8.3200,28.5432,68.1390,-59.0906,-0.0358,0.1164,-0.2583,-0.0821,0.2667,-0.5920,34.9713,2.5211,69.0735,2.2533,-3.3090,3.6304,31.6029,-1.9304,66.4921,0.0000,0.0000,0.0000,0.0000,0.0000,0.0000,0.0000,0.0000,0.0000,5.00,3.00,2.00,0.0032,0.0203,0.0667,0,0.000000
6,8.3400,28.5022,68.2724,-59.3866,-0.0358,0.1164,-0.2583,-0.0821,0.2667,-0.5920,34.9676,2.5177,69.0701,2.2533,-3.3090,3.6304,31.6029,-1.9304,66.4921,0.0000,0.0000,0.0000,0.0000,0.0000,0.0000,0.0000,0.0000,0.0000,5.00,3.00,2.00,0.0032,0.0203,0.0667,0,0.000000
6,8.3600,28.4611,68.4058,-59.6826,-0.0358,0.1164,-0.2583,0.7472,-0.2987,-0.5272,34.9639,2.5142,69.0668,-0.9195,-0.8499,-0.8366,31.6029,-1.9304,66.4921,0.0000,0.0000,0.0000,0.0000,0.0000,0.0000,0.0000,0.0000,0.0000,5.00,3.00,2.00,0.0032,0.0203,0.0667,0,0.000000
6,8.3800,28.8347,68.2564,-59.9462,0.3260,-0.1303,-0.2300,0.7472,-0.2987,-0.5272,34.9679,2.5217,69.0435,-0.9195,-0.8499,-0.8366,31.6029,-1.9304,66.4921,0.0000,0.0000,0.0000,0.0000,0.0000,0.0000,0.0000,0.0000,0.0000,5.00,3.00,2.00,0.2657,0.0255,0.0529,0,0.000000
6,8.4000,29.2083,68.1071,-60.2098,0.3260,-0.1303,-0.2300,0.7472,-0.2987,-0.5272,34.9717,2.5290,69.0202,-0.9195,-0.8499,-0.8366,31.6029,-1.9304,66.4921,0.0000,0.0000,0.0000,0.0000,0.0000,0.0000,0.0000,0.0000,0.0000,5.00,3.00,2.00,0.2657,0.0255,0.0529,0,0.000000
6,8.4200,29.5819,67.9577,-60.4734,0.3260,-0.1303,-0.2300,0.7472,-0.2987,-0.5272,34.9752,2.5362,68.9970,-0.9195,-0.8499,-0.8366,31.6029,-1.9304,66.4921,0.0000,0.0000,0.0000,0.0000,0.0000,0.0000,0.0000,0.0000,0.0000,5.00,3.00,2.00,0.2657,0.0255,0.0529,0,0.000000
6,8.4400,29.9555,67.8083,-60.7370,0.3260,-0.1303,-0.2300,0.7472,-0.2987,-0.5272,34.9784,2.5433,68.9738,-0.9195,-0.8499,-0.8366,31.6029,-1.9304,66.4921,0.0000,0.0000,0.0000,0.0000,0.0000,0.0000,0.0000,0.0000,0.0000,5.00,3.00,2.00,0.2657,0.0255,0.0529,0,0.000000
6,8.4600,30.3291,67.6590,-61.0006,0.3260,-0.1303,-0.2300,0.1610,-0.6853,-0.1481,34.9814,2.5502,68.9505,0.8753,1.8013,-5.8109,31.6029,-1.9304,66.4921,0.0000,0.0000,0.0000,0.0000,0.0000,0.0000,0.0000,0.0000,0.0000,5.00,3.00,2.00,0.2657,0.0255,0.0529,0,0.000000
6,8.4800,30.4096,67.3164,-61.0747,0.0702,-0.2990,-0.0646,0.1610,-0.6853,-0.1481,34.9732,2.5635,68.9305,0.8753,1.8013,-5.8109,31.6029,-1.9304,66.4921,0.0000,0.0000,0.0000,0.0000,0.0000,0.0000,0.0000,0.0000,0.0000,5.00,3.00,2.00,0.0123,0.1341,0.0042,0,0.000000
6,8.5000,30.4901,66.9737,-61.1487,0.0702,-0.2990,-0.0646,0.1610,-0.6853,-0.1481,34.9649,2.5766,68.9104,0.8753,1.8013,-5.8109,31.6029,-1.9304,66.4921,0.0000,0.0000,0.0000,0.0000,0.0000,0.0000,0.0000,0.0000,0.0000,5.00,3.00,2.00,0.0123,0.1341,0.0042,0,0.000000
6,8.5200,30.5706,66.6311,-61.2228,0.0702,-0.2990,-0.0646,0.1610,-0.6853,-0.1481,34.9565,2.5895,68.8903,0.8753,1.8013,-5.8109,31.6029,-1.9304,66.4921,0.0000,0.0000,0.0000,0.0000,0.0000,0.0000,0.0000,0.0000,0.0000,5.00,3.00,2.00,0.0123,0.1341,0.0042,0,0.000000
6,8.5400,30.6511,66.2884,-61.2969,0.0702,-0.2990,-0.0646,0.1610,-0.6853,-0.1481,34.9479,2.6024,68.8702,0.8753,1.8013,-5.8109,31.6029,-1.9304,66.4921,0.0000,0.0000,0.0000,0.0000,0.0000,0.0000,0.0000,0.0000,0.0000,5.00,3.00,2.00,0.0123,0.1341,0.0042,0,0.000000
6,8.5600,30.7316,65.9458,-61.3710,0.0702,-0.2990,-0.0646,-0.0582,0.0037,0.3182,34.9394,2.6150,68.8500,-2.1021,3.2385,-5.0274,31.6029,-1.9304,66.4921,0.0000,0.0000,0.0000,0.0000,0.0000,0.0000,0.0000,0.0000,0.0000,5.00,3.00,2.00,0.0123,0.1341,0.0042,0,0.000000
6,8.5800,30.7025,65.9477,-61.2118,-0.0254,0.0016,0.1389,-0.0582,0.0037,0.3182,34.9418,2.6144,68.8561,-2.1021,3.2385,-5.0274,31.6029,-1.9304,66.4921,0.0000,0.0000,0.0000,0.0000,0.0000,0.0000,0.0000,0.0000,0.0000,5.00,3.00,2.00,0.0016,0.0000,0.0193,0,0.000000
6,8.6000,30.6734,65.9495,-61.0527,-0.0254,0.0017,0.1389,-0.0582,0.0037,0.3182,34.9442,2.6138,68.8622,-2.1021,3.2385,-5.0274,31.6029,-1.9304,66.4921,0.0000,0.0000,0.0000,0.0000,0.0000,0.0000,0.0000,0.0000,0.0000,5.00,3.00,2.00,0.0016,0.0000,0.0193,0,0.000000
6,8.6200,30.6443,65.9514,-60.8936,-0.0254,0.0016,0.1389,-0.0582,0.0037,0.3182,34.9466,2.6132,68.8684,-2.1021,3.2385,-5.0274,31.6029,-1.9304,66.4921,0.0000,0.0000,0.0000,0.0000,0.0000,0.0000,0.0000,0.0000,0.0000,5.00,3.00,2.00,0.0016,0.0000,0.0193,0,0.000000
6,8.6400,30.6152,65.9533,-60.7345,-0.0254,0.0016,0.1389,-0.0582,0.0037,0.3182,34.9490,2.6125,68.8745,-2.1021,3.2385,-5.0274,31.6029,-1.9304,66.4921,0.0000,0.0000,0.0000,0.0000,0.0000,0.0000,0.0000,0.0000,0.0000,5.00,3.00,2.00,0.0016,0.0000,0.0193,0,0.000000
6,8.6600,30.5861,65.9552,-60.5754,-0.0254,0.0016,0.1389,-0.3854,-0.2136,0.0007,34.9514,2.6119,68.8807,0.6022,-0.1564,1.5335,31.6029,-1.9304,66.4921,0.0000,0.0000,0.0000,0.0000,0.0000,0.0000,0.0000,0.0000,0.0000,5.00,3.00,2.00,0.0016,0.0000,0.0193,0,0.000000
6,8.6800,30.3934,65.8483,-60.5750,-0.1682,-0.0932,0.0003,-0.3854,-0.2136,0.0007,34.9424,2.6158,68.8792,0.6022,-0.1564,1.5335,31.6029,-1.9304,66.4921,0.0000,0.0000,0.0000,0.0000,0.0000,0.0000,0.0000,0.0000,0.0000,5.00,3.00,2.00,0.0707,0.0130,0.0000,0,0.000000
6,8.7000,30.2008,65.7415,-60.5747,-0.1682,-0.0932,0.0003,-0.3854,-0.2136,0.0007,34.9334,2.6197,68.8777,0.6022,-0.1564,1.5335,31.6029,-1.9304,66.4921,0.0000,0.0000,0.0000,0.0000,0.0000,0.0000,0.0000,0.0000,0.0000,5.00,3.00,2.00,0.0707,0.0130,0.0000,0,0.000000
6,8.7200,30.0081,65.6347,-60.5744,-0.1682,-0.0932,0.0003,-0.3854,-0.2136,0.0007,34.9244,2.6235,68.8761,0.6022,-0.1564,1.5335,31.6029,-1.9304,66.4921,0.0000,0.0000,0.0000,0.0000,0.0000,0.0000,0.0000,0.0000,0.0000,5.00,3.00,2.00,0.0707,0.0130,0.0000,0,0.000000
6,8.7400,29.8154,65.5279,-60.5741,-0.1682,-0.0932,0.0003,-0.3854,-0.2136,0.0007,34.9154,2.6274,68.8745,0.6022,-0.1564,1.5335,31.6029,-1.9304,66.4921,0.0000,0.0000,0.0000,0.0000,0.0000,0.0000,0.0000,0.0000,0.0000,5.00,3.00,2.00,0.0707,0.0130,0.0000,0,0.000000
6,8.7600,29.6227,65.4211,-60.5737,-0.1682,-0.0932,0.0003,0.1887,-0.4401,-0.3717,34.9064,2.6313,68.8729,-2.2486,0.9696,-0.3906,31.6029,-1.9304,66.4921,0.0000,0.0000,0.0000,0.0000,0.0000,0.0000,0.0000,0.0000,0.0000,5.00,3.00,2.00,0.0707,0.0130,0.0000,0,0.000000
6,8.7800,29.7170,65.2010,-60.7596,0.0823,-0.1920,-0.1622,0.1887,-0.4401,-0.3717,34.8996,2.6398,68.8541,-2.2486,0.9696,-0.3906,31.6029,-1.9304,66.4921,0.0000,0.0000,0.0000,0.0000,0.0000,0.0000,0.0000,0.0000,0.0000,5.00,3.00,2.00,0.0169,0.0553,0.0263,0,0.000000
6,8.8000,29.8114,64.9810,-60.9454,0.0823,-0.1920,-0.1622,0.1887,-0.4401,-0.3717,34.8928,2.6482,68.8354,-2.2486,0.9696,-0.3906,31.6029,-1.9304,66.4921,0.0000,0.0000,0.0000,0.0000,0.0000,0.0000,0.0000,0.0000,0.0000,5.00,3.00,2.00,0.0169,0.0553,0.0263,0,0.000000
6,8.8200,29.9057,64.7609,-61.1313,0.0823,-0.1920,-0.1622,0.1887,-0.4401,-0.3717,34.8859,2.6564,68.8166,-2.2486,0.9696,-0.3906,31.6029,-1.9304,66.4921,0.0000,0.0000,0.0000,0.0000,0.0000,0.0000,0.0000,0.0000,0.0000,5.00,3.00,2.00,0.0169,0.0553,0.0263,0,0.000000
6,8.8400,30.0001,64.5409,-61.3171,0.0823,-0.1920,-0.1622,0.1887,-0.4401,-0.3717,34.8788,2.6645,68.7979,-2.2486,0.9696,-0.3906,31.6029,-1.9304,66.4921,0.0000,0.0000,0.0000,0.0000,0.0000,0.0000,0.0000,0.0000,0.0000,5.00,3.00,2.00,0.0169,0.0553,0.0263,0,0.000000
6,8.8600,30.0944,64.3208,-61.5029,0.0823,-0.1920,-0.1622,0.2591,0.0522,0.0237,34.8718,2.6725,68.7791,-1.7334,2.0621,-4.6875,31.6029,-1.9304,66.4921,0.0000,0.0000,0.0000,0.0000,0.0000,0.0000,0.0000,0.0000,0.0000,5.00,3.00,2.00,0.0169,0.0553,0.0263,0,0.000000
6,8.8800,30.2240,64.3469,-61.4911,0.1131,0.0228,0.0103,0.2591,0.0522,0.0237,34.8766,2.6716,68.7785,-1.7334,2.0621,-4.6875,31.6029,-1.9304,66.4921,0.0000,0.0000,0.0000,0.0000,0.0000,0.0000,0.0000,0.0000,0.0000,5.00,3.00,2.00,0.0320,0.0008,0.0001,0,0.000000
6,8.9000,30.3536,64.3730,-61.4792,0.1131,0.0228,0.0103,0.2591,0.0522,0.0237,34.8814,2.6707,68.7780,-1.7334,2.0621,-4.6875,31.6029,-1.9304,66.4921,0.0000,0.0000,0.0000,0.0000,0.0000,0.0000,0.0000,0.0000,0.0000,5.00,3.00,2.00,0.0320,0.0008,0.0001,0,0.000000
6,8.9200,30.4831,64.3991,-61.4674,0.1131,0.0228,0.0104,0.2591,0.0522,0.0237,34.8862,2.6697,68.7774,-1.7334,2.0621,-4.6875,31.6029,-1.9304,66.4921,0.0000,0.0000,0.0000,0.0000,0.0000,0.0000,0.0000,0.0000,0.0000,5.00,3.00,2.00,0.0320,0.0008,0.0001,0,0.000000
6,8.9400,30.6127,64.4252,-61.4555,0.1131,0.0228,0.0103,0.2591,0.0522,0.0237,34.8911,2.6688,68.7768,-1.7334,2.0621,-4.6875,31.6029,-1.9304,66.4921,0.0000,0.0000,0.0000,0.0000,0.0000,0.0000,0.0000,0.0000,0.0000,5.00,3.00,2.00,0.0320,0.0008,0.0001,0,0.000000
6,8.9600,30.7422,64.4512,-61.4436,0.1131,0.0228,0.0104,-0.0142,0.7598,-0.2721,34.8959,2.6679,68.7762,1.2064,-0.2306,-0.1469,31.6029,-1.9304,66.4921,0.0000,0.0000,0.0000,0.0000,0.0000,0.0000,0.0000,0.0000,0.0000,5.00,3.00,2.00,0.0320,0.0008,0.0001,0,0.000000
6,8.9800,30.7351,64.8311,-61.5797,-0.0062,0.3315,-0.1187,-0.0142,0.7598,-0.2721,34.9037,2.6550,68.7898,1.2064,-0.2306,-0.1469,31.6029,-1.9304,66.4921,0.0000,0.0000,0.0000,0.0000,0.0000,0.0000,0.0000,0.0000,0.0000,5.00,3.00,2.00,0.0001,0.1648,0.0141,0,0.000000
6,9.0000,30.7281,65.2110,-61.7157,-0.0062,0.3315,-0.1187,-0.0142,0.7598,-0.2721,34.9114,2.6421,68.8033,1.2064,-0.2306,-0.1469,31.6029,-1.9304,66.4921,0.0000,0.0000,0.0000,0.0000,0.0000,0.0000,0.0000,0.0000,0.0000,5.00,3.00,2.00,0.0001,0.1649,0.0141,0,0.000000
6,9.0200,30.7210,65.5909,-61.8518,-0.0062,0.3315,-0.1187,-0.0142,0.7598,-0.2721,34.9192,2.6291,68.8167,1.2064,-0.2306,-0.1469,31.6029,-1.9304,66.4921,0.0000,0.0000,0.0000,0.0000,0.0000,0.0000,0.0000,0.0000,0.0000,5.00,3.00,2.00,0.0001,0.1648,0.0141,0,0.000000
6,9.0400,30.7139,65.9708,-61.9878,-0.0062,0.3315,-0.1187,-0.0142,0.7598,-0.2721,34.9268,2.6160,68.8301,1.2064,-0.2306,-0.1469,31.6029,-1.9304,66.4921,0.0000,0.0000,0.0000,0.0000,0.0000,0.0000,0.0000,0.0000,0.0000,5.00,3.00,2.00,0.0001,0.1648,0.0141,0,0.000000
6,9.0600,30.7068,66.3506,-62.1238,-0.0062,0.3315,-0.1187,0.6602,0.2376,0.4860,34.9344,2.6028,68.8434,1.9272,-3.2554,3.3638,31.6029,-1.9304,66.4921,0.0000,0.0000,0.0000,0.0000,0.0000,0.0000,0.0000,0.0000,0.0000,5.00,3.00,2.00,0.0001,0.1648,0.0141,0,0.000000
6,9.0800,31.0369,66.4694,-61.8808,0.2881,0.1037,0.2121,0.6602,0.2376,0.4860,34.9530,2.5978,68.8513,1.9272,-3.2554,3.3638,31.6029,-1.9304,66.4921,0.0000,0.0000,0.0000,0.0000,0.0000,0.0000,0.0000,0.0000,0.0000,5.00,3.00,2.00,0.2075,0.0161,0.0450,0,0.000000
6,9.1000,31.3670,66.5883,-61.6378,0.2881,0.1037,0.2121,0.6602,0.2376,0.4860,34.9717,2.5926,68.8590,1.9272,-3.2554,3.3638,31.6029,-1.9304,66.4921,0.0000,0.0000,0.0000,0.0000,0.0000,0.0000,0.0000,0.0000,0.0000,5.00,3.00,2.00,0.2075,0.0161,0.0450,0,0.000000
6,9.1200,31.6971,66.7071,-61.3948,0.2881,0.1037,0.2121,0.6602,0.2376,0.4860,34.9904,2.5874,68.8666,1.9272,-3.2554,3.3638,31.6029,-1.9304,66.4921,0.0000,0.0000,0.0000,0.0000,0.0000,0.0000,0.0000,0.0000,0.0000,5.00,3.00,2.00,0.2075,0.0161,0.0450,0,0.000000
6,9.1400,32.0272,66.8259,-61.1518,0.2881,0.1037,0.2121,0.6602,0.2376,0.4860,35.0093,2.5821,68.8739,1.9272,-3.2554,3.3638,31.6029,-1.9304,66.4921,0.0000,0.0000,0.0000,0.0000,0.0000,0.0000,0.0000,0.0000,0.0000,5.00,3.00,2.00,0.2075,0.0161,0.0450,0,0.000000
6,9.1600,32.3574,66.9447,-60.9088,0.2881,0.1037,0.2121,-0.3521,-0.0892,0.2850,35.0284,2.5767,68.8811,4.6965,-1.3060,1.8829,31.6029,-1.9304,66.4921,0.0000,0.0000,0.0000,0.0000,0.0000,0.0000,0.0000,0.0000,0.0000,5.00,3.00,2.00,0.2075,0.0161,0.0450,0,0.000000
6,9.1800,32.1813,66.9001,-60.7663,-0.1536,-0.0389,0.1243,-0.3521,-0.0892,0.2850,35.0246,2.5777,68.8874,4.6965,-1.3060,1.8829,31.6029,-1.9304,66.4921,0.0000,0.0000,0.0000,0.0000,0.0000,0.0000,0.0000,0.0000,0.0000,5.00,3.00,2.00,0.0590,0.0023,0.0155,0,0.000000
6,9.2000,32.0053,66.8555,-60.6239,-0.1536,-0.0389,0.1243,-0.3521,-0.0892,0.2850,35.0207,2.5788,68.8937,4.6965,-1.3060,1.8829,31.6029,-1.9304,66.4921,0.0000,0.0000,0.0000,0.0000,0.0000,0.0000,0.0000,0.0000,0.0000,5.00,3.00,2.00,0.0590,0.0023,0.0155,0,0.000000
6,9.2200,31.8292,66.8109,-60.4814,-0.1536,-0.0389,0.1243,-0.3521,-0.0892,0.2850,35.0169,2.5798,68.9000,4.6965,-1.3060,1.8829,31.6029,-1.9304,66.4921,0.0000,0.0000,0.0000,0.0000,0.0000,0.0000,0.0000,0.0000,0.0000,5.00,3.00,2.00,0.0590,0.0023,0.0155,0,0.000000
6,9.2400,31.6532,66.7663,-60.3389,-0.1536,-0.0389,0.1243,-0.3521,-0.0892,0.2850,35.0130,2.5808,68.9063,4.6965,-1.3060,1.8829,31.6029,-1.9304,66.4921,0.0000,0.0000,0.0000,0.0000,0.0000,0.0000,0.0000,0.0000,0.0000,5.00,3.00,2.00,0.0590,0.0023,0.0155,0,0.000000
6,9.2600,31.4772,66.7217,-60.1964,-0.1536,-0.0389,0.1243,0.0775,0.3809,-0.2062,35.0091,2.5819,68.9125,-0.9619,0.2600,1.5713,31.6029,-1.9304,66.4921,0.0000,0.0000,0.0000,0.0000,0.0000,0.0000,0.0000,0.0000,0.0000,5.00,3.00,2.00,0.0590,0.0023,0.0155,0,0.000000
6,9.2800,31.5159,66.9122,-60.2996,0.0338,0.1662,-0.0900,0.0775,0.3809,-0.2062,35.0136,2.5752,68.9170,-0.9619,0.2600,1.5713,31.6029,-1.9304,66.4921,0.0000,0.0000,0.0000,0.0000,0.0000,0.0000,0.0000,0.0000,0.0000,5.00,3.00,2.00,0.0029,0.0414,0.0081,0,0.000000
6,9.3000,31.5546,67.1026,-60.4027,0.0338,0.1662,-0.0900,0.0775,0.3809,-0.2062,35.0181,2.5685,68.9215,-0.9619,0.2600,1.5713,31.6029,-1.9304,66.4921,0.0000,0.0000,0.0000,0.0000,0.0000,0.0000,0.0000,0.0000,0.0000,5.00,3.00,2.00,0.0029,0.0414,0.0081,0,0.000000
6,9.3200,31.5934,67.2931,-60.5058,0.0338,0.1662,-0.0900,0.0775,0.3809,-0.2062,35.0225,2.5618,68.9260,-0.9619,0.2600,1.5713,31.6029,-1.9304,66.4921,0.0000,0.0000,0.0000,0.0000,0.0000,0.0000,0.0000,0.0000,0.0000,5.00,3.00,2.00,0.0029,0.0414,0.0081,0,0.000000
6,9.3400,31.6321,67.4836,-60.6089,0.0338,0.1662,-0.0900,0.0775,0.3809,-0.2062,35.0270,2.5550,68.9305,-0.9619,0.2600,1.5713,31.6029,-1.9304,66.4921,0.0000,0.0000,0.0000,0.0000,0.0000,0.0000,0.0000,0.0000,0.0000,5.00,3.00,2.00,0.0029,0.0414,0.0081,0,0.000000
6,9.3600,31.6708,67.6740,-60.7120,0.0338,0.1662,-0.0900,0.0189,0.1007,-0.1812,35.0315,2.5483,68.9349,1.1177,-1.6795,1.1189,31.6029,-1.9304,66.4921,0.0000,0.0000,0.0000,0.0000,0.0000,0.0000,0.0000,0.0000,0.0000,5.00,3.00,2.00,0.0029,0.0414,0.0081,0,0.000000
6,9.3800,31.6802,67.7244,-60.8027,0.0082,0.0439,-0.0791,0.0189,0.1007,-0.1812,35.0313,2.5468,68.9339,1.1177,-1.6795,1.1189,31.6029,-1.9304,66.4921,0.0000,0.0000,0.0000,0.0000,0.0000,0.0000,0.0000,0.0000,0.0000,5.00,3.00,2.00,0.0002,0.0029,0.0063,0,0.000000
6,9.4000,31.6897,67.7747,-60.8933,0.0082,0.0439,-0.0791,0.0189,0.1007,-0.1812,35.0311,2.5453,68.9329,1.1177,-1.6795,1.1189,31.6029,-1.9304,66.4921,0.0000,0.0000,0.0000,0.0000,0.0000,0.0000,0.0000,0.0000,0.0000,5.00,3.00,2.00,0.0002,0.0029,0.0063,0,0.000000
6,9.4200,31.6991,67.8250,-60.9839,0.0082,0.0439,-0.0791,0.0189,0.1007,-0.1812,35.0309,2.5438,68.9320,1.1177,-1.6795,1.1189,31.6029,-1.9304,66.4921,0.0000,0.0000,0.0000,0.0000,0.0000,0.0000,0.0000,0.0000,0.0000,5.00,3.00,2.00,0.0002,0.0029,0.0063,0,0.000000
6,9.4400,31.7086,67.8754,-61.0745,0.0082,0.0439,-0.0791,0.0189,0.1007,-0.1812,35.0307,2.5424,68.9310,1.1177,-1.6795,1.1189,31.6029,-1.9304,66.4921,0.0000,0.0000,0.0000,0.0000,0.0000,0.0000,0.0000,0.0000,0.0000,5.00,3.00,2.00,0.0002,0.0029,0.0063,0,0.000000
6,9.4600,31.7180,67.9257,-61.1652,0.0082,0.0439,-0.0791,-0.1522,0.3557,0.2637,35.0306,2.5409,68.9300,-0.0462,-0.3698,-0.2457,31.6029,-1.9304,66.4921,0.0000,0.0000,0.0000,0.0000,0.0000,0.0000,0.0000,0.0000,0.0000,5.00,3.00,2.00,0.0002,0.0029,0.0063,0,0.000000
6,9.4800,31.6419,68.1035,-61.0333,-0.0664,0.1552,0.1151,-0.1522,0.3557,0.2637,35.0359,2.5335,68.9441,-0.0462,-0.3698,-0.2457,31.6029,-1.9304,66.4921,0.0000,0.0000,0.0000,0.0000,0.0000,0.0000,0.0000,0.0000,0.0000,5.00,3.00,2.00,0.0110,0.0361,0.0132,0,0.000000
6,9.5000,31.5658,68.2814,-60.9014,-0.0664,0.1552,0.1151,-0.1522,0.3557,0.2637,35.0411,2.5260,68.9582,-0.0462,-0.3698,-0.2457,31.6029,-1.9304,66.4921,0.0000,0.0000,0.0000,0.0000,0.0000,0.0000,0.0000,0.0000,0.0000,5.00,3.00,2.00,0.0110,0.0361,0.0132,0,0.000000
6,9.5200,31.4897,68.4592,-60.7696,-0.0664,0.1552,0.1151,-0.1522,0.3557,0.2637,35.0463,2.5184,68.9724,-0.0462,-0.3698,-0.2457,31.6029,-1.9304,66.4921,0.0000,0.0000,0.0000,0.0000,0.0000,0.0000,0.0000,0.0000,0.0000,5.00,3.00,2.00,0.0110,0.0361,0.0132,0,0.000000
6,9.5400,31.4136,68.6370,-60.6377,-0.0664,0.1552,0.1151,-0.1522,0.3557,0.2637,35.0515,2.5107,68.9865,-0.0462,-0.3698,-0.2457,31.6029,-1.9304,66.4921,0.0000,0.0000,0.0000,0.0000,0.0000,0.0000,0.0000,0.0000,0.0000,5.00,3.00,2.00,0.0110,0.0361,0.0132,0,0.000000
6,9.5600,31.3374,68.8148,-60.5058,-0.0664,0.1552,0.1151,0.1362,0.5805,0.0116,35.0566,2.5030,69.0006,1.3016,-1.8938,3.5290,31.6029,-1.9304,66.4921,0.0000,0.0000,0.0000,0.0000,0.0000,0.0000,0.0000,0.0000,0.0000,5.00,3.00,2.00,0.0110,0.0361,0.0132,0,0.000000
6,9.5800,31.4056,69.1051,-60.5000,0.0594,0.2533,0.0051,0.1362,0.5805,0.0116,35.0670,2.4915,69.0125,1.3016,-1.8938,3.5290,31.6029,-1.9304,66.4921,0.0000,0.0000,0.0000,0.0000,0.0000,0.0000,0.0000,0.0000,0.0000,5.00,3.00,2.00,0.0088,0.0962,0.0000,0,0.000000
6,9.6000,31.4737,69.3953,-60.4942,0.0594,0.2533,0.0051,0.1362,0.5805,0.0116,35.0774,2.4800,69.0243,1.3016,-1.8938,3.5290,31.6029,-1.9304,66.4921,0.0000,0.0000,0.0000,0.0000,0.0000,0.0000,0.0000,0.0000,0.0000,5.00,3.00,2.00,0.0088,0.0962,0.0000,0,0.000000
6,9.6200,31.5418,69.6856,-60.4884,0.0594,0.2533,0.0051,0.1362,0.5805,0.0116,35.0878,2.4683,69.0360,1.3016,-1.8938,3.5290,31.6029,-1.9304,66.4921,0.0000,0.0000,0.0000,0.0000,0.0000,0.0000,0.0000,0.0000,0.0000,5.00,3.00,2.00,0.0088,0.0962,0.0000,0,0.000000
6,9.6400,31.6099,69.9758,-60.4826,0.0594,0.2533,0.0051,0.1362,0.5805,0.0116,35.0982,2.4566,69.0477,1.3016,-1.8938,3.5290,31.6029,-1.9304,66.4921,0.0000,0.0000,0.0000,0.0000,0.0000,0.0000,0.0000,0.0000,0.0000,5.00,3.00,2.00,0.0088,0.0962,0.0000,0,0.000000
6,9.6600,31.6780,70.2660,-60.4768,0.0594,0.2533,0.0051,-0.2131,-0.5737,0.2088,35.1086,2.4448,69.0593,2.5990,-2.9110,2.9373,31.6029,-1.9304,66.4921,0.0000,0.0000,0.0000,0.0000,0.0000,0.0000,0.0000,0.0000,0.0000,5.00,3.00,2.00,0.0088,0.0962,0.0000,0,0.000000
6,9.6800,31.5714,69.9792,-60.3724,-0.0930,-0.2503,0.0911,-0.2131,-0.5737,0.2088,35.0992,2.4557,69.0524,2.5990,-2.9110,2.9373,31.6029,-1.9304,66.4921,0.0000,0.0000,0.0000,0.0000,0.0000,0.0000,0.0000,0.0000,0.0000,5.00,3.00,2.00,0.0216,0.0940,0.0083,0,0.000000
6,9.7000,31.4648,69.6924,-60.2680,-0.0930,-0.2503,0.0911,-0.2131,-0.5737,0.2088,35.0899,2.4666,69.0454,2.5990,-2.9110,2.9373,31.6029,-1.9304,66.4921,0.0000,0.0000,0.0000,0.0000,0.0000,0.0000,0.0000,0.0000,0.0000,5.00,3.00,2.00,0.0216,0.0940,0.0083,0,0.000000
6,9.7200,31.3583,69.4055,-60.1636,-0.0930,-0.2503,0.0911,-0.2131,-0.5737,0.2088,35.0806,2.4774,69.0384,2.5990,-2.9110,2.9373,31.6029,-1.9304,66.4921,0.0000,0.0000,0.0000,0.0000,0.0000,0.0000,0.0000,0.0000,0.0000,5.00,3.00,2.00,0.0216,0.0940,0.0083,0,0.000000
6,9.7400,31.2517,69.1187,-60.0592,-0.0930,-0.2503,0.0911,-0.2131,-0.5737,0.2088,35.0713,2.4882,69.0313,2.5990,-2.9110,2.9373,31.6029,-1.9304,66.4921,0.0000,0.0000,0.0000,0.0000,0.0000,0.0000,0.0000,0.0000,0.0000,5.00,3.00,2.00,0.0216,0.0940,0.0083,0,0.000000
6,9.7600,31.1451,68.8319,-59.9548,-0.0930,-0.2503,0.0911,0.0105,0.0075,-0.2855,35.0620,2.4990,69.0241,-2.3298,2.7111,-1.7612,31.6029,-1.9304,66.4921,0.0000,0.0000,0.0000,0.0000,0.0000,0.0000,0.0000,0.0000,0.0000,5.00,3.00,2.00,0.0216,0.0940,0.0083,0,0.000000
6,9.7800,31.1504,68.8356,-60.0976,0.0046,0.0033,-0.1246,0.0105,0.0075,-0.2855,35.0593,2.4997,69.0193,-2.3298,2.7111,-1.7612,31.6029,-1.9304,66.4921,0.0000,0.0000,0.0000,0.0000,0.0000,0.0000,0.0000,0.0000,0.0000,5.00,3.00,2.00,0.0001,0.0000,0.0155,0,0.000000
6,9.8000,31.1557,68.8393,-60.2403,0.0046,0.0033,-0.1246,0.0105,0.0075,-0.2855,35.0566,2.5005,69.0145,-2.3298,2.7111,-1.7612,31.6029,-1.9304,66.4921,0.0000,0.0000,0.0000,0.0000,0.0000,0.0000,0.0000,0.0000,0.0000,5.00,3.00,2.00,0.0001,0.0000,0.0155,0,0.000000
6,9.8200,31.1610,68.8431,-60.3831,0.0046,0.0033,-0.1246,0.0105,0.0075,-0.2855,35.0540,2.5012,69.0096,-2.3298,2.7111,-1.7612,31.6029,-1.9304,66.4921,0.0000,0.0000,0.0000,0.0000,0.0000,0.0000,0.0000,0.0000,0.0000,5.00,3.00,2.00,0.0001,0.0000,0.0155,0,0.000000
6,9.8400,31.1662,68.8468,-60.5258,0.0046,0.0033,-0.1246,0.0105,0.0075,-0.2855,35.0513,2.5019,69.0048,-2.3298,2.7111,-1.7612,31.6029,-1.9304,66.4921,0.0000,0.0000,0.0000,0.0000,0.0000,0.0000,0.0000,0.0000,0.0000,5.00,3.00,2.00,0.0001,0.0000,0.0155,0,0.000000
6,9.8600,31.1715,68.8505,-60.6686,0.0046,0.0033,-0.1246,0.1796,0.1470,-0.4375,35.0486,2.5025,69.0000,-0.6676,0.1769,-1.2043,31.6029,-1.9304,66.4921,0.0000,0.0000,0.0000,0.0000,0.0000,0.0000,0.0000,0.0000,0.0000,5.00,3.00,2.00,0.0001,0.0000,0.0155,0,0.000000
6,9.8800,31.2613,68.9240,-60.8873,0.0784,0.0641,-0.1909,0.1796,0.1470,-0.4375,35.0491,2.5009,68.9940,-0.6676,0.1769,-1.2043,31.6029,-1.9304,66.4921,0.0000,0.0000,0.0000,0.0000,0.0000,0.0000,0.0000,0.0000,0.0000,5.00,3.00,2.00,0.0154,0.0062,0.0364,0,0.000000
6,9.9000,31.3511,68.9975,-61.1061,0.0784,0.0641,-0.1909,0.1796,0.1470,-0.4375,35.0496,2.4993,68.9880,-0.6676,0.1769,-1.2043,31.6029,-1.9304,66.4921,0.0000,0.0000,0.0000,0.0000,0.0000,0.0000,0.0000,0.0000,0.0000,5.00,3.00,2.00,0.0154,0.0062,0.0364,0,0.000000
6,9.9200,31.4409,69.0710,-61.3249,0.0784,0.0641,-0.1909,0.1796,0.1470,-0.4375,35.0500,2.4976,68.9821,-0.6676,0.1769,-1.2043,31.6029,-1.9304,66.4921,0.0000,0.0000,0.0000,0.0000,0.0000,0.0000,0.0000,0.0000,0.0000,5.00,3.00,2.00,0.0154,0.0062,0.0364,0,0.000000
6,9.9400,31.5307,69.1445,-61.5436,0.0784,0.0641,-0.1909,0.1796,0.1470,-0.4375,35.0505,2.4959,68.9761,-0.6676,0.1769,-1.2043,31.6029,-1.9304,66.4921,0.0000,0.0000,0.0000,0.0000,0.0000,0.0000,0.0000,0.0000,0.0000,5.00,3.00,2.00,0.0154,0.0062,0.0364,0,0.000000
6,9.9600,31.6205,69.2180,-61.7624,0.0784,0.0641,-0.1909,0.1676,0.2643,0.3669,35.0509,2.4942,68.9701,0.1137,-0.4164,-1.4954,31.6029,-1.9304,66.4921,0.0000,0.0000,0.0000,0.0000,0.0000,0.0000,0.0000,0.0000,0.0000,5.00,3.00,2.00,0.0154,0.0062,0.0364,0,0.000000
6,9.9800,31.7043,69.3502,-61.5790,0.0731,0.1153,0.1601,0.1676,0.2643,0.3669,35.0612,2.4881,68.9806,0.1137,-0.4164,-1.4954,31.6029,-1.9304,66.4921,0.0000,0.0000,0.0000,0.0000,0.0000,0.0000,0.0000,0.0000,0.0000,5.00,3.00,2.00,0.0134,0.0200,0.0256,0,0.000000
6,10.0000,31.7881,69.4824,-61.3955,0.0731,0.1154,0.1601,0.1676,0.2643,0.3669,35.0715,2.4819,68.9910,0.1137,-0.4164,-1.4954,31.6029,-1.9304,66.4921,0.0000,0.0000,0.0000,0.0000,0.0000,0.0000,0.0000,0.0000,0.0000,5.00,3.00,2.00,0.0134,0.0200,0.0256,0,0.000000
6,10.0200,31.8719,69.6145,-61.2121,0.0731,0.1153,0.1601,0.1676,0.2643,0.3669,35.0818,2.4756,69.0014,0.1137,-0.4164,-1.4954,31.6029,-1.9304,66.4921,0.0000,0.0000,0.0000,0.0000,0.0000,0.0000,0.0000,0.0000,0.0000,5.00,3.00,2.00,0.0134,0.0200,0.0256,0,0.000000
6,10.0400,31.9556,69.7467,-61.0287,0.0731,0.1153,0.1601,0.1676,0.2643,0.3669,35.0922,2.4693,69.0117,0.1137,-0.4164,-1.4954,31.6029,-1.9304,66.4921,0.0000,0.0000,0.0000,0.0000,0.0000,0.0000,0.0000,0.0000,0.0000,5.00,3.00,2.00,0.0134,0.0200,0.0256,0,0.000000
6,10.0600,32.0394,69.8789,-60.8453,0.0731,0.1153,0.1601,-0.1664,0.1234,-0.2451,35.1026,2.4628,69.0220,2.5837,-1.5686,2.5959,31.6029,-1.9304,66.4921,0.0000,0.0000,0.0000,0.0000,0.0000,0.0000,0.0000,0.0000,0.0000,5.00,3.00,2.00,0.0134,0.0200,0.0256,0,0.000000
6,10.0800,31.9562,69.9406,-60.9678,-0.0726,0.0539,-0.1070,-0.1664,0.1234,-0.2451,35.0989,2.4611,69.0224,2.5837,-1.5686,2.5959,31.6029,-1.9304,66.4921,0.0000,0.0000,0.0000,0.0000,0.0000,0.0000,0.0000,0.0000,0.0000,5.00,3.00,2.00,0.0132,0.0044,0.0114,0,0.000000
6,10.1000,31.8730,70.0023,-61.0904,-0.0726,0.0538,-0.1070,-0.1664,0.1234,-0.2451,35.0951,2.4595,69.0227,2.5837,-1.5686,2.5959,31.6029,-1.9304,66.4921,0.0000,0.0000,0.0000,0.0000,0.0000,0.0000,0.0000,0.0000,0.0000,5.00,3.00,2.00,0.0132,0.0043,0.0114,0,0.000000
6,10.1200,31.7898,70.0640,-61.2129,-0.0726,0.0539,-0.1070,-0.1664,0.1234,-0.2451,35.0914,2.4577,69.0231,2.5837,-1.5686,2.5959,31.6029,-1.9304,66.4921,0.0000,0.0000,0.0000,0.0000,0.0000,0.0000,0.0000,0.0000,0.0000,5.00,3.00,2.00,0.0132,0.0044,0.0114,0,0.000000
6,10.1400,31.7066,70.1257,-61.3355,-0.0726,0.0539,-0.1070,-0.1664,0.1234,-0.2451,35.0877,2.4560,69.0234,2.5837,-1.5686,2.5959,31.6029,-1.9304,66.4921,0.0000,0.0000,0.0000,0.0000,0.0000,0.0000,0.0000,0.0000,0.0000,5.00,3.00,2.00,0.0132,0.0044,0.0114,0,0.000000
6,10.1600,31.6233,70.1874,-61.4581,-0.0726,0.0539,-0.1070,0.0808,0.0063,0.0545,35.0840,2.4543,69.0237,-0.9270,-0.4258,0.0839,31.6029,-1.9304,66.4921,0.0000,0.0000,0.0000,0.0000,0.0000,0.0000,0.0000,0.0000,0.0000,5.00,3.00,2.00,0.0132,0.0044,0.0114,0,0.000000
6,10.1800,31.6638,70.1906,-61.4308,0.0353,0.0027,0.0238,0.0808,0.0063,0.0545,35.0860,2.4540,69.0239,-0.9270,-0.4258,0.0839,31.6029,-1.9304,66.4921,0.0000,0.0000,0.0000,0.0000,0.0000,0.0000,0.0000,0.0000,0.0000,5.00,3.00,2.00,0.0031,0.0000,0.0006,0,0.000000
6,10.2000,31.7042,70.1937,-61.4036,0.0353,0.0027,0.0238,0.0808,0.0063,0.0545,35.0881,2.4537,69.0241,-0.9270,-0.4258,0.0839,31.6029,-1.9304,66.4921,0.0000,0.0000,0.0000,0.0000,0.0000,0.0000,0.0000,0.0000,0.0000,5.00,3.00,2.00,0.0031,0.0000,0.0006,0,0.000000
6,10.2200,31.7446,70.1969,-61.3764,0.0353,0.0027,0.0238,0.0808,0.0063,0.0545,35.0901,2.4535,69.0243,-0.9270,-0.4258,0.0839,31.6029,-1.9304,66.4921,0.0000,0.0000,0.0000,0.0000,0.0000,0.0000,0.0000,0.0000,0.0000,5.00,3.00,2.00,0.0031,0.0000,0.0006,0,0.000000
6,10.2400,31.7850,70.2000,-61.3491,0.0353,0.0027,0.0238,0.0808,0.0063,0.0545,35.0921,2.4532,69.0245,-0.9270,-0.4258,0.0839,31.6029,-1.9304,66.4921,0.0000,0.0000,0.0000,0.0000,0.0000,0.0000,0.0000,0.0000,0.0000,5.00,3.00,2.00,0.0031,0.0000,0.0006,0,0.000000
6,10.2600,31.8254,70.2031,-61.3219,0.0353,0.0027,0.0238,-0.0492,0.3662,0.4830,35.0942,2.4529,69.0248,0.5077,-0.0734,0.0530,31.6029,-1.9304,66.4921,0.0000,0.0000,0.0000,0.0000,0.0000,0.0000,0.0000,0.0000,0.0000,5.00,3.00,2.00,0.0031,0.0000,0.0006,0,0.000000
6,10.2800,31.8008,70.3862,-61.0804,-0.0215,0.1598,0.2108,-0.0492,0.3662,0.4830,35.1034,2.4440,69.0416,0.5077,-0.0734,0.0530,31.6029,-1.9304,66.4921,0.0000,0.0000,0.0000,0.0000,0.0000,0.0000,0.0000,0.0000,0.0000,5.00,3.00,2.00,0.0012,0.0383,0.0444,0,0.000000
6,10.3000,31.7763,70.5694,-60.8389,-0.0215,0.1598,0.2108,-0.0492,0.3662,0.4830,35.1127,2.4349,69.0583,0.5077,-0.0734,0.0530,31.6029,-1.9304,66.4921,0.0000,0.0000,0.0000,0.0000,0.0000,0.0000,0.0000,0.0000,0.0000,5.00,3.00,2.00,0.0012,0.0383,0.0444,0,0.000000
6,10.3200,31.7517,70.7525,-60.5974,-0.0215,0.1598,0.2108,-0.0492,0.3662,0.4830,35.1218,2.4258,69.0751,0.5077,-0.0734,0.0530,31.6029,-1.9304,66.4921,0.0000,0.0000,0.0000,0.0000,0.0000,0.0000,0.0000,0.0000,0.0000,5.00,3.00,2.00,0.0012,0.0383,0.0444,0,0.000000
6,10.3400,31.7271,70.9356,-60.3559,-0.0215,0.1598,0.2108,-0.0492,0.3662,0.4830,35.1310,2.4165,69.0918,0.5077,-0.0734,0.0530,31.6029,-1.9304,66.4921,0.0000,0.0000,0.0000,0.0000,0.0000,0.0000,0.0000,0.0000,0.0000,5.00,3.00,2.00,0.0012,0.0383,0.0444,0,0.000000
6,10.3600,31.7025,71.1187,-60.1143,-0.0215,0.1598,0.2108,-0.0221,0.1014,0.1860,35.1401,2.4070,69.1085,2.2963,-2.2913,4.1859,31.6029,-1.9304,66.4921,0.0000,0.0000,0.0000,0.0000,0.0000,0.0000,0.0000,0.0000,0.0000,5.00,3.00,2.00,0.0012,0.0383,0.0444,0,0.000000
6,10.3800,31.6914,71.1695,-60.0213,-0.0096,0.0443,0.0812,-0.0221,0.1014,0.1860,35.1430,2.4042,69.1141,2.2963,-2.2913,4.1859,31.6029,-1.9304,66.4921,0.0000,0.0000,0.0000,0.0000,0.0000,0.0000,0.0000,0.0000,0.0000,5.00,3.00,2.00,0.0002,0.0029,0.0066,0,0.000000
6,10.4000,31.6804,71.2202,-59.9283,-0.0096,0.0443,0.0812,-0.0221,0.1014,0.1860,35.1459,2.4013,69.1197,2.2963,-2.2913,4.1859,31.6029,-1.9304,66.4921,0.0000,0.0000,0.0000,0.0000,0.0000,0.0000,0.0000,0.0000,0.0000,5.00,3.00,2.00,0.0002,0.0029,0.0066,0,0.000000
6,10.4200,31.6694,71.2709,-59.8353,-0.0096,0.0443,0.0812,-0.0221,0.1014,0.1860,35.1488,2.3985,69.1252,2.2963,-2.2913,4.1859,31.6029,-1.9304,66.4921,0.0000,0.0000,0.0000,0.0000,0.0000,0.0000,0.0000,0.0000,0.0000,5.00,3.00,2.00,0.0002,0.0029,0.0066,0,0.000000
6,10.4400,31.6583,71.3216,-59.7423,-0.0096,0.0443,0.0812,-0.0221,0.1014,0.1860,35.1517,2.3956,69.1308,2.2963,-2.2913,4.1859,31.6029,-1.9304,66.4921,0.0000,0.0000,0.0000,0.0000,0.0000,0.0000,0.0000,0.0000,0.0000,5.00,3.00,2.00,0.0002,0.0029,0.0066,0,0.000000
6,10.4600,31.6473,71.3723,-59.6493,-0.0096,0.0443,0.0812,0.2177,0.3705,-0.4093,35.1546,2.3927,69.1364,0.7256,-0.7171,1.3966,31.6029,-1.9304,66.4921,0.0000,0.0000,0.0000,0.0000,0.0000,0.0000,0.0000,0.0000,0.0000,5.00,3.00,2.00,0.0002,0.0029,0.0066,0,0.000000
6,10.4800,31.7562,71.5576,-59.8540,0.0950,0.1616,-0.1786,0.2177,0.3705,-0.4093,35.1592,2.3865,69.1351,0.7256,-0.7171,1.3966,31.6029,-1.9304,66.4921,0.0000,0.0000,0.0000,0.0000,0.0000,0.0000,0.0000,0.0000,0.0000,5.00,3.00,2.00,0.0226,0.0392,0.0319,0,0.000000
6,10.5000,31.8651,71.7428,-60.0586,0.0950,0.1616,-0.1786,0.2177,0.3705,-0.4093,35.1638,2.3804,69.1338,0.7256,-0.7171,1.3966,31.6029,-1.9304,66.4921,0.0000,0.0000,0.0000,0.0000,0.0000,0.0000,0.0000,0.0000,0.0000,5.00,3.00,2.00,0.0226,0.0392,0.0319,0,0.000000
6,10.5200,31.9739,71.9280,-60.2633,0.0950,0.1616,-0.1786,0.2177,0.3705,-0.4093,35.1684,2.3742,69.1325,0.7256,-0.7171,1.3966,31.6029,-1.9304,66.4921,0.0000,0.0000,0.0000,0.0000,0.0000,0.0000,0.0000,0.0000,0.0000,5.00,3.00,2.00,0.0226,0.0392,0.0319,0,0.000000
6,10.5400,32.0828,72.1132,-60.4679,0.0950,0.1616,-0.1786,0.2177,0.3705,-0.4093,35.1730,2.3681,69.1311,0.7256,-0.7171,1.3966,31.6029,-1.9304,66.4921,0.0000,0.0000,0.0000,0.0000,0.0000,0.0000,0.0000,0.0000,0.0000,5.00,3.00,2.00,0.0226,0.0392,0.0319,0,0.000000
6,10.5600,32.1917,72.2985,-60.6726,0.0950,0.1616,-0.1786,0.3478,-0.0992,-0.2331,35.1776,2.3619,69.1298,1.1494,-1.5400,-0.3319,31.6029,-1.9304,66.4921,0.0000,0.0000,0.0000,0.0000,0.0000,0.0000,0.0000,0.0000,0.0000,5.00,3.00,2.00,0.0226,0.0392,0.0319,0,0.000000
6,10.5800,32.3656,72.2489,-60.7891,0.1517,-0.0433,-0.1017,0.3478,-0.0992,-0.2331,35.1800,2.3649,69.1198,1.1494,-1.5400,-0.3319,31.6029,-1.9304,66.4921,0.0000,0.0000,0.0000,0.0000,0.0000,0.0000,0.0000,0.0000,0.0000,5.00,3.00,2.00,0.0576,0.0028,0.0103,0,0.000000
6,10.6000,32.5394,72.1992,-60.9057,0.1517,-0.0433,-0.1017,0.3478,-0.0992,-0.2331,35.1824,2.3680,69.1099,1.1494,-1.5400,-0.3319,31.6029,-1.9304,66.4921,0.0000,0.0000,0.0000,0.0000,0.0000,0.0000,0.0000,0.0000,0.0000,5.00,3.00,2.00,0.0576,0.0028,0.0103,0,0.000000
6,10.6200,32.7133,72.1496,-61.0223,0.1517,-0.0433,-0.1017,0.3478,-0.0992,-0.2331,35.1847,2.3710,69.0999,1.1494,-1.5400,-0.3319,31.6029,-1.9304,66.4921,0.0000,0.0000,0.0000,0.0000,0.0000,0.0000,0.0000,0.0000,0.0000,5.00,3.00,2.00,0.0576,0.0028,0.0103,0,0.000000
6,10.6400,32.8872,72.1000,-61.1389,0.1517,-0.0433,-0.1017,0.3478,-0.0992,-0.2331,35.1869,2.3739,69.0900,1.1494,-1.5400,-0.3319,31.6029,-1.9304,66.4921,0.0000,0.0000,0.0000,0.0000,0.0000,0.0000,0.0000,0.0000,0.0000,5.00,3.00,2.00,0.0576,0.0028,0.0103,0,0.000000
6,10.6600,33.0611,72.0504,-61.2554,0.1517,-0.0433,-0.1017,0.8998,0.2427,-0.1253,35.1892,2.3769,69.0800,0.5779,0.7502,-2.4860,31.6029,-1.9304,66.4921,0.0000,0.0000,0.0000,0.0000,0.0000,0.0000,0.0000,0.0000,0.0000,5.00,3.00,2.00,0.0576,0.0028,0.0103,0,0.000000
6,10.6800,33.5110,72.1718,-61.3181,0.3926,0.1059,-0.0547,0.8998,0.2427,-0.1253,35.2069,2.3723,69.0728,0.5779,0.7502,-2.4860,31.6029,-1.9304,66.4921,0.0000,0.0000,0.0000,0.0000,0.0000,0.0000,0.0000,0.0000,0.0000,5.00,3.00,2.00,0.3854,0.0168,0.0030,0,0.000000
6,10.7000,33.9609,72.2931,-61.3807,0.3926,0.1059,-0.0547,0.8998,0.2427,-0.1253,35.2246,2.3677,69.0654,0.5779,0.7502,-2.4860,31.6029,-1.9304,66.4921,0.0000,0.0000,0.0000,0.0000,0.0000,0.0000,0.0000,0.0000,0.0000,5.00,3.00,2.00,0.3854,0.0168,0.0030,0,0.000000
6,10.7200,34.4109,72.4145,-61.4434,0.3926,0.1059,-0.0547,0.8998,0.2427,-0.1253,35.2422,2.3631,69.0578,0.5779,0.7502,-2.4860,31.6029,-1.9304,66.4921,0.0000,0.0000,0.0000,0.0000,0.0000,0.0000,0.0000,0.0000,0.0000,5.00,3.00,2.00,0.3854,0.0168,0.0030,0,0.000000
6,10.7400,34.8608,72.5358,-61.5061,0.3926,0.1059,-0.0547,0.8998,0.2427,-0.1253,35.2598,2.3585,69.0501,0.5779,0.7502,-2.4860,31.6029,-1.9304,66.4921,0.0000,0.0000,0.0000,0.0000,0.0000,0.0000,0.0000,0.0000,0.0000,5.00,3.00,2.00,0.3854,0.0168,0.0030,0,0.000000
6,10.7600,35.3107,72.6572,-61.5687,0.3926,0.1059,-0.0547,0.5126,-0.1019,0.0657,35.2773,2.3539,69.0422,4.4090,-1.1505,-1.8929,31.6029,-1.9304,66.4921,0.0000,0.0000,0.0000,0.0000,0.0000,0.0000,0.0000,0.0000,0.0000,5.00,3.00,2.00,0.3854,0.0168,0.0030,0,0.000000
6,10.7800,35.5670,72.6062,-61.5358,0.2237,-0.0445,0.0287,0.5126,-0.1019,0.0657,35.2854,2.3558,69.0349,4.4090,-1.1505,-1.8929,31.6029,-1.9304,66.4921,0.0000,0.0000,0.0000,0.0000,0.0000,0.0000,0.0000,0.0000,0.0000,5.00,3.00,2.00,0.1251,0.0030,0.0008,0,0.000000
6,10.8000,35.8233,72.5553,-61.5030,0.2237,-0.0445,0.0287,0.5126,-0.1019,0.0657,35.2934,2.3577,69.0276,4.4090,-1.1505,-1.8929,31.6029,-1.9304,66.4921,0.0000,0.0000,0.0000,0.0000,0.0000,0.0000,0.0000,0.0000,0.0000,5.00,3.00,2.00,0.1251,0.0030,0.0008,0,0.000000
6,10.8200,36.0796,72.5043,-61.4701,0.2237,-0.0445,0.0287,0.5126,-0.1019,0.0657,35.3014,2.3595,69.0203,4.4090,-1.1505,-1.8929,31.6029,-1.9304,66.4921,0.0000,0.0000,0.0000,0.0000,0.0000,0.0000,0.0000,0.0000,0.0000,5.00,3.00,2.00,0.1251,0.0030,0.0008,0,0.000000
6,10.8400,36.3360,72.4534,-61.4373,0.2237,-0.0445,0.0287,0.5126,-0.1019,0.0657,35.3093,2.3614,69.0129,4.4090,-1.1505,-1.8929,31.6029,-1.9304,66.4921,0.0000,0.0000,0.0000,0.0000,0.0000,0.0000,0.0000,0.0000,0.0000,5.00,3.00,2.00,0.1251,0.0030,0.0008,0,0.000000
6,10.8600,36.5923,72.4024,-61.4044,0.2237,-0.0445,0.0287,0.5835,0.6190,-0.0920,35.3172,2.3633,69.0055,1.9918,0.4713,-1.8353,31.6029,-1.9304,66.4921,0.0000,0.0000,0.0000,0.0000,0.0000,0.0000,0.0000,0.0000,0.0000,5.00,3.00,2.00,0.1251,0.0030,0.0008,0,0.000000
6,10.8800,36.8840,72.7119,-61.4504,0.2546,0.2701,-0.0401,0.5835,0.6190,-0.0920,35.3352,2.3507,69.0092,1.9918,0.4713,-1.8353,31.6029,-1.9304,66.4921,0.0000,0.0000,0.0000,0.0000,0.0000,0.0000,0.0000,0.0000,0.0000,5.00,3.00,2.00,0.1620,0.1094,0.0016,0,0.000000
6,10.9000,37.1758,73.0214,-61.4964,0.2546,0.2701,-0.0401,0.5835,0.6190,-0.0920,35.3534,2.3379,69.0127,1.9918,0.4713,-1.8353,31.6029,-1.9304,66.4921,0.0000,0.0000,0.0000,0.0000,0.0000,0.0000,0.0000,0.0000,0.0000,5.00,3.00,2.00,0.1620,0.1094,0.0016,0,0.000000
6,10.9200,37.4675,73.3309,-61.5424,0.2546,0.2701,-0.0401,0.5835,0.6190,-0.0920,35.3715,2.3252,69.0160,1.9918,0.4713,-1.8353,31.6029,-1.9304,66.4921,0.0000,0.0000,0.0000,0.0000,0.0000,0.0000,0.0000,0.0000,0.0000,5.00,3.00,2.00,0.1620,0.1094,0.0016,0,0.000000
6,10.9400,37.7593,73.6404,-61.5884,0.2546,0.2701,-0.0401,0.5835,0.6190,-0.0920,35.3897,2.3123,69.0192,1.9918,0.4713,-1.8353,31.6029,-1.9304,66.4921,0.0000,0.0000,0.0000,0.0000,0.0000,0.0000,0.0000,0.0000,0.0000,5.00,3.00,2.00,0.1621,0.1094,0.0016,0,0.000000
6,10.9600,38.0510,73.9499,-61.6344,0.2546,0.2701,-0.0401,0.4339,-0.6240,-0.0154,35.4079,2.2994,69.0221,4.5338,-3.1966,0.8308,31.6029,-1.9304,66.4921,0.0000,0.0000,0.0000,0.0000,0.0000,0.0000,0.0000,0.0000,0.0000,5.00,3.00,2.00,0.1620,0.1094,0.0016,0,0.000000
6,10.9800,38.2679,73.6379,-61.6421,0.1893,-0.2723,-0.0067,0.4339,-0.6240,-0.0154,35.4055,2.3129,69.0040,4.5338,-3.1966,0.8308,31.6029,-1.9304,66.4921,0.0000,0.0000,0.0000,0.0000,0.0000,0.0000,0.0000,0.0000,0.0000,5.00,3.00,2.00,0.0896,0.1112,0.0000,0,0.000000
6,11.0000,38.4849,73.3259,-61.6498,0.1893,-0.2723,-0.0067,0.4339,-0.6240,-0.0154,35.4029,2.3262,68.9858,4.5338,-3.1966,0.8308,31.6029,-1.9304,66.4921,0.0000,0.0000,0.0000,0.0000,0.0000,0.0000,0.0000,0.0000,0.0000,5.00,3.00,2.00,0.0896,0.1112,0.0000,0,0.000000
6,11.0200,38.7019,73.0139,-61.6575,0.1893,-0.2723,-0.0067,0.4339,-0.6240,-0.0154,35.4002,2.3395,68.9676,4.5338,-3.1966,0.8308,31.6029,-1.9304,66.4921,0.0000,0.0000,0.0000,0.0000,0.0000,0.0000,0.0000,0.0000,0.0000,5.00,3.00,2.00,0.0896,0.1112,0.0000,0,0.000000
6,11.0400,38.9188,72.7019,-61.6651,0.1893,-0.2723,-0.0067,0.4339,-0.6240,-0.0154,35.3973,2.3528,68.9495,4.5338,-3.1966,0.8308,31.6029,-1.9304,66.4921,0.0000,0.0000,0.0000,0.0000,0.0000,0.0000,0.0000,0.0000,0.0000,5.00,3.00,2.00,0.0896,0.1112,0.0000,0,0.000000
6,11.0600,39.1358,72.3900,-61.6728,0.1893,-0.2723,-0.0067,-0.5378,1.0000,0.3780,35.3943,2.3659,68.9313,-0.6802,3.3247,-4.5410,31.6029,-1.9304,66.4921,0.0000,0.0000,0.0000,0.0000,0.0000,0.0000,0.0000,0.0000,0.0000,5.00,3.00,2.00,0.0896,0.1112,0.0000,0,0.000000
6,11.0800,38.8669,72.8899,-61.4838,-0.2346,0.4363,0.1649,-0.5378,1.0000,0.3780,35.4060,2.3434,68.9638,-0.6802,3.3247,-4.5410,31.6029,-1.9304,66.4921,0.0000,0.0000,0.0000,0.0000,0.0000,0.0000,0.0000,0.0000,0.0000,5.00,3.00,2.00,0.1376,0.2856,0.0272,0,0.000000
6,11.1000,38.5980,73.3900,-61.2949,-0.2346,0.4364,0.1649,-0.5378,1.0000,0.3780,35.4174,2.3206,68.9963,-0.6802,3.3247,-4.5410,31.6029,-1.9304,66.4921,0.0000,0.0000,0.0000,0.0000,0.0000,0.0000,0.0000,0.0000,0.0000,5.00,3.00,2.00,0.1376,0.2856,0.0272,0,0.000000
6,11.1200,38.3291,73.8900,-61.1059,-0.2346,0.4363,0.1649,-0.5378,1.0000,0.3780,35.4284,2.2973,69.0287,-0.6802,3.3247,-4.5410,31.6029,-1.9304,66.4921,0.0000,0.0000,0.0000,0.0000,0.0000,0.0000,0.0000,0.0000,0.0000,5.00,3.00,2.00,0.1376,0.2856,0.0272,0,0.000000
6,11.1400,38.0602,74.3900,-60.9169,-0.2346,0.4363,0.1649,-0.5378,1.0000,0.3780,35.4389,2.2737,69.0611,-0.6802,3.3247,-4.5410,31.6029,-1.9304,66.4921,0.0000,0.0000,0.0000,0.0000,0.0000,0.0000,0.0000,0.0000,0.0000,5.00,3.00,2.00,0.1376,0.2856,0.0272,0,0.000000
6,11.1600,37.7913,74.8900,-60.7279,-0.2346,0.4363,0.1649,-0.3509,-0.1933,-0.2311,35.4491,2.2498,69.0935,2.7407,-5.8044,8.1120,31.6029,-1.9304,66.4921,0.0000,0.0000,0.0000,0.0000,0.0000,0.0000,0.0000,0.0000,0.0000,5.00,3.00,2.00,0.1376,0.2856,0.0272,0,0.000000
6,11.1800,37.6159,74.7933,-60.8435,-0.1531,-0.0844,-0.1008,-0.3509,-0.1933,-0.2311,35.4373,2.2552,69.0910,2.7407,-5.8044,8.1120,31.6029,-1.9304,66.4921,0.0000,0.0000,0.0000,0.0000,0.0000,0.0000,0.0000,0.0000,0.0000,5.00,3.00,2.00,0.0586,0.0107,0.0102,0,0.000000
6,11.2000,37.4405,74.6966,-60.9590,-0.1531,-0.0844,-0.1008,-0.3509,-0.1933,-0.2311,35.4255,2.2606,69.0884,2.7407,-5.8044,8.1120,31.6029,-1.9304,66.4921,0.0000,0.0000,0.0000,0.0000,0.0000,0.0000,0.0000,0.0000,0.0000,5.00,3.00,2.00,0.0586,0.0107,0.0102,0,0.000000
6,11.2200,37.2651,74.6000,-61.0745,-0.1531,-0.0844,-0.1008,-0.3509,-0.1933,-0.2311,35.4137,2.2660,69.0858,2.7407,-5.8044,8.1120,31.6029,-1.9304,66.4921,0.0000,0.0000,0.0000,0.0000,0.0000,0.0000,0.0000,0.0000,0.0000,5.00,3.00,2.00,0.0586,0.0107,0.0102,0,0.000000
6,11.2400,37.0896,74.5033,-61.1901,-0.1531,-0.0844,-0.1008,-0.3509,-0.1933,-0.2311,35.4019,2.2713,69.0830,2.7407,-5.8044,8.1120,31.6029,-1.9304,66.4921,0.0000,0.0000,0.0000,0.0000,0.0000,0.0000,0.0000,0.0000,0.0000,5.00,3.00,2.00,0.0586,0.0107,0.0102,0,0.000000
6,11.2600,36.9142,74.4066,-61.3056,-0.1531,-0.0844,-0.1008,-0.2328,0.0284,-0.1097,35.3902,2.2766,69.0803,-2.9417,1.3418,-0.6634,31.6029,-1.9304,66.4921,0.0000,0.0000,0.0000,0.0000,0.0000,0.0000,0.0000,0.0000,0.0000,5.00,3.00,2.00,0.0586,0.0107,0.0102,0,0.000000
6,11.2800,36.7978,74.4208,-61.3605,-0.1016,0.0124,-0.0479,-0.2328,0.0284,-0.1097,35.3853,2.2765,69.0821,-2.9417,1.3418,-0.6634,31.6029,-1.9304,66.4921,0.0000,0.0000,0.0000,0.0000,0.0000,0.0000,0.0000,0.0000,0.0000,5.00,3.00,2.00,0.0258,0.0002,0.0023,0,0.000000
6,11.3000,36.6814,74.4350,-61.4153,-0.1016,0.0124,-0.0479,-0.2328,0.0284,-0.1097,35.3803,2.2764,69.0840,-2.9417,1.3418,-0.6634,31.6029,-1.9304,66.4921,0.0000,0.0000,0.0000,0.0000,0.0000,0.0000,0.0000,0.0000,0.0000,5.00,3.00,2.00,0.0258,0.0002,0.0023,0,0.000000
6,11.3200,36.5650,74.4492,-61.4702,-0.1016,0.0124,-0.0479,-0.2328,0.0284,-0.1097,35.3754,2.2763,69.0859,-2.9417,1.3418,-0.6634,31.6029,-1.9304,66.4921,0.0000,0.0000,0.0000,0.0000,0.0000,0.0000,0.0000,0.0000,0.0000,5.00,3.00,2.00,0.0258,0.0002,0.0023,0,0.000000
6,11.3400,36.4487,74.4634,-61.5251,-0.1016,0.0124,-0.0479,-0.2328,0.0284,-0.1097,35.3704,2.2761,69.0877,-2.9417,1.3418,-0.6634,31.6029,-1.9304,66.4921,0.0000,0.0000,0.0000,0.0000,0.0000,0.0000,0.0000,0.0000,0.0000,5.00,3.00,2.00,0.0258,0.0002,0.0023,0,0.000000
6,11.3600,36.3323,74.4776,-61.5799,-0.1016,0.0124,-0.0479,0.2173,0.1546,-0.1788,35.3655,2.2760,69.0895,-1.2383,-0.0304,0.4646,31.6029,-1.9304,66.4921,0.0000,0.0000,0.0000,0.0000,0.0000,0.0000,0.0000,0.0000,0.0000,5.00,3.00,2.00,0.0258,0.0002,0.0023,0,0.000000
6,11.3800,36.4409,74.5549,-61.6693,0.0948,0.0675,-0.0780,0.2173,0.1546,-0.1788,35.3694,2.2735,69.0869,-1.2383,-0.0304,0.4646,31.6029,-1.9304,66.4921,0.0000,0.0000,0.0000,0.0000,0.0000,0.0000,0.0000,0.0000,0.0000,5.00,3.00,2.00,0.0225,0.0068,0.0061,0,0.000000
6,11.4000,36.5495,74.6322,-61.7587,0.0948,0.0675,-0.0780,0.2173,0.1546,-0.1788,35.3734,2.2709,69.0843,-1.2383,-0.0304,0.4646,31.6029,-1.9304,66.4921,0.0000,0.0000,0.0000,0.0000,0.0000,0.0000,0.0000,0.0000,0.0000,5.00,3.00,2.00,0.0225,0.0068,0.0061,0,0.000000
6,11.4200,36.6582,74.7095,-61.8481,0.0948,0.0675,-0.0780,0.2173,0.1546,-0.1788,35.3774,2.2683,69.0817,-1.2383,-0.0304,0.4646,31.6029,-1.9304,66.4921,0.0000,0.0000,0.0000,0.0000,0.0000,0.0000,0.0000,0.0000,0.0000,5.00,3.00,2.00,0.0225,0.0068,0.0061,0,0.000000
6,11.4400,36.7668,74.7868,-61.9375,0.0948,0.0675,-0.0780,0.2173,0.1546,-0.1788,35.3813,2.2657,69.0791,-1.2383,-0.0304,0.4646,31.6029,-1.9304,66.4921,0.0000,0.0000,0.0000,0.0000,0.0000,0.0000,0.0000,0.0000,0.0000,5.00,3.00,2.00,0.0225,0.0068,0.0061,0,0.000000
6,11.4600,36.8754,74.8642,-62.0269,0.0948,0.0675,-0.0780,-0.4756,0.3681,0.0846,35.3853,2.2632,69.0765,0.9895,-0.6422,-0.6546,31.6029,-1.9304,66.4921,0.0000,0.0000,0.0000,0.0000,0.0000,0.0000,0.0000,0.0000,0.0000,5.00,3.00,2.00,0.0225,0.0068,0.0061,0,0.000000
6,11.4800,36.6376,75.0482,-61.9846,-0.2075,0.1606,0.0369,-0.4756,0.3681,0.0846,35.3833,2.2547,69.0912,0.9895,-0.6422,-0.6546,31.6029,-1.9304,66.4921,0.0000,0.0000,0.0000,0.0000,0.0000,0.0000,0.0000,0.0000,0.0000,5.00,3.00,2.00,0.1077,0.0387,0.0014,0,0.000000
6,11.5000,36.3998,75.2323,-61.9423,-0.2075,0.1606,0.0369,-0.4756,0.3681,0.0846,35.3812,2.2463,69.1059,0.9895,-0.6422,-0.6546,31.6029,-1.9304,66.4921,0.0000,0.0000,0.0000,0.0000,0.0000,0.0000,0.0000,0.0000,0.0000,5.00,3.00,2.00,0.1077,0.0387,0.0014,0,0.000000
6,11.5200,36.1620,75.4164,-61.9000,-0.2075,0.1606,0.0369,-0.4756,0.3681,0.0846,35.3790,2.2378,69.1206,0.9895,-0.6422,-0.6546,31.6029,-1.9304,66.4921,0.0000,0.0000,0.0000,0.0000,0.0000,0.0000,0.0000,0.0000,0.0000,5.00,3.00,2.00,0.1077,0.0387,0.0014,0,0.000000
6,11.5400,35.9241,75.6005,-61.8577,-0.2075,0.1606,0.0369,-0.4756,0.3681,0.0846,35.3767,2.2292,69.1354,0.9895,-0.6422,-0.6546,31.6029,-1.9304,66.4921,0.0000,0.0000,0.0000,0.0000,0.0000,0.0000,0.0000,0.0000,0.0000,5.00,3.00,2.00,0.1077,0.0387,0.0014,0,0.000000
6,11.5600,35.6863,75.7846,-61.8154,-0.2075,0.1606,0.0369,0.1254,0.7722,0.3627,35.3743,2.2206,69.1501,-0.5499,-2.1282,3.6808,31.6029,-1.9304,66.4921,0.0000,0.0000,0.0000,0.0000,0.0000,0.0000,0.0000,0.0000,0.0000,5.00,3.00,2.00,0.1077,0.0387,0.0014,0,0.000000
6,11.5800,35.7490,76.1706,-61.6340,0.0547,0.3369,0.1583,0.1254,0.7722,0.3627,35.3915,2.2015,69.1692,-0.5499,-2.1282,3.6808,31.6029,-1.9304,66.4921,0.0000,0.0000,0.0000,0.0000,0.0000,0.0000,0.0000,0.0000,0.0000,5.00,3.00,2.00,0.0075,0.1703,0.0250,0,0.000000
6,11.6000,35.8117,76.5568,-61.4527,0.0547,0.3370,0.1583,0.1254,0.7722,0.3627,35.4086,2.1822,69.1882,-0.5499,-2.1282,3.6808,31.6029,-1.9304,66.4921,0.0000,0.0000,0.0000,0.0000,0.0000,0.0000,0.0000,0.0000,0.0000,5.00,3.00,2.00,0.0075,0.1703,0.0250,0,0.000000
6,11.6200,35.8745,76.9429,-61.2713,0.0547,0.3369,0.1583,0.1254,0.7722,0.3627,35.4258,2.1626,69.2070,-0.5499,-2.1282,3.6808,31.6029,-1.9304,66.4921,0.0000,0.0000,0.0000,0.0000,0.0000,0.0000,0.0000,0.0000,0.0000,5.00,3.00,2.00,0.0075,0.1703,0.0250,0,0.000000
6,11.6400,35.9372,77.3290,-61.0900,0.0547,0.3369,0.1583,0.1254,0.7722,0.3627,35.4428,2.1428,69.2256,-0.5499,-2.1282,3.6808,31.6029,-1.9304,66.4921,0.0000,0.0000,0.0000,0.0000,0.0000,0.0000,0.0000,0.0000,0.0000,5.00,3.00,2.00,0.0075,0.1703,0.0250,0,0.000000
6,11.6600,35.9999,77.7151,-60.9086,0.0547,0.3369,0.1583,0.1269,0.2331,-0.3509,35.4599,2.1227,69.2441,4.2803,-4.8936,4.7028,31.6029,-1.9304,66.4921,0.0000,0.0000,0.0000,0.0000,0.0000,0.0000,0.0000,0.0000,0.0000,5.00,3.00,2.00,0.0075,0.1703,0.0250,0,0.000000
6,11.6800,36.0633,77.8317,-61.0841,0.0554,0.1017,-0.1531,0.1269,0.2331,-0.3509,35.4614,2.1193,69.2413,4.2803,-4.8936,4.7028,31.6029,-1.9304,66.4921,0.0000,0.0000,0.0000,0.0000,0.0000,0.0000,0.0000,0.0000,0.0000,5.00,3.00,2.00,0.0077,0.0155,0.0234,0,0.000000
6,11.7000,36.1268,77.9482,-61.2595,0.0554,0.1017,-0.1531,0.1269,0.2331,-0.3509,35.4630,2.1159,69.2384,4.2803,-4.8936,4.7028,31.6029,-1.9304,66.4921,0.0000,0.0000,0.0000,0.0000,0.0000,0.0000,0.0000,0.0000,0.0000,5.00,3.00,2.00,0.0077,0.0155,0.0234,0,0.000000
6,11.7200,36.1902,78.0648,-61.4350,0.0554,0.1017,-0.1531,0.1269,0.2331,-0.3509,35.4646,2.1125,69.2355,4.2803,-4.8936,4.7028,31.6029,-1.9304,66.4921,0.0000,0.0000,0.0000,0.0000,0.0000,0.0000,0.0000,0.0000,0.0000,5.00,3.00,2.00,0.0077,0.0155,0.0234,0,0.000000
6,11.7400,36.2537,78.1814,-61.6104,0.0554,0.1017,-0.1531,0.1269,0.2331,-0.3509,35.4661,2.1091,69.2326,4.2803,-4.8936,4.7028,31.6029,-1.9304,66.4921,0.0000,0.0000,0.0000,0.0000,0.0000,0.0000,0.0000,0.0000,0.0000,5.00,3.00,2.00,0.0077,0.0155,0.0234,0,0.000000
6,11.7600,36.3171,78.2980,-61.7859,0.0554,0.1017,-0.1531,0.3274,0.5124,0.2180,35.4677,2.1057,69.2297,0.3904,-0.8531,-0.7210,31.6029,-1.9304,66.4921,0.0000,0.0000,0.0000,0.0000,0.0000,0.0000,0.0000,0.0000,0.0000,5.00,3.00,2.00,0.0077,0.0155,0.0234,0,0.000000
6,11.7800,36.4808,78.5542,-61.6769,0.1428,0.2236,0.0951,0.3274,0.5124,0.2180,35.4833,2.0924,69.2380,0.3904,-0.8531,-0.7210,31.6029,-1.9304,66.4921,0.0000,0.0000,0.0000,0.0000,0.0000,0.0000,0.0000,0.0000,0.0000,5.00,3.00,2.00,0.0510,0.0750,0.0090,0,0.000000
6,11.8000,36.6445,78.8104,-61.5679,0.1428,0.2236,0.0951,0.3274,0.5124,0.2180,35.4990,2.0791,69.2462,0.3904,-0.8531,-0.7210,31.6029,-1.9304,66.4921,0.0000,0.0000,0.0000,0.0000,0.0000,0.0000,0.0000,0.0000,0.0000,5.00,3.00,2.00,0.0510,0.0750,0.0090,0,0.000000
6,11.8200,36.8082,79.0666,-61.4589,0.1428,0.2236,0.0951,0.3274,0.5124,0.2180,35.5146,2.0656,69.2543,0.3904,-0.8531,-0.7210,31.6029,-1.9304,66.4921,0.0000,0.0000,0.0000,0.0000,0.0000,0.0000,0.0000,0.0000,0.0000,5.00,3.00,2.00,0.0510,0.0750,0.0090,0,0.000000
6,11.8400,36.9719,79.3228,-61.3500,0.1428,0.2236,0.0951,0.3274,0.5124,0.2180,35.5304,2.0521,69.2622,0.3904,-0.8531,-0.7210,31.6029,-1.9304,66.4921,0.0000,0.0000,0.0000,0.0000,0.0000,0.0000,0.0000,0.0000,0.0000,5.00,3.00,2.00,0.0510,0.0750,0.0090,0,0.000000
6,11.8600,37.1355,79.5790,-61.2410,0.1428,0.2236,0.0951,-0.0260,-0.1678,-0.2761,35.5461,2.0385,69.2700,3.9198,-3.3612,2.0149,31.6029,-1.9304,66.4921,0.0000,0.0000,0.0000,0.0000,0.0000,0.0000,0.0000,0.0000,0.0000,5.00,3.00,2.00,0.0510,0.0750,0.0090,0,0.000000
6,11.8800,37.1225,79.4951,-61.3790,-0.0113,-0.0732,-0.1205,-0.0260,-0.1678,-0.2761,35.5401,2.0442,69.2632,3.9198,-3.3612,2.0149,31.6029,-1.9304,66.4921,0.0000,0.0000,0.0000,0.0000,0.0000,0.0000,0.0000,0.0000,0.0000,5.00,3.00,2.00,0.0003,0.0080,0.0145,0,0.000000
6,11.9000,37.1095,79.4112,-61.5170,-0.0113,-0.0732,-0.1205,-0.0260,-0.1678,-0.2761,35.5341,2.0499,69.2563,3.9198,-3.3612,2.0149,31.6029,-1.9304,66.4921,0.0000,0.0000,0.0000,0.0000,0.0000,0.0000,0.0000,0.0000,0.0000,5.00,3.00,2.00,0.0003,0.0080,0.0145,0,0.000000
6,11.9200,37.0965,79.3273,-61.6551,-0.0113,-0.0732,-0.1205,-0.0260,-0.1678,-0.2761,35.5281,2.0556,69.2494,3.9198,-3.3612,2.0149,31.6029,-1.9304,66.4921,0.0000,0.0000,0.0000,0.0000,0.0000,0.0000,0.0000,0.0000,0.0000,5.00,3.00,2.00,0.0003,0.0080,0.0145,0,0.000000
6,11.9400,37.0835,79.2435,-61.7931,-0.0113,-0.0732,-0.1205,-0.0260,-0.1678,-0.2761,35.5222,2.0613,69.2425,3.9198,-3.3612,2.0149,31.6029,-1.9304,66.4921,0.0000,0.0000,0.0000,0.0000,0.0000,0.0000,0.0000,0.0000,0.0000,5.00,3.00,2.00,0.0003,0.0080,0.0145,0,0.000000
6,11.9600,37.0705,79.1596,-61.9312,-0.0114,-0.0732,-0.1205,0.3855,0.2312,-0.2042,35.5162,2.0669,69.2356,-1.4944,1.4244,-1.7189,31.6029,-1.9304,66.4921,0.0000,0.0000,0.0000,0.0000,0.0000,0.0000,0.0000,0.0000,0.0000,5.00,3.00,2.00,0.0003,0.0080,0.0145,0,0.000000
6,11.9800,37.2633,79.2752,-62.0333,0.1682,0.1009,-0.0891,0.3855,0.2312,-0.2042,35.5242,2.0627,69.2312,-1.4944,1.4244,-1.7189,31.6029,-1.9304,66.4921,0.0000,0.0000,0.0000,0.0000,0.0000,0.0000,0.0000,0.0000,0.0000,5.00,3.00,2.00,0.0707,0.0153,0.0079,0,0.000000
6,12.0000,37.4560,79.3908,-62.1354,0.1682,0.1009,-0.0891,0.3855,0.2312,-0.2042,35.5322,2.0585,69.2267,-1.4944,1.4244,-1.7189,31.6029,-1.9304,66.4921,0.0000,0.0000,0.0000,0.0000,0.0000,0.0000,0.0000,0.0000,0.0000,5.00,3.00,2.00,0.0707,0.0153,0.0079,0,0.000000
6,12.0200,37.6487,79.5064,-62.2375,0.1682,0.1009,-0.0891,0.3855,0.2312,-0.2042,35.5402,2.0542,69.2221,-1.4944,1.4244,-1.7189,31.6029,-1.9304,66.4921,0.0000,0.0000,0.0000,0.0000,0.0000,0.0000,0.0000,0.0000,0.0000,5.00,3.00,2.00,0.0707,0.0153,0.0079,0,0.000000
6,12.0400,37.8415,79.6220,-62.3396,0.1682,0.1009,-0.0891,0.3855,0.2312,-0.2042,35.5482,2.0500,69.2175,-1.4944,1.4244,-1.7189,31.6029,-1.9304,66.4921,0.0000,0.0000,0.0000,0.0000,0.0000,0.0000,0.0000,0.0000,0.0000,5.00,3.00,2.00,0.0707,0.0153,0.0079,0,0.000000
6,12.0600,38.0342,79.7376,-62.4417,0.1682,0.1009,-0.0891,-0.0980,-0.3237,0.1787,35.5562,2.0457,69.2129,2.0012,-1.0605,-1.1349,31.6029,-1.9304,66.4921,0.0000,0.0000,0.0000,0.0000,0.0000,0.0000,0.0000,0.0000,0.0000,5.00,3.00,2.00,0.0707,0.0153,0.0079,0,0.000000
6,12.0800,37.9852,79.5758,-62.3524,-0.0428,-0.1412,0.0780,-0.0980,-0.3237,0.1787,35.5520,2.0523,69.2113,2.0012,-1.0605,-1.1349,31.6029,-1.9304,66.4921,0.0000,0.0000,0.0000,0.0000,0.0000,0.0000,0.0000,0.0000,0.0000,5.00,3.00,2.00,0.0046,0.0299,0.0061,0,0.000000
6,12.1000,37.9362,79.4139,-62.2630,-0.0428,-0.1412,0.0780,-0.0980,-0.3237,0.1787,35.5478,2.0589,69.2097,2.0012,-1.0605,-1.1349,31.6029,-1.9304,66.4921,0.0000,0.0000,0.0000,0.0000,0.0000,0.0000,0.0000,0.0000,0.0000,5.00,3.00,2.00,0.0046,0.0299,0.0061,0,0.000000
6,12.1200,37.8872,79.2521,-62.1737,-0.0428,-0.1412,0.0780,-0.0980,-0.3237,0.1787,35.5436,2.0655,69.2081,2.0012,-1.0605,-1.1349,31.6029,-1.9304,66.4921,0.0000,0.0000,0.0000,0.0000,0.0000,0.0000,0.0000,0.0000,0.0000,5.00,3.00,2.00,0.0046,0.0299,0.0061,0,0.000000
6,12.1400,37.8382,79.0903,-62.0843,-0.0428,-0.1412,0.0780,-0.0980,-0.3237,0.1787,35.5394,2.0720,69.2064,2.0012,-1.0605,-1.1349,31.6029,-1.9304,66.4921,0.0000,0.0000,0.0000,0.0000,0.0000,0.0000,0.0000,0.0000,0.0000,5.00,3.00,2.00,0.0046,0.0299,0.0061,0,0.000000
6,12.1600,37.7892,78.9284,-61.9950,-0.0428,-0.1412,0.0780,0.0578,-0.4470,0.1487,35.5352,2.0786,69.2047,-1.0511,1.6429,-0.4089,31.6029,-1.9304,66.4921,0.0000,0.0000,0.0000,0.0000,0.0000,0.0000,0.0000,0.0000,0.0000,5.00,3.00,2.00,0.0046,0.0299,0.0061,0,0.000000
6,12.1800,37.8180,78.7049,-61.9206,0.0252,-0.1950,0.0649,0.0578,-0.4470,0.1487,35.5318,2.0882,69.1981,-1.0511,1.6429,-0.4089,31.6029,-1.9304,66.4921,0.0000,0.0000,0.0000,0.0000,0.0000,0.0000,0.0000,0.0000,0.0000,5.00,3.00,2.00,0.0016,0.0571,0.0042,0,0.000000
6,12.2000,37.8469,78.4814,-61.8462,0.0252,-0.1950,0.0649,0.0578,-0.4470,0.1487,35.5283,2.0978,69.1915,-1.0511,1.6429,-0.4089,31.6029,-1.9304,66.4921,0.0000,0.0000,0.0000,0.0000,0.0000,0.0000,0.0000,0.0000,0.0000,5.00,3.00,2.00,0.0016,0.0571,0.0042,0,0.000000
6,12.2200,37.8758,78.2579,-61.7719,0.0252,-0.1950,0.0649,0.0578,-0.4470,0.1487,35.5249,2.1074,69.1848,-1.0511,1.6429,-0.4089,31.6029,-1.9304,66.4921,0.0000,0.0000,0.0000,0.0000,0.0000,0.0000,0.0000,0.0000,0.0000,5.00,3.00,2.00,0.0016,0.0571,0.0042,0,0.000000
6,12.2400,37.9047,78.0344,-61.6975,0.0252,-0.1950,0.0649,0.0578,-0.4470,0.1487,35.5213,2.1169,69.1781,-1.0511,1.6429,-0.4089,31.6029,-1.9304,66.4921,0.0000,0.0000,0.0000,0.0000,0.0000,0.0000,0.0000,0.0000,0.0000,5.00,3.00,2.00,0.0016,0.0571,0.0042,0,0.000000
6,12.2600,37.9335,77.8109,-61.6231,0.0252,-0.1950,0.0649,0.1763,0.1544,0.6041,35.5178,2.1265,69.1714,-0.8678,2.3941,-1.6655,31.6029,-1.9304,66.4921,0.0000,0.0000,0.0000,0.0000,0.0000,0.0000,0.0000,0.0000,0.0000,5.00,3.00,2.00,0.0016,0.0571,0.0042,0,0.000000
6,12.2800,38.0217,77.8881,-61.3211,0.0769,0.0674,0.2636,0.1763,0.1544,0.6041,35.5305,2.1194,69.1810,-0.8678,2.3941,-1.6655,31.6029,-1.9304,66.4921,0.0000,0.0000,0.0000,0.0000,0.0000,0.0000,0.0000,0.0000,0.0000,5.00,3.00,2.00,0.0148,0.0068,0.0695,0,0.000000
6,12.3000,38.1098,77.9653,-61.0190,0.0769,0.0674,0.2636,0.1763,0.1544,0.6041,35.5431,2.1123,69.1904,-0.8678,2.3941,-1.6655,31.6029,-1.9304,66.4921,0.0000,0.0000,0.0000,0.0000,0.0000,0.0000,0.0000,0.0000,0.0000,5.00,3.00,2.00,0.0148,0.0068,0.0695,0,0.000000
6,12.3200,38.1980,78.0425,-60.7170,0.0769,0.0674,0.2636,0.1763,0.1544,0.6041,35.5558,2.1051,69.1998,-0.8678,2.3941,-1.6655,31.6029,-1.9304,66.4921,0.0000,0.0000,0.0000,0.0000,0.0000,0.0000,0.0000,0.0000,0.0000,5.00,3.00,2.00,0.0148,0.0068,0.0695,0,0.000000
6,12.3400,38.2861,78.1197,-60.4149,0.0769,0.0674,0.2636,0.1763,0.1544,0.6041,35.5684,2.0978,69.2092,-0.8678,2.3941,-1.6655,31.6029,-1.9304,66.4921,0.0000,0.0000,0.0000,0.0000,0.0000,0.0000,0.0000,0.0000,0.0000,5.00,3.00,2.00,0.0148,0.0068,0.0695,0,0.000000
6,12.3600,38.3743,78.1969,-60.1129,0.0769,0.0674,0.2636,0.0969,0.3935,0.0107,35.5811,2.0904,69.2184,3.1643,-1.8059,2.3502,31.6029,-1.9304,66.4921,0.0000,0.0000,0.0000,0.0000,0.0000,0.0000,0.0000,0.0000,0.0000,5.00,3.00,2.00,0.0148,0.0068,0.0695,0,0.000000
6,12.3800,38.4227,78.3936,-60.1075,0.0423,0.1717,0.0047,0.0969,0.3935,0.0107,35.5886,2.0809,69.2242,3.1643,-1.8059,2.3502,31.6029,-1.9304,66.4921,0.0000,0.0000,0.0000,0.0000,0.0000,0.0000,0.0000,0.0000,0.0000,5.00,3.00,2.00,0.0045,0.0442,0.0000,0,0.000000
6,12.4000,38.4712,78.5904,-60.1022,0.0423,0.1717,0.0046,0.0969,0.3935,0.0107,35.5961,2.0714,69.2299,3.1643,-1.8059,2.3502,31.6029,-1.9304,66.4921,0.0000,0.0000,0.0000,0.0000,0.0000,0.0000,0.0000,0.0000,0.0000,5.00,3.00,2.00,0.0045,0.0442,0.0000,0,0.000000
6,12.4200,38.5196,78.7872,-60.0969,0.0423,0.1717,0.0047,0.0969,0.3935,0.0107,35.6036,2.0619,69.2356,3.1643,-1.8059,2.3502,31.6029,-1.9304,66.4921,0.0000,0.0000,0.0000,0.0000,0.0000,0.0000,0.0000,0.0000,0.0000,5.00,3.00,2.00,0.0045,0.0442,0.0000,0,0.000000
6,12.4400,38.5681,78.9840,-60.0915,0.0423,0.1717,0.0047,0.0969,0.3935,0.0107,35.6111,2.0523,69.2413,3.1643,-1.8059,2.3502,31.6029,-1.9304,66.4921,0.0000,0.0000,0.0000,0.0000,0.0000,0.0000,0.0000,0.0000,0.0000,5.00,3.00,2.00,0.0045,0.0442,0.0000,0,0.000000
6,12.4600,38.6166,79.1808,-60.0862,0.0423,0.1717,0.0047,0.1168,-0.0240,0.4393,35.6186,2.0427,69.2469,1.8755,-2.3826,1.4225,31.6029,-1.9304,66.4921,0.0000,0.0000,0.0000,0.0000,0.0000,0.0000,0.0000,0.0000,0.0000,5.00,3.00,2.00,0.0045,0.0442,0.0000,0,0.000000
6,12.4800,38.6750,79.1687,-59.8666,0.0510,-0.0105,0.1917,0.1168,-0.0240,0.4393,35.6257,2.0404,69.2512,1.8755,-2.3826,1.4225,31.6029,-1.9304,66.4921,0.0000,0.0000,0.0000,0.0000,0.0000,0.0000,0.0000,0.0000,0.0000,5.00,3.00,2.00,0.0065,0.0002,0.0367,0,0.000000
6,12.5000,38.7333,79.1567,-59.6469,0.0510,-0.0105,0.1917,0.1168,-0.0240,0.4393,35.6328,2.0380,69.2556,1.8755,-2.3826,1.4225,31.6029,-1.9304,66.4921,0.0000,0.0000,0.0000,0.0000,0.0000,0.0000,0.0000,0.0000,0.0000,5.00,3.00,2.00,0.0065,0.0002,0.0367,0,0.000000
6,12.5200,38.7917,79.1447,-59.4273,0.0510,-0.0105,0.1917,0.1168,-0.0240,0.4393,35.6400,2.0356,69.2599,1.8755,-2.3826,1.4225,31.6029,-1.9304,66.4921,0.0000,0.0000,0.0000,0.0000,0.0000,0.0000,0.0000,0.0000,0.0000,5.00,3.00,2.00,0.0065,0.0002,0.0367,0,0.000000
6,12.5400,38.8501,79.1327,-59.2076,0.0510,-0.0105,0.1917,0.1168,-0.0240,0.4393,35.6471,2.0332,69.2642,1.8755,-2.3826,1.4225,31.6029,-1.9304,66.4921,0.0000,0.0000,0.0000,0.0000,0.0000,0.0000,0.0000,0.0000,0.0000,5.00,3.00,2.00,0.0065,0.0002,0.0367,0,0.000000
6,12.5600,38.9085,79.1207,-58.9880,0.0510,-0.0105,0.1917,-0.0639,0.9692,-0.6060,35.6542,2.0307,69.2685,1.7796,-0.5980,1.0784,31.6029,-1.9304,66.4921,0.0000,0.0000,0.0000,0.0000,0.0000,0.0000,0.0000,0.0000,0.0000,5.00,3.00,2.00,0.0065,0.0002,0.0367,0,0.000000
6,12.5800,38.8765,79.6053,-59.2909,-0.0279,0.4229,-0.2644,-0.0639,0.9692,-0.6060,35.6593,2.0111,69.2773,1.7796,-0.5980,1.0784,31.6029,-1.9304,66.4921,0.0000,0.0000,0.0000,0.0000,0.0000,0.0000,0.0000,0.0000,0.0000,5.00,3.00,2.00,0.0019,0.2683,0.0699,0,0.000000
6,12.6000,38.8446,80.0899,-59.5939,-0.0279,0.4229,-0.2644,-0.0639,0.9692,-0.6060,35.6643,1.9914,69.2860,1.7796,-0.5980,1.0784,31.6029,-1.9304,66.4921,0.0000,0.0000,0.0000,0.0000,0.0000,0.0000,0.0000,0.0000,0.0000,5.00,3.00,2.00,0.0019,0.2683,0.0699,0,0.000000
6,12.6200,38.8126,80.5745,-59.8969,-0.0279,0.4229,-0.2644,-0.0639,0.9692,-0.6060,35.6692,1.9717,69.2947,1.7796,-0.5980,1.0784,31.6029,-1.9304,66.4921,0.0000,0.0000,0.0000,0.0000,0.0000,0.0000,0.0000,0.0000,0.0000,5.00,3.00,2.00,0.0019,0.2683,0.0699,0,0.000000
6,12.6400,38.7807,81.0591,-60.1999,-0.0279,0.4229,-0.2644,-0.0639,0.9692,-0.6060,35.6740,1.9519,69.3032,1.7796,-0.5980,1.0784,31.6029,-1.9304,66.4921,0.0000,0.0000,0.0000,0.0000,0.0000,0.0000,0.0000,0.0000,0.0000,5.00,3.00,2.00,0.0019,0.2683,0.0699,0,0.000000
6,12.6600,38.7487,81.5437,-60.5029,-0.0279,0.4229,-0.2644,0.0593,-0.1531,0.4333,35.6787,1.9321,69.3116,1.2257,-4.9325,2.1545,31.6029,-1.9304,66.4921,0.0000,0.0000,0.0000,0.0000,0.0000,0.0000,0.0000,0.0000,0.0000,5.00,3.00,2.00,0.0019,0.2683,0.0699,0,0.000000
6,12.6800,38.7784,81.4672,-60.2862,0.0259,-0.0668,0.1891,0.0593,-0.1531,0.4333,35.6829,1.9328,69.3144,1.2257,-4.9325,2.1545,31.6029,-1.9304,66.4921,0.0000,0.0000,0.0000,0.0000,0.0000,0.0000,0.0000,0.0000,0.0000,5.00,3.00,2.00,0.0017,0.0067,0.0358,0,0.000000
6,12.7000,38.8080,81.3907,-60.0696,0.0259,-0.0668,0.1891,0.0593,-0.1531,0.4333,35.6871,1.9334,69.3173,1.2257,-4.9325,2.1545,31.6029,-1.9304,66.4921,0.0000,0.0000,0.0000,0.0000,0.0000,0.0000,0.0000,0.0000,0.0000,5.00,3.00,2.00,0.0017,0.0067,0.0357,0,0.000000
6,12.7200,38.8377,81.3141,-59.8529,0.0259,-0.0668,0.1891,0.0593,-0.1531,0.4333,35.6914,1.9341,69.3201,1.2257,-4.9325,2.1545,31.6029,-1.9304,66.4921,0.0000,0.0000,0.0000,0.0000,0.0000,0.0000,0.0000,0.0000,0.0000,5.00,3.00,2.00,0.0017,0.0067,0.0358,0,0.000000
6,12.7400,38.8674,81.2376,-59.6362,0.0259,-0.0668,0.1891,0.0593,-0.1531,0.4333,35.6956,1.9347,69.3230,1.2257,-4.9325,2.1545,31.6029,-1.9304,66.4921,0.0000,0.0000,0.0000,0.0000,0.0000,0.0000,0.0000,0.0000,0.0000,5.00,3.00,2.00,0.0017,0.0067,0.0358,0,0.000000
6,12.7600,38.8971,81.1610,-59.4196,0.0259,-0.0668,0.1891,0.3993,0.3529,-0.4549,35.6998,1.9354,69.3258,1.0517,0.1630,0.7122,31.6029,-1.9304,66.4921,0.0000,0.0000,0.0000,0.0000,0.0000,0.0000,0.0000,0.0000,0.0000,5.00,3.00,2.00,0.0017,0.0067,0.0357,0,0.000000
6,12.7800,39.0967,81.3375,-59.6470,0.1742,0.1540,-0.1985,0.3993,0.3529,-0.4549,35.7070,1.9299,69.3187,1.0517,0.1630,0.7122,31.6029,-1.9304,66.4921,0.0000,0.0000,0.0000,0.0000,0.0000,0.0000,0.0000,0.0000,0.0000,5.00,3.00,2.00,0.0759,0.0356,0.0394,0,0.000000
6,12.8000,39.2964,81.5139,-59.8744,0.1742,0.1540,-0.1985,0.3993,0.3529,-0.4549,35.7142,1.9243,69.3116,1.0517,0.1630,0.7122,31.6029,-1.9304,66.4921,0.0000,0.0000,0.0000,0.0000,0.0000,0.0000,0.0000,0.0000,0.0000,5.00,3.00,2.00,0.0759,0.0356,0.0394,0,0.000000
6,12.8200,39.4960,81.6904,-60.1019,0.1742,0.1540,-0.1985,0.3993,0.3529,-0.4549,35.7213,1.9188,69.3045,1.0517,0.1630,0.7122,31.6029,-1.9304,66.4921,0.0000,0.0000,0.0000,0.0000,0.0000,0.0000,0.0000,0.0000,0.0000,5.00,3.00,2.00,0.0759,0.0356,0.0394,0,0.000000
6,12.8400,39.6957,81.8668,-60.3293,0.1742,0.1540,-0.1985,0.3993,0.3529,-0.4549,35.7284,1.9133,69.2973,1.0517,0.1630,0.7122,31.6029,-1.9304,66.4921,0.0000,0.0000,0.0000,0.0000,0.0000,0.0000,0.0000,0.0000,0.0000,5.00,3.00,2.00,0.0759,0.0356,0.0394,0,0.000000
6,12.8600,39.8953,82.0433,-60.5567,0.1742,0.1540,-0.1985,0.3239,0.2858,-0.2775,35.7355,1.9078,69.2900,1.7866,-1.3771,-1.7876,31.6029,-1.9304,66.4921,0.0000,0.0000,0.0000,0.0000,0.0000,0.0000,0.0000,0.0000,0.0000,5.00,3.00,2.00,0.0759,0.0356,0.0394,0,0.000000
6,12.8800,40.0573,82.1861,-60.6955,0.1413,0.1247,-0.1211,0.3239,0.2858,-0.2775,35.7423,1.9027,69.2855,1.7866,-1.3771,-1.7876,31.6029,-1.9304,66.4921,0.0000,0.0000,0.0000,0.0000,0.0000,0.0000,0.0000,0.0000,0.0000,5.00,3.00,2.00,0.0499,0.0233,0.0147,0,0.000000
6,12.9000,40.2192,82.3290,-60.8343,0.1413,0.1247,-0.1211,0.3239,0.2858,-0.2775,35.7491,1.8975,69.2809,1.7866,-1.3771,-1.7876,31.6029,-1.9304,66.4921,0.0000,0.0000,0.0000,0.0000,0.0000,0.0000,0.0000,0.0000,0.0000,5.00,3.00,2.00,0.0499,0.0233,0.0147,0,0.000000
6,12.9200,40.3812,82.4719,-60.9730,0.1413,0.1247,-0.1211,0.3239,0.2858,-0.2775,35.7558,1.8924,69.2762,1.7866,-1.3771,-1.7876,31.6029,-1.9304,66.4921,0.0000,0.0000,0.0000,0.0000,0.0000,0.0000,0.0000,0.0000,0.0000,5.00,3.00,2.00,0.0499,0.0233,0.0147,0,0.000000
6,12.9400,40.5431,82.6148,-61.1118,0.1413,0.1247,-0.1211,0.3239,0.2858,-0.2775,35.7626,1.8872,69.2715,1.7866,-1.3771,-1.7876,31.6029,-1.9304,66.4921,0.0000,0.0000,0.0000,0.0000,0.0000,0.0000,0.0000,0.0000,0.0000,5.00,3.00,2.00,0.0499,0.0233,0.0147,0,0.000000
6,12.9600,40.7051,82.7576,-61.2505,0.1413,0.1247,-0.1211,0.0318,0.1160,0.4113,35.7693,1.8821,69.2668,1.6909,-1.2864,-1.1604,31.6029,-1.9304,66.4921,0.0000,0.0000,0.0000,0.0000,0.0000,0.0000,0.0000,0.0000,0.0000,5.00,3.00,2.00,0.0499,0.0233,0.0147,0,0.000000
6,12.9800,40.7210,82.8157,-61.0449,0.0139,0.0506,0.1795,0.0318,0.1160,0.4113,35.7765,1.8761,69.2740,1.6909,-1.2864,-1.1604,31.6029,-1.9304,66.4921,0.0000,0.0000,0.0000,0.0000,0.0000,0.0000,0.0000,0.0000,0.0000,5.00,3.00,2.00,0.0005,0.0038,0.0322,0,0.000000
6,13.0000,40.7368,82.8737,-60.8392,0.0139,0.0506,0.1795,0.0318,0.1160,0.4113,35.7838,1.8700,69.2812,1.6909,-1.2864,-1.1604,31.6029,-1.9304,66.4921,0.0000,0.0000,0.0000,0.0000,0.0000,0.0000,0.0000,0.0000,0.0000,5.00,3.00,2.00,0.0005,0.0038,0.0322,0,0.000000
6,13.0200,40.7527,82.9317,-60.6336,0.0139,0.0506,0.1795,0.0318,0.1160,0.4113,35.7910,1.8640,69.2883,1.6909,-1.2864,-1.1604,31.6029,-1.9304,66.4921,0.0000,0.0000,0.0000,0.0000,0.0000,0.0000,0.0000,0.0000,0.0000,5.00,3.00,2.00,0.0005,0.0038,0.0322,0,0.000000
6,13.0400,40.7686,82.9897,-60.4279,0.0139,0.0506,0.1795,0.0318,0.1160,0.4113,35.7982,1.8578,69.2954,1.6909,-1.2864,-1.1604,31.6029,-1.9304,66.4921,0.0000,0.0000,0.0000,0.0000,0.0000,0.0000,0.0000,0.0000,0.0000,5.00,3.00,2.00,0.0005,0.0038,0.0322,0,0.000000
6,13.0600,40.7845,83.0477,-60.2223,0.0139,0.0506,0.1795,0.3911,-0.4975,-0.8122,35.8054,1.8517,69.3025,1.8044,-1.5213,1.7849,31.6029,-1.9304,66.4921,0.0000,0.0000,0.0000,0.0000,0.0000,0.0000,0.0000,0.0000,0.0000,5.00,3.00,2.00,0.0005,0.0038,0.0322,0,0.000000
6,13.0800,40.9800,82.7990,-60.6284,0.1707,-0.2171,-0.3544,0.3911,-0.4975,-0.8122,35.7962,1.8706,69.2767,1.8044,-1.5213,1.7849,31.6029,-1.9304,66.4921,0.0000,0.0000,0.0000,0.0000,0.0000,0.0000,0.0000,0.0000,0.0000,5.00,3.00,2.00,0.0728,0.0707,0.1256,0,0.000000
6,13.1000,41.1756,82.5502,-61.0345,0.1707,-0.2171,-0.3544,0.3911,-0.4975,-0.8122,35.7868,1.8893,69.2508,1.8044,-1.5213,1.7849,31.6029,-1.9304,66.4921,0.0000,0.0000,0.0000,0.0000,0.0000,0.0000,0.0000,0.0000,0.0000,5.00,3.00,2.00,0.0728,0.0707,0.1256,0,0.000000
6,13.1200,41.3712,82.3015,-61.4406,0.1707,-0.2171,-0.3544,0.3911,-0.4975,-0.8122,35.7771,1.9078,69.2249,1.8044,-1.5213,1.7849,31.6029,-1.9304,66.4921,0.0000,0.0000,0.0000,0.0000,0.0000,0.0000,0.0000,0.0000,0.0000,5.00,3.00,2.00,0.0728,0.0707,0.1256,0,0.000000
6,13.1400,41.5668,82.0527,-61.8467,0.1707,-0.2171,-0.3544,0.3911,-0.4975,-0.8122,35.7672,1.9259,69.1990,1.8044,-1.5213,1.7849,31.6029,-1.9304,66.4921,0.0000,0.0000,0.0000,0.0000,0.0000,0.0000,0.0000,0.0000,0.0000,5.00,3.00,2.00,0.0728,0.0707,0.1256,0,0.000000
6,13.1600,41.7623,81.8040,-62.2528,0.1707,-0.2171,-0.3544,-0.1333,0.2780,-0.0477,35.7571,1.9437,69.1731,-2.4168,4.6030,-6.4724,31.6029,-1.9304,66.4921,0.0000,0.0000,0.0000,0.0000,0.0000,0.0000,0.0000,0.0000,0.0000,5.00,3.00,2.00,0.0728,0.0707,0.1256,0,0.000000
6,13.1800,41.6957,81.9430,-62.2767,-0.0582,0.1213,-0.0208,-0.1333,0.2780,-0.0477,35.7580,1.9372,69.1791,-2.4168,4.6030,-6.4724,31.6029,-1.9304,66.4921,0.0000,0.0000,0.0000,0.0000,0.0000,0.0000,0.0000,0.0000,0.0000,5.00,3.00,2.00,0.0085,0.0221,0.0004,0,0.000000
6,13.2000,41.6290,82.0820,-62.3005,-0.0582,0.1213,-0.0208,-0.1333,0.2780,-0.0477,35.7589,1.9307,69.1850,-2.4168,4.6030,-6.4724,31.6029,-1.9304,66.4921,0.0000,0.0000,0.0000,0.0000,0.0000,0.0000,0.0000,0.0000,0.0000,5.00,3.00,2.00,0.0085,0.0221,0.0004,0,0.000000
6,13.2200,41.5623,82.2211,-62.3243,-0.0582,0.1213,-0.0208,-0.1333,0.2780,-0.0477,35.7598,1.9242,69.1910,-2.4168,4.6030,-6.4724,31.6029,-1.9304,66.4921,0.0000,0.0000,0.0000,0.0000,0.0000,0.0000,0.0000,0.0000,0.0000,5.00,3.00,2.00,0.0085,0.0221,0.0004,0,0.000000
6,13.2400,41.4957,82.3601,-62.3482,-0.0582,0.1213,-0.0208,-0.1333,0.2780,-0.0477,35.7607,1.9176,69.1970,-2.4168,4.6030,-6.4724,31.6029,-1.9304,66.4921,0.0000,0.0000,0.0000,0.0000,0.0000,0.0000,0.0000,0.0000,0.0000,5.00,3.00,2.00,0.0085,0.0221,0.0004,0,0.000000
6,13.2600,41.4290,82.4991,-62.3720,-0.0582,0.1213,-0.0208,0.3035,0.4655,0.1371,35.7616,1.9111,69.2029,0.2253,-1.6310,1.4908,31.6029,-1.9304,66.4921,0.0000,0.0000,0.0000,0.0000,0.0000,0.0000,0.0000,0.0000,0.0000,5.00,3.00,2.00,0.0085,0.0221,0.0004,0,0.000000
6,13.2800,41.5807,82.7319,-62.3035,0.1324,0.2031,0.0598,0.3035,0.4655,0.1371,35.7755,1.8986,69.2073,0.2253,-1.6310,1.4908,31.6029,-1.9304,66.4921,0.0000,0.0000,0.0000,0.0000,0.0000,0.0000,0.0000,0.0000,0.0000,5.00,3.00,2.00,0.0438,0.0619,0.0036,0,0.000000
6,13.3000,41.7324,82.9646,-62.2349,0.1324,0.2031,0.0598,0.3035,0.4655,0.1371,35.7894,1.8860,69.2115,0.2253,-1.6310,1.4908,31.6029,-1.9304,66.4921,0.0000,0.0000,0.0000,0.0000,0.0000,0.0000,0.0000,0.0000,0.0000,5.00,3.00,2.00,0.0438,0.0619,0.0036,0,0.000000
6,13.3200,41.8842,83.1974,-62.1663,0.1324,0.2031,0.0598,0.3035,0.4655,0.1371,35.8033,1.8734,69.2157,0.2253,-1.6310,1.4908,31.6029,-1.9304,66.4921,0.0000,0.0000,0.0000,0.0000,0.0000,0.0000,0.0000,0.0000,0.0000,5.00,3.00,2.00,0.0438,0.0619,0.0036,0,0.000000
6,13.3400,42.0359,83.4301,-62.0978,0.1324,0.2031,0.0598,0.3035,0.4655,0.1371,35.8172,1.8607,69.2198,0.2253,-1.6310,1.4908,31.6029,-1.9304,66.4921,0.0000,0.0000,0.0000,0.0000,0.0000,0.0000,0.0000,0.0000,0.0000,5.00,3.00,2.00,0.0438,0.0619,0.0036,0,0.000000
6,13.3600,42.1876,83.6629,-62.0292,0.1324,0.2031,0.0598,0.4840,0.5884,0.2531,35.8311,1.8479,69.2237,3.4777,-3.1585,1.0410,31.6029,-1.9304,66.4921,0.0000,0.0000,0.0000,0.0000,0.0000,0.0000,0.0000,0.0000,0.0000,5.00,3.00,2.00,0.0438,0.0619,0.0036,0,0.000000
6,13.3800,42.4296,83.9571,-61.9026,0.2112,0.2567,0.1104,0.4840,0.5884,0.2531,35.8516,1.8311,69.2280,3.4777,-3.1585,1.0410,31.6029,-1.9304,66.4921,0.0000,0.0000,0.0000,0.0000,0.0000,0.0000,0.0000,0.0000,0.0000,5.00,3.00,2.00,0.1115,0.0989,0.0122,0,0.000000
6,13.4000,42.6716,84.2513,-61.7761,0.2112,0.2567,0.1104,0.4840,0.5884,0.2531,35.8720,1.8142,69.2320,3.4777,-3.1585,1.0410,31.6029,-1.9304,66.4921,0.0000,0.0000,0.0000,0.0000,0.0000,0.0000,0.0000,0.0000,0.0000,5.00,3.00,2.00,0.1115,0.0989,0.0122,0,0.000000
6,13.4200,42.9136,84.5455,-61.6496,0.2112,0.2567,0.1104,0.4840,0.5884,0.2531,35.8925,1.7971,69.2358,3.4777,-3.1585,1.0410,31.6029,-1.9304,66.4921,0.0000,0.0000,0.0000,0.0000,0.0000,0.0000,0.0000,0.0000,0.0000,5.00,3.00,2.00,0.1115,0.0989,0.0122,0,0.000000
6,13.4400,43.1556,84.8397,-61.5230,0.2112,0.2567,0.1104,0.4840,0.5884,0.2531,35.9130,1.7799,69.2395,3.4777,-3.1585,1.0410,31.6029,-1.9304,66.4921,0.0000,0.0000,0.0000,0.0000,0.0000,0.0000,0.0000,0.0000,0.0000,5.00,3.00,2.00,0.1115,0.0989,0.0122,0,0.000000
6,13.4600,43.3976,85.1339,-61.3965,0.2112,0.2567,0.1104,0.6757,-0.1264,-0.6894,35.9334,1.7626,69.2429,5.1153,-4.2666,0.9567,31.6029,-1.9304,66.4921,0.0000,0.0000,0.0000,0.0000,0.0000,0.0000,0.0000,0.0000,0.0000,5.00,3.00,2.00,0.1115,0.0989,0.0122,0,0.000000
6,13.4800,43.7354,85.0708,-61.7412,0.2948,-0.0551,-0.3008,0.6757,-0.1264,-0.6894,35.9356,1.7714,69.2197,5.1153,-4.2666,0.9567,31.6029,-1.9304,66.4921,0.0000,0.0000,0.0000,0.0000,0.0000,0.0000,0.0000,0.0000,0.0000,5.00,3.00,2.00,0.2173,0.0046,0.0905,0,0.000000
6,13.5000,44.0733,85.0075,-62.0859,0.2948,-0.0552,-0.3008,0.6757,-0.1264,-0.6894,35.9375,1.7802,69.1965,5.1153,-4.2666,0.9567,31.6029,-1.9304,66.4921,0.0000,0.0000,0.0000,0.0000,0.0000,0.0000,0.0000,0.0000,0.0000,5.00,3.00,2.00,0.2173,0.0046,0.0905,0,0.000000
6,13.5200,44.4111,84.9443,-62.4306,0.2948,-0.0552,-0.3008,0.6757,-0.1264,-0.6894,35.9392,1.7888,69.1734,5.1153,-4.2666,0.9567,31.6029,-1.9304,66.4921,0.0000,0.0000,0.0000,0.0000,0.0000,0.0000,0.0000,0.0000,0.0000,5.00,3.00,2.00,0.2173,0.0046,0.0905,0,0.000000
6,13.5400,44.7490,84.8811,-62.7753,0.2948,-0.0551,-0.3008,0.6757,-0.1264,-0.6894,35.9407,1.7973,69.1503,5.1153,-4.2666,0.9567,31.6029,-1.9304,66.4921,0.0000,0.0000,0.0000,0.0000,0.0000,0.0000,0.0000,0.0000,0.0000,5.00,3.00,2.00,0.2173,0.0046,0.0905,0,0.000000
6,13.5600,45.0868,84.8179,-63.1200,0.2948,-0.0552,-0.3008,0.6059,0.3102,-0.2851,35.9419,1.8057,69.1272,0.4229,2.1558,-5.7835,31.6029,-1.9304,66.4921,0.0000,0.0000,0.0000,0.0000,0.0000,0.0000,0.0000,0.0000,0.0000,5.00,3.00,2.00,0.2173,0.0046,0.0905,0,0.000000
6,13.5800,45.3898,84.9730,-63.2625,0.2644,0.1354,-0.1244,0.6059,0.3102,-0.2851,35.9534,1.8000,69.1170,0.4229,2.1558,-5.7835,31.6029,-1.9304,66.4921,0.0000,0.0000,0.0000,0.0000,0.0000,0.0000,0.0000,0.0000,0.0000,5.00,3.00,2.00,0.1747,0.0275,0.0155,0,0.000000
6,13.6000,45.6927,85.1281,-63.4051,0.2644,0.1354,-0.1244,0.6059,0.3102,-0.2851,35.9648,1.7942,69.1067,0.4229,2.1558,-5.7835,31.6029,-1.9304,66.4921,0.0000,0.0000,0.0000,0.0000,0.0000,0.0000,0.0000,0.0000,0.0000,5.00,3.00,2.00,0.1748,0.0275,0.0155,0,0.000000
6,13.6200,45.9957,85.2833,-63.5476,0.2644,0.1354,-0.1244,0.6059,0.3102,-0.2851,35.9762,1.7885,69.0963,0.4229,2.1558,-5.7835,31.6029,-1.9304,66.4921,0.0000,0.0000,0.0000,0.0000,0.0000,0.0000,0.0000,0.0000,0.0000,5.00,3.00,2.00,0.1747,0.0275,0.0155,0,0.000000
6,13.6400,46.2986,85.4384,-63.6902,0.2644,0.1354,-0.1244,0.6059,0.3102,-0.2851,35.9875,1.7828,69.0858,0.4229,2.1558,-5.7835,31.6029,-1.9304,66.4921,0.0000,0.0000,0.0000,0.0000,0.0000,0.0000,0.0000,0.0000,0.0000,5.00,3.00,2.00,0.1748,0.0275,0.0155,0,0.000000
6,13.6600,46.6016,85.5935,-63.8327,0.2644,0.1354,-0.1244,0.4800,0.3012,0.3428,35.9988,1.7770,69.0753,2.8446,-1.4345,-2.5932,31.6029,-1.9304,66.4921,0.0000,0.0000,0.0000,0.0000,0.0000,0.0000,0.0000,0.0000,0.0000,5.00,3.00,2.00,0.1747,0.0275,0.0155,0,0.000000
6,13.6800,46.8416,85.7441,-63.6613,0.2094,0.1314,0.1496,0.4800,0.3012,0.3428,36.0162,1.7668,69.0750,2.8446,-1.4345,-2.5932,31.6029,-1.9304,66.4921,0.0000,0.0000,0.0000,0.0000,0.0000,0.0000,0.0000,0.0000,0.0000,5.00,3.00,2.00,0.1097,0.0259,0.0224,0,0.000000
6,13.7000,47.0816,85.8947,-63.4899,0.2094,0.1314,0.1496,0.4800,0.3012,0.3428,36.0337,1.7565,69.0745,2.8446,-1.4345,-2.5932,31.6029,-1.9304,66.4921,0.0000,0.0000,0.0000,0.0000,0.0000,0.0000,0.0000,0.0000,0.0000,5.00,3.00,2.00,0.1097,0.0259,0.0224,0,0.000000
6,13.7200,47.3216,86.0452,-63.3185,0.2094,0.1314,0.1496,0.4800,0.3012,0.3428,36.0511,1.7461,69.0739,2.8446,-1.4345,-2.5932,31.6029,-1.9304,66.4921,0.0000,0.0000,0.0000,0.0000,0.0000,0.0000,0.0000,0.0000,0.0000,5.00,3.00,2.00,0.1097,0.0259,0.0224,0,0.000000
6,13.7400,47.5616,86.1958,-63.1471,0.2094,0.1314,0.1496,0.4800,0.3012,0.3428,36.0686,1.7356,69.0731,2.8446,-1.4345,-2.5932,31.6029,-1.9304,66.4921,0.0000,0.0000,0.0000,0.0000,0.0000,0.0000,0.0000,0.0000,0.0000,5.00,3.00,2.00,0.1097,0.0259,0.0224,0,0.000000
6,13.7600,47.8016,86.3464,-62.9757,0.2094,0.1314,0.1496,-0.1883,0.5652,0.3443,36.0861,1.7251,69.0722,4.3642,-2.5958,-0.1549,31.6029,-1.9304,66.4921,0.0000,0.0000,0.0000,0.0000,0.0000,0.0000,0.0000,0.0000,0.0000,5.00,3.00,2.00,0.1097,0.0259,0.0224,0,0.000000
6,13.7800,47.7074,86.6290,-62.8035,-0.0822,0.2466,0.1502,-0.1883,0.5652,0.3443,36.0957,1.7076,69.0876,4.3642,-2.5958,-0.1549,31.6029,-1.9304,66.4921,0.0000,0.0000,0.0000,0.0000,0.0000,0.0000,0.0000,0.0000,0.0000,5.00,3.00,2.00,0.0169,0.0912,0.0226,0,0.000000
6,13.8000,47.6132,86.9116,-62.6314,-0.0822,0.2466,0.1502,-0.1883,0.5652,0.3443,36.1052,1.6900,69.1029,4.3642,-2.5958,-0.1549,31.6029,-1.9304,66.4921,0.0000,0.0000,0.0000,0.0000,0.0000,0.0000,0.0000,0.0000,0.0000,5.00,3.00,2.00,0.0169,0.0912,0.0226,0,0.000000
6,13.8200,47.5191,87.1942,-62.4592,-0.0822,0.2466,0.1503,-0.1883,0.5652,0.3443,36.1146,1.6723,69.1182,4.3642,-2.5958,-0.1549,31.6029,-1.9304,66.4921,0.0000,0.0000,0.0000,0.0000,0.0000,0.0000,0.0000,0.0000,0.0000,5.00,3.00,2.00,0.0169,0.0912,0.0226,0,0.000000
6,13.8400,47.4249,87.4768,-62.2870,-0.0822,0.2466,0.1503,-0.1883,0.5652,0.3443,36.1238,1.6544,69.1334,4.3642,-2.5958,-0.1549,31.6029,-1.9304,66.4921,0.0000,0.0000,0.0000,0.0000,0.0000,0.0000,0.0000,0.0000,0.0000,5.00,3.00,2.00,0.0169,0.0912,0.0226,0,0.000000
6,13.8600,47.3307,87.7594,-62.1148,-0.0822,0.2466,0.1502,0.1586,0.2580,0.0251,36.1329,1.6363,69.1487,2.3443,-4.4380,3.8216,31.6029,-1.9304,66.4921,0.0000,0.0000,0.0000,0.0000,0.0000,0.0000,0.0000,0.0000,0.0000,5.00,3.00,2.00,0.0169,0.0912,0.0226,0,0.000000
6,13.8800,47.4100,87.8884,-62.1023,0.0692,0.1126,0.0110,0.1586,0.2580,0.0251,36.1397,1.6292,69.1491,2.3443,-4.4380,3.8216,31.6029,-1.9304,66.4921,0.0000,0.0000,0.0000,0.0000,0.0000,0.0000,0.0000,0.0000,0.0000,5.00,3.00,2.00,0.0120,0.0190,0.0001,0,0.000000
6,13.9000,47.4894,88.0174,-62.0897,0.0692,0.1125,0.0110,0.1586,0.2580,0.0251,36.1465,1.6221,69.1496,2.3443,-4.4380,3.8216,31.6029,-1.9304,66.4921,0.0000,0.0000,0.0000,0.0000,0.0000,0.0000,0.0000,0.0000,0.0000,5.00,3.00,2.00,0.0120,0.0190,0.0001,0,0.000000
6,13.9200,47.5687,88.1463,-62.0772,0.0692,0.1126,0.0110,0.1586,0.2580,0.0251,36.1533,1.6150,69.1500,2.3443,-4.4380,3.8216,31.6029,-1.9304,66.4921,0.0000,0.0000,0.0000,0.0000,0.0000,0.0000,0.0000,0.0000,0.0000,5.00,3.00,2.00,0.0120,0.0190,0.0001,0,0.000000
6,13.9400,47.6480,88.2753,-62.0646,0.0692,0.1126,0.0110,0.1586,0.2580,0.0251,36.1601,1.6078,69.1505,2.3443,-4.4380,3.8216,31.6029,-1.9304,66.4921,0.0000,0.0000,0.0000,0.0000,0.0000,0.0000,0.0000,0.0000,0.0000,5.00,3.00,2.00,0.0120,0.0190,0.0001,0,0.000000
6,13.9600,47.7273,88.4043,-62.0521,0.0692,0.1126,0.0110,0.0424,0.2476,-0.1155,36.1668,1.6007,69.1508,1.6935,-1.7836,0.1095,31.6029,-1.9304,66.4921,0.0000,0.0000,0.0000,0.0000,0.0000,0.0000,0.0000,0.0000,0.0000,5.00,3.00,2.00,0.0120,0.0190,0.0001,0,0.000000
6,13.9800,47.7485,88.5281,-62.1098,0.0185,0.1080,-0.0504,0.0424,0.2476,-0.1155,36.1694,1.5950,69.1517,1.6935,-1.7836,0.1095,31.6029,-1.9304,66.4921,0.0000,0.0000,0.0000,0.0000,0.0000,0.0000,0.0000,0.0000,0.0000,5.00,3.00,2.00,0.0009,0.0175,0.0025,0,0.000000
6,14.0000,47.7697,88.6519,-62.1676,0.0185,0.1080,-0.0504,0.0424,0.2476,-0.1155,36.1721,1.5894,69.1525,1.6935,-1.7836,0.1095,31.6029,-1.9304,66.4921,0.0000,0.0000,0.0000,0.0000,0.0000,0.0000,0.0000,0.0000,0.0000,5.00,3.00,2.00,0.0009,0.0175,0.0025,0,0.000000
6,14.0200,47.7910,88.7756,-62.2253,0.0185,0.1080,-0.0504,0.0424,0.2476,-0.1155,36.1747,1.5838,69.1533,1.6935,-1.7836,0.1095,31.6029,-1.9304,66.4921,0.0000,0.0000,0.0000,0.0000,0.0000,0.0000,0.0000,0.0000,0.0000,5.00,3.00,2.00,0.0009,0.0175,0.0025,0,0.000000
6,14.0400,47.8122,88.8994,-62.2831,0.0185,0.1080,-0.0504,0.0424,0.2476,-0.1155,36.1773,1.5781,69.1542,1.6935,-1.7836,0.1095,31.6029,-1.9304,66.4921,0.0000,0.0000,0.0000,0.0000,0.0000,0.0000,0.0000,0.0000,0.0000,5.00,3.00,2.00,0.0009,0.0175,0.0025,0,0.000000
6,14.0600,47.8334,89.0232,-62.3408,0.0185,0.1080,-0.0504,-0.3317,-0.2018,0.3091,36.1799,1.5725,69.1550,0.6525,-1.4084,0.2056,31.6029,-1.9304,66.4921,0.0000,0.0000,0.0000,0.0000,0.0000,0.0000,0.0000,0.0000,0.0000,5.00,3.00,2.00,0.0009,0.0175,0.0025,0,0.000000
6,14.0800,47.6675,88.9223,-62.1863,-0.1447,-0.0881,0.1349,-0.3317,-0.2018,0.3091,36.1752,1.5752,69.1629,0.6525,-1.4084,0.2056,31.6029,-1.9304,66.4921,0.0000,0.0000,0.0000,0.0000,0.0000,0.0000,0.0000,0.0000,0.0000,5.00,3.00,2.00,0.0524,0.0116,0.0182,0,0.000000
6,14.1000,47.5017,88.8214,-62.0317,-0.1447,-0.0881,0.1349,-0.3317,-0.2018,0.3091,36.1705,1.5778,69.1707,0.6525,-1.4084,0.2056,31.6029,-1.9304,66.4921,0.0000,0.0000,0.0000,0.0000,0.0000,0.0000,0.0000,0.0000,0.0000,5.00,3.00,2.00,0.0524,0.0116,0.0182,0,0.000000
6,14.1200,47.3358,88.7204,-61.8772,-0.1447,-0.0881,0.1349,-0.3317,-0.2018,0.3091,36.1658,1.5804,69.1786,0.6525,-1.4084,0.2056,31.6029,-1.9304,66.4921,0.0000,0.0000,0.0000,0.0000,0.0000,0.0000,0.0000,0.0000,0.0000,5.00,3.00,2.00,0.0524,0.0116,0.0182,0,0.000000
6,14.1400,47.1700,88.6195,-61.7226,-0.1447,-0.0881,0.1349,-0.3317,-0.2018,0.3091,36.1611,1.5831,69.1865,0.6525,-1.4084,0.2056,31.6029,-1.9304,66.4921,0.0000,0.0000,0.0000,0.0000,0.0000,0.0000,0.0000,0.0000,0.0000,5.00,3.00,2.00,0.0524,0.0116,0.0182,0,0.000000
6,14.1600,47.0041,88.5186,-61.5681,-0.1447,-0.0881,0.1349,0.1489,-0.0251,0.1124,36.1563,1.5857,69.1943,-1.1766,0.6613,1.9661,31.6029,-1.9304,66.4921,0.0000,0.0000,0.0000,0.0000,0.0000,0.0000,0.0000,0.0000,0.0000,5.00,3.00,2.00,0.0524,0.0116,0.0182,0,0.000000
6,14.1800,47.0786,88.5060,-61.5119,0.0650,-0.0110,0.0490,0.1489,-0.0251,0.1124,36.1602,1.5854,69.1924,-1.1766,0.6613,1.9661,31.6029,-1.9304,66.4921,0.0000,0.0000,0.0000,0.0000,0.0000,0.0000,0.0000,0.0000,0.0000,5.00,3.00,2.00,0.0106,0.0002,0.0024,0,0.000000
6,14.2000,47.1530,88.4935,-61.4557,0.0650,-0.0110,0.0490,0.1489,-0.0251,0.1124,36.1641,1.5850,69.1905,-1.1766,0.6613,1.9661,31.6029,-1.9304,66.4921,0.0000,0.0000,0.0000,0.0000,0.0000,0.0000,0.0000,0.0000,0.0000,5.00,3.00,2.00,0.0106,0.0002,0.0024,0,0.000000
6,14.2200,47.2275,88.4809,-61.3995,0.0650,-0.0110,0.0490,0.1489,-0.0251,0.1124,36.1680,1.5847,69.1886,-1.1766,0.6613,1.9661,31.6029,-1.9304,66.4921,0.0000,0.0000,0.0000,0.0000,0.0000,0.0000,0.0000,0.0000,0.0000,5.00,3.00,2.00,0.0106,0.0002,0.0024,0,0.000000
6,14.2400,47.3020,88.4683,-61.3433,0.0650,-0.0110,0.0490,0.1489,-0.0251,0.1124,36.1719,1.5843,69.1867,-1.1766,0.6613,1.9661,31.6029,-1.9304,66.4921,0.0000,0.0000,0.0000,0.0000,0.0000,0.0000,0.0000,0.0000,0.0000,5.00,3.00,2.00,0.0106,0.0002,0.0024,0,0.000000
6,14.2600,47.3764,88.4558,-61.2871,0.0650,-0.0110,0.0490,-0.0006,-0.0438,0.2672,36.1758,1.5840,69.1848,0.9720,-0.0876,-0.4765,31.6029,-1.9304,66.4921,0.0000,0.0000,0.0000,0.0000,0.0000,0.0000,0.0000,0.0000,0.0000,5.00,3.00,2.00,0.0106,0.0002,0.0024,0,0.000000
6,14.2800,47.3761,88.4339,-61.1535,-0.0003,-0.0191,0.1166,-0.0006,-0.0438,0.2672,36.1787,1.5827,69.1875,0.9720,-0.0876,-0.4765,31.6029,-1.9304,66.4921,0.0000,0.0000,0.0000,0.0000,0.0000,0.0000,0.0000,0.0000,0.0000,5.00,3.00,2.00,0.0000,0.0005,0.0136,0,0.000000
6,14.3000,47.3758,88.4120,-61.0199,-0.0003,-0.0191,0.1166,-0.0006,-0.0438,0.2672,36.1816,1.5814,69.1902,0.9720,-0.0876,-0.4765,31.6029,-1.9304,66.4921,0.0000,0.0000,0.0000,0.0000,0.0000,0.0000,0.0000,0.0000,0.0000,5.00,3.00,2.00,0.0000,0.0005,0.0136,0,0.000000
6,14.3200,47.3755,88.3901,-60.8863,-0.0003,-0.0191,0.1166,-0.0006,-0.0438,0.2672,36.1845,1.5801,69.1929,0.9720,-0.0876,-0.4765,31.6029,-1.9304,66.4921,0.0000,0.0000,0.0000,0.0000,0.0000,0.0000,0.0000,0.0000,0.0000,5.00,3.00,2.00,0.0000,0.0005,0.0136,0,0.000000
6,14.3400,47.3752,88.3682,-60.7527,-0.0003,-0.0191,0.1166,-0.0006,-0.0438,0.2672,36.1875,1.5788,69.1956,0.9720,-0.0876,-0.4765,31.6029,-1.9304,66.4921,0.0000,0.0000,0.0000,0.0000,0.0000,0.0000,0.0000,0.0000,0.0000,5.00,3.00,2.00,0.0000,0.0005,0.0136,0,0.000000
6,14.3600,47.3749,88.3464,-60.6191,-0.0003,-0.0191,0.1166,0.3983,0.0814,0.0866,36.1904,1.5775,69.1983,0.7298,-0.3237,0.6775,31.6029,-1.9304,66.4921,0.0000,0.0000,0.0000,0.0000,0.0000,0.0000,0.0000,0.0000,0.0000,5.00,3.00,2.00,0.0000,0.0005,0.0136,0,0.000000
6,14.3800,47.5740,88.3871,-60.5758,0.1738,0.0355,0.0378,0.3983,0.0814,0.0866,36.2000,1.5745,69.1923,0.7298,-0.3237,0.6775,31.6029,-1.9304,66.4921,0.0000,0.0000,0.0000,0.0000,0.0000,0.0000,0.0000,0.0000,0.0000,5.00,3.00,2.00,0.0755,0.0019,0.0014,0,0.000000
6,14.4000,47.7732,88.4278,-60.5325,0.1738,0.0355,0.0378,0.3983,0.0814,0.0866,36.2096,1.5714,69.1863,0.7298,-0.3237,0.6775,31.6029,-1.9304,66.4921,0.0000,0.0000,0.0000,0.0000,0.0000,0.0000,0.0000,0.0000,0.0000,5.00,3.00,2.00,0.0755,0.0019,0.0014,0,0.000000
6,14.4200,47.9723,88.4685,-60.4892,0.1738,0.0355,0.0378,0.3983,0.0814,0.0866,36.2191,1.5684,69.1803,0.7298,-0.3237,0.6775,31.6029,-1.9304,66.4921,0.0000,0.0000,0.0000,0.0000,0.0000,0.0000,0.0000,0.0000,0.0000,5.00,3.00,2.00,0.0755,0.0019,0.0014,0,0.000000
6,14.4400,48.1715,88.5092,-60.4459,0.1738,0.0355,0.0378,0.3983,0.0814,0.0866,36.2287,1.5653,69.1742,0.7298,-0.3237,0.6775,31.6029,-1.9304,66.4921,0.0000,0.0000,0.0000,0.0000,0.0000,0.0000,0.0000,0.0000,0.0000,5.00,3.00,2.00,0.0755,0.0019,0.0014,0,0.000000
6,14.4600,48.3706,88.5500,-60.4026,0.1738,0.0355,0.0378,-0.3583,0.0007,0.3389,36.2382,1.5622,69.1680,2.3941,-0.7629,-1.5148,31.6029,-1.9304,66.4921,0.0000,0.0000,0.0000,0.0000,0.0000,0.0000,0.0000,0.0000,0.0000,5.00,3.00,2.00,0.0755,0.0019,0.0014,0,0.000000
6,14.4800,48.1915,88.5503,-60.2331,-0.1563,0.0003,0.1479,-0.3583,0.0007,0.3389,36.2362,1.5590,69.1794,2.3941,-0.7629,-1.5148,31.6029,-1.9304,66.4921,0.0000,0.0000,0.0000,0.0000,0.0000,0.0000,0.0000,0.0000,0.0000,5.00,3.00,2.00,0.0611,0.0000,0.0219,0,0.000000
6,14.5000,48.0123,88.5507,-60.0637,-0.1563,0.0003,0.1479,-0.3583,0.0007,0.3389,36.2341,1.5557,69.1908,2.3941,-0.7629,-1.5148,31.6029,-1.9304,66.4921,0.0000,0.0000,0.0000,0.0000,0.0000,0.0000,0.0000,0.0000,0.0000,5.00,3.00,2.00,0.0611,0.0000,0.0219,0,0.000000
6,14.5200,47.8332,88.5511,-59.8942,-0.1563,0.0003,0.1479,-0.3583,0.0007,0.3389,36.2319,1.5524,69.2021,2.3941,-0.7629,-1.5148,31.6029,-1.9304,66.4921,0.0000,0.0000,0.0000,0.0000,0.0000,0.0000,0.0000,0.0000,0.0000,5.00,3.00,2.00,0.0611,0.0000,0.0219,0,0.000000
6,14.5400,47.6541,88.5514,-59.7248,-0.1563,0.0003,0.1479,-0.3583,0.0007,0.3389,36.2297,1.5491,69.2135,2.3941,-0.7629,-1.5148,31.6029,-1.9304,66.4921,0.0000,0.0000,0.0000,0.0000,0.0000,0.0000,0.0000,0.0000,0.0000,5.00,3.00,2.00,0.0611,0.0000,0.0219,0,0.000000
6,14.5600,47.4749,88.5518,-59.5553,-0.1563,0.0003,0.1479,0.0222,-0.4388,-0.0360,36.2275,1.5458,69.2249,-0.5394,-0.8235,2.8446,31.6029,-1.9304,66.4921,0.0000,0.0000,0.0000,0.0000,0.0000,0.0000,0.0000,0.0000,0.0000,5.00,3.00,2.00,0.0611,0.0000,0.0219,0,0.000000
6,14.5800,47.4860,88.3324,-59.5733,0.0097,-0.1915,-0.0157,0.0222,-0.4388,-0.0360,36.2215,1.5583,69.2186,-0.5394,-0.8235,2.8446,31.6029,-1.9304,66.4921,0.0000,0.0000,0.0000,0.0000,0.0000,0.0000,0.0000,0.0000,0.0000,5.00,3.00,2.00,0.0002,0.0550,0.0002,0,0.000000
6,14.6000,47.4971,88.1130,-59.5913,0.0097,-0.1915,-0.0157,0.0222,-0.4388,-0.0360,36.2156,1.5708,69.2123,-0.5394,-0.8235,2.8446,31.6029,-1.9304,66.4921,0.0000,0.0000,0.0000,0.0000,0.0000,0.0000,0.0000,0.0000,0.0000,5.00,3.00,2.00,0.0002,0.0550,0.0002,0,0.000000
6,14.6200,47.5082,87.8936,-59.6093,0.0097,-0.1915,-0.0157,0.0222,-0.4388,-0.0360,36.2096,1.5832,69.2060,-0.5394,-0.8235,2.8446,31.6029,-1.9304,66.4921,0.0000,0.0000,0.0000,0.0000,0.0000,0.0000,0.0000,0.0000,0.0000,5.00,3.00,2.00,0.0002,0.0550,0.0002,0,0.000000
6,14.6400,47.5194,87.6742,-59.6273,0.0097,-0.1915,-0.0157,0.0222,-0.4388,-0.0360,36.2035,1.5956,69.1996,-0.5394,-0.8235,2.8446,31.6029,-1.9304,66.4921,0.0000,0.0000,0.0000,0.0000,0.0000,0.0000,0.0000,0.0000,0.0000,5.00,3.00,2.00,0.0002,0.0550,0.0002,0,0.000000
6,14.6600,47.5305,87.4548,-59.6453,0.0097,-0.1915,-0.0157,-0.4594,-0.0787,-0.6516,36.1974,1.6079,69.1932,-1.5018,3.1085,-1.5835,31.6029,-1.9304,66.4921,0.0000,0.0000,0.0000,0.0000,0.0000,0.0000,0.0000,0.0000,0.0000,5.00,3.00,2.00,0.0002,0.0550,0.0002,0,0.000000
6,14.6800,47.3008,87.4154,-59.9711,-0.2004,-0.0343,-0.2843,-0.4594,-0.0787,-0.6516,36.1793,1.6162,69.1936,-1.5018,3.1085,-1.5835,31.6029,-1.9304,66.4921,0.0000,0.0000,0.0000,0.0000,0.0000,0.0000,0.0000,0.0000,0.0000,5.00,3.00,2.00,0.1004,0.0018,0.0808,0,0.000000
6,14.7000,47.0711,87.3761,-60.2969,-0.2004,-0.0344,-0.2843,-0.4594,-0.0787,-0.6516,36.1611,1.6244,69.1938,-1.5018,3.1085,-1.5835,31.6029,-1.9304,66.4921,0.0000,0.0000,0.0000,0.0000,0.0000,0.0000,0.0000,0.0000,0.0000,5.00,3.00,2.00,0.1004,0.0018,0.0808,0,0.000000
6,14.7200,46.8414,87.3367,-60.6227,-0.2004,-0.0344,-0.2843,-0.4594,-0.0787,-0.6516,36.1430,1.6324,69.1938,-1.5018,3.1085,-1.5835,31.6029,-1.9304,66.4921,0.0000,0.0000,0.0000,0.0000,0.0000,0.0000,0.0000,0.0000,0.0000,5.00,3.00,2.00,0.1004,0.0018,0.0808,0,0.000000
6,14.7400,46.6117,87.2974,-60.9485,-0.2004,-0.0343,-0.2843,-0.4594,-0.0787,-0.6516,36.1248,1.6404,69.1938,-1.5018,3.1085,-1.5835,31.6029,-1.9304,66.4921,0.0000,0.0000,0.0000,0.0000,0.0000,0.0000,0.0000,0.0000,0.0000,5.00,3.00,2.00,0.1004,0.0018,0.0808,0,0.000000
6,14.7600,46.3820,87.2580,-61.2744,-0.2004,-0.0344,-0.2843,0.5615,-0.7310,-0.0648,36.1067,1.6484,69.1935,-4.5368,2.0210,0.0160,31.6029,-1.9304,66.4921,0.0000,0.0000,0.0000,0.0000,0.0000,0.0000,0.0000,0.0000,0.0000,5.00,3.00,2.00,0.1004,0.0018,0.0808,0,0.000000
6,14.7800,46.6628,86.8925,-61.3068,0.2450,-0.3190,-0.0283,0.5615,-0.7310,-0.0648,36.1060,1.6685,69.1723,-4.5368,2.0210,0.0160,31.6029,-1.9304,66.4921,0.0000,0.0000,0.0000,0.0000,0.0000,0.0000,0.0000,0.0000,0.0000,5.00,3.00,2.00,0.1500,0.1526,0.0008,0,0.000000
6,14.8000,46.9435,86.5270,-61.3391,0.2450,-0.3190,-0.0283,0.5615,-0.7310,-0.0648,36.1051,1.6885,69.1509,-4.5368,2.0210,0.0160,31.6029,-1.9304,66.4921,0.0000,0.0000,0.0000,0.0000,0.0000,0.0000,0.0000,0.0000,0.0000,5.00,3.00,2.00,0.1500,0.1526,0.0008,0,0.000000
6,14.8200,47.2242,86.1614,-61.3715,0.2450,-0.3190,-0.0283,0.5615,-0.7310,-0.0648,36.1039,1.7083,69.1296,-4.5368,2.0210,0.0160,31.6029,-1.9304,66.4921,0.0000,0.0000,0.0000,0.0000,0.0000,0.0000,0.0000,0.0000,0.0000,5.00,3.00,2.00,0.1500,0.1526,0.0008,0,0.000000
6,14.8400,47.5049,85.7959,-61.4039,0.2450,-0.3190,-0.0283,0.5615,-0.7310,-0.0648,36.1025,1.7281,69.1082,-4.5368,2.0210,0.0160,31.6029,-1.9304,66.4921,0.0000,0.0000,0.0000,0.0000,0.0000,0.0000,0.0000,0.0000,0.0000,5.00,3.00,2.00,0.1500,0.1526,0.0008,0,0.000000
6,14.8600,47.7857,85.4304,-61.4363,0.2450,-0.3190,-0.0283,0.2633,0.2026,-0.4698,36.1008,1.7478,69.0868,-0.2926,4.9714,-5.3398,31.6029,-1.9304,66.4921,0.0000,0.0000,0.0000,0.0000,0.0000,0.0000,0.0000,0.0000,0.0000,5.00,3.00,2.00,0.1500,0.1526,0.0008,0,0.000000
6,14.8800,47.9173,85.5317,-61.6712,0.1149,0.0884,-0.2050,0.2633,0.2026,-0.4698,36.1020,1.7464,69.0785,-0.2926,4.9714,-5.3398,31.6029,-1.9304,66.4921,0.0000,0.0000,0.0000,0.0000,0.0000,0.0000,0.0000,0.0000,0.0000,5.00,3.00,2.00,0.0330,0.0117,0.0420,0,0.000000
6,14.9000,48.0490,85.6330,-61.9061,0.1149,0.0884,-0.2050,0.2633,0.2026,-0.4698,36.1031,1.7449,69.0703,-0.2926,4.9714,-5.3398,31.6029,-1.9304,66.4921,0.0000,0.0000,0.0000,0.0000,0.0000,0.0000,0.0000,0.0000,0.0000,5.00,3.00,2.00,0.0330,0.0117,0.0420,0,0.000000
6,14.9200,48.1807,85.7343,-62.1410,0.1149,0.0884,-0.2050,0.2633,0.2026,-0.4698,36.1042,1.7434,69.0621,-0.2926,4.9714,-5.3398,31.6029,-1.9304,66.4921,0.0000,0.0000,0.0000,0.0000,0.0000,0.0000,0.0000,0.0000,0.0000,5.00,3.00,2.00,0.0330,0.0117,0.0420,0,0.000000
6,14.9400,48.3123,85.8357,-62.3759,0.1149,0.0884,-0.2050,0.2633,0.2026,-0.4698,36.1053,1.7420,69.0539,-0.2926,4.9714,-5.3398,31.6029,-1.9304,66.4921,0.0000,0.0000,0.0000,0.0000,0.0000,0.0000,0.0000,0.0000,0.0000,5.00,3.00,2.00,0.0330,0.0117,0.0420,0,0.000000
6,14.9600,48.4440,85.9370,-62.6108,0.1149,0.0884,-0.2050,0.5187,-0.1620,-0.2818,36.1063,1.7405,69.0457,0.2741,-0.3655,-2.0542,31.6029,-1.9304,66.4921,0.0000,0.0000,0.0000,0.0000,0.0000,0.0000,0.0000,0.0000,0.0000,5.00,3.00,2.00,0.0330,0.0117,0.0420,0,0.000000
6,14.9800,48.7034,85.8560,-62.7517,0.2263,-0.0707,-0.1230,0.5187,-0.1620,-0.2818,36.1089,1.7469,69.0300,0.2741,-0.3655,-2.0542,31.6029,-1.9304,66.4921,0.0000,0.0000,0.0000,0.0000,0.0000,0.0000,0.0000,0.0000,0.0000,5.00,3.00,2.00,0.1281,0.0075,0.0151,0,0.000000
6,15.0000,48.9627,85.7750,-62.8926,0.2263,-0.0707,-0.1230,0.5187,-0.1620,-0.2818,36.1113,1.7533,69.0144,0.2741,-0.3655,-2.0542,31.6029,-1.9304,66.4921,0.0000,0.0000,0.0000,0.0000,0.0000,0.0000,0.0000,0.0000,0.0000,5.00,3.00,2.00,0.1281,0.0075,0.0151,0,0.000000
6,15.0200,49.2221,85.6940,-63.0335,0.2263,-0.0707,-0.1229,0.5187,-0.1620,-0.2818,36.1136,1.7597,68.9987,0.2741,-0.3655,-2.0542,31.6029,-1.9304,66.4921,0.0000,0.0000,0.0000,0.0000,0.0000,0.0000,0.0000,0.0000,0.0000,5.00,3.00,2.00,0.1281,0.0075,0.0151,0,0.000000
6,15.0400,49.4814,85.6130,-63.1744,0.2263,-0.0707,-0.1230,0.5187,-0.1620,-0.2818,36.1158,1.7660,68.9831,0.2741,-0.3655,-2.0542,31.6029,-1.9304,66.4921,0.0000,0.0000,0.0000,0.0000,0.0000,0.0000,0.0000,0.0000,0.0000,5.00,3.00,2.00,0.1281,0.0075,0.0151,0,0.000000
6,15.0600,49.7408,85.5320,-63.3153,0.2263,-0.0707,-0.1230,-0.0596,-0.4951,0.1326,36.1180,1.7723,68.9675,0.5819,1.5922,-3.9085,31.6029,-1.9304,66.4921,0.0000,0.0000,0.0000,0.0000,0.0000,0.0000,0.0000,0.0000,0.0000,5.00,3.00,2.00,0.1281,0.0075,0.0151,0,0.000000
6,15.0800,49.7110,85.2844,-63.2490,-0.0260,-0.2160,0.0579,-0.0596,-0.4951,0.1326,36.1113,1.7839,68.9638,0.5819,1.5922,-3.9085,31.6029,-1.9304,66.4921,0.0000,0.0000,0.0000,0.0000,0.0000,0.0000,0.0000,0.0000,0.0000,5.00,3.00,2.00,0.0017,0.0700,0.0033,0,0.000000
6,15.1000,49.6812,85.0369,-63.1827,-0.0260,-0.2160,0.0579,-0.0596,-0.4951,0.1326,36.1045,1.7955,68.9601,0.5819,1.5922,-3.9085,31.6029,-1.9304,66.4921,0.0000,0.0000,0.0000,0.0000,0.0000,0.0000,0.0000,0.0000,0.0000,5.00,3.00,2.00,0.0017,0.0700,0.0033,0,0.000000
6,15.1200,49.6514,84.7893,-63.1164,-0.0260,-0.2160,0.0579,-0.0596,-0.4951,0.1326,36.0978,1.8071,68.9563,0.5819,1.5922,-3.9085,31.6029,-1.9304,66.4921,0.0000,0.0000,0.0000,0.0000,0.0000,0.0000,0.0000,0.0000,0.0000,5.00,3.00,2.00,0.0017,0.0700,0.0033,0,0.000000
6,15.1400,49.6215,84.5417,-63.0501,-0.0260,-0.2160,0.0579,-0.0596,-0.4951,0.1326,36.0910,1.8187,68.9525,0.5819,1.5922,-3.9085,31.6029,-1.9304,66.4921,0.0000,0.0000,0.0000,0.0000,0.0000,0.0000,0.0000,0.0000,0.0000,5.00,3.00,2.00,0.0017,0.0700,0.0033,0,0.000000
6,15.1600,49.5917,84.2941,-62.9838,-0.0260,-0.2160,0.0579,0.0808,0.1739,-0.0159,36.0841,1.8302,68.9487,-1.6909,2.8921,-0.9396,31.6029,-1.9304,66.4921,0.0000,0.0000,0.0000,0.0000,0.0000,0.0000,0.0000,0.0000,0.0000,5.00,3.00,2.00,0.0017,0.0700,0.0033,0,0.000000
6,15.1800,49.6321,84.3811,-62.9917,0.0352,0.0759,-0.0069,0.0808,0.1739,-0.0159,36.0880,1.8259,68.9493,-1.6909,2.8921,-0.9396,31.6029,-1.9304,66.4921,0.0000,0.0000,0.0000,0.0000,0.0000,0.0000,0.0000,0.0000,0.0000,5.00,3.00,2.00,0.0031,0.0086,0.0000,0,0.000000
6,15.2000,49.6725,84.4681,-62.9996,0.0352,0.0759,-0.0069,0.0808,0.1739,-0.0159,36.0918,1.8216,68.9498,-1.6909,2.8921,-0.9396,31.6029,-1.9304,66.4921,0.0000,0.0000,0.0000,0.0000,0.0000,0.0000,0.0000,0.0000,0.0000,5.00,3.00,2.00,0.0031,0.0086,0.0000,0,0.000000
6,15.2200,49.7129,84.5550,-63.0076,0.0352,0.0759,-0.0069,0.0808,0.1739,-0.0159,36.0956,1.8173,68.9504,-1.6909,2.8921,-0.9396,31.6029,-1.9304,66.4921,0.0000,0.0000,0.0000,0.0000,0.0000,0.0000,0.0000,0.0000,0.0000,5.00,3.00,2.00,0.0031,0.0086,0.0000,0,0.000000
6,15.2400,49.7533,84.6420,-63.0155,0.0352,0.0759,-0.0069,0.0808,0.1739,-0.0159,36.0994,1.8131,68.9510,-1.6909,2.8921,-0.9396,31.6029,-1.9304,66.4921,0.0000,0.0000,0.0000,0.0000,0.0000,0.0000,0.0000,0.0000,0.0000,5.00,3.00,2.00,0.0031,0.0086,0.0000,0,0.000000
6,15.2600,49.7937,84.7290,-63.0234,0.0352,0.0759,-0.0069,-0.1837,-0.1135,-0.4338,36.1032,1.8088,68.9515,0.9533,-1.0696,0.1392,31.6029,-1.9304,66.4921,0.0000,0.0000,0.0000,0.0000,0.0000,0.0000,0.0000,0.0000,0.0000,5.00,3.00,2.00,0.0031,0.0086,0.0000,0,0.000000
6,15.2800,49.7018,84.6722,-63.2403,-0.0802,-0.0495,-0.1893,-0.1837,-0.1135,-0.4338,36.0922,1.8149,68.9483,0.9533,-1.0696,0.1392,31.6029,-1.9304,66.4921,0.0000,0.0000,0.0000,0.0000,0.0000,0.0000,0.0000,0.0000,0.0000,5.00,3.00,2.00,0.0161,0.0037,0.0358,0,0.000000
6,15.3000,49.6099,84.6155,-63.4572,-0.0802,-0.0495,-0.1893,-0.1837,-0.1135,-0.4338,36.0812,1.8209,68.9450,0.9533,-1.0696,0.1392,31.6029,-1.9304,66.4921,0.0000,0.0000,0.0000,0.0000,0.0000,0.0000,0.0000,0.0000,0.0000,5.00,3.00,2.00,0.0161,0.0037,0.0358,0,0.000000
6,15.3200,49.5181,84.5587,-63.6741,-0.0802,-0.0495,-0.1893,-0.1837,-0.1135,-0.4338,36.0702,1.8269,68.9417,0.9533,-1.0696,0.1392,31.6029,-1.9304,66.4921,0.0000,0.0000,0.0000,0.0000,0.0000,0.0000,0.0000,0.0000,0.0000,5.00,3.00,2.00,0.0161,0.0037,0.0358,0,0.000000
6,15.3400,49.4262,84.5020,-63.8910,-0.0802,-0.0495,-0.1893,-0.1837,-0.1135,-0.4338,36.0592,1.8328,68.9384,0.9533,-1.0696,0.1392,31.6029,-1.9304,66.4921,0.0000,0.0000,0.0000,0.0000,0.0000,0.0000,0.0000,0.0000,0.0000,5.00,3.00,2.00,0.0161,0.0037,0.0358,0,0.000000
6,15.3600,49.3343,84.4452,-64.1080,-0.0802,-0.0495,-0.1893,-0.1581,0.4176,-0.0449,36.0482,1.8387,68.9350,-2.7481,1.4984,-0.8259,31.6029,-1.9304,66.4921,0.0000,0.0000,0.0000,0.0000,0.0000,0.0000,0.0000,0.0000,0.0000,5.00,3.00,2.00,0.0161,0.0037,0.0358,0,0.000000
6,15.3800,49.2553,84.6540,-64.1304,-0.0690,0.1822,-0.0196,-0.1581,0.4176,-0.0449,36.0516,1.8287,68.9430,-2.7481,1.4984,-0.8259,31.6029,-1.9304,66.4921,0.0000,0.0000,0.0000,0.0000,0.0000,0.0000,0.0000,0.0000,0.0000,5.00,3.00,2.00,0.0119,0.0498,0.0004,0,0.000000
6,15.4000,49.1762,84.8629,-64.1528,-0.0690,0.1822,-0.0196,-0.1581,0.4176,-0.0449,36.0548,1.8185,68.9511,-2.7481,1.4984,-0.8259,31.6029,-1.9304,66.4921,0.0000,0.0000,0.0000,0.0000,0.0000,0.0000,0.0000,0.0000,0.0000,5.00,3.00,2.00,0.0119,0.0498,0.0004,0,0.000000
6,15.4200,49.0971,85.0717,-64.1753,-0.0690,0.1822,-0.0196,-0.1581,0.4176,-0.0449,36.0581,1.8084,68.9591,-2.7481,1.4984,-0.8259,31.6029,-1.9304,66.4921,0.0000,0.0000,0.0000,0.0000,0.0000,0.0000,0.0000,0.0000,0.0000,5.00,3.00,2.00,0.0119,0.0498,0.0004,0,0.000000
6,15.4400,49.0181,85.2805,-64.1977,-0.0690,0.1822,-0.0196,-0.1581,0.4176,-0.0449,36.0612,1.7982,68.9671,-2.7481,1.4984,-0.8259,31.6029,-1.9304,66.4921,0.0000,0.0000,0.0000,0.0000,0.0000,0.0000,0.0000,0.0000,0.0000,5.00,3.00,2.00,0.0119,0.0498,0.0004,0,0.000000
6,15.4600,48.9390,85.4893,-64.2202,-0.0690,0.1822,-0.0196,0.3263,0.4675,0.0284,36.0644,1.7880,68.9751,0.8068,-2.5355,2.0073,31.6029,-1.9304,66.4921,0.0000,0.0000,0.0000,0.0000,0.0000,0.0000,0.0000,0.0000,0.0000,5.00,3.00,2.00,0.0119,0.0498,0.0004,0,0.000000
6,15.4800,49.1022,85.7231,-64.2060,0.1424,0.2040,0.0124,0.3263,0.4675,0.0284,36.0773,1.7760,68.9754,0.8068,-2.5355,2.0073,31.6029,-1.9304,66.4921,0.0000,0.0000,0.0000,0.0000,0.0000,0.0000,0.0000,0.0000,0.0000,5.00,3.00,2.00,0.0507,0.0624,0.0002,0,0.000000
6,15.5000,49.2653,85.9568,-64.1917,0.1424,0.2040,0.0124,0.3263,0.4675,0.0284,36.0902,1.7639,68.9757,0.8068,-2.5355,2.0073,31.6029,-1.9304,66.4921,0.0000,0.0000,0.0000,0.0000,0.0000,0.0000,0.0000,0.0000,0.0000,5.00,3.00,2.00,0.0507,0.0624,0.0002,0,0.000000
6,15.5200,49.4285,86.1906,-64.1775,0.1424,0.2040,0.0124,0.3263,0.4675,0.0284,36.1031,1.7518,68.9758,0.8068,-2.5355,2.0073,31.6029,-1.9304,66.4921,0.0000,0.0000,0.0000,0.0000,0.0000,0.0000,0.0000,0.0000,0.0000,5.00,3.00,2.00,0.0507,0.0624,0.0002,0,0.000000
6,15.5400,49.5917,86.4244,-64.1633,0.1424,0.2040,0.0124,0.3263,0.4675,0.0284,36.1160,1.7397,68.9758,0.8068,-2.5355,2.0073,31.6029,-1.9304,66.4921,0.0000,0.0000,0.0000,0.0000,0.0000,0.0000,0.0000,0.0000,0.0000,5.00,3.00,2.00,0.0507,0.0624,0.0002,0,0.000000
6,15.5600,49.7548,86.6581,-64.1491,0.1424,0.2040,0.0124,0.5671,-0.2394,0.3701,36.1289,1.7275,68.9758,3.2238,-3.0269,0.0332,31.6029,-1.9304,66.4921,0.0000,0.0000,0.0000,0.0000,0.0000,0.0000,0.0000,0.0000,0.0000,5.00,3.00,2.00,0.0507,0.0624,0.0002,0,0.000000
6,15.5800,50.0384,86.5384,-63.9640,0.2475,-0.1045,0.1615,0.5671,-0.2394,0.3701,36.1399,1.7308,68.9661,3.2238,-3.0269,0.0332,31.6029,-1.9304,66.4921,0.0000,0.0000,0.0000,0.0000,0.0000,0.0000,0.0000,0.0000,0.0000,5.00,3.00,2.00,0.1531,0.0164,0.0261,0,0.000000
6,15.6000,50.3220,86.4187,-63.7789,0.2475,-0.1045,0.1615,0.5671,-0.2394,0.3701,36.1509,1.7341,68.9563,3.2238,-3.0269,0.0332,31.6029,-1.9304,66.4921,0.0000,0.0000,0.0000,0.0000,0.0000,0.0000,0.0000,0.0000,0.0000,5.00,3.00,2.00,0.1531,0.0164,0.0261,0,0.000000
6,15.6200,50.6055,86.2990,-63.5939,0.2475,-0.1045,0.1615,0.5671,-0.2394,0.3701,36.1618,1.7373,68.9464,3.2238,-3.0269,0.0332,31.6029,-1.9304,66.4921,0.0000,0.0000,0.0000,0.0000,0.0000,0.0000,0.0000,0.0000,0.0000,5.00,3.00,2.00,0.1531,0.0164,0.0261,0,0.000000
6,15.6400,50.8891,86.1793,-63.4088,0.2475,-0.1045,0.1615,0.5671,-0.2394,0.3701,36.1727,1.7406,68.9365,3.2238,-3.0269,0.0332,31.6029,-1.9304,66.4921,0.0000,0.0000,0.0000,0.0000,0.0000,0.0000,0.0000,0.0000,0.0000,5.00,3.00,2.00,0.1531,0.0164,0.0261,0,0.000000
6,15.6600,51.1727,86.0595,-63.2237,0.2475,-0.1045,0.1615,-0.0660,0.1823,0.2852,36.1836,1.7439,68.9265,2.7365,0.8180,-2.4658,31.6029,-1.9304,66.4921,0.0000,0.0000,0.0000,0.0000,0.0000,0.0000,0.0000,0.0000,0.0000,5.00,3.00,2.00,0.1531,0.0164,0.0261,0,0.000000
6,15.6800,51.1396,86.1507,-63.0811,-0.0288,0.0796,0.1244,-0.0660,0.1823,0.2852,36.1895,1.7369,68.9334,2.7365,0.8180,-2.4658,31.6029,-1.9304,66.4921,0.0000,0.0000,0.0000,0.0000,0.0000,0.0000,0.0000,0.0000,0.0000,5.00,3.00,2.00,0.0021,0.0095,0.0155,0,0.000000
6,15.7000,51.1066,86.2419,-62.9385,-0.0288,0.0796,0.1244,-0.0660,0.1823,0.2852,36.1953,1.7299,68.9403,2.7365,0.8180,-2.4658,31.6029,-1.9304,66.4921,0.0000,0.0000,0.0000,0.0000,0.0000,0.0000,0.0000,0.0000,0.0000,5.00,3.00,2.00,0.0021,0.0095,0.0155,0,0.000000
6,15.7200,51.0736,86.3331,-62.7959,-0.0288,0.0796,0.1244,-0.0660,0.1823,0.2852,36.2012,1.7229,68.9472,2.7365,0.8180,-2.4658,31.6029,-1.9304,66.4921,0.0000,0.0000,0.0000,0.0000,0.0000,0.0000,0.0000,0.0000,0.0000,5.00,3.00,2.00,0.0021,0.0095,0.0155,0,0.000000
6,15.7400,51.0406,86.4242,-62.6533,-0.0288,0.0796,0.1244,-0.0660,0.1823,0.2852,36.2070,1.7159,68.9541,2.7365,0.8180,-2.4658,31.6029,-1.9304,66.4921,0.0000,0.0000,0.0000,0.0000,0.0000,0.0000,0.0000,0.0000,0.0000,5.00,3.00,2.00,0.0021,0.0095,0.0155,0,0.000000
6,15.7600,51.0076,86.5154,-62.5107,-0.0288,0.0796,0.1244,0.0619,0.0267,0.2339,36.2127,1.7088,68.9610,1.4576,-1.7549,1.7269,31.6029,-1.9304,66.4921,0.0000,0.0000,0.0000,0.0000,0.0000,0.0000,0.0000,0.0000,0.0000,5.00,3.00,2.00,0.0021,0.0095,0.0155,0,0.000000
6,15.7800,51.0386,86.5288,-62.3938,0.0270,0.0117,0.1021,0.0619,0.0267,0.2339,36.2175,1.7061,68.9628,1.4576,-1.7549,1.7269,31.6029,-1.9304,66.4921,0.0000,0.0000,0.0000,0.0000,0.0000,0.0000,0.0000,0.0000,0.0000,5.00,3.00,2.00,0.0018,0.0002,0.0104,0,0.000000
6,15.8000,51.0695,86.5421,-62.2768,0.0270,0.0117,0.1020,0.0619,0.0267,0.2339,36.2223,1.7035,68.9646,1.4576,-1.7549,1.7269,31.6029,-1.9304,66.4921,0.0000,0.0000,0.0000,0.0000,0.0000,0.0000,0.0000,0.0000,0.0000,5.00,3.00,2.00,0.0018,0.0002,0.0104,0,0.000000
6,15.8200,51.1005,86.5555,-62.1599,0.0270,0.0117,0.1021,0.0619,0.0267,0.2339,36.2271,1.7008,68.9663,1.4576,-1.7549,1.7269,31.6029,-1.9304,66.4921,0.0000,0.0000,0.0000,0.0000,0.0000,0.0000,0.0000,0.0000,0.0000,5.00,3.00,2.00,0.0018,0.0002,0.0104,0,0.000000
6,15.8400,51.1315,86.5689,-62.0429,0.0270,0.0117,0.1021,0.0619,0.0267,0.2339,36.2318,1.6982,68.9681,1.4576,-1.7549,1.7269,31.6029,-1.9304,66.4921,0.0000,0.0000,0.0000,0.0000,0.0000,0.0000,0.0000,0.0000,0.0000,5.00,3.00,2.00,0.0018,0.0002,0.0104,0,0.000000
6,15.8600,51.1625,86.5823,-61.9260,0.0270,0.0117,0.1020,-0.1836,-0.5692,-0.1874,36.2366,1.6955,68.9698,1.1940,-0.6620,0.4414,31.6029,-1.9304,66.4921,0.0000,0.0000,0.0000,0.0000,0.0000,0.0000,0.0000,0.0000,0.0000,5.00,3.00,2.00,0.0018,0.0002,0.0104,0,0.000000
6,15.8800,51.0707,86.2977,-62.0197,-0.0801,-0.2484,-0.0818,-0.1836,-0.5692,-0.1874,36.2223,1.7120,68.9645,1.1940,-0.6620,0.4414,31.6029,-1.9304,66.4921,0.0000,0.0000,0.0000,0.0000,0.0000,0.0000,0.0000,0.0000,0.0000,5.00,3.00,2.00,0.0160,0.0925,0.0067,0,0.000000
6,15.9000,50.9789,86.0130,-62.1134,-0.0801,-0.2484,-0.0818,-0.1836,-0.5692,-0.1874,36.2079,1.7285,68.9590,1.1940,-0.6620,0.4414,31.6029,-1.9304,66.4921,0.0000,0.0000,0.0000,0.0000,0.0000,0.0000,0.0000,0.0000,0.0000,5.00,3.00,2.00,0.0160,0.0925,0.0067,0,0.000000
6,15.9200,50.8871,85.7284,-62.2072,-0.0801,-0.2484,-0.0818,-0.1836,-0.5692,-0.1874,36.1934,1.7448,68.9534,1.1940,-0.6620,0.4414,31.6029,-1.9304,66.4921,0.0000,0.0000,0.0000,0.0000,0.0000,0.0000,0.0000,0.0000,0.0000,5.00,3.00,2.00,0.0160,0.0925,0.0067,0,0.000000
6,15.9400,50.7953,85.4438,-62.3009,-0.0801,-0.2484,-0.0818,-0.1836,-0.5692,-0.1874,36.1789,1.7611,68.9477,1.1940,-0.6620,0.4414,31.6029,-1.9304,66.4921,0.0000,0.0000,0.0000,0.0000,0.0000,0.0000,0.0000,0.0000,0.0000,5.00,3.00,2.00,0.0160,0.0925,0.0067,0,0.000000
6,15.9600,50.7035,85.1592,-62.3946,-0.0801,-0.2484,-0.0818,-0.5065,-0.0392,-0.1047,36.1644,1.7772,68.9420,-3.6114,4.0842,-1.3927,31.6029,-1.9304,66.4921,0.0000,0.0000,0.0000,0.0000,0.0000,0.0000,0.0000,0.0000,0.0000,5.00,3.00,2.00,0.0160,0.0925,0.0067,0,0.000000
6,15.9800,50.4502,85.1396,-62.4469,-0.2210,-0.0171,-0.0457,-0.5065,-0.0392,-0.1047,36.1540,1.7790,68.9503,-3.6114,4.0842,-1.3927,31.6029,-1.9304,66.4921,0.0000,0.0000,0.0000,0.0000,0.0000,0.0000,0.0000,0.0000,0.0000,5.00,3.00,2.00,0.1221,0.0004,0.0021,0,0.000000
6,16.0000,50.1969,85.1200,-62.4993,-0.2210,-0.0171,-0.0457,-0.5065,-0.0392,-0.1047,36.1436,1.7808,68.9585,-3.6114,4.0842,-1.3927,31.6029,-1.9304,66.4921,0.0000,0.0000,0.0000,0.0000,0.0000,0.0000,0.0000,0.0000,0.0000,5.00,3.00,2.00,0.1221,0.0004,0.0021,0,0.000000
6,16.0200,49.9437,85.1004,-62.5516,-0.2210,-0.0171,-0.0457,-0.5065,-0.0392,-0.1047,36.1332,1.7827,68.9667,-3.6114,4.0842,-1.3927,31.6029,-1.9304,66.4921,0.0000,0.0000,0.0000,0.0000,0.0000,0.0000,0.0000,0.0000,0.0000,5.00,3.00,2.00,0.1221,0.0004,0.0021,0,0.000000
6,16.0400,49.6904,85.0808,-62.6040,-0.2210,-0.0171,-0.0457,-0.5065,-0.0392,-0.1047,36.1227,1.7845,68.9749,-3.6114,4.0842,-1.3927,31.6029,-1.9304,66.4921,0.0000,0.0000,0.0000,0.0000,0.0000,0.0000,0.0000,0.0000,0.0000,5.00,3.00,2.00,0.1221,0.0004,0.0021,0,0.000000
6,16.0600,49.4371,85.0612,-62.6563,-0.2210,-0.0171,-0.0457,-0.1974,0.0616,-0.1714,36.1122,1.7863,68.9830,-2.6098,0.4542,2.0500,31.6029,-1.9304,66.4921,0.0000,0.0000,0.0000,0.0000,0.0000,0.0000,0.0000,0.0000,0.0000,5.00,3.00,2.00,0.1221,0.0004,0.0021,0,0.000000
6,16.0800,49.3384,85.0920,-62.7420,-0.0861,0.0269,-0.0748,-0.1974,0.0616,-0.1714,36.1074,1.7860,68.9855,-2.6098,0.4542,2.0500,31.6029,-1.9304,66.4921,0.0000,0.0000,0.0000,0.0000,0.0000,0.0000,0.0000,0.0000,0.0000,5.00,3.00,2.00,0.0186,0.0011,0.0056,0,0.000000
6,16.1000,49.2397,85.1229,-62.8277,-0.0861,0.0269,-0.0748,-0.1974,0.0616,-0.1714,36.1026,1.7858,68.9881,-2.6098,0.4542,2.0500,31.6029,-1.9304,66.4921,0.0000,0.0000,0.0000,0.0000,0.0000,0.0000,0.0000,0.0000,0.0000,5.00,3.00,2.00,0.0186,0.0011,0.0056,0,0.000000
6,16.1200,49.1410,85.1537,-62.9135,-0.0862,0.0269,-0.0748,-0.1974,0.0616,-0.1714,36.0979,1.7855,68.9906,-2.6098,0.4542,2.0500,31.6029,-1.9304,66.4921,0.0000,0.0000,0.0000,0.0000,0.0000,0.0000,0.0000,0.0000,0.0000,5.00,3.00,2.00,0.0186,0.0011,0.0056,0,0.000000
6,16.1400,49.0422,85.1845,-62.9992,-0.0861,0.0269,-0.0748,-0.1974,0.0616,-0.1714,36.0931,1.7852,68.9931,-2.6098,0.4542,2.0500,31.6029,-1.9304,66.4921,0.0000,0.0000,0.0000,0.0000,0.0000,0.0000,0.0000,0.0000,0.0000,5.00,3.00,2.00,0.0186,0.0011,0.0056,0,0.000000
6,16.1600,48.9435,85.2153,-63.0849,-0.0861,0.0269,-0.0748,-0.1297,0.2326,0.2663,36.0883,1.7850,68.9957,-1.1946,-0.0656,0.6340,31.6029,-1.9304,66.4921,0.0000,0.0000,0.0000,0.0000,0.0000,0.0000,0.0000,0.0000,0.0000,5.00,3.00,2.00,0.0186,0.0011,0.0056,0,0.000000
6,16.1800,48.8786,85.3316,-62.9517,-0.0566,0.1015,0.1162,-0.1297,0.2326,0.2663,36.0934,1.7770,69.0045,-1.1946,-0.0656,0.6340,31.6029,-1.9304,66.4921,0.0000,0.0000,0.0000,0.0000,0.0000,0.0000,0.0000,0.0000,0.0000,5.00,3.00,2.00,0.0080,0.0155,0.0135,0,0.000000
6,16.2000,48.8138,85.4480,-62.8186,-0.0566,0.1015,0.1162,-0.1297,0.2326,0.2663,36.0985,1.7690,69.0134,-1.1946,-0.0656,0.6340,31.6029,-1.9304,66.4921,0.0000,0.0000,0.0000,0.0000,0.0000,0.0000,0.0000,0.0000,0.0000,5.00,3.00,2.00,0.0080,0.0155,0.0135,0,0.000000
6,16.2200,48.7489,85.5643,-62.6854,-0.0566,0.1015,0.1162,-0.1297,0.2326,0.2663,36.1035,1.7609,69.0222,-1.1946,-0.0656,0.6340,31.6029,-1.9304,66.4921,0.0000,0.0000,0.0000,0.0000,0.0000,0.0000,0.0000,0.0000,0.0000,5.00,3.00,2.00,0.0080,0.0155,0.0135,0,0.000000
6,16.2400,48.6840,85.6806,-62.5522,-0.0566,0.1015,0.1162,-0.1297,0.2326,0.2663,36.1085,1.7528,69.0311,-1.1946,-0.0656,0.6340,31.6029,-1.9304,66.4921,0.0000,0.0000,0.0000,0.0000,0.0000,0.0000,0.0000,0.0000,0.0000,5.00,3.00,2.00,0.0080,0.0155,0.0135,0,0.000000
6,16.2600,48.6191,85.7969,-62.4191,-0.0566,0.1015,0.1162,0.1346,-0.2176,-0.3899,36.1135,1.7447,69.0399,1.2596,-2.0152,2.2121,31.6029,-1.9304,66.4921,0.0000,0.0000,0.0000,0.0000,0.0000,0.0000,0.0000,0.0000,0.0000,5.00,3.00,2.00,0.0080,0.0155,0.0135,0,0.000000
6,16.2800,48.6865,85.6881,-62.6140,0.0587,-0.0949,-0.1701,0.1346,-0.2176,-0.3899,36.1071,1.7534,69.0296,1.2596,-2.0152,2.2121,31.6029,-1.9304,66.4921,0.0000,0.0000,0.0000,0.0000,0.0000,0.0000,0.0000,0.0000,0.0000,5.00,3.00,2.00,0.0086,0.0135,0.0289,0,0.000000
6,16.3000,48.7538,85.5793,-62.8090,0.0587,-0.0950,-0.1701,0.1346,-0.2176,-0.3899,36.1007,1.7621,69.0194,1.2596,-2.0152,2.2121,31.6029,-1.9304,66.4921,0.0000,0.0000,0.0000,0.0000,0.0000,0.0000,0.0000,0.0000,0.0000,5.00,3.00,2.00,0.0086,0.0135,0.0289,0,0.000000
6,16.3200,48.8211,85.4705,-63.0039,0.0587,-0.0950,-0.1701,0.1346,-0.2176,-0.3899,36.0942,1.7707,69.0091,1.2596,-2.0152,2.2121,31.6029,-1.9304,66.4921,0.0000,0.0000,0.0000,0.0000,0.0000,0.0000,0.0000,0.0000,0.0000,5.00,3.00,2.00,0.0086,0.0135,0.0289,0,0.000000
6,16.3400,48.8884,85.3617,-63.1989,0.0587,-0.0950,-0.1701,0.1346,-0.2176,-0.3899,36.0877,1.7792,68.9989,1.2596,-2.0152,2.2121,31.6029,-1.9304,66.4921,0.0000,0.0000,0.0000,0.0000,0.0000,0.0000,0.0000,0.0000,0.0000,5.00,3.00,2.00,0.0086,0.0135,0.0289,0,0.000000
6,16.3600,48.9557,85.2529,-63.3938,0.0587,-0.0950,-0.1701,-0.2257,-0.1460,0.0988,36.0811,1.7877,68.9886,-1.6182,2.1534,-2.5654,31.6029,-1.9304,66.4921,0.0000,0.0000,0.0000,0.0000,0.0000,0.0000,0.0000,0.0000,0.0000,5.00,3.00,2.00,0.0086,0.0135,0.0289,0,0.000000
6,16.3800,48.8428,85.1799,-63.3444,-0.0985,-0.0637,0.0431,-0.2257,-0.1460,0.0988,36.0765,1.7907,68.9922,-1.6182,2.1534,-2.5654,31.6029,-1.9304,66.4921,0.0000,0.0000,0.0000,0.0000,0.0000,0.0000,0.0000,0.0000,0.0000,5.00,3.00,2.00,0.0242,0.0061,0.0019,0,0.000000
6,16.4000,48.7300,85.1069,-63.2950,-0.0985,-0.0637,0.0431,-0.2257,-0.1460,0.0988,36.0719,1.7937,68.9958,-1.6182,2.1534,-2.5654,31.6029,-1.9304,66.4921,0.0000,0.0000,0.0000,0.0000,0.0000,0.0000,0.0000,0.0000,0.0000,5.00,3.00,2.00,0.0242,0.0061,0.0019,0,0.000000
6,16.4200,48.6172,85.0339,-63.2456,-0.0985,-0.0637,0.0431,-0.2257,-0.1460,0.0988,36.0673,1.7966,68.9993,-1.6182,2.1534,-2.5654,31.6029,-1.9304,66.4921,0.0000,0.0000,0.0000,0.0000,0.0000,0.0000,0.0000,0.0000,0.0000,5.00,3.00,2.00,0.0242,0.0061,0.0019,0,0.000000
6,16.4400,48.5043,84.9610,-63.1962,-0.0985,-0.0637,0.0431,-0.2257,-0.1460,0.0988,36.0627,1.7996,69.0029,-1.6182,2.1534,-2.5654,31.6029,-1.9304,66.4921,0.0000,0.0000,0.0000,0.0000,0.0000,0.0000,0.0000,0.0000,0.0000,5.00,3.00,2.00,0.0242,0.0061,0.0019,0,0.000000
6,16.4600,48.3915,84.8880,-63.1468,-0.0985,-0.0637,0.0431,0.5577,0.5601,-0.2749,36.0580,1.8026,69.0064,-1.1541,0.7410,0.8923,31.6029,-1.9304,66.4921,0.0000,0.0000,0.0000,0.0000,0.0000,0.0000,0.0000,0.0000,0.0000,5.00,3.00,2.00,0.0242,0.0061,0.0019,0,0.000000
6,16.4800,48.6703,85.1681,-63.2843,0.2433,0.2444,-0.1199,0.5577,0.5601,-0.2749,36.0721,1.7904,68.9999,-1.1541,0.7410,0.8923,31.6029,-1.9304,66.4921,0.0000,0.0000,0.0000,0.0000,0.0000,0.0000,0.0000,0.0000,0.0000,5.00,3.00,2.00,0.1480,0.0896,0.0144,0,0.000000
6,16.5000,48.9492,85.4482,-63.4217,0.2433,0.2444,-0.1199,0.5577,0.5601,-0.2749,36.0861,1.7782,68.9933,-1.1541,0.7410,0.8923,31.6029,-1.9304,66.4921,0.0000,0.0000,0.0000,0.0000,0.0000,0.0000,0.0000,0.0000,0.0000,5.00,3.00,2.00,0.1480,0.0896,0.0144,0,0.000000
6,16.5200,49.2280,85.7282,-63.5592,0.2433,0.2444,-0.1199,0.5577,0.5601,-0.2749,36.1000,1.7660,68.9866,-1.1541,0.7410,0.8923,31.6029,-1.9304,66.4921,0.0000,0.0000,0.0000,0.0000,0.0000,0.0000,0.0000,0.0000,0.0000,5.00,3.00,2.00,0.1480,0.0896,0.0144,0,0.000000
6,16.5400,49.5068,86.0083,-63.6966,0.2433,0.2444,-0.1199,0.5577,0.5601,-0.2749,36.1139,1.7538,68.9797,-1.1541,0.7410,0.8923,31.6029,-1.9304,66.4921,0.0000,0.0000,0.0000,0.0000,0.0000,0.0000,0.0000,0.0000,0.0000,5.00,3.00,2.00,0.1480,0.0896,0.0144,0,0.000000
6,16.5600,49.7857,86.2884,-63.8341,0.2433,0.2444,-0.1199,-0.0656,0.4300,-0.1561,36.1277,1.7416,68.9727,3.4824,-3.0483,-1.6857,31.6029,-1.9304,66.4921,0.0000,0.0000,0.0000,0.0000,0.0000,0.0000,0.0000,0.0000,0.0000,5.00,3.00,2.00,0.1480,0.0896,0.0144,0,0.000000
6,16.5800,49.7529,86.5034,-63.9121,-0.0286,0.1876,-0.0681,-0.0656,0.4300,-0.1561,36.1309,1.7318,68.9776,3.4824,-3.0483,-1.6857,31.6029,-1.9304,66.4921,0.0000,0.0000,0.0000,0.0000,0.0000,0.0000,0.0000,0.0000,0.0000,5.00,3.00,2.00,0.0020,0.0528,0.0046,0,0.000000
6,16.6000,49.7201,86.7183,-63.9902,-0.0286,0.1876,-0.0681,-0.0656,0.4300,-0.1561,36.1340,1.7219,68.9825,3.4824,-3.0483,-1.6857,31.6029,-1.9304,66.4921,0.0000,0.0000,0.0000,0.0000,0.0000,0.0000,0.0000,0.0000,0.0000,5.00,3.00,2.00,0.0020,0.0528,0.0046,0,0.000000
6,16.6200,49.6872,86.9333,-64.0683,-0.0286,0.1876,-0.0681,-0.0656,0.4300,-0.1561,36.1372,1.7121,68.9874,3.4824,-3.0483,-1.6857,31.6029,-1.9304,66.4921,0.0000,0.0000,0.0000,0.0000,0.0000,0.0000,0.0000,0.0000,0.0000,5.00,3.00,2.00,0.0021,0.0528,0.0046,0,0.000000
6,16.6400,49.6544,87.1483,-64.1463,-0.0286,0.1876,-0.0681,-0.0656,0.4300,-0.1561,36.1402,1.7022,68.9922,3.4824,-3.0483,-1.6857,31.6029,-1.9304,66.4921,0.0000,0.0000,0.0000,0.0000,0.0000,0.0000,0.0000,0.0000,0.0000,5.00,3.00,2.00,0.0020,0.0528,0.0046,0,0.000000
6,16.6600,49.6216,87.3633,-64.2244,-0.0286,0.1876,-0.0681,0.0198,-0.0792,-0.1456,36.1433,1.6923,68.9970,0.7803,-2.4623,1.2161,31.6029,-1.9304,66.4921,0.0000,0.0000,0.0000,0.0000,0.0000,0.0000,0.0000,0.0000,0.0000,5.00,3.00,2.00,0.0021,0.0528,0.0046,0,0.000000
6,16.6800,49.6315,87.3237,-64.2972,0.0087,-0.0346,-0.0635,0.0198,-0.0792,-0.1456,36.1404,1.6955,68.9939,0.7803,-2.4623,1.2161,31.6029,-1.9304,66.4921,0.0000,0.0000,0.0000,0.0000,0.0000,0.0000,0.0000,0.0000,0.0000,5.00,3.00,2.00,0.0002,0.0018,0.0040,0,0.000000
6,16.7000,49.6414,87.2841,-64.3700,0.0087,-0.0346,-0.0635,0.0198,-0.0792,-0.1456,36.1375,1.6987,68.9908,0.7803,-2.4623,1.2161,31.6029,-1.9304,66.4921,0.0000,0.0000,0.0000,0.0000,0.0000,0.0000,0.0000,0.0000,0.0000,5.00,3.00,2.00,0.0002,0.0018,0.0040,0,0.000000
6,16.7200,49.6514,87.2445,-64.4428,0.0087,-0.0346,-0.0635,0.0198,-0.0792,-0.1456,36.1346,1.7019,68.9876,0.7803,-2.4623,1.2161,31.6029,-1.9304,66.4921,0.0000,0.0000,0.0000,0.0000,0.0000,0.0000,0.0000,0.0000,0.0000,5.00,3.00,2.00,0.0002,0.0018,0.0040,0,0.000000
6,16.7400,49.6613,87.2049,-64.5156,0.0087,-0.0346,-0.0635,0.0198,-0.0792,-0.1456,36.1317,1.7051,68.9845,0.7803,-2.4623,1.2161,31.6029,-1.9304,66.4921,0.0000,0.0000,0.0000,0.0000,0.0000,0.0000,0.0000,0.0000,0.0000,5.00,3.00,2.00,0.0002,0.0018,0.0040,0,0.000000
6,16.7600,49.6712,87.1653,-64.5884,0.0087,-0.0346,-0.0635,-0.1264,0.0242,0.3251,36.1288,1.7083,68.9813,-0.7271,0.7959,-0.7858,31.6029,-1.9304,66.4921,0.0000,0.0000,0.0000,0.0000,0.0000,0.0000,0.0000,0.0000,0.0000,5.00,3.00,2.00,0.0002,0.0018,0.0040,0,0.000000
6,16.7800,49.6080,87.1774,-64.4258,-0.0551,0.0106,0.1419,-0.1264,0.0242,0.3251,36.1316,1.7051,68.9880,-0.7271,0.7959,-0.7858,31.6029,-1.9304,66.4921,0.0000,0.0000,0.0000,0.0000,0.0000,0.0000,0.0000,0.0000,0.0000,5.00,3.00,2.00,0.0076,0.0002,0.0201,0,0.000000
6,16.8000,49.5448,87.1895,-64.2633,-0.0551,0.0106,0.1419,-0.1264,0.0242,0.3251,36.1345,1.7019,68.9947,-0.7271,0.7959,-0.7858,31.6029,-1.9304,66.4921,0.0000,0.0000,0.0000,0.0000,0.0000,0.0000,0.0000,0.0000,0.0000,5.00,3.00,2.00,0.0076,0.0002,0.0201,0,0.000000
6,16.8200,49.4817,87.2016,-64.1007,-0.0551,0.0106,0.1419,-0.1264,0.0242,0.3251,36.1373,1.6987,69.0015,-0.7271,0.7959,-0.7858,31.6029,-1.9304,66.4921,0.0000,0.0000,0.0000,0.0000,0.0000,0.0000,0.0000,0.0000,0.0000,5.00,3.00,2.00,0.0076,0.0002,0.0201,0,0.000000
6,16.8400,49.4185,87.2138,-63.9381,-0.0551,0.0106,0.1419,-0.1264,0.0242,0.3251,36.1401,1.6955,69.0082,-0.7271,0.7959,-0.7858,31.6029,-1.9304,66.4921,0.0000,0.0000,0.0000,0.0000,0.0000,0.0000,0.0000,0.0000,0.0000,5.00,3.00,2.00,0.0076,0.0002,0.0201,0,0.000000
6,16.8600,49.3553,87.2259,-63.7755,-0.0551,0.0106,0.1419,0.3678,-0.6219,-0.3983,36.1429,1.6923,69.0149,0.7090,-0.7982,1.6781,31.6029,-1.9304,66.4921,0.0000,0.0000,0.0000,0.0000,0.0000,0.0000,0.0000,0.0000,0.0000,5.00,3.00,2.00,0.0076,0.0002,0.0201,0,0.000000
6,16.8800,49.5392,86.9149,-63.9747,0.1605,-0.2714,-0.1738,0.3678,-0.6219,-0.3983,36.1343,1.7116,68.9950,0.7090,-0.7982,1.6781,31.6029,-1.9304,66.4921,0.0000,0.0000,0.0000,0.0000,0.0000,0.0000,0.0000,0.0000,0.0000,5.00,3.00,2.00,0.0644,0.1105,0.0302,0,0.000000
6,16.9000,49.7231,86.6039,-64.1738,0.1605,-0.2714,-0.1738,0.3678,-0.6219,-0.3983,36.1255,1.7307,68.9750,0.7090,-0.7982,1.6781,31.6029,-1.9304,66.4921,0.0000,0.0000,0.0000,0.0000,0.0000,0.0000,0.0000,0.0000,0.0000,5.00,3.00,2.00,0.0644,0.1105,0.0302,0,0.000000
6,16.9200,49.9070,86.2930,-64.3729,0.1605,-0.2714,-0.1738,0.3678,-0.6219,-0.3983,36.1164,1.7496,68.9551,0.7090,-0.7982,1.6781,31.6029,-1.9304,66.4921,0.0000,0.0000,0.0000,0.0000,0.0000,0.0000,0.0000,0.0000,0.0000,5.00,3.00,2.00,0.0644,0.1105,0.0302,0,0.000000
6,16.9400,50.0909,85.9820,-64.5720,0.1605,-0.2714,-0.1738,0.3678,-0.6219,-0.3983,36.1072,1.7683,68.9352,0.7090,-0.7982,1.6781,31.6029,-1.9304,66.4921,0.0000,0.0000,0.0000,0.0000,0.0000,0.0000,0.0000,0.0000,0.0000,5.00,3.00,2.00,0.0644,0.1105,0.0302,0,0.000000
6,16.9600,50.2748,85.6710,-64.7712,0.1605,-0.2714,-0.1738,0.2729,0.0991,-0.0151,36.0977,1.7869,68.9152,-2.2608,4.7299,-4.9828,31.6029,-1.9304,66.4921,0.0000,0.0000,0.0000,0.0000,0.0000,0.0000,0.0000,0.0000,0.0000,5.00,3.00,2.00,0.0644,0.1105,0.0302,0,0.000000
6,16.9800,50.4112,85.7205,-64.7787,0.1191,0.0432,-0.0066,0.2729,0.0991,-0.0151,36.1034,1.7845,68.9111,-2.2608,4.7299,-4.9828,31.6029,-1.9304,66.4921,0.0000,0.0000,0.0000,0.0000,0.0000,0.0000,0.0000,0.0000,0.0000,5.00,3.00,2.00,0.0355,0.0028,0.0000,0,0.000000
6,17.0000,50.5477,85.7701,-64.7863,0.1191,0.0433,-0.0066,0.2729,0.0991,-0.0151,36.1091,1.7821,68.9069,-2.2608,4.7299,-4.9828,31.6029,-1.9304,66.4921,0.0000,0.0000,0.0000,0.0000,0.0000,0.0000,0.0000,0.0000,0.0000,5.00,3.00,2.00,0.0355,0.0028,0.0000,0,0.000000
6,17.0200,50.6842,85.8197,-64.7939,0.1191,0.0432,-0.0066,0.2729,0.0991,-0.0151,36.1148,1.7798,68.9026,-2.2608,4.7299,-4.9828,31.6029,-1.9304,66.4921,0.0000,0.0000,0.0000,0.0000,0.0000,0.0000,0.0000,0.0000,0.0000,5.00,3.00,2.00,0.0355,0.0028,0.0000,0,0.000000
6,17.0400,50.8207,85.8692,-64.8014,0.1191,0.0432,-0.0066,0.2729,0.0991,-0.0151,36.1205,1.7774,68.8984,-2.2608,4.7299,-4.9828,31.6029,-1.9304,66.4921,0.0000,0.0000,0.0000,0.0000,0.0000,0.0000,0.0000,0.0000,0.0000,5.00,3.00,2.00,0.0355,0.0028,0.0000,0,0.000000
6,17.0600,50.9571,85.9188,-64.8090,0.1191,0.0432,-0.0066,0.4014,-0.1248,-0.3292,36.1261,1.7750,68.8941,1.4198,-0.5956,-1.0544,31.6029,-1.9304,66.4921,0.0000,0.0000,0.0000,0.0000,0.0000,0.0000,0.0000,0.0000,0.0000,5.00,3.00,2.00,0.0355,0.0028,0.0000,0,0.000000
6,17.0800,51.1578,85.8564,-64.9736,0.1751,-0.0544,-0.1436,0.4014,-0.1248,-0.3292,36.1257,1.7805,68.8808,1.4198,-0.5956,-1.0544,31.6029,-1.9304,66.4921,0.0000,0.0000,0.0000,0.0000,0.0000,0.0000,0.0000,0.0000,0.0000,5.00,3.00,2.00,0.0767,0.0044,0.0206,0,0.000000
6,17.1000,51.3585,85.7940,-65.1382,0.1751,-0.0544,-0.1436,0.4014,-0.1248,-0.3292,36.1252,1.7860,68.8675,1.4198,-0.5956,-1.0544,31.6029,-1.9304,66.4921,0.0000,0.0000,0.0000,0.0000,0.0000,0.0000,0.0000,0.0000,0.0000,5.00,3.00,2.00,0.0767,0.0044,0.0206,0,0.000000
6,17.1200,51.5592,85.7316,-65.3028,0.1751,-0.0544,-0.1436,0.4014,-0.1248,-0.3292,36.1246,1.7914,68.8542,1.4198,-0.5956,-1.0544,31.6029,-1.9304,66.4921,0.0000,0.0000,0.0000,0.0000,0.0000,0.0000,0.0000,0.0000,0.0000,5.00,3.00,2.00,0.0767,0.0044,0.0206,0,0.000000
6,17.1400,51.7599,85.6693,-65.4674,0.1751,-0.0544,-0.1436,0.4014,-0.1248,-0.3292,36.1239,1.7969,68.8409,1.4198,-0.5956,-1.0544,31.6029,-1.9304,66.4921,0.0000,0.0000,0.0000,0.0000,0.0000,0.0000,0.0000,0.0000,0.0000,5.00,3.00,2.00,0.0767,0.0044,0.0206,0,0.000000
6,17.1600,51.9606,85.6069,-65.6320,0.1751,-0.0544,-0.1436,-0.4191,-0.2252,0.1714,36.1231,1.8022,68.8277,-0.1486,1.3626,-3.3241,31.6029,-1.9304,66.4921,0.0000,0.0000,0.0000,0.0000,0.0000,0.0000,0.0000,0.0000,0.0000,5.00,3.00,2.00,0.0767,0.0044,0.0206,0,0.000000
6,17.1800,51.7510,85.4943,-65.5463,-0.1829,-0.0983,0.0748,-0.4191,-0.2252,0.1714,36.1157,1.8066,68.8350,-0.1486,1.3626,-3.3241,31.6029,-1.9304,66.4921,0.0000,0.0000,0.0000,0.0000,0.0000,0.0000,0.0000,0.0000,0.0000,5.00,3.00,2.00,0.0836,0.0145,0.0056,0,0.000000
6,17.2000,51.5415,85.3816,-65.4606,-0.1829,-0.0983,0.0748,-0.4191,-0.2252,0.1714,36.1082,1.8110,68.8423,-0.1486,1.3626,-3.3241,31.6029,-1.9304,66.4921,0.0000,0.0000,0.0000,0.0000,0.0000,0.0000,0.0000,0.0000,0.0000,5.00,3.00,2.00,0.0836,0.0145,0.0056,0,0.000000
6,17.2200,51.3319,85.2690,-65.3749,-0.1829,-0.0983,0.0748,-0.4191,-0.2252,0.1714,36.1007,1.8154,68.8496,-0.1486,1.3626,-3.3241,31.6029,-1.9304,66.4921,0.0000,0.0000,0.0000,0.0000,0.0000,0.0000,0.0000,0.0000,0.0000,5.00,3.00,2.00,0.0836,0.0145,0.0056,0,0.000000
6,17.2400,51.1224,85.1564,-65.2893,-0.1829,-0.0983,0.0748,-0.4191,-0.2252,0.1714,36.0931,1.8198,68.8568,-0.1486,1.3626,-3.3241,31.6029,-1.9304,66.4921,0.0000,0.0000,0.0000,0.0000,0.0000,0.0000,0.0000,0.0000,0.0000,5.00,3.00,2.00,0.0836,0.0145,0.0056,0,0.000000
6,17.2600,50.9129,85.0438,-65.2036,-0.1829,-0.0983,0.0748,0.2934,0.1467,-0.1585,36.0855,1.8242,68.8640,-1.8820,1.1001,1.8185,31.6029,-1.9304,66.4921,0.0000,0.0000,0.0000,0.0000,0.0000,0.0000,0.0000,0.0000,0.0000,5.00,3.00,2.00,0.0836,0.0145,0.0056,0,0.000000
6,17.2800,51.0596,85.1172,-65.2828,0.1280,0.0640,-0.0692,0.2934,0.1467,-0.1585,36.0901,1.8217,68.8584,-1.8820,1.1001,1.8185,31.6029,-1.9304,66.4921,0.0000,0.0000,0.0000,0.0000,0.0000,0.0000,0.0000,0.0000,0.0000,5.00,3.00,2.00,0.0410,0.0062,0.0048,0,0.000000
6,17.3000,51.2063,85.1905,-65.3621,0.1280,0.0640,-0.0692,0.2934,0.1467,-0.1585,36.0946,1.8192,68.8527,-1.8820,1.1001,1.8185,31.6029,-1.9304,66.4921,0.0000,0.0000,0.0000,0.0000,0.0000,0.0000,0.0000,0.0000,0.0000,5.00,3.00,2.00,0.0410,0.0061,0.0048,0,0.000000
6,17.3200,51.3530,85.2639,-65.4413,0.1280,0.0640,-0.0692,0.2934,0.1467,-0.1585,36.0992,1.8166,68.8471,-1.8820,1.1001,1.8185,31.6029,-1.9304,66.4921,0.0000,0.0000,0.0000,0.0000,0.0000,0.0000,0.0000,0.0000,0.0000,5.00,3.00,2.00,0.0410,0.0061,0.0048,0,0.000000
6,17.3400,51.4997,85.3373,-65.5206,0.1280,0.0640,-0.0692,0.2934,0.1467,-0.1585,36.1037,1.8141,68.8414,-1.8820,1.1001,1.8185,31.6029,-1.9304,66.4921,0.0000,0.0000,0.0000,0.0000,0.0000,0.0000,0.0000,0.0000,0.0000,5.00,3.00,2.00,0.0410,0.0061,0.0048,0,0.000000
6,17.3600,51.6465,85.4106,-65.5998,0.1280,0.0640,-0.0692,-0.1456,0.3437,-0.0791,36.1082,1.8115,68.8357,1.1343,-0.6362,-1.4168,31.6029,-1.9304,66.4921,0.0000,0.0000,0.0000,0.0000,0.0000,0.0000,0.0000,0.0000,0.0000,5.00,3.00,2.00,0.0410,0.0062,0.0048,0,0.000000
6,17.3800,51.5736,85.5825,-65.6394,-0.0635,0.1499,-0.0345,-0.1456,0.3437,-0.0791,36.1103,1.8035,68.8419,1.1343,-0.6362,-1.4168,31.6029,-1.9304,66.4921,0.0000,0.0000,0.0000,0.0000,0.0000,0.0000,0.0000,0.0000,0.0000,5.00,3.00,2.00,0.0101,0.0337,0.0012,0,0.000000
6,17.4000,51.5008,85.7543,-65.6789,-0.0636,0.1499,-0.0345,-0.1456,0.3437,-0.0791,36.1123,1.7956,68.8482,1.1343,-0.6362,-1.4168,31.6029,-1.9304,66.4921,0.0000,0.0000,0.0000,0.0000,0.0000,0.0000,0.0000,0.0000,0.0000,5.00,3.00,2.00,0.0101,0.0337,0.0012,0,0.000000
6,17.4200,51.4280,85.9261,-65.7185,-0.0635,0.1500,-0.0345,-0.1456,0.3437,-0.0791,36.1143,1.7876,68.8544,1.1343,-0.6362,-1.4168,31.6029,-1.9304,66.4921,0.0000,0.0000,0.0000,0.0000,0.0000,0.0000,0.0000,0.0000,0.0000,5.00,3.00,2.00,0.0101,0.0337,0.0012,0,0.000000
6,17.4400,51.3552,86.0980,-65.7581,-0.0636,0.1499,-0.0345,-0.1456,0.3437,-0.0791,36.1163,1.7796,68.8607,1.1343,-0.6362,-1.4168,31.6029,-1.9304,66.4921,0.0000,0.0000,0.0000,0.0000,0.0000,0.0000,0.0000,0.0000,0.0000,5.00,3.00,2.00,0.0101,0.0337,0.0012,0,0.000000
6,17.4600,51.2823,86.2698,-65.7976,-0.0636,0.1499,-0.0345,0.0715,0.0098,0.3290,36.1183,1.7716,68.8669,0.5045,-1.9981,1.5591,31.6029,-1.9304,66.4921,0.0000,0.0000,0.0000,0.0000,0.0000,0.0000,0.0000,0.0000,0.0000,5.00,3.00,2.00,0.0101,0.0337,0.0012,0,0.000000
6,17.4800,51.3181,86.2747,-65.6331,0.0312,0.0043,0.1436,0.0715,0.0098,0.3290,36.1244,1.7690,68.8695,0.5045,-1.9981,1.5591,31.6029,-1.9304,66.4921,0.0000,0.0000,0.0000,0.0000,0.0000,0.0000,0.0000,0.0000,0.0000,5.00,3.00,2.00,0.0024,0.0000,0.0206,0,0.000000
6,17.5000,51.3539,86.2796,-65.4686,0.0312,0.0043,0.1436,0.0715,0.0098,0.3290,36.1305,1.7664,68.8721,0.5045,-1.9981,1.5591,31.6029,-1.9304,66.4921,0.0000,0.0000,0.0000,0.0000,0.0000,0.0000,0.0000,0.0000,0.0000,5.00,3.00,2.00,0.0024,0.0000,0.0206,0,0.000000
6,17.5200,51.3896,86.2845,-65.3041,0.0312,0.0043,0.1436,0.0715,0.0098,0.3290,36.1367,1.7638,68.8747,0.5045,-1.9981,1.5591,31.6029,-1.9304,66.4921,0.0000,0.0000,0.0000,0.0000,0.0000,0.0000,0.0000,0.0000,0.0000,5.00,3.00,2.00,0.0024,0.0000,0.0206,0,0.000000
6,17.5400,51.4254,86.2894,-65.1396,0.0312,0.0043,0.1436,0.0715,0.0098,0.3290,36.1428,1.7611,68.8773,0.5045,-1.9981,1.5591,31.6029,-1.9304,66.4921,0.0000,0.0000,0.0000,0.0000,0.0000,0.0000,0.0000,0.0000,0.0000,5.00,3.00,2.00,0.0024,0.0000,0.0206,0,0.000000
6,17.5600,51.4612,86.2942,-64.9750,0.0312,0.0043,0.1436,-0.7267,0.1744,0.1223,36.1489,1.7585,68.8798,1.5312,-0.6540,0.6485,31.6029,-1.9304,66.4921,0.0000,0.0000,0.0000,0.0000,0.0000,0.0000,0.0000,0.0000,0.0000,5.00,3.00,2.00,0.0024,0.0000,0.0206,0,0.000000
6,17.5800,51.0978,86.3815,-64.9139,-0.3171,0.0761,0.0534,-0.7267,0.1744,0.1223,36.1419,1.7532,68.8978,1.5312,-0.6540,0.6485,31.6029,-1.9304,66.4921,0.0000,0.0000,0.0000,0.0000,0.0000,0.0000,0.0000,0.0000,0.0000,5.00,3.00,2.00,0.2514,0.0087,0.0028,0,0.000000
6,17.6000,50.7345,86.4687,-64.8527,-0.3171,0.0761,0.0534,-0.7267,0.1744,0.1223,36.1348,1.7478,68.9157,1.5312,-0.6540,0.6485,31.6029,-1.9304,66.4921,0.0000,0.0000,0.0000,0.0000,0.0000,0.0000,0.0000,0.0000,0.0000,5.00,3.00,2.00,0.2513,0.0087,0.0028,0,0.000000
6,17.6200,50.3711,86.5559,-64.7915,-0.3171,0.0761,0.0534,-0.7267,0.1744,0.1223,36.1275,1.7425,68.9336,1.5312,-0.6540,0.6485,31.6029,-1.9304,66.4921,0.0000,0.0000,0.0000,0.0000,0.0000,0.0000,0.0000,0.0000,0.0000,5.00,3.00,2.00,0.2513,0.0087,0.0028,0,0.000000
6,17.6400,50.0078,86.6431,-64.7304,-0.3171,0.0761,0.0534,-0.7267,0.1744,0.1223,36.1201,1.7371,68.9515,1.5312,-0.6540,0.6485,31.6029,-1.9304,66.4921,0.0000,0.0000,0.0000,0.0000,0.0000,0.0000,0.0000,0.0000,0.0000,5.00,3.00,2.00,0.2513,0.0087,0.0028,0,0.000000
6,17.6600,49.6444,86.7303,-64.6692,-0.3171,0.0761,0.0534,0.1856,-0.2954,0.2691,36.1125,1.7318,68.9694,-1.8181,-1.3352,4.4754,31.6029,-1.9304,66.4921,0.0000,0.0000,0.0000,0.0000,0.0000,0.0000,0.0000,0.0000,0.0000,5.00,3.00,2.00,0.2513,0.0087,0.0028,0,0.000000
6,17.6800,49.7373,86.5826,-64.5347,0.0810,-0.1289,0.1174,0.1856,-0.2954,0.2691,36.1150,1.7373,68.9652,-1.8181,-1.3352,4.4754,31.6029,-1.9304,66.4921,0.0000,0.0000,0.0000,0.0000,0.0000,0.0000,0.0000,0.0000,0.0000,5.00,3.00,2.00,0.0164,0.0249,0.0138,0,0.000000
6,17.7000,49.8301,86.4349,-64.4001,0.0810,-0.1289,0.1174,0.1856,-0.2954,0.2691,36.1174,1.7428,68.9611,-1.8181,-1.3352,4.4754,31.6029,-1.9304,66.4921,0.0000,0.0000,0.0000,0.0000,0.0000,0.0000,0.0000,0.0000,0.0000,5.00,3.00,2.00,0.0164,0.0249,0.0138,0,0.000000
6,17.7200,49.9229,86.2872,-64.2656,0.0810,-0.1289,0.1174,0.1856,-0.2954,0.2691,36.1198,1.7483,68.9569,-1.8181,-1.3352,4.4754,31.6029,-1.9304,66.4921,0.0000,0.0000,0.0000,0.0000,0.0000,0.0000,0.0000,0.0000,0.0000,5.00,3.00,2.00,0.0164,0.0249,0.0138,0,0.000000
6,17.7400,50.0157,86.1395,-64.1311,0.0810,-0.1289,0.1174,0.1856,-0.2954,0.2691,36.1222,1.7537,68.9528,-1.8181,-1.3352,4.4754,31.6029,-1.9304,66.4921,0.0000,0.0000,0.0000,0.0000,0.0000,0.0000,0.0000,0.0000,0.0000,5.00,3.00,2.00,0.0164,0.0249,0.0138,0,0.000000
6,17.7600,50.1085,85.9917,-63.9965,0.0810,-0.1289,0.1174,-0.0172,-0.2668,-0.2597,36.1246,1.7592,68.9486,0.6035,1.3732,-1.0384,31.6029,-1.9304,66.4921,0.0000,0.0000,0.0000,0.0000,0.0000,0.0000,0.0000,0.0000,0.0000,5.00,3.00,2.00,0.0164,0.0249,0.0138,0,0.000000
6,17.7800,50.0999,85.8583,-64.1264,-0.0075,-0.1164,-0.1133,-0.0172,-0.2668,-0.2597,36.1165,1.7680,68.9424,0.6035,1.3732,-1.0384,31.6029,-1.9304,66.4921,0.0000,0.0000,0.0000,0.0000,0.0000,0.0000,0.0000,0.0000,0.0000,5.00,3.00,2.00,0.0001,0.0203,0.0128,0,0.000000
6,17.8000,50.0914,85.7249,-64.2562,-0.0075,-0.1164,-0.1133,-0.0172,-0.2668,-0.2597,36.1084,1.7767,68.9361,0.6035,1.3732,-1.0384,31.6029,-1.9304,66.4921,0.0000,0.0000,0.0000,0.0000,0.0000,0.0000,0.0000,0.0000,0.0000,5.00,3.00,2.00,0.0001,0.0203,0.0128,0,0.000000
6,17.8200,50.0828,85.5915,-64.3861,-0.0075,-0.1164,-0.1133,-0.0172,-0.2668,-0.2597,36.1002,1.7853,68.9299,0.6035,1.3732,-1.0384,31.6029,-1.9304,66.4921,0.0000,0.0000,0.0000,0.0000,0.0000,0.0000,0.0000,0.0000,0.0000,5.00,3.00,2.00,0.0001,0.0203,0.0128,0,0.000000
6,17.8400,50.0742,85.4581,-64.5160,-0.0075,-0.1164,-0.1133,-0.0172,-0.2668,-0.2597,36.0920,1.7939,68.9236,0.6035,1.3732,-1.0384,31.6029,-1.9304,66.4921,0.0000,0.0000,0.0000,0.0000,0.0000,0.0000,0.0000,0.0000,0.0000,5.00,3.00,2.00,0.0001,0.0203,0.0128,0,0.000000
6,17.8600,50.0656,85.3247,-64.6458,-0.0075,-0.1164,-0.1133,0.4537,-0.0247,0.1899,36.0839,1.8025,68.9173,-2.0382,2.1612,-1.5640,31.6029,-1.9304,66.4921,0.0000,0.0000,0.0000,0.0000,0.0000,0.0000,0.0000,0.0000,0.0000,5.00,3.00,2.00,0.0001,0.0203,0.0128,0,0.000000
6,17.8800,50.2925,85.3124,-64.5508,0.1980,-0.0108,0.0829,0.4537,-0.0247,0.1899,36.0935,1.8017,68.9106,-2.0382,2.1612,-1.5640,31.6029,-1.9304,66.4921,0.0000,0.0000,0.0000,0.0000,0.0000,0.0000,0.0000,0.0000,0.0000,5.00,3.00,2.00,0.0980,0.0002,0.0069,0,0.000000
6,17.9000,50.5194,85.3001,-64.4559,0.1980,-0.0108,0.0829,0.4537,-0.0247,0.1899,36.1031,1.8010,68.9038,-2.0382,2.1612,-1.5640,31.6029,-1.9304,66.4921,0.0000,0.0000,0.0000,0.0000,0.0000,0.0000,0.0000,0.0000,0.0000,5.00,3.00,2.00,0.0980,0.0002,0.0069,0,0.000000
6,17.9200,50.7462,85.2877,-64.3609,0.1980,-0.0108,0.0829,0.4537,-0.0247,0.1899,36.1127,1.8002,68.8969,-2.0382,2.1612,-1.5640,31.6029,-1.9304,66.4921,0.0000,0.0000,0.0000,0.0000,0.0000,0.0000,0.0000,0.0000,0.0000,5.00,3.00,2.00,0.0980,0.0002,0.0069,0,0.000000
6,17.9400,50.9731,85.2754,-64.2659,0.1980,-0.0108,0.0829,0.4537,-0.0247,0.1899,36.1223,1.7995,68.8900,-2.0382,2.1612,-1.5640,31.6029,-1.9304,66.4921,0.0000,0.0000,0.0000,0.0000,0.0000,0.0000,0.0000,0.0000,0.0000,5.00,3.00,2.00,0.0980,0.0002,0.0069,0,0.000000
6,17.9600,51.2000,85.2630,-64.1709,0.1980,-0.0108,0.0829,0.0804,0.4906,0.6521,36.1319,1.7987,68.8831,2.4010,-0.1871,-1.7113,31.6029,-1.9304,66.4921,0.0000,0.0000,0.0000,0.0000,0.0000,0.0000,0.0000,0.0000,0.0000,5.00,3.00,2.00,0.0980,0.0002,0.0069,0,0.000000
6,17.9800,51.2401,85.5083,-63.8449,0.0351,0.2141,0.2845,0.0804,0.4906,0.6521,36.1504,1.7815,68.8954,2.4010,-0.1871,-1.7113,31.6029,-1.9304,66.4921,0.0000,0.0000,0.0000,0.0000,0.0000,0.0000,0.0000,0.0000,0.0000,5.00,3.00,2.00,0.0031,0.0687,0.0809,0,0.000000
6,18.0000,51.2803,85.7536,-63.5189,0.0351,0.2141,0.2845,0.0804,0.4906,0.6521,36.1689,1.7641,68.9076,2.4010,-0.1871,-1.7113,31.6029,-1.9304,66.4921,0.0000,0.0000,0.0000,0.0000,0.0000,0.0000,0.0000,0.0000,0.0000,5.00,3.00,2.00,0.0031,0.0687,0.0809,0,0.000000
6,18.0200,51.3205,85.9989,-63.1928,0.0351,0.2141,0.2845,0.0804,0.4906,0.6521,36.1874,1.7465,68.9197,2.4010,-0.1871,-1.7113,31.6029,-1.9304,66.4921,0.0000,0.0000,0.0000,0.0000,0.0000,0.0000,0.0000,0.0000,0.0000,5.00,3.00,2.00,0.0031,0.0687,0.0810,0,0.000000
6,18.0400,51.3607,86.2442,-62.8668,0.0351,0.2141,0.2845,0.0804,0.4906,0.6521,36.2057,1.7287,68.9318,2.4010,-0.1871,-1.7113,31.6029,-1.9304,66.4921,0.0000,0.0000,0.0000,0.0000,0.0000,0.0000,0.0000,0.0000,0.0000,5.00,3.00,2.00,0.0031,0.0687,0.0809,0,0.000000
6,18.0600,51.4009,86.4895,-62.5408,0.0351,0.2141,0.2845,0.4152,-0.3737,-0.0693,36.2240,1.7106,68.9437,4.6045,-4.4055,3.0289,31.6029,-1.9304,66.4921,0.0000,0.0000,0.0000,0.0000,0.0000,0.0000,0.0000,0.0000,0.0000,5.00,3.00,2.00,0.0031,0.0687,0.0809,0,0.000000
6,18.0800,51.6085,86.3027,-62.5754,0.1812,-0.1630,-0.0302,0.4152,-0.3737,-0.0693,36.2240,1.7209,68.9298,4.6045,-4.4055,3.0289,31.6029,-1.9304,66.4921,0.0000,0.0000,0.0000,0.0000,0.0000,0.0000,0.0000,0.0000,0.0000,5.00,3.00,2.00,0.0821,0.0399,0.0009,0,0.000000
6,18.1000,51.8161,86.1159,-62.6100,0.1812,-0.1631,-0.0302,0.4152,-0.3737,-0.0693,36.2239,1.7312,68.9160,4.6045,-4.4055,3.0289,31.6029,-1.9304,66.4921,0.0000,0.0000,0.0000,0.0000,0.0000,0.0000,0.0000,0.0000,0.0000,5.00,3.00,2.00,0.0821,0.0399,0.0009,0,0.000000
6,18.1200,52.0237,85.9290,-62.6447,0.1812,-0.1630,-0.0302,0.4152,-0.3737,-0.0693,36.2237,1.7414,68.9022,4.6045,-4.4055,3.0289,31.6029,-1.9304,66.4921,0.0000,0.0000,0.0000,0.0000,0.0000,0.0000,0.0000,0.0000,0.0000,5.00,3.00,2.00,0.0821,0.0399,0.0009,0,0.000000
6,18.1400,52.2313,85.7422,-62.6793,0.1812,-0.1630,-0.0302,0.4152,-0.3737,-0.0693,36.2234,1.7516,68.8883,4.6045,-4.4055,3.0289,31.6029,-1.9304,66.4921,0.0000,0.0000,0.0000,0.0000,0.0000,0.0000,0.0000,0.0000,0.0000,5.00,3.00,2.00,0.0821,0.0399,0.0009,0,0.000000
6,18.1600,52.4389,85.5554,-62.7139,0.1812,-0.1630,-0.0302,-0.4811,0.3707,0.1505,36.2230,1.7618,68.8745,-0.0475,2.5608,-3.4557,31.6029,-1.9304,66.4921,0.0000,0.0000,0.0000,0.0000,0.0000,0.0000,0.0000,0.0000,0.0000,5.00,3.00,2.00,0.0821,0.0399,0.0009,0,0.000000
6,18.1800,52.1983,85.7407,-62.6387,-0.2099,0.1617,0.0656,-0.4811,0.3707,0.1505,36.2235,1.7511,68.8906,-0.0475,2.5608,-3.4557,31.6029,-1.9304,66.4921,0.0000,0.0000,0.0000,0.0000,0.0000,0.0000,0.0000,0.0000,0.0000,5.00,3.00,2.00,0.1102,0.0392,0.0043,0,0.000000
6,18.2000,51.9578,85.9261,-62.5634,-0.2099,0.1618,0.0657,-0.4811,0.3707,0.1505,36.2239,1.7403,68.9066,-0.0475,2.5608,-3.4557,31.6029,-1.9304,66.4921,0.0000,0.0000,0.0000,0.0000,0.0000,0.0000,0.0000,0.0000,0.0000,5.00,3.00,2.00,0.1102,0.0392,0.0043,0,0.000000
6,18.2200,51.7172,86.1114,-62.4882,-0.2099,0.1617,0.0657,-0.4811,0.3707,0.1505,36.2241,1.7295,68.9227,-0.0475,2.5608,-3.4557,31.6029,-1.9304,66.4921,0.0000,0.0000,0.0000,0.0000,0.0000,0.0000,0.0000,0.0000,0.0000,5.00,3.00,2.00,0.1102,0.0392,0.0043,0,0.000000
6,18.2400,51.4767,86.2968,-62.4130,-0.2099,0.1617,0.0657,-0.4811,0.3707,0.1505,36.2242,1.7186,68.9388,-0.0475,2.5608,-3.4557,31.6029,-1.9304,66.4921,0.0000,0.0000,0.0000,0.0000,0.0000,0.0000,0.0000,0.0000,0.0000,5.00,3.00,2.00,0.1102,0.0392,0.0043,0,0.000000
6,18.2600,51.2361,86.4821,-62.3378,-0.2099,0.1617,0.0656,0.0570,-0.2454,-0.2417,36.2242,1.7076,68.9549,0.0593,-2.7085,4.0169,31.6029,-1.9304,66.4921,0.0000,0.0000,0.0000,0.0000,0.0000,0.0000,0.0000,0.0000,0.0000,5.00,3.00,2.00,0.1102,0.0392,0.0043,0,0.000000
6,18.2800,51.2646,86.3594,-62.4586,0.0249,-0.1071,-0.1054,0.0570,-0.2454,-0.2417,36.2179,1.7161,68.9479,0.0593,-2.7085,4.0169,31.6029,-1.9304,66.4921,0.0000,0.0000,0.0000,0.0000,0.0000,0.0000,0.0000,0.0000,0.0000,5.00,3.00,2.00,0.0015,0.0172,0.0111,0,0.000000
6,18.3000,51.2932,86.2367,-62.5794,0.0249,-0.1071,-0.1055,0.0570,-0.2454,-0.2417,36.2116,1.7244,68.9410,0.0593,-2.7085,4.0169,31.6029,-1.9304,66.4921,0.0000,0.0000,0.0000,0.0000,0.0000,0.0000,0.0000,0.0000,0.0000,5.00,3.00,2.00,0.0015,0.0172,0.0111,0,0.000000
6,18.3200,51.3217,86.1140,-62.7003,0.0249,-0.1071,-0.1055,0.0570,-0.2454,-0.2417,36.2052,1.7327,68.9340,0.0593,-2.7085,4.0169,31.6029,-1.9304,66.4921,0.0000,0.0000,0.0000,0.0000,0.0000,0.0000,0.0000,0.0000,0.0000,5.00,3.00,2.00,0.0015,0.0172,0.0111,0,0.000000
6,18.3400,51.3502,85.9913,-62.8211,0.0249,-0.1071,-0.1055,0.0570,-0.2454,-0.2417,36.1989,1.7410,68.9270,0.0593,-2.7085,4.0169,31.6029,-1.9304,66.4921,0.0000,0.0000,0.0000,0.0000,0.0000,0.0000,0.0000,0.0000,0.0000,5.00,3.00,2.00,0.0015,0.0172,0.0111,0,0.000000
6,18.3600,51.3787,85.8686,-62.9419,0.0249,-0.1071,-0.1054,-0.3089,-0.1993,-0.1119,36.1925,1.7493,68.9200,-1.5858,2.0810,-1.7445,31.6029,-1.9304,66.4921,0.0000,0.0000,0.0000,0.0000,0.0000,0.0000,0.0000,0.0000,0.0000,5.00,3.00,2.00,0.0015,0.0172,0.0111,0,0.000000
6,18.3800,51.2242,85.7689,-62.9979,-0.1348,-0.0869,-0.0488,-0.3089,-0.1993,-0.1119,36.1828,1.7553,68.9224,-1.5858,2.0810,-1.7445,31.6029,-1.9304,66.4921,0.0000,0.0000,0.0000,0.0000,0.0000,0.0000,0.0000,0.0000,0.0000,5.00,3.00,2.00,0.0454,0.0113,0.0024,0,0.000000
6,18.4000,51.0698,85.6693,-63.0539,-0.1348,-0.0870,-0.0488,-0.3089,-0.1993,-0.1119,36.1731,1.7613,68.9248,-1.5858,2.0810,-1.7445,31.6029,-1.9304,66.4921,0.0000,0.0000,0.0000,0.0000,0.0000,0.0000,0.0000,0.0000,0.0000,5.00,3.00,2.00,0.0454,0.0113,0.0024,0,0.000000
6,18.4200,50.9153,85.5697,-63.1098,-0.1348,-0.0869,-0.0488,-0.3089,-0.1993,-0.1119,36.1634,1.7672,68.9271,-1.5858,2.0810,-1.7445,31.6029,-1.9304,66.4921,0.0000,0.0000,0.0000,0.0000,0.0000,0.0000,0.0000,0.0000,0.0000,5.00,3.00,2.00,0.0454,0.0113,0.0024,0,0.000000
6,18.4400,50.7609,85.4700,-63.1658,-0.1348,-0.0869,-0.0488,-0.3089,-0.1993,-0.1119,36.1537,1.7732,68.9294,-1.5858,2.0810,-1.7445,31.6029,-1.9304,66.4921,0.0000,0.0000,0.0000,0.0000,0.0000,0.0000,0.0000,0.0000,0.0000,5.00,3.00,2.00,0.0454,0.0113,0.0024,0,0.000000
6,18.4600,50.6064,85.3704,-63.2217,-0.1348,-0.0869,-0.0488,0.1346,-0.2733,-0.2796,36.1439,1.7791,68.9316,-2.4271,1.4939,0.5825,31.6029,-1.9304,66.4921,0.0000,0.0000,0.0000,0.0000,0.0000,0.0000,0.0000,0.0000,0.0000,5.00,3.00,2.00,0.0454,0.0113,0.0024,0,0.000000
6,18.4800,50.6737,85.2338,-63.3615,0.0587,-0.1192,-0.1220,0.1346,-0.2733,-0.2796,36.1378,1.7882,68.9222,-2.4271,1.4939,0.5825,31.6029,-1.9304,66.4921,0.0000,0.0000,0.0000,0.0000,0.0000,0.0000,0.0000,0.0000,0.0000,5.00,3.00,2.00,0.0086,0.0213,0.0149,0,0.000000
6,18.5000,50.7410,85.0971,-63.5013,0.0587,-0.1193,-0.1220,0.1346,-0.2733,-0.2796,36.1316,1.7972,68.9127,-2.4271,1.4939,0.5825,31.6029,-1.9304,66.4921,0.0000,0.0000,0.0000,0.0000,0.0000,0.0000,0.0000,0.0000,0.0000,5.00,3.00,2.00,0.0086,0.0213,0.0149,0,0.000000
6,18.5200,50.8082,84.9605,-63.6411,0.0587,-0.1192,-0.1220,0.1346,-0.2733,-0.2796,36.1254,1.8062,68.9032,-2.4271,1.4939,0.5825,31.6029,-1.9304,66.4921,0.0000,0.0000,0.0000,0.0000,0.0000,0.0000,0.0000,0.0000,0.0000,5.00,3.00,2.00,0.0086,0.0213,0.0149,0,0.000000
6,18.5400,50.8755,84.8238,-63.7809,0.0587,-0.1192,-0.1220,0.1346,-0.2733,-0.2796,36.1191,1.8151,68.8937,-2.4271,1.4939,0.5825,31.6029,-1.9304,66.4921,0.0000,0.0000,0.0000,0.0000,0.0000,0.0000,0.0000,0.0000,0.0000,5.00,3.00,2.00,0.0086,0.0213,0.0149,0,0.000000
6,18.5600,50.9428,84.6872,-63.9207,0.0587,-0.1192,-0.1220,-0.0215,-0.1756,0.4316,36.1128,1.8240,68.8843,-1.5572,2.2430,-2.3689,31.6029,-1.9304,66.4921,0.0000,0.0000,0.0000,0.0000,0.0000,0.0000,0.0000,0.0000,0.0000,5.00,3.00,2.00,0.0086,0.0213,0.0149,0,0.000000
6,18.5800,50.9321,84.5994,-63.7048,-0.0094,-0.0766,0.1883,-0.0215,-0.1756,0.4316,36.1160,1.8253,68.8875,-1.5572,2.2430,-2.3689,31.6029,-1.9304,66.4921,0.0000,0.0000,0.0000,0.0000,0.0000,0.0000,0.0000,0.0000,0.0000,5.00,3.00,2.00,0.0002,0.0088,0.0355,0,0.000000
6,18.6000,50.9213,84.5116,-63.4890,-0.0094,-0.0766,0.1883,-0.0215,-0.1756,0.4316,36.1192,1.8266,68.8908,-1.5572,2.2430,-2.3689,31.6029,-1.9304,66.4921,0.0000,0.0000,0.0000,0.0000,0.0000,0.0000,0.0000,0.0000,0.0000,5.00,3.00,2.00,0.0002,0.0088,0.0355,0,0.000000
6,18.6200,50.9106,84.4238,-63.2732,-0.0094,-0.0766,0.1883,-0.0215,-0.1756,0.4316,36.1223,1.8279,68.8941,-1.5572,2.2430,-2.3689,31.6029,-1.9304,66.4921,0.0000,0.0000,0.0000,0.0000,0.0000,0.0000,0.0000,0.0000,0.0000,5.00,3.00,2.00,0.0002,0.0088,0.0355,0,0.000000
6,18.6400,50.8999,84.3361,-63.0574,-0.0094,-0.0766,0.1883,-0.0215,-0.1756,0.4316,36.1255,1.8291,68.8974,-1.5572,2.2430,-2.3689,31.6029,-1.9304,66.4921,0.0000,0.0000,0.0000,0.0000,0.0000,0.0000,0.0000,0.0000,0.0000,5.00,3.00,2.00,0.0002,0.0088,0.0355,0,0.000000
6,18.6600,50.8891,84.2483,-62.8416,-0.0094,-0.0766,0.1883,0.0417,-0.3073,-0.3170,36.1286,1.8304,68.9006,0.7925,0.3191,0.8175,31.6029,-1.9304,66.4921,0.0000,0.0000,0.0000,0.0000,0.0000,0.0000,0.0000,0.0000,0.0000,5.00,3.00,2.00,0.0002,0.0088,0.0355,0,0.000000
6,18.6800,50.9100,84.0947,-63.0001,0.0182,-0.1341,-0.1383,0.0417,-0.3073,-0.3170,36.1198,1.8404,68.8920,0.7925,0.3191,0.8175,31.6029,-1.9304,66.4921,0.0000,0.0000,0.0000,0.0000,0.0000,0.0000,0.0000,0.0000,0.0000,5.00,3.00,2.00,0.0008,0.0270,0.0191,0,0.000000
6,18.7000,50.9308,83.9410,-63.1586,0.0182,-0.1341,-0.1383,0.0417,-0.3073,-0.3170,36.1108,1.8504,68.8834,0.7925,0.3191,0.8175,31.6029,-1.9304,66.4921,0.0000,0.0000,0.0000,0.0000,0.0000,0.0000,0.0000,0.0000,0.0000,5.00,3.00,2.00,0.0008,0.0270,0.0191,0,0.000000
6,18.7200,50.9517,83.7874,-63.3170,0.0182,-0.1341,-0.1383,0.0417,-0.3073,-0.3170,36.1019,1.8604,68.8748,0.7925,0.3191,0.8175,31.6029,-1.9304,66.4921,0.0000,0.0000,0.0000,0.0000,0.0000,0.0000,0.0000,0.0000,0.0000,5.00,3.00,2.00,0.0008,0.0270,0.0191,0,0.000000
6,18.7400,50.9725,83.6337,-63.4755,0.0182,-0.1341,-0.1383,0.0417,-0.3073,-0.3170,36.0929,1.8702,68.8662,0.7925,0.3191,0.8175,31.6029,-1.9304,66.4921,0.0000,0.0000,0.0000,0.0000,0.0000,0.0000,0.0000,0.0000,0.0000,5.00,3.00,2.00,0.0008,0.0270,0.0191,0,0.000000
6,18.7600,50.9934,83.4801,-63.6340,0.0182,-0.1341,-0.1383,-0.2022,-0.0070,0.2269,36.0838,1.8800,68.8575,-2.2411,2.4815,-2.1538,31.6029,-1.9304,66.4921,0.0000,0.0000,0.0000,0.0000,0.0000,0.0000,0.0000,0.0000,0.0000,5.00,3.00,2.00,0.0008,0.0270,0.0191,0,0.000000
6,18.7800,50.8923,83.4766,-63.5206,-0.0882,-0.0031,0.0990,-0.2022,-0.0070,0.2269,36.0839,1.8786,68.8640,-2.2411,2.4815,-2.1538,31.6029,-1.9304,66.4921,0.0000,0.0000,0.0000,0.0000,0.0000,0.0000,0.0000,0.0000,0.0000,5.00,3.00,2.00,0.0195,0.0000,0.0098,0,0.000000
6,18.8000,50.7912,83.4731,-63.4071,-0.0882,-0.0031,0.0990,-0.2022,-0.0070,0.2269,36.0840,1.8772,68.8705,-2.2411,2.4815,-2.1538,31.6029,-1.9304,66.4921,0.0000,0.0000,0.0000,0.0000,0.0000,0.0000,0.0000,0.0000,0.0000,5.00,3.00,2.00,0.0195,0.0000,0.0098,0,0.000000
6,18.8200,50.6901,83.4696,-63.2937,-0.0882,-0.0031,0.0990,-0.2022,-0.0070,0.2269,36.0840,1.8758,68.8771,-2.2411,2.4815,-2.1538,31.6029,-1.9304,66.4921,0.0000,0.0000,0.0000,0.0000,0.0000,0.0000,0.0000,0.0000,0.0000,5.00,3.00,2.00,0.0195,0.0000,0.0098,0,0.000000
6,18.8400,50.5890,83.4661,-63.1802,-0.0882,-0.0031,0.0990,-0.2022,-0.0070,0.2269,36.0841,1.8744,68.8836,-2.2411,2.4815,-2.1538,31.6029,-1.9304,66.4921,0.0000,0.0000,0.0000,0.0000,0.0000,0.0000,0.0000,0.0000,0.0000,5.00,3.00,2.00,0.0195,0.0000,0.0098,0,0.000000
6,18.8600,50.4879,83.4626,-63.0668,-0.0882,-0.0031,0.0990,0.1200,-0.4063,0.4082,36.0841,1.8730,68.8901,0.0118,-0.3507,1.6274,31.6029,-1.9304,66.4921,0.0000,0.0000,0.0000,0.0000,0.0000,0.0000,0.0000,0.0000,0.0000,5.00,3.00,2.00,0.0195,0.0000,0.0098,0,0.000000
6,18.8800,50.5479,83.2594,-62.8626,0.0524,-0.1773,0.1781,0.1200,-0.4063,0.4082,36.0853,1.8802,68.8873,0.0118,-0.3507,1.6274,31.6029,-1.9304,66.4921,0.0000,0.0000,0.0000,0.0000,0.0000,0.0000,0.0000,0.0000,0.0000,5.00,3.00,2.00,0.0069,0.0471,0.0317,0,0.000000
6,18.9000,50.6079,83.0563,-62.6585,0.0524,-0.1773,0.1781,0.1200,-0.4063,0.4082,36.0866,1.8875,68.8845,0.0118,-0.3507,1.6274,31.6029,-1.9304,66.4921,0.0000,0.0000,0.0000,0.0000,0.0000,0.0000,0.0000,0.0000,0.0000,5.00,3.00,2.00,0.0069,0.0471,0.0317,0,0.000000
6,18.9200,50.6679,82.8532,-62.4544,0.0524,-0.1773,0.1781,0.1200,-0.4063,0.4082,36.0878,1.8947,68.8816,0.0118,-0.3507,1.6274,31.6029,-1.9304,66.4921,0.0000,0.0000,0.0000,0.0000,0.0000,0.0000,0.0000,0.0000,0.0000,5.00,3.00,2.00,0.0069,0.0471,0.0317,0,0.000000
6,18.9400,50.7279,82.6500,-62.2503,0.0524,-0.1773,0.1781,0.1200,-0.4063,0.4082,36.0890,1.9019,68.8787,0.0118,-0.3507,1.6274,31.6029,-1.9304,66.4921,0.0000,0.0000,0.0000,0.0000,0.0000,0.0000,0.0000,0.0000,0.0000,5.00,3.00,2.00,0.0069,0.0471,0.0317,0,0.000000
6,18.9600,50.7879,82.4469,-62.0462,0.0523,-0.1773,0.1781,0.2871,0.1248,-0.1103,36.0902,1.9091,68.8758,0.3073,1.8061,-0.7122,31.6029,-1.9304,66.4921,0.0000,0.0000,0.0000,0.0000,0.0000,0.0000,0.0000,0.0000,0.0000,5.00,3.00,2.00,0.0069,0.0471,0.0317,0,0.000000
6,18.9800,50.9315,82.5093,-62.1013,0.1253,0.0545,-0.0481,0.2871,0.1248,-0.1103,36.0951,1.9068,68.8707,0.3073,1.8061,-0.7122,31.6029,-1.9304,66.4921,0.0000,0.0000,0.0000,0.0000,0.0000,0.0000,0.0000,0.0000,0.0000,5.00,3.00,2.00,0.0392,0.0044,0.0023,0,0.000000
6,19.0000,51.0750,82.5717,-62.1564,0.1253,0.0545,-0.0481,0.2871,0.1248,-0.1103,36.1001,1.9045,68.8655,0.3073,1.8061,-0.7122,31.6029,-1.9304,66.4921,0.0000,0.0000,0.0000,0.0000,0.0000,0.0000,0.0000,0.0000,0.0000,5.00,3.00,2.00,0.0392,0.0044,0.0023,0,0.000000
6,19.0200,51.2186,82.6341,-62.2116,0.1253,0.0545,-0.0481,0.2871,0.1248,-0.1103,36.1050,1.9022,68.8603,0.3073,1.8061,-0.7122,31.6029,-1.9304,66.4921,0.0000,0.0000,0.0000,0.0000,0.0000,0.0000,0.0000,0.0000,0.0000,5.00,3.00,2.00,0.0392,0.0044,0.0023,0,0.000000
6,19.0400,51.3621,82.6965,-62.2667,0.1253,0.0545,-0.0481,0.2871,0.1248,-0.1103,36.1099,1.8998,68.8551,0.3073,1.8061,-0.7122,31.6029,-1.9304,66.4921,0.0000,0.0000,0.0000,0.0000,0.0000,0.0000,0.0000,0.0000,0.0000,5.00,3.00,2.00,0.0392,0.0044,0.0023,0,0.000000
6,19.0600,51.5057,82.7589,-62.3218,0.1253,0.0545,-0.0481,-0.1660,-0.4816,-0.2883,36.1148,1.8975,68.8498,1.2285,-0.5811,-1.3008,31.6029,-1.9304,66.4921,0.0000,0.0000,0.0000,0.0000,0.0000,0.0000,0.0000,0.0000,0.0000,5.00,3.00,2.00,0.0392,0.0044,0.0023,0,0.000000
6,19.0800,51.4227,82.5182,-62.4660,-0.0724,-0.2101,-0.1258,-0.1660,-0.4816,-0.2883,36.0999,1.9115,68.8433,1.2285,-0.5811,-1.3008,31.6029,-1.9304,66.4921,0.0000,0.0000,0.0000,0.0000,0.0000,0.0000,0.0000,0.0000,0.0000,5.00,3.00,2.00,0.0131,0.0662,0.0158,0,0.000000
6,19.1000,51.3397,82.2774,-62.6101,-0.0724,-0.2101,-0.1258,-0.1660,-0.4816,-0.2883,36.0851,1.9253,68.8366,1.2285,-0.5811,-1.3008,31.6029,-1.9304,66.4921,0.0000,0.0000,0.0000,0.0000,0.0000,0.0000,0.0000,0.0000,0.0000,5.00,3.00,2.00,0.0131,0.0662,0.0158,0,0.000000
6,19.1200,51.2567,82.0366,-62.7542,-0.0724,-0.2101,-0.1258,-0.1660,-0.4816,-0.2883,36.0702,1.9391,68.8299,1.2285,-0.5811,-1.3008,31.6029,-1.9304,66.4921,0.0000,0.0000,0.0000,0.0000,0.0000,0.0000,0.0000,0.0000,0.0000,5.00,3.00,2.00,0.0131,0.0662,0.0158,0,0.000000
6,19.1400,51.1737,81.7958,-62.8983,-0.0724,-0.2101,-0.1258,-0.1660,-0.4816,-0.2883,36.0552,1.9527,68.8231,1.2285,-0.5811,-1.3008,31.6029,-1.9304,66.4921,0.0000,0.0000,0.0000,0.0000,0.0000,0.0000,0.0000,0.0000,0.0000,5.00,3.00,2.00,0.0131,0.0662,0.0158,0,0.000000
6,19.1600,51.0907,81.5550,-63.0425,-0.0724,-0.2101,-0.1258,-0.8263,-0.3161,-0.1592,36.0403,1.9662,68.8162,-3.7258,3.4367,-1.6811,31.6029,-1.9304,66.4921,0.0000,0.0000,0.0000,0.0000,0.0000,0.0000,0.0000,0.0000,0.0000,5.00,3.00,2.00,0.0131,0.0662,0.0158,0,0.000000
6,19.1800,50.6776,81.3970,-63.1221,-0.3605,-0.1379,-0.0695,-0.8263,-0.3161,-0.1592,36.0200,1.9749,68.8254,-3.7258,3.4367,-1.6811,31.6029,-1.9304,66.4921,0.0000,0.0000,0.0000,0.0000,0.0000,0.0000,0.0000,0.0000,0.0000,5.00,3.00,2.00,0.3250,0.0285,0.0048,0,0.000000
6,19.2000,50.2644,81.2389,-63.2017,-0.3605,-0.1379,-0.0695,-0.8263,-0.3161,-0.1592,35.9996,1.9835,68.8344,-3.7258,3.4367,-1.6811,31.6029,-1.9304,66.4921,0.0000,0.0000,0.0000,0.0000,0.0000,0.0000,0.0000,0.0000,0.0000,5.00,3.00,2.00,0.3250,0.0285,0.0048,0,0.000000
6,19.2200,49.8513,81.0809,-63.2813,-0.3605,-0.1379,-0.0695,-0.8263,-0.3161,-0.1592,35.9792,1.9920,68.8431,-3.7258,3.4367,-1.6811,31.6029,-1.9304,66.4921,0.0000,0.0000,0.0000,0.0000,0.0000,0.0000,0.0000,0.0000,0.0000,5.00,3.00,2.00,0.3250,0.0285,0.0048,0,0.000000
6,19.2400,49.4382,80.9228,-63.3610,-0.3605,-0.1379,-0.0695,-0.8263,-0.3161,-0.1592,35.9588,2.0006,68.8516,-3.7258,3.4367,-1.6811,31.6029,-1.9304,66.4921,0.0000,0.0000,0.0000,0.0000,0.0000,0.0000,0.0000,0.0000,0.0000,5.00,3.00,2.00,0.3250,0.0285,0.0048,0,0.000000
6,19.2600,49.0250,80.7648,-63.4406,-0.3605,-0.1379,-0.0695,0.4276,0.0440,0.0199,35.9384,2.0090,68.8599,-5.0940,2.1402,2.1870,31.6029,-1.9304,66.4921,0.0000,0.0000,0.0000,0.0000,0.0000,0.0000,0.0000,0.0000,0.0000,5.00,3.00,2.00,0.3250,0.0285,0.0048,0,0.000000
6,19.2800,49.2388,80.7868,-63.4306,0.1866,0.0192,0.0087,0.4276,0.0440,0.0199,35.9461,2.0079,68.8532,-5.0940,2.1402,2.1870,31.6029,-1.9304,66.4921,0.0000,0.0000,0.0000,0.0000,0.0000,0.0000,0.0000,0.0000,0.0000,5.00,3.00,2.00,0.0870,0.0006,0.0001,0,0.000000
6,19.3000,49.4526,80.8088,-63.4207,0.1866,0.0192,0.0087,0.4276,0.0440,0.0199,35.9537,2.0067,68.8463,-5.0940,2.1402,2.1870,31.6029,-1.9304,66.4921,0.0000,0.0000,0.0000,0.0000,0.0000,0.0000,0.0000,0.0000,0.0000,5.00,3.00,2.00,0.0870,0.0006,0.0001,0,0.000000
6,19.3200,49.6664,80.8308,-63.4107,0.1866,0.0192,0.0087,0.4276,0.0440,0.0199,35.9613,2.0055,68.8395,-5.0940,2.1402,2.1870,31.6029,-1.9304,66.4921,0.0000,0.0000,0.0000,0.0000,0.0000,0.0000,0.0000,0.0000,0.0000,5.00,3.00,2.00,0.0870,0.0006,0.0001,0,0.000000
6,19.3400,49.8802,80.8529,-63.4008,0.1866,0.0192,0.0087,0.4276,0.0440,0.0199,35.9689,2.0044,68.8326,-5.0940,2.1402,2.1870,31.6029,-1.9304,66.4921,0.0000,0.0000,0.0000,0.0000,0.0000,0.0000,0.0000,0.0000,0.0000,5.00,3.00,2.00,0.0870,0.0006,0.0001,0,0.000000
6,19.3600,50.0940,80.8749,-63.3908,0.1866,0.0192,0.0087,-0.0671,0.0638,-0.6134,35.9765,2.0032,68.8257,1.9062,-0.2917,-1.7128,31.6029,-1.9304,66.4921,0.0000,0.0000,0.0000,0.0000,0.0000,0.0000,0.0000,0.0000,0.0000,5.00,3.00,2.00,0.0870,0.0006,0.0001,0,0.000000
6,19.3800,50.0604,80.9068,-63.6975,-0.0293,0.0278,-0.2676,-0.0671,0.0638,-0.6134,35.9675,2.0054,68.8202,1.9062,-0.2917,-1.7128,31.6029,-1.9304,66.4921,0.0000,0.0000,0.0000,0.0000,0.0000,0.0000,0.0000,0.0000,0.0000,5.00,3.00,2.00,0.0021,0.0012,0.0716,0,0.000000
6,19.4000,50.0269,80.9386,-64.0042,-0.0293,0.0278,-0.2676,-0.0671,0.0638,-0.6134,35.9585,2.0075,68.8147,1.9062,-0.2917,-1.7128,31.6029,-1.9304,66.4921,0.0000,0.0000,0.0000,0.0000,0.0000,0.0000,0.0000,0.0000,0.0000,5.00,3.00,2.00,0.0021,0.0012,0.0716,0,0.000000
6,19.4200,49.9933,80.9705,-64.3109,-0.0293,0.0278,-0.2676,-0.0671,0.0638,-0.6134,35.9495,2.0096,68.8092,1.9062,-0.2917,-1.7128,31.6029,-1.9304,66.4921,0.0000,0.0000,0.0000,0.0000,0.0000,0.0000,0.0000,0.0000,0.0000,5.00,3.00,2.00,0.0021,0.0012,0.0716,0,0.000000
6,19.4400,49.9598,81.0024,-64.6175,-0.0293,0.0278,-0.2676,-0.0671,0.0638,-0.6134,35.9404,2.0116,68.8037,1.9062,-0.2917,-1.7128,31.6029,-1.9304,66.4921,0.0000,0.0000,0.0000,0.0000,0.0000,0.0000,0.0000,0.0000,0.0000,5.00,3.00,2.00,0.0021,0.0012,0.0716,0,0.000000
6,19.4600,49.9262,81.0343,-64.9242,-0.0293,0.0278,-0.2676,-0.1293,-0.1862,-0.7759,35.9314,2.0136,68.7982,-2.2551,0.5194,-1.3756,31.6029,-1.9304,66.4921,0.0000,0.0000,0.0000,0.0000,0.0000,0.0000,0.0000,0.0000,0.0000,5.00,3.00,2.00,0.0021,0.0012,0.0716,0,0.000000
6,19.4800,49.8616,80.9412,-65.3122,-0.0564,-0.0813,-0.3385,-0.1293,-0.1862,-0.7759,35.9148,2.0222,68.7881,-2.2551,0.5194,-1.3756,31.6029,-1.9304,66.4921,0.0000,0.0000,0.0000,0.0000,0.0000,0.0000,0.0000,0.0000,0.0000,5.00,3.00,2.00,0.0080,0.0099,0.1146,0,0.000000
6,19.5000,49.7969,80.8480,-65.7001,-0.0564,-0.0813,-0.3385,-0.1293,-0.1862,-0.7759,35.8981,2.0307,68.7780,-2.2551,0.5194,-1.3756,31.6029,-1.9304,66.4921,0.0000,0.0000,0.0000,0.0000,0.0000,0.0000,0.0000,0.0000,0.0000,5.00,3.00,2.00,0.0080,0.0099,0.1146,0,0.000000
6,19.5200,49.7322,80.7549,-66.0880,-0.0564,-0.0813,-0.3385,-0.1293,-0.1862,-0.7759,35.8815,2.0390,68.7677,-2.2551,0.5194,-1.3756,31.6029,-1.9304,66.4921,0.0000,0.0000,0.0000,0.0000,0.0000,0.0000,0.0000,0.0000,0.0000,5.00,3.00,2.00,0.0080,0.0099,0.1146,0,0.000000
6,19.5400,49.6676,80.6618,-66.4760,-0.0564,-0.0813,-0.3385,-0.1293,-0.1862,-0.7759,35.8648,2.0471,68.7575,-2.2551,0.5194,-1.3756,31.6029,-1.9304,66.4921,0.0000,0.0000,0.0000,0.0000,0.0000,0.0000,0.0000,0.0000,0.0000,5.00,3.00,2.00,0.0080,0.0099,0.1146,0,0.000000
6,19.5600,49.6029,80.5687,-66.8639,-0.0564,-0.0813,-0.3385,-0.6057,-0.3269,0.2467,35.8481,2.0551,68.7471,-4.1639,2.0746,-2.5524,31.6029,-1.9304,66.4921,0.0000,0.0000,0.0000,0.0000,0.0000,0.0000,0.0000,0.0000,0.0000,5.00,3.00,2.00,0.0080,0.0099,0.1146,0,0.000000
6,19.5800,49.3000,80.4053,-66.7406,-0.2643,-0.1426,0.1076,-0.6057,-0.3269,0.2467,35.8373,2.0613,68.7558,-4.1639,2.0746,-2.5524,31.6029,-1.9304,66.4921,0.0000,0.0000,0.0000,0.0000,0.0000,0.0000,0.0000,0.0000,0.0000,5.00,3.00,2.00,0.1746,0.0305,0.0116,0,0.000000
6,19.6000,48.9971,80.2418,-66.6172,-0.2643,-0.1426,0.1077,-0.6057,-0.3269,0.2467,35.8265,2.0674,68.7644,-4.1639,2.0746,-2.5524,31.6029,-1.9304,66.4921,0.0000,0.0000,0.0000,0.0000,0.0000,0.0000,0.0000,0.0000,0.0000,5.00,3.00,2.00,0.1747,0.0305,0.0116,0,0.000000
6,19.6200,48.6943,80.0784,-66.4938,-0.2643,-0.1426,0.1077,-0.6057,-0.3269,0.2467,35.8156,2.0736,68.7730,-4.1639,2.0746,-2.5524,31.6029,-1.9304,66.4921,0.0000,0.0000,0.0000,0.0000,0.0000,0.0000,0.0000,0.0000,0.0000,5.00,3.00,2.00,0.1746,0.0305,0.0116,0,0.000000
6,19.6400,48.3914,79.9150,-66.3705,-0.2643,-0.1426,0.1077,-0.6057,-0.3269,0.2467,35.8047,2.0797,68.7814,-4.1639,2.0746,-2.5524,31.6029,-1.9304,66.4921,0.0000,0.0000,0.0000,0.0000,0.0000,0.0000,0.0000,0.0000,0.0000,5.00,3.00,2.00,0.1746,0.0305,0.0116,0,0.000000
6,19.6600,48.0885,79.7515,-66.2471,-0.2643,-0.1426,0.1077,0.3439,0.2852,0.1001,35.7937,2.0859,68.7898,-2.7208,1.5406,2.1343,31.6029,-1.9304,66.4921,0.0000,0.0000,0.0000,0.0000,0.0000,0.0000,0.0000,0.0000,0.0000,5.00,3.00,2.00,0.1747,0.0305,0.0116,0,0.000000
6,19.6800,48.2605,79.8941,-66.1971,0.1501,0.1244,0.0437,0.3439,0.2852,0.1001,35.8052,2.0790,68.7897,-2.7208,1.5406,2.1343,31.6029,-1.9304,66.4921,0.0000,0.0000,0.0000,0.0000,0.0000,0.0000,0.0000,0.0000,0.0000,5.00,3.00,2.00,0.0563,0.0232,0.0019,0,0.000000
6,19.7000,48.4324,80.0367,-66.1471,0.1501,0.1244,0.0437,0.3439,0.2852,0.1001,35.8166,2.0721,68.7895,-2.7208,1.5406,2.1343,31.6029,-1.9304,66.4921,0.0000,0.0000,0.0000,0.0000,0.0000,0.0000,0.0000,0.0000,0.0000,5.00,3.00,2.00,0.0563,0.0232,0.0019,0,0.000000
6,19.7200,48.6044,80.1793,-66.0971,0.1501,0.1244,0.0437,0.3439,0.2852,0.1001,35.8281,2.0652,68.7893,-2.7208,1.5406,2.1343,31.6029,-1.9304,66.4921,0.0000,0.0000,0.0000,0.0000,0.0000,0.0000,0.0000,0.0000,0.0000,5.00,3.00,2.00,0.0563,0.0232,0.0019,0,0.000000
6,19.7400,48.7764,80.3218,-66.0470,0.1501,0.1244,0.0437,0.3439,0.2852,0.1001,35.8395,2.0583,68.7890,-2.7208,1.5406,2.1343,31.6029,-1.9304,66.4921,0.0000,0.0000,0.0000,0.0000,0.0000,0.0000,0.0000,0.0000,0.0000,5.00,3.00,2.00,0.0563,0.0232,0.0019,0,0.000000
6,19.7600,48.9483,80.4644,-65.9970,0.1501,0.1244,0.0437,0.0685,0.3562,0.0079,35.8510,2.0513,68.7887,2.8637,-1.7308,-0.0576,31.6029,-1.9304,66.4921,0.0000,0.0000,0.0000,0.0000,0.0000,0.0000,0.0000,0.0000,0.0000,5.00,3.00,2.00,0.0563,0.0232,0.0019,0,0.000000
6,19.7800,48.9826,80.6425,-65.9931,0.0299,0.1554,0.0034,0.0685,0.3562,0.0079,35.8582,2.0431,68.7928,2.8637,-1.7308,-0.0576,31.6029,-1.9304,66.4921,0.0000,0.0000,0.0000,0.0000,0.0000,0.0000,0.0000,0.0000,0.0000,5.00,3.00,2.00,0.0022,0.0362,0.0000,0,0.000000
6,19.8000,49.0169,80.8206,-65.9891,0.0299,0.1554,0.0034,0.0685,0.3562,0.0079,35.8653,2.0349,68.7970,2.8637,-1.7308,-0.0576,31.6029,-1.9304,66.4921,0.0000,0.0000,0.0000,0.0000,0.0000,0.0000,0.0000,0.0000,0.0000,5.00,3.00,2.00,0.0022,0.0362,0.0000,0,0.000000
6,19.8200,49.0511,80.9988,-65.9852,0.0299,0.1554,0.0034,0.0685,0.3562,0.0079,35.8725,2.0267,68.8011,2.8637,-1.7308,-0.0576,31.6029,-1.9304,66.4921,0.0000,0.0000,0.0000,0.0000,0.0000,0.0000,0.0000,0.0000,0.0000,5.00,3.00,2.00,0.0022,0.0362,0.0000,0,0.000000
6,19.8400,49.0854,81.1769,-65.9813,0.0299,0.1554,0.0034,0.0685,0.3562,0.0079,35.8796,2.0185,68.8052,2.8637,-1.7308,-0.0576,31.6029,-1.9304,66.4921,0.0000,0.0000,0.0000,0.0000,0.0000,0.0000,0.0000,0.0000,0.0000,5.00,3.00,2.00,0.0022,0.0362,0.0000,0,0.000000
6,19.8600,49.1196,81.3550,-65.9774,0.0299,0.1554,0.0034,0.4307,-0.1892,0.4134,35.8868,2.0102,68.8093,1.7895,-2.0520,1.0334,31.6029,-1.9304,66.4921,0.0000,0.0000,0.0000,0.0000,0.0000,0.0000,0.0000,0.0000,0.0000,5.00,3.00,2.00,0.0022,0.0362,0.0000,0,0.000000
6,19.8800,49.3350,81.2604,-65.7707,0.1879,-0.0826,0.1804,0.4307,-0.1892,0.4134,35.8962,2.0124,68.8043,1.7895,-2.0520,1.0334,31.6029,-1.9304,66.4921,0.0000,0.0000,0.0000,0.0000,0.0000,0.0000,0.0000,0.0000,0.0000,5.00,3.00,2.00,0.0883,0.0102,0.0325,0,0.000000
6,19.9000,49.5503,81.1658,-65.5640,0.1879,-0.0826,0.1804,0.4307,-0.1892,0.4134,35.9056,2.0145,68.7992,1.7895,-2.0520,1.0334,31.6029,-1.9304,66.4921,0.0000,0.0000,0.0000,0.0000,0.0000,0.0000,0.0000,0.0000,0.0000,5.00,3.00,2.00,0.0883,0.0102,0.0325,0,0.000000
6,19.9200,49.7657,81.0712,-65.3573,0.1879,-0.0826,0.1804,0.4307,-0.1892,0.4134,35.9150,2.0167,68.7941,1.7895,-2.0520,1.0334,31.6029,-1.9304,66.4921,0.0000,0.0000,0.0000,0.0000,0.0000,0.0000,0.0000,0.0000,0.0000,5.00,3.00,2.00,0.0883,0.0102,0.0325,0,0.000000
6,19.9400,49.9810,80.9765,-65.1506,0.1879,-0.0826,0.1804,0.4307,-0.1892,0.4134,35.9244,2.0188,68.7889,1.7895,-2.0520,1.0334,31.6029,-1.9304,66.4921,0.0000,0.0000,0.0000,0.0000,0.0000,0.0000,0.0000,0.0000,0.0000,5.00,3.00,2.00,0.0883,0.0102,0.0325,0,0.000000
6,19.9600,50.1964,80.8819,-64.9440,0.1879,-0.0826,0.1804,-0.3695,-0.5566,-0.4279,35.9337,2.0209,68.7837,2.3466,0.5336,-1.2825,31.6029,-1.9304,66.4921,0.0000,0.0000,0.0000,0.0000,0.0000,0.0000,0.0000,0.0000,0.0000,5.00,3.00,2.00,0.0883,0.0102,0.0325,0,0.000000
6,19.9800,50.0116,80.6036,-65.1579,-0.1612,-0.2429,-0.1867,-0.3695,-0.5566,-0.4279,35.9123,2.0362,68.7770,2.3466,0.5336,-1.2825,31.6029,-1.9304,66.4921,0.0000,0.0000,0.0000,0.0000,0.0000,0.0000,0.0000,0.0000,0.0000,5.00,3.00,2.00,0.0650,0.0885,0.0349,0,0.000000
6,20.0000,49.8269,80.3253,-65.3719,-0.1612,-0.2429,-0.1867,-0.3695,-0.5566,-0.4279,35.8909,2.0512,68.7700,2.3466,0.5336,-1.2825,31.6029,-1.9304,66.4921,0.0000,0.0000,0.0000,0.0000,0.0000,0.0000,0.0000,0.0000,0.0000,5.00,3.00,2.00,0.0650,0.0885,0.0349,0,0.000000
6,20.0200,49.6422,80.0470,-65.5858,-0.1612,-0.2429,-0.1867,-0.3695,-0.5566,-0.4279,35.8695,2.0661,68.7629,2.3466,0.5336,-1.2825,31.6029,-1.9304,66.4921,0.0000,0.0000,0.0000,0.0000,0.0000,0.0000,0.0000,0.0000,0.0000,5.00,3.00,2.00,0.0650,0.0885,0.0349,0,0.000000
6,20.0400,49.4574,79.7686,-65.7998,-0.1612,-0.2429,-0.1867,-0.3695,-0.5566,-0.4279,35.8480,2.0808,68.7557,2.3466,0.5336,-1.2825,31.6029,-1.9304,66.4921,0.0000,0.0000,0.0000,0.0000,0.0000,0.0000,0.0000,0.0000,0.0000,5.00,3.00,2.00,0.0650,0.0885,0.0349,0,0.000000
6,20.0600,49.2727,79.4903,-66.0138,-0.1612,-0.2429,-0.1867,0.1751,-0.0165,0.0687,35.8266,2.0954,68.7482,-5.3553,3.7235,-1.7746,31.6029,-1.9304,66.4921,0.0000,0.0000,0.0000,0.0000,0.0000,0.0000,0.0000,0.0000,0.0000,5.00,3.00,2.00,0.0650,0.0885,0.0349,0,0.000000
6,20.0800,49.3603,79.4821,-65.9794,0.0764,-0.0072,0.0300,0.1751,-0.0165,0.0687,35.8299,2.0954,68.7459,-5.3553,3.7235,-1.7746,31.6029,-1.9304,66.4921,0.0000,0.0000,0.0000,0.0000,0.0000,0.0000,0.0000,0.0000,0.0000,5.00,3.00,2.00,0.0146,0.0001,0.0009,0,0.000000
6,20.1000,49.4478,79.4738,-65.9451,0.0764,-0.0072,0.0300,0.1751,-0.0165,0.0687,35.8332,2.0955,68.7435,-5.3553,3.7235,-1.7746,31.6029,-1.9304,66.4921,0.0000,0.0000,0.0000,0.0000,0.0000,0.0000,0.0000,0.0000,0.0000,5.00,3.00,2.00,0.0146,0.0001,0.0009,0,0.000000
6,20.1200,49.5354,79.4656,-65.9108,0.0764,-0.0072,0.0300,0.1751,-0.0165,0.0687,35.8365,2.0955,68.7412,-5.3553,3.7235,-1.7746,31.6029,-1.9304,66.4921,0.0000,0.0000,0.0000,0.0000,0.0000,0.0000,0.0000,0.0000,0.0000,5.00,3.00,2.00,0.0146,0.0001,0.0009,0,0.000000
6,20.1400,49.6229,79.4574,-65.8765,0.0764,-0.0072,0.0300,0.1751,-0.0165,0.0687,35.8397,2.0956,68.7388,-5.3553,3.7235,-1.7746,31.6029,-1.9304,66.4921,0.0000,0.0000,0.0000,0.0000,0.0000,0.0000,0.0000,0.0000,0.0000,5.00,3.00,2.00,0.0146,0.0001,0.0009,0,0.000000
6,20.1600,49.7105,79.4491,-65.8421,0.0764,-0.0072,0.0300,-0.3195,-0.1782,-0.0469,35.8430,2.0956,68.7364,0.8209,0.0111,-0.5871,31.6029,-1.9304,66.4921,0.0000,0.0000,0.0000,0.0000,0.0000,0.0000,0.0000,0.0000,0.0000,5.00,3.00,2.00,0.0146,0.0001,0.0009,0,0.000000
6,20.1800,49.5508,79.3600,-65.8656,-0.1394,-0.0778,-0.0204,-0.3195,-0.1782,-0.0469,35.8346,2.0998,68.7387,0.8209,0.0111,-0.5871,31.6029,-1.9304,66.4921,0.0000,0.0000,0.0000,0.0000,0.0000,0.0000,0.0000,0.0000,0.0000,5.00,3.00,2.00,0.0486,0.0091,0.0004,0,0.000000
6,20.2000,49.3910,79.2709,-65.8890,-0.1394,-0.0778,-0.0204,-0.3195,-0.1782,-0.0469,35.8261,2.1040,68.7408,0.8209,0.0111,-0.5871,31.6029,-1.9304,66.4921,0.0000,0.0000,0.0000,0.0000,0.0000,0.0000,0.0000,0.0000,0.0000,5.00,3.00,2.00,0.0486,0.0091,0.0004,0,0.000000
6,20.2200,49.2312,79.1818,-65.9124,-0.1394,-0.0778,-0.0205,-0.3195,-0.1782,-0.0469,35.8177,2.1082,68.7429,0.8209,0.0111,-0.5871,31.6029,-1.9304,66.4921,0.0000,0.0000,0.0000,0.0000,0.0000,0.0000,0.0000,0.0000,0.0000,5.00,3.00,2.00,0.0486,0.0091,0.0004,0,0.000000
6,20.2400,49.0715,79.0926,-65.9358,-0.1394,-0.0778,-0.0204,-0.3195,-0.1782,-0.0469,35.8092,2.1124,68.7450,0.8209,0.0111,-0.5871,31.6029,-1.9304,66.4921,0.0000,0.0000,0.0000,0.0000,0.0000,0.0000,0.0000,0.0000,0.0000,5.00,3.00,2.00,0.0486,0.0091,0.0004,0,0.000000
6,20.2600,48.9117,79.0035,-65.9593,-0.1394,-0.0778,-0.0204,-0.1702,-0.0671,0.1940,35.8008,2.1166,68.7471,-2.1128,1.0478,0.5314,31.6029,-1.9304,66.4921,0.0000,0.0000,0.0000,0.0000,0.0000,0.0000,0.0000,0.0000,0.0000,5.00,3.00,2.00,0.0486,0.0091,0.0004,0,0.000000
6,20.2800,48.8266,78.9700,-65.8623,-0.0743,-0.0293,0.0846,-0.1702,-0.0671,0.1940,35.8000,2.1172,68.7514,-2.1128,1.0478,0.5314,31.6029,-1.9304,66.4921,0.0000,0.0000,0.0000,0.0000,0.0000,0.0000,0.0000,0.0000,0.0000,5.00,3.00,2.00,0.0138,0.0013,0.0072,0,0.000000
6,20.3000,48.7415,78.9364,-65.7653,-0.0743,-0.0293,0.0847,-0.1702,-0.0671,0.1940,35.7992,2.1178,68.7557,-2.1128,1.0478,0.5314,31.6029,-1.9304,66.4921,0.0000,0.0000,0.0000,0.0000,0.0000,0.0000,0.0000,0.0000,0.0000,5.00,3.00,2.00,0.0138,0.0013,0.0072,0,0.000000
6,20.3200,48.6564,78.9028,-65.6683,-0.0743,-0.0293,0.0846,-0.1702,-0.0671,0.1940,35.7984,2.1184,68.7601,-2.1128,1.0478,0.5314,31.6029,-1.9304,66.4921,0.0000,0.0000,0.0000,0.0000,0.0000,0.0000,0.0000,0.0000,0.0000,5.00,3.00,2.00,0.0138,0.0013,0.0072,0,0.000000
6,20.3400,48.5713,78.8692,-65.5713,-0.0743,-0.0293,0.0847,-0.1702,-0.0671,0.1940,35.7976,2.1190,68.7644,-2.1128,1.0478,0.5314,31.6029,-1.9304,66.4921,0.0000,0.0000,0.0000,0.0000,0.0000,0.0000,0.0000,0.0000,0.0000,5.00,3.00,2.00,0.0138,0.0013,0.0072,0,0.000000
6,20.3600,48.4862,78.8357,-65.4743,-0.0743,-0.0293,0.0846,0.0837,0.5776,-0.1469,35.7968,2.1195,68.7688,-0.1993,0.1493,1.0841,31.6029,-1.9304,66.4921,0.0000,0.0000,0.0000,0.0000,0.0000,0.0000,0.0000,0.0000,0.0000,5.00,3.00,2.00,0.0138,0.0013,0.0072,0,0.000000
6,20.3800,48.5281,79.1245,-65.5477,0.0365,0.2521,-0.0641,0.0837,0.5776,-0.1469,35.8058,2.1073,68.7743,-0.1993,0.1493,1.0841,31.6029,-1.9304,66.4921,0.0000,0.0000,0.0000,0.0000,0.0000,0.0000,0.0000,0.0000,0.0000,5.00,3.00,2.00,0.0033,0.0953,0.0041,0,0.000000
6,20.4000,48.5699,79.4133,-65.6212,0.0365,0.2521,-0.0641,0.0837,0.5776,-0.1469,35.8149,2.0951,68.7798,-0.1993,0.1493,1.0841,31.6029,-1.9304,66.4921,0.0000,0.0000,0.0000,0.0000,0.0000,0.0000,0.0000,0.0000,0.0000,5.00,3.00,2.00,0.0033,0.0953,0.0041,0,0.000000
6,20.4200,48.6117,79.7021,-65.6946,0.0365,0.2520,-0.0641,0.0837,0.5776,-0.1469,35.8238,2.0828,68.7852,-0.1993,0.1493,1.0841,31.6029,-1.9304,66.4921,0.0000,0.0000,0.0000,0.0000,0.0000,0.0000,0.0000,0.0000,0.0000,5.00,3.00,2.00,0.0033,0.0953,0.0041,0,0.000000
6,20.4400,48.6536,79.9910,-65.7680,0.0365,0.2520,-0.0641,0.0837,0.5776,-0.1469,35.8328,2.0705,68.7905,-0.1993,0.1493,1.0841,31.6029,-1.9304,66.4921,0.0000,0.0000,0.0000,0.0000,0.0000,0.0000,0.0000,0.0000,0.0000,5.00,3.00,2.00,0.0033,0.0953,0.0041,0,0.000000
6,20.4600,48.6954,80.2798,-65.8415,0.0365,0.2520,-0.0641,0.0627,0.2922,0.0495,35.8417,2.0581,68.7958,2.2470,-3.0718,1.3538,31.6029,-1.9304,66.4921,0.0000,0.0000,0.0000,0.0000,0.0000,0.0000,0.0000,0.0000,0.0000,5.00,3.00,2.00,0.0033,0.0953,0.0041,0,0.000000
6,20.4800,48.7268,80.4259,-65.8167,0.0274,0.1275,0.0216,0.0627,0.2922,0.0495,35.8483,2.0512,68.7998,2.2470,-3.0718,1.3538,31.6029,-1.9304,66.4921,0.0000,0.0000,0.0000,0.0000,0.0000,0.0000,0.0000,0.0000,0.0000,5.00,3.00,2.00,0.0019,0.0244,0.0005,0,0.000000
6,20.5000,48.7581,80.5720,-65.7920,0.0274,0.1275,0.0216,0.0627,0.2922,0.0495,35.8550,2.0443,68.8036,2.2470,-3.0718,1.3538,31.6029,-1.9304,66.4921,0.0000,0.0000,0.0000,0.0000,0.0000,0.0000,0.0000,0.0000,0.0000,5.00,3.00,2.00,0.0019,0.0244,0.0005,0,0.000000
6,20.5200,48.7895,80.7181,-65.7672,0.0274,0.1275,0.0216,0.0627,0.2922,0.0495,35.8616,2.0373,68.8075,2.2470,-3.0718,1.3538,31.6029,-1.9304,66.4921,0.0000,0.0000,0.0000,0.0000,0.0000,0.0000,0.0000,0.0000,0.0000,5.00,3.00,2.00,0.0019,0.0244,0.0005,0,0.000000
6,20.5400,48.8209,80.8642,-65.7425,0.0274,0.1275,0.0216,0.0627,0.2922,0.0495,35.8682,2.0304,68.8114,2.2470,-3.0718,1.3538,31.6029,-1.9304,66.4921,0.0000,0.0000,0.0000,0.0000,0.0000,0.0000,0.0000,0.0000,0.0000,5.00,3.00,2.00,0.0019,0.0244,0.0005,0,0.000000
6,20.5600,48.8523,81.0103,-65.7177,0.0274,0.1275,0.0216,-0.2293,0.2312,-0.2881,35.8747,2.0234,68.8152,1.6512,-1.7365,0.9697,31.6029,-1.9304,66.4921,0.0000,0.0000,0.0000,0.0000,0.0000,0.0000,0.0000,0.0000,0.0000,5.00,3.00,2.00,0.0019,0.0244,0.0005,0,0.000000
6,20.5800,48.7376,81.1259,-65.8618,-0.1000,0.1009,-0.1257,-0.2293,0.2312,-0.2881,35.8709,2.0196,68.8189,1.6512,-1.7365,0.9697,31.6029,-1.9304,66.4921,0.0000,0.0000,0.0000,0.0000,0.0000,0.0000,0.0000,0.0000,0.0000,5.00,3.00,2.00,0.0250,0.0153,0.0158,0,0.000000
6,20.6000,48.6230,81.2415,-66.0059,-0.1000,0.1009,-0.1257,-0.2293,0.2312,-0.2881,35.8671,2.0158,68.8226,1.6512,-1.7365,0.9697,31.6029,-1.9304,66.4921,0.0000,0.0000,0.0000,0.0000,0.0000,0.0000,0.0000,0.0000,0.0000,5.00,3.00,2.00,0.0250,0.0153,0.0158,0,0.000000
6,20.6200,48.5083,81.3571,-66.1500,-0.1000,0.1009,-0.1257,-0.2293,0.2312,-0.2881,35.8632,2.0120,68.8262,1.6512,-1.7365,0.9697,31.6029,-1.9304,66.4921,0.0000,0.0000,0.0000,0.0000,0.0000,0.0000,0.0000,0.0000,0.0000,5.00,3.00,2.00,0.0250,0.0153,0.0158,0,0.000000
6,20.6400,48.3937,81.4727,-66.2940,-0.1000,0.1009,-0.1257,-0.2293,0.2312,-0.2881,35.8593,2.0082,68.8298,1.6512,-1.7365,0.9697,31.6029,-1.9304,66.4921,0.0000,0.0000,0.0000,0.0000,0.0000,0.0000,0.0000,0.0000,0.0000,5.00,3.00,2.00,0.0250,0.0153,0.0158,0,0.000000
6,20.6600,48.2790,81.5883,-66.4381,-0.1000,0.1009,-0.1257,-0.6474,-0.3193,0.0453,35.8555,2.0044,68.8334,-0.9644,-0.9504,0.9109,31.6029,-1.9304,66.4921,0.0000,0.0000,0.0000,0.0000,0.0000,0.0000,0.0000,0.0000,0.0000,5.00,3.00,2.00,0.0250,0.0153,0.0158,0,0.000000
6,20.6800,47.9553,81.4287,-66.4155,-0.2825,-0.1393,0.0198,-0.6474,-0.3193,0.0453,35.8409,2.0115,68.8404,-0.9644,-0.9504,0.9109,31.6029,-1.9304,66.4921,0.0000,0.0000,0.0000,0.0000,0.0000,0.0000,0.0000,0.0000,0.0000,5.00,3.00,2.00,0.1995,0.0291,0.0004,0,0.000000
6,20.7000,47.6317,81.2690,-66.3928,-0.2825,-0.1393,0.0198,-0.6474,-0.3193,0.0453,35.8263,2.0186,68.8472,-0.9644,-0.9504,0.9109,31.6029,-1.9304,66.4921,0.0000,0.0000,0.0000,0.0000,0.0000,0.0000,0.0000,0.0000,0.0000,5.00,3.00,2.00,0.1995,0.0291,0.0004,0,0.000000
6,20.7200,47.3080,81.1093,-66.3702,-0.2825,-0.1393,0.0198,-0.6474,-0.3193,0.0453,35.8117,2.0257,68.8540,-0.9644,-0.9504,0.9109,31.6029,-1.9304,66.4921,0.0000,0.0000,0.0000,0.0000,0.0000,0.0000,0.0000,0.0000,0.0000,5.00,3.00,2.00,0.1995,0.0291,0.0004,0,0.000000
6,20.7400,46.9843,80.9496,-66.3475,-0.2825,-0.1393,0.0198,-0.6474,-0.3193,0.0453,35.7971,2.0327,68.8605,-0.9644,-0.9504,0.9109,31.6029,-1.9304,66.4921,0.0000,0.0000,0.0000,0.0000,0.0000,0.0000,0.0000,0.0000,0.0000,5.00,3.00,2.00,0.1995,0.0291,0.0004,0,0.000000
6,20.7600,46.6606,80.7900,-66.3249,-0.2825,-0.1393,0.0198,-0.0217,-0.0289,0.1004,35.7824,2.0398,68.8670,-3.6531,1.7700,1.6781,31.6029,-1.9304,66.4921,0.0000,0.0000,0.0000,0.0000,0.0000,0.0000,0.0000,0.0000,0.0000,5.00,3.00,2.00,0.1995,0.0291,0.0004,0,0.000000
6,20.7800,46.6497,80.7755,-66.2747,-0.0095,-0.0126,0.0438,-0.0217,-0.0289,0.1004,35.7830,2.0399,68.8683,-3.6531,1.7700,1.6781,31.6029,-1.9304,66.4921,0.0000,0.0000,0.0000,0.0000,0.0000,0.0000,0.0000,0.0000,0.0000,5.00,3.00,2.00,0.0002,0.0002,0.0019,0,0.000000
6,20.8000,46.6389,80.7610,-66.2245,-0.0095,-0.0126,0.0438,-0.0217,-0.0289,0.1004,35.7836,2.0401,68.8695,-3.6531,1.7700,1.6781,31.6029,-1.9304,66.4921,0.0000,0.0000,0.0000,0.0000,0.0000,0.0000,0.0000,0.0000,0.0000,5.00,3.00,2.00,0.0002,0.0002,0.0019,0,0.000000
6,20.8200,46.6280,80.7465,-66.1743,-0.0095,-0.0126,0.0438,-0.0217,-0.0289,0.1004,35.7842,2.0402,68.8708,-3.6531,1.7700,1.6781,31.6029,-1.9304,66.4921,0.0000,0.0000,0.0000,0.0000,0.0000,0.0000,0.0000,0.0000,0.0000,5.00,3.00,2.00,0.0002,0.0002,0.0019,0,0.000000
6,20.8400,46.6172,80.7321,-66.1241,-0.0095,-0.0126,0.0438,-0.0217,-0.0289,0.1004,35.7849,2.0404,68.8721,-3.6531,1.7700,1.6781,31.6029,-1.9304,66.4921,0.0000,0.0000,0.0000,0.0000,0.0000,0.0000,0.0000,0.0000,0.0000,5.00,3.00,2.00,0.0002,0.0002,0.0019,0,0.000000
6,20.8600,46.6063,80.7176,-66.0739,-0.0095,-0.0126,0.0438,-0.4614,0.0918,-0.8127,35.7855,2.0405,68.8733,0.1537,0.0376,0.3159,31.6029,-1.9304,66.4921,0.0000,0.0000,0.0000,0.0000,0.0000,0.0000,0.0000,0.0000,0.0000,5.00,3.00,2.00,0.0002,0.0002,0.0019,0,0.000000
6,20.8800,46.3756,80.7635,-66.4803,-0.2013,0.0401,-0.3546,-0.4614,0.0918,-0.8127,35.7682,2.0425,68.8714,0.1537,0.0376,0.3159,31.6029,-1.9304,66.4921,0.0000,0.0000,0.0000,0.0000,0.0000,0.0000,0.0000,0.0000,0.0000,5.00,3.00,2.00,0.1013,0.0024,0.1257,0,0.000000
6,20.9000,46.1448,80.8094,-66.8866,-0.2013,0.0400,-0.3546,-0.4614,0.0918,-0.8127,35.7510,2.0445,68.8694,0.1537,0.0376,0.3159,31.6029,-1.9304,66.4921,0.0000,0.0000,0.0000,0.0000,0.0000,0.0000,0.0000,0.0000,0.0000,5.00,3.00,2.00,0.1013,0.0024,0.1257,0,0.000000
6,20.9200,45.9141,80.8553,-67.2929,-0.2013,0.0401,-0.3546,-0.4614,0.0918,-0.8127,35.7338,2.0463,68.8672,0.1537,0.0376,0.3159,31.6029,-1.9304,66.4921,0.0000,0.0000,0.0000,0.0000,0.0000,0.0000,0.0000,0.0000,0.0000,5.00,3.00,2.00,0.1013,0.0024,0.1257,0,0.000000
6,20.9400,45.6834,80.9012,-67.6993,-0.2013,0.0401,-0.3546,-0.4614,0.0918,-0.8127,35.7166,2.0480,68.8649,0.1537,0.0376,0.3159,31.6029,-1.9304,66.4921,0.0000,0.0000,0.0000,0.0000,0.0000,0.0000,0.0000,0.0000,0.0000,5.00,3.00,2.00,0.1013,0.0024,0.1257,0,0.000000
6,20.9600,45.4527,80.9471,-68.1056,-0.2013,0.0401,-0.3546,-0.1100,0.2759,-0.2092,35.6995,2.0497,68.8625,-4.3007,0.4578,-0.5390,31.6029,-1.9304,66.4921,0.0000,0.0000,0.0000,0.0000,0.0000,0.0000,0.0000,0.0000,0.0000,5.00,3.00,2.00,0.1013,0.0024,0.1257,0,0.000000
6,20.9800,45.3977,81.0850,-68.2102,-0.0480,0.1204,-0.0913,-0.1100,0.2759,-0.2092,35.6992,2.0445,68.8657,-4.3007,0.4578,-0.5390,31.6029,-1.9304,66.4921,0.0000,0.0000,0.0000,0.0000,0.0000,0.0000,0.0000,0.0000,0.0000,5.00,3.00,2.00,0.0058,0.0217,0.0083,0,0.000000
6,21.0000,45.3427,81.2230,-68.3148,-0.0480,0.1204,-0.0913,-0.1100,0.2759,-0.2092,35.6990,2.0393,68.8689,-4.3007,0.4578,-0.5390,31.6029,-1.9304,66.4921,0.0000,0.0000,0.0000,0.0000,0.0000,0.0000,0.0000,0.0000,0.0000,5.00,3.00,2.00,0.0058,0.0217,0.0083,0,0.000000
6,21.0200,45.2877,81.3609,-68.4193,-0.0480,0.1204,-0.0913,-0.1100,0.2759,-0.2092,35.6987,2.0341,68.8721,-4.3007,0.4578,-0.5390,31.6029,-1.9304,66.4921,0.0000,0.0000,0.0000,0.0000,0.0000,0.0000,0.0000,0.0000,0.0000,5.00,3.00,2.00,0.0058,0.0217,0.0083,0,0.000000
6,21.0400,45.2327,81.4989,-68.5239,-0.0480,0.1204,-0.0913,-0.1100,0.2759,-0.2092,35.6985,2.0289,68.8753,-4.3007,0.4578,-0.5390,31.6029,-1.9304,66.4921,0.0000,0.0000,0.0000,0.0000,0.0000,0.0000,0.0000,0.0000,0.0000,5.00,3.00,2.00,0.0058,0.0217,0.0083,0,0.000000
6,21.0600,45.1777,81.6368,-68.6285,-0.0480,0.1204,-0.0913,0.3399,0.2679,-0.4713,35.6982,2.0237,68.8785,-0.0639,-1.2993,0.7977,31.6029,-1.9304,66.4921,0.0000,0.0000,0.0000,0.0000,0.0000,0.0000,0.0000,0.0000,0.0000,5.00,3.00,2.00,0.0058,0.0217,0.0083,0,0.000000
6,21.0800,45.3476,81.7708,-68.8642,0.1483,0.1169,-0.2057,0.3399,0.2679,-0.4713,35.7012,2.0199,68.8708,-0.0639,-1.2993,0.7977,31.6029,-1.9304,66.4921,0.0000,0.0000,0.0000,0.0000,0.0000,0.0000,0.0000,0.0000,0.0000,5.00,3.00,2.00,0.0550,0.0205,0.0423,0,0.000000
6,21.1000,45.5176,81.9048,-69.0998,0.1483,0.1169,-0.2057,0.3399,0.2679,-0.4713,35.7041,2.0160,68.8631,-0.0639,-1.2993,0.7977,31.6029,-1.9304,66.4921,0.0000,0.0000,0.0000,0.0000,0.0000,0.0000,0.0000,0.0000,0.0000,5.00,3.00,2.00,0.0550,0.0205,0.0423,0,0.000000
6,21.1200,45.6875,82.0387,-69.3355,0.1483,0.1169,-0.2057,0.3399,0.2679,-0.4713,35.7070,2.0122,68.8553,-0.0639,-1.2993,0.7977,31.6029,-1.9304,66.4921,0.0000,0.0000,0.0000,0.0000,0.0000,0.0000,0.0000,0.0000,0.0000,5.00,3.00,2.00,0.0550,0.0205,0.0423,0,0.000000
6,21.1400,45.8575,82.1727,-69.5712,0.1483,0.1169,-0.2057,0.3399,0.2679,-0.4713,35.7099,2.0083,68.8476,-0.0639,-1.2993,0.7977,31.6029,-1.9304,66.4921,0.0000,0.0000,0.0000,0.0000,0.0000,0.0000,0.0000,0.0000,0.0000,5.00,3.00,2.00,0.0550,0.0205,0.0423,0,0.000000
6,21.1600,46.0274,82.3067,-69.8069,0.1483,0.1169,-0.2057,0.0108,-0.0342,-0.2642,35.7127,2.0044,68.8398,0.7263,-0.9640,-1.9329,31.6029,-1.9304,66.4921,0.0000,0.0000,0.0000,0.0000,0.0000,0.0000,0.0000,0.0000,0.0000,5.00,3.00,2.00,0.0550,0.0205,0.0423,0,0.000000
6,21.1800,46.0328,82.2896,-69.9389,0.0047,-0.0149,-0.1153,0.0108,-0.0342,-0.2642,35.7086,2.0063,68.8355,0.7263,-0.9640,-1.9329,31.6029,-1.9304,66.4921,0.0000,0.0000,0.0000,0.0000,0.0000,0.0000,0.0000,0.0000,0.0000,5.00,3.00,2.00,0.0001,0.0003,0.0133,0,0.000000
6,21.2000,46.0382,82.2725,-70.0710,0.0047,-0.0149,-0.1153,0.0108,-0.0342,-0.2642,35.7044,2.0082,68.8312,0.7263,-0.9640,-1.9329,31.6029,-1.9304,66.4921,0.0000,0.0000,0.0000,0.0000,0.0000,0.0000,0.0000,0.0000,0.0000,5.00,3.00,2.00,0.0001,0.0003,0.0133,0,0.000000
6,21.2200,46.0436,82.2554,-70.2031,0.0047,-0.0149,-0.1153,0.0108,-0.0342,-0.2642,35.7003,2.0101,68.8269,0.7263,-0.9640,-1.9329,31.6029,-1.9304,66.4921,0.0000,0.0000,0.0000,0.0000,0.0000,0.0000,0.0000,0.0000,0.0000,5.00,3.00,2.00,0.0001,0.0003,0.0133,0,0.000000
6,21.2400,46.0490,82.2383,-70.3352,0.0047,-0.0149,-0.1153,0.0108,-0.0342,-0.2642,35.6962,2.0119,68.8226,0.7263,-0.9640,-1.9329,31.6029,-1.9304,66.4921,0.0000,0.0000,0.0000,0.0000,0.0000,0.0000,0.0000,0.0000,0.0000,5.00,3.00,2.00,0.0001,0.0003,0.0133,0,0.000000
6,21.2600,46.0543,82.2212,-70.4673,0.0047,-0.0149,-0.1153,0.0672,-0.1965,0.4567,35.6920,2.0138,68.8182,-1.0338,0.4685,-1.0799,31.6029,-1.9304,66.4921,0.0000,0.0000,0.0000,0.0000,0.0000,0.0000,0.0000,0.0000,0.0000,5.00,3.00,2.00,0.0001,0.0003,0.0133,0,0.000000
6,21.2800,46.0879,82.1230,-70.2390,0.0293,-0.0857,0.1993,0.0672,-0.1965,0.4567,35.6964,2.0162,68.8204,-1.0338,0.4685,-1.0799,31.6029,-1.9304,66.4921,0.0000,0.0000,0.0000,0.0000,0.0000,0.0000,0.0000,0.0000,0.0000,5.00,3.00,2.00,0.0021,0.0110,0.0397,0,0.000000
6,21.3000,46.1215,82.0248,-70.0106,0.0293,-0.0857,0.1993,0.0672,-0.1965,0.4567,35.7008,2.0186,68.8226,-1.0338,0.4685,-1.0799,31.6029,-1.9304,66.4921,0.0000,0.0000,0.0000,0.0000,0.0000,0.0000,0.0000,0.0000,0.0000,5.00,3.00,2.00,0.0021,0.0110,0.0397,0,0.000000
6,21.3200,46.1551,81.9265,-69.7823,0.0293,-0.0857,0.1993,0.0672,-0.1965,0.4567,35.7052,2.0210,68.8247,-1.0338,0.4685,-1.0799,31.6029,-1.9304,66.4921,0.0000,0.0000,0.0000,0.0000,0.0000,0.0000,0.0000,0.0000,0.0000,5.00,3.00,2.00,0.0021,0.0110,0.0397,0,0.000000
6,21.3400,46.1887,81.8283,-69.5539,0.0293,-0.0857,0.1993,0.0672,-0.1965,0.4567,35.7095,2.0234,68.8269,-1.0338,0.4685,-1.0799,31.6029,-1.9304,66.4921,0.0000,0.0000,0.0000,0.0000,0.0000,0.0000,0.0000,0.0000,0.0000,5.00,3.00,2.00,0.0021,0.0110,0.0397,0,0.000000
6,21.3600,46.2223,81.7300,-69.3256,0.0293,-0.0857,0.1993,-0.1374,0.1530,-0.2355,35.7139,2.0258,68.8290,1.0937,0.5982,0.5386,31.6029,-1.9304,66.4921,0.0000,0.0000,0.0000,0.0000,0.0000,0.0000,0.0000,0.0000,0.0000,5.00,3.00,2.00,0.0021,0.0110,0.0397,0,0.000000
6,21.3800,46.1536,81.8066,-69.4433,-0.0599,0.0668,-0.1027,-0.1374,0.1530,-0.2355,35.7109,2.0234,68.8304,1.0937,0.5982,0.5386,31.6029,-1.9304,66.4921,0.0000,0.0000,0.0000,0.0000,0.0000,0.0000,0.0000,0.0000,0.0000,5.00,3.00,2.00,0.0090,0.0067,0.0106,0,0.000000
6,21.4000,46.0850,81.8831,-69.5610,-0.0599,0.0668,-0.1027,-0.1374,0.1530,-0.2355,35.7079,2.0210,68.8317,1.0937,0.5982,0.5386,31.6029,-1.9304,66.4921,0.0000,0.0000,0.0000,0.0000,0.0000,0.0000,0.0000,0.0000,0.0000,5.00,3.00,2.00,0.0090,0.0067,0.0106,0,0.000000
6,21.4200,46.0163,81.9596,-69.6787,-0.0599,0.0668,-0.1027,-0.1374,0.1530,-0.2355,35.7049,2.0187,68.8330,1.0937,0.5982,0.5386,31.6029,-1.9304,66.4921,0.0000,0.0000,0.0000,0.0000,0.0000,0.0000,0.0000,0.0000,0.0000,5.00,3.00,2.00,0.0090,0.0067,0.0106,0,0.000000
6,21.4400,45.9476,82.0361,-69.7965,-0.0599,0.0668,-0.1027,-0.1374,0.1530,-0.2355,35.7019,2.0163,68.8343,1.0937,0.5982,0.5386,31.6029,-1.9304,66.4921,0.0000,0.0000,0.0000,0.0000,0.0000,0.0000,0.0000,0.0000,0.0000,5.00,3.00,2.00,0.0090,0.0067,0.0106,0,0.000000
6,21.4600,45.8789,82.1127,-69.9142,-0.0599,0.0668,-0.1027,0.3480,-0.0049,-0.1653,35.6989,2.0139,68.8356,-0.7494,-0.5914,0.3311,31.6029,-1.9304,66.4921,0.0000,0.0000,0.0000,0.0000,0.0000,0.0000,0.0000,0.0000,0.0000,5.00,3.00,2.00,0.0090,0.0067,0.0106,0,0.000000
6,21.4800,46.0529,82.1102,-69.9968,0.1519,-0.0021,-0.0721,0.3480,-0.0049,-0.1653,35.7018,2.0147,68.8278,-0.7494,-0.5914,0.3311,31.6029,-1.9304,66.4921,0.0000,0.0000,0.0000,0.0000,0.0000,0.0000,0.0000,0.0000,0.0000,5.00,3.00,2.00,0.0577,0.0000,0.0052,0,0.000000
6,21.5000,46.2269,82.1078,-70.0795,0.1519,-0.0021,-0.0721,0.3480,-0.0049,-0.1653,35.7047,2.0155,68.8199,-0.7494,-0.5914,0.3311,31.6029,-1.9304,66.4921,0.0000,0.0000,0.0000,0.0000,0.0000,0.0000,0.0000,0.0000,0.0000,5.00,3.00,2.00,0.0577,0.0000,0.0052,0,0.000000
6,21.5200,46.4010,82.1054,-70.1621,0.1519,-0.0021,-0.0721,0.3480,-0.0049,-0.1653,35.7075,2.0163,68.8121,-0.7494,-0.5914,0.3311,31.6029,-1.9304,66.4921,0.0000,0.0000,0.0000,0.0000,0.0000,0.0000,0.0000,0.0000,0.0000,5.00,3.00,2.00,0.0577,0.0000,0.0052,0,0.000000
6,21.5400,46.5750,82.1030,-70.2447,0.1519,-0.0021,-0.0721,0.3480,-0.0049,-0.1653,35.7104,2.0171,68.8042,-0.7494,-0.5914,0.3311,31.6029,-1.9304,66.4921,0.0000,0.0000,0.0000,0.0000,0.0000,0.0000,0.0000,0.0000,0.0000,5.00,3.00,2.00,0.0577,0.0000,0.0052,0,0.000000
6,21.5600,46.7490,82.1005,-70.3273,0.1519,-0.0021,-0.0721,-0.1535,0.2100,-0.3161,35.7131,2.0179,68.7963,0.7111,0.2000,-1.9653,31.6029,-1.9304,66.4921,0.0000,0.0000,0.0000,0.0000,0.0000,0.0000,0.0000,0.0000,0.0000,5.00,3.00,2.00,0.0577,0.0000,0.0052,0,0.000000
6,21.5800,46.6723,82.2055,-70.4854,-0.0670,0.0916,-0.1379,-0.1535,0.2100,-0.3161,35.7097,2.0146,68.7977,0.7111,0.2000,-1.9653,31.6029,-1.9304,66.4921,0.0000,0.0000,0.0000,0.0000,0.0000,0.0000,0.0000,0.0000,0.0000,5.00,3.00,2.00,0.0112,0.0126,0.0190,0,0.000000
6,21.6000,46.5955,82.3106,-70.6435,-0.0670,0.0916,-0.1379,-0.1535,0.2100,-0.3161,35.7062,2.0113,68.7990,0.7111,0.2000,-1.9653,31.6029,-1.9304,66.4921,0.0000,0.0000,0.0000,0.0000,0.0000,0.0000,0.0000,0.0000,0.0000,5.00,3.00,2.00,0.0112,0.0126,0.0190,0,0.000000
6,21.6200,46.5188,82.4156,-70.8015,-0.0670,0.0916,-0.1379,-0.1535,0.2100,-0.3161,35.7027,2.0080,68.8004,0.7111,0.2000,-1.9653,31.6029,-1.9304,66.4921,0.0000,0.0000,0.0000,0.0000,0.0000,0.0000,0.0000,0.0000,0.0000,5.00,3.00,2.00,0.0112,0.0126,0.0190,0,0.000000
6,21.6400,46.4421,82.5206,-70.9596,-0.0670,0.0916,-0.1379,-0.1535,0.2100,-0.3161,35.6993,2.0047,68.8017,0.7111,0.2000,-1.9653,31.6029,-1.9304,66.4921,0.0000,0.0000,0.0000,0.0000,0.0000,0.0000,0.0000,0.0000,0.0000,5.00,3.00,2.00,0.0112,0.0126,0.0190,0,0.000000
6,21.6600,46.3653,82.6256,-71.1176,-0.0670,0.0916,-0.1379,-0.6127,-0.2550,-0.1468,35.6958,2.0014,68.8030,-0.8669,-0.8261,0.3345,31.6029,-1.9304,66.4921,0.0000,0.0000,0.0000,0.0000,0.0000,0.0000,0.0000,0.0000,0.0000,5.00,3.00,2.00,0.0112,0.0126,0.0190,0,0.000000
6,21.6800,46.0590,82.4981,-71.1910,-0.2673,-0.1113,-0.0641,-0.6127,-0.2550,-0.1468,35.6804,2.0075,68.8068,-0.8669,-0.8261,0.3345,31.6029,-1.9304,66.4921,0.0000,0.0000,0.0000,0.0000,0.0000,0.0000,0.0000,0.0000,0.0000,5.00,3.00,2.00,0.1787,0.0186,0.0041,0,0.000000
6,21.7000,45.7527,82.3706,-71.2644,-0.2673,-0.1113,-0.0641,-0.6127,-0.2550,-0.1468,35.6650,2.0137,68.8103,-0.8669,-0.8261,0.3345,31.6029,-1.9304,66.4921,0.0000,0.0000,0.0000,0.0000,0.0000,0.0000,0.0000,0.0000,0.0000,5.00,3.00,2.00,0.1787,0.0186,0.0041,0,0.000000
6,21.7200,45.4463,82.2431,-71.3379,-0.2673,-0.1113,-0.0641,-0.6127,-0.2550,-0.1468,35.6496,2.0197,68.8138,-0.8669,-0.8261,0.3345,31.6029,-1.9304,66.4921,0.0000,0.0000,0.0000,0.0000,0.0000,0.0000,0.0000,0.0000,0.0000,5.00,3.00,2.00,0.1787,0.0186,0.0041,0,0.000000
6,21.7400,45.1400,82.1156,-71.4113,-0.2673,-0.1113,-0.0641,-0.6127,-0.2550,-0.1468,35.6342,2.0258,68.8172,-0.8669,-0.8261,0.3345,31.6029,-1.9304,66.4921,0.0000,0.0000,0.0000,0.0000,0.0000,0.0000,0.0000,0.0000,0.0000,5.00,3.00,2.00,0.1786,0.0186,0.0041,0,0.000000
6,21.7600,44.8337,81.9881,-71.4847,-0.2673,-0.1113,-0.0641,-0.1552,-0.1150,0.1157,35.6188,2.0318,68.8204,-3.8519,1.5214,0.8682,31.6029,-1.9304,66.4921,0.0000,0.0000,0.0000,0.0000,0.0000,0.0000,0.0000,0.0000,0.0000,5.00,3.00,2.00,0.1787,0.0186,0.0041,0,0.000000
6,21.7800,44.7561,81.9306,-71.4268,-0.0677,-0.0502,0.0505,-0.1552,-0.1150,0.1157,35.6162,2.0339,68.8225,-3.8519,1.5214,0.8682,31.6029,-1.9304,66.4921,0.0000,0.0000,0.0000,0.0000,0.0000,0.0000,0.0000,0.0000,0.0000,5.00,3.00,2.00,0.0115,0.0038,0.0026,0,0.000000
6,21.8000,44.6785,81.8731,-71.3689,-0.0677,-0.0502,0.0505,-0.1552,-0.1150,0.1157,35.6136,2.0359,68.8247,-3.8519,1.5214,0.8682,31.6029,-1.9304,66.4921,0.0000,0.0000,0.0000,0.0000,0.0000,0.0000,0.0000,0.0000,0.0000,5.00,3.00,2.00,0.0115,0.0038,0.0026,0,0.000000
6,21.8200,44.6009,81.8156,-71.3111,-0.0677,-0.0502,0.0505,-0.1552,-0.1150,0.1157,35.6111,2.0379,68.8268,-3.8519,1.5214,0.8682,31.6029,-1.9304,66.4921,0.0000,0.0000,0.0000,0.0000,0.0000,0.0000,0.0000,0.0000,0.0000,5.00,3.00,2.00,0.0115,0.0038,0.0026,0,0.000000
6,21.8400,44.5233,81.7582,-71.2532,-0.0677,-0.0502,0.0505,-0.1552,-0.1150,0.1157,35.6085,2.0400,68.8290,-3.8519,1.5214,0.8682,31.6029,-1.9304,66.4921,0.0000,0.0000,0.0000,0.0000,0.0000,0.0000,0.0000,0.0000,0.0000,5.00,3.00,2.00,0.0115,0.0038,0.0026,0,0.000000
6,21.8600,44.4457,81.7007,-71.1953,-0.0677,-0.0502,0.0505,0.4521,0.2181,0.1793,35.6059,2.0420,68.8311,-0.6409,0.5100,0.5352,31.6029,-1.9304,66.4921,0.0000,0.0000,0.0000,0.0000,0.0000,0.0000,0.0000,0.0000,0.0000,5.00,3.00,2.00,0.0115,0.0038,0.0026,0,0.000000
6,21.8800,44.6717,81.8098,-71.1057,0.1973,0.0952,0.0782,0.4521,0.2181,0.1793,35.6188,2.0367,68.8303,-0.6409,0.5100,0.5352,31.6029,-1.9304,66.4921,0.0000,0.0000,0.0000,0.0000,0.0000,0.0000,0.0000,0.0000,0.0000,5.00,3.00,2.00,0.0973,0.0136,0.0061,0,0.000000
6,21.9000,44.8978,81.9188,-71.0160,0.1973,0.0952,0.0782,0.4521,0.2181,0.1793,35.6317,2.0313,68.8294,-0.6409,0.5100,0.5352,31.6029,-1.9304,66.4921,0.0000,0.0000,0.0000,0.0000,0.0000,0.0000,0.0000,0.0000,0.0000,5.00,3.00,2.00,0.0973,0.0136,0.0061,0,0.000000
6,21.9200,45.1239,82.0279,-70.9264,0.1973,0.0952,0.0782,0.4521,0.2181,0.1793,35.6445,2.0259,68.8285,-0.6409,0.5100,0.5352,31.6029,-1.9304,66.4921,0.0000,0.0000,0.0000,0.0000,0.0000,0.0000,0.0000,0.0000,0.0000,5.00,3.00,2.00,0.0973,0.0136,0.0061,0,0.000000
6,21.9400,45.3499,82.1370,-70.8368,0.1973,0.0952,0.0782,0.4521,0.2181,0.1793,35.6574,2.0204,68.8274,-0.6409,0.5100,0.5352,31.6029,-1.9304,66.4921,0.0000,0.0000,0.0000,0.0000,0.0000,0.0000,0.0000,0.0000,0.0000,5.00,3.00,2.00,0.0973,0.0136,0.0061,0,0.000000
6,21.9600,45.5760,82.2460,-70.7472,0.1973,0.0952,0.0782,-0.3840,-0.5100,-0.0532,35.6703,2.0150,68.8263,3.2181,-1.3523,-0.2396,31.6029,-1.9304,66.4921,0.0000,0.0000,0.0000,0.0000,0.0000,0.0000,0.0000,0.0000,0.0000,5.00,3.00,2.00,0.0973,0.0136,0.0061,0,0.000000
6,21.9800,45.3840,81.9910,-70.7738,-0.1675,-0.2225,-0.0232,-0.3840,-0.5100,-0.0532,35.6556,2.0263,68.8236,3.2181,-1.3523,-0.2396,31.6029,-1.9304,66.4921,0.0000,0.0000,0.0000,0.0000,0.0000,0.0000,0.0000,0.0000,0.0000,5.00,3.00,2.00,0.0702,0.0743,0.0005,0,0.000000
6,22.0000,45.1920,81.7360,-70.8004,-0.1675,-0.2225,-0.0232,-0.3840,-0.5100,-0.0532,35.6409,2.0375,68.8207,3.2181,-1.3523,-0.2396,31.6029,-1.9304,66.4921,0.0000,0.0000,0.0000,0.0000,0.0000,0.0000,0.0000,0.0000,0.0000,5.00,3.00,2.00,0.0702,0.0743,0.0005,0,0.000000
6,22.0200,45.0001,81.4810,-70.8270,-0.1675,-0.2225,-0.0232,-0.3840,-0.5100,-0.0532,35.6262,2.0487,68.8177,3.2181,-1.3523,-0.2396,31.6029,-1.9304,66.4921,0.0000,0.0000,0.0000,0.0000,0.0000,0.0000,0.0000,0.0000,0.0000,5.00,3.00,2.00,0.0702,0.0743,0.0005,0,0.000000
6,22.0400,44.8081,81.2260,-70.8536,-0.1675,-0.2225,-0.0232,-0.3840,-0.5100,-0.0532,35.6115,2.0599,68.8146,3.2181,-1.3523,-0.2396,31.6029,-1.9304,66.4921,0.0000,0.0000,0.0000,0.0000,0.0000,0.0000,0.0000,0.0000,0.0000,5.00,3.00,2.00,0.0702,0.0743,0.0005,0,0.000000
6,22.0600,44.6161,80.9710,-70.8802,-0.1675,-0.2225,-0.0232,-0.3528,0.1156,0.0092,35.5968,2.0709,68.8114,-3.6747,2.7969,-0.7431,31.6029,-1.9304,66.4921,0.0000,0.0000,0.0000,0.0000,0.0000,0.0000,0.0000,0.0000,0.0000,5.00,3.00,2.00,0.0702,0.0743,0.0005,0,0.000000
6,22.0800,44.4397,81.0288,-70.8756,-0.1540,0.0505,0.0040,-0.3528,0.1156,0.0092,35.5934,2.0684,68.8187,-3.6747,2.7969,-0.7431,31.6029,-1.9304,66.4921,0.0000,0.0000,0.0000,0.0000,0.0000,0.0000,0.0000,0.0000,0.0000,5.00,3.00,2.00,0.0593,0.0038,0.0000,0,0.000000
6,22.1000,44.2633,81.0866,-70.8711,-0.1540,0.0504,0.0040,-0.3528,0.1156,0.0092,35.5900,2.0659,68.8260,-3.6747,2.7969,-0.7431,31.6029,-1.9304,66.4921,0.0000,0.0000,0.0000,0.0000,0.0000,0.0000,0.0000,0.0000,0.0000,5.00,3.00,2.00,0.0593,0.0038,0.0000,0,0.000000
6,22.1200,44.0869,81.1445,-70.8665,-0.1540,0.0505,0.0040,-0.3528,0.1156,0.0092,35.5866,2.0634,68.8332,-3.6747,2.7969,-0.7431,31.6029,-1.9304,66.4921,0.0000,0.0000,0.0000,0.0000,0.0000,0.0000,0.0000,0.0000,0.0000,5.00,3.00,2.00,0.0593,0.0038,0.0000,0,0.000000
6,22.1400,43.9104,81.2023,-70.8619,-0.1540,0.0505,0.0040,-0.3528,0.1156,0.0092,35.5831,2.0609,68.8405,-3.6747,2.7969,-0.7431,31.6029,-1.9304,66.4921,0.0000,0.0000,0.0000,0.0000,0.0000,0.0000,0.0000,0.0000,0.0000,5.00,3.00,2.00,0.0593,0.0038,0.0000,0,0.000000
6,22.1600,43.7340,81.2601,-70.8573,-0.1540,0.0504,0.0040,-0.2572,-0.0088,-0.0956,35.5796,2.0584,68.8477,-0.8615,-0.6248,1.8131,31.6029,-1.9304,66.4921,0.0000,0.0000,0.0000,0.0000,0.0000,0.0000,0.0000,0.0000,0.0000,5.00,3.00,2.00,0.0593,0.0038,0.0000,0,0.000000
6,22.1800,43.6054,81.2557,-70.9051,-0.1122,-0.0038,-0.0417,-0.2572,-0.0088,-0.0956,35.5742,2.0590,68.8500,-0.8615,-0.6248,1.8131,31.6029,-1.9304,66.4921,0.0000,0.0000,0.0000,0.0000,0.0000,0.0000,0.0000,0.0000,0.0000,5.00,3.00,2.00,0.0315,0.0000,0.0017,0,0.000000
6,22.2000,43.4768,81.2513,-70.9529,-0.1122,-0.0038,-0.0417,-0.2572,-0.0088,-0.0956,35.5687,2.0595,68.8522,-0.8615,-0.6248,1.8131,31.6029,-1.9304,66.4921,0.0000,0.0000,0.0000,0.0000,0.0000,0.0000,0.0000,0.0000,0.0000,5.00,3.00,2.00,0.0315,0.0000,0.0017,0,0.000000
6,22.2200,43.3482,81.2469,-71.0008,-0.1122,-0.0038,-0.0417,-0.2572,-0.0088,-0.0956,35.5633,2.0600,68.8545,-0.8615,-0.6248,1.8131,31.6029,-1.9304,66.4921,0.0000,0.0000,0.0000,0.0000,0.0000,0.0000,0.0000,0.0000,0.0000,5.00,3.00,2.00,0.0315,0.0000,0.0017,0,0.000000
6,22.2400,43.2196,81.2425,-71.0486,-0.1122,-0.0038,-0.0417,-0.2572,-0.0088,-0.0956,35.5579,2.0606,68.8567,-0.8615,-0.6248,1.8131,31.6029,-1.9304,66.4921,0.0000,0.0000,0.0000,0.0000,0.0000,0.0000,0.0000,0.0000,0.0000,5.00,3.00,2.00,0.0315,0.0000,0.0017,0,0.000000
6,22.2600,43.0910,81.2381,-71.0964,-0.1122,-0.0038,-0.0417,0.2137,0.2937,0.2135,35.5524,2.0611,68.8589,-1.3575,0.1329,0.5623,31.6029,-1.9304,66.4921,0.0000,0.0000,0.0000,0.0000,0.0000,0.0000,0.0000,0.0000,0.0000,5.00,3.00,2.00,0.0315,0.0000,0.0017,0,0.000000
6,22.2800,43.1978,81.3850,-70.9896,0.0932,0.1281,0.0932,0.2137,0.2937,0.2135,35.5632,2.0540,68.8638,-1.3575,0.1329,0.5623,31.6029,-1.9304,66.4921,0.0000,0.0000,0.0000,0.0000,0.0000,0.0000,0.0000,0.0000,0.0000,5.00,3.00,2.00,0.0217,0.0246,0.0087,0,0.000000
6,22.3000,43.3047,81.5318,-70.8829,0.0932,0.1281,0.0932,0.2137,0.2937,0.2135,35.5740,2.0470,68.8685,-1.3575,0.1329,0.5623,31.6029,-1.9304,66.4921,0.0000,0.0000,0.0000,0.0000,0.0000,0.0000,0.0000,0.0000,0.0000,5.00,3.00,2.00,0.0217,0.0246,0.0087,0,0.000000
6,22.3200,43.4115,81.6787,-70.7761,0.0932,0.1281,0.0932,0.2137,0.2937,0.2135,35.5848,2.0398,68.8732,-1.3575,0.1329,0.5623,31.6029,-1.9304,66.4921,0.0000,0.0000,0.0000,0.0000,0.0000,0.0000,0.0000,0.0000,0.0000,5.00,3.00,2.00,0.0217,0.0246,0.0087,0,0.000000
6,22.3400,43.5183,81.8255,-70.6693,0.0932,0.1281,0.0932,0.2137,0.2937,0.2135,35.5955,2.0327,68.8779,-1.3575,0.1329,0.5623,31.6029,-1.9304,66.4921,0.0000,0.0000,0.0000,0.0000,0.0000,0.0000,0.0000,0.0000,0.0000,5.00,3.00,2.00,0.0217,0.0246,0.0087,0,0.000000
6,22.3600,43.6252,81.9723,-70.5626,0.0932,0.1281,0.0932,0.4833,-0.3079,0.1475,35.6063,2.0254,68.8825,2.6958,-1.7827,1.1787,31.6029,-1.9304,66.4921,0.0000,0.0000,0.0000,0.0000,0.0000,0.0000,0.0000,0.0000,0.0000,5.00,3.00,2.00,0.0217,0.0246,0.0087,0,0.000000
6,22.3800,43.8668,81.8184,-70.4888,0.2109,-0.1343,0.0644,0.4833,-0.3079,0.1475,35.6112,2.0315,68.8724,2.6958,-1.7827,1.1787,31.6029,-1.9304,66.4921,0.0000,0.0000,0.0000,0.0000,0.0000,0.0000,0.0000,0.0000,0.0000,5.00,3.00,2.00,0.1112,0.0271,0.0041,0,0.000000
6,22.4000,44.1084,81.6645,-70.4151,0.2109,-0.1343,0.0644,0.4833,-0.3079,0.1475,35.6160,2.0376,68.8623,2.6958,-1.7827,1.1787,31.6029,-1.9304,66.4921,0.0000,0.0000,0.0000,0.0000,0.0000,0.0000,0.0000,0.0000,0.0000,5.00,3.00,2.00,0.1112,0.0271,0.0041,0,0.000000
6,22.4200,44.3501,81.5105,-70.3413,0.2109,-0.1343,0.0644,0.4833,-0.3079,0.1475,35.6207,2.0437,68.8521,2.6958,-1.7827,1.1787,31.6029,-1.9304,66.4921,0.0000,0.0000,0.0000,0.0000,0.0000,0.0000,0.0000,0.0000,0.0000,5.00,3.00,2.00,0.1112,0.0271,0.0041,0,0.000000
6,22.4400,44.5917,81.3566,-70.2675,0.2109,-0.1343,0.0644,0.4833,-0.3079,0.1475,35.6254,2.0498,68.8419,2.6958,-1.7827,1.1787,31.6029,-1.9304,66.4921,0.0000,0.0000,0.0000,0.0000,0.0000,0.0000,0.0000,0.0000,0.0000,5.00,3.00,2.00,0.1112,0.0271,0.0041,0,0.000000
6,22.4600,44.8333,81.2027,-70.1938,0.2109,-0.1343,0.0644,-0.0100,-0.0815,-0.5611,35.6300,2.0559,68.8317,1.1822,1.5242,-2.5410,31.6029,-1.9304,66.4921,0.0000,0.0000,0.0000,0.0000,0.0000,0.0000,0.0000,0.0000,0.0000,5.00,3.00,2.00,0.1112,0.0271,0.0041,0,0.000000
6,22.4800,44.8283,81.1619,-70.4743,-0.0044,-0.0355,-0.2448,-0.0100,-0.0815,-0.5611,35.6207,2.0598,68.8227,1.1822,1.5242,-2.5410,31.6029,-1.9304,66.4921,0.0000,0.0000,0.0000,0.0000,0.0000,0.0000,0.0000,0.0000,0.0000,5.00,3.00,2.00,0.0000,0.0019,0.0599,0,0.000000
6,22.5000,44.8233,81.1212,-70.7549,-0.0044,-0.0355,-0.2448,-0.0100,-0.0815,-0.5611,35.6114,2.0636,68.8136,1.1822,1.5242,-2.5410,31.6029,-1.9304,66.4921,0.0000,0.0000,0.0000,0.0000,0.0000,0.0000,0.0000,0.0000,0.0000,5.00,3.00,2.00,0.0000,0.0019,0.0599,0,0.000000
6,22.5200,44.8183,81.0805,-71.0354,-0.0044,-0.0355,-0.2448,-0.0100,-0.0815,-0.5611,35.6021,2.0674,68.8045,1.1822,1.5242,-2.5410,31.6029,-1.9304,66.4921,0.0000,0.0000,0.0000,0.0000,0.0000,0.0000,0.0000,0.0000,0.0000,5.00,3.00,2.00,0.0000,0.0019,0.0599,0,0.000000
6,22.5400,44.8133,81.0397,-71.3160,-0.0044,-0.0355,-0.2448,-0.0100,-0.0815,-0.5611,35.5927,2.0710,68.7954,1.1822,1.5242,-2.5410,31.6029,-1.9304,66.4921,0.0000,0.0000,0.0000,0.0000,0.0000,0.0000,0.0000,0.0000,0.0000,5.00,3.00,2.00,0.0000,0.0019,0.0599,0,0.000000
6,22.5600,44.8083,80.9990,-71.5965,-0.0044,-0.0355,-0.2448,-0.2255,0.1644,0.0791,35.5834,2.0746,68.7864,-2.3283,0.9361,-2.2675,31.6029,-1.9304,66.4921,0.0000,0.0000,0.0000,0.0000,0.0000,0.0000,0.0000,0.0000,0.0000,5.00,3.00,2.00,0.0000,0.0019,0.0599,0,0.000000
6,22.5800,44.6955,81.0812,-71.5570,-0.0984,0.0717,0.0345,-0.2255,0.1644,0.0791,35.5838,2.0709,68.7935,-2.3283,0.9361,-2.2675,31.6029,-1.9304,66.4921,0.0000,0.0000,0.0000,0.0000,0.0000,0.0000,0.0000,0.0000,0.0000,5.00,3.00,2.00,0.0242,0.0077,0.0012,0,0.000000
6,22.6000,44.5828,81.1634,-71.5175,-0.0984,0.0717,0.0345,-0.2255,0.1644,0.0791,35.5841,2.0672,68.8006,-2.3283,0.9361,-2.2675,31.6029,-1.9304,66.4921,0.0000,0.0000,0.0000,0.0000,0.0000,0.0000,0.0000,0.0000,0.0000,5.00,3.00,2.00,0.0242,0.0077,0.0012,0,0.000000
6,22.6200,44.4700,81.2456,-71.4779,-0.0984,0.0717,0.0345,-0.2255,0.1644,0.0791,35.5844,2.0634,68.8077,-2.3283,0.9361,-2.2675,31.6029,-1.9304,66.4921,0.0000,0.0000,0.0000,0.0000,0.0000,0.0000,0.0000,0.0000,0.0000,5.00,3.00,2.00,0.0242,0.0077,0.0012,0,0.000000
6,22.6400,44.3572,81.3278,-71.4384,-0.0984,0.0717,0.0345,-0.2255,0.1644,0.0791,35.5847,2.0597,68.8148,-2.3283,0.9361,-2.2675,31.6029,-1.9304,66.4921,0.0000,0.0000,0.0000,0.0000,0.0000,0.0000,0.0000,0.0000,0.0000,5.00,3.00,2.00,0.0242,0.0077,0.0012,0,0.000000
6,22.6600,44.2445,81.4100,-71.3989,-0.0984,0.0717,0.0345,0.1220,0.0171,0.2842,35.5850,2.0559,68.8220,0.0786,-0.9364,1.7807,31.6029,-1.9304,66.4921,0.0000,0.0000,0.0000,0.0000,0.0000,0.0000,0.0000,0.0000,0.0000,5.00,3.00,2.00,0.0242,0.0077,0.0012,0,0.000000
6,22.6800,44.3055,81.4185,-71.2568,0.0532,0.0074,0.1240,0.1220,0.0171,0.2842,35.5911,2.0545,68.8245,0.0786,-0.9364,1.7807,31.6029,-1.9304,66.4921,0.0000,0.0000,0.0000,0.0000,0.0000,0.0000,0.0000,0.0000,0.0000,5.00,3.00,2.00,0.0071,0.0001,0.0154,0,0.000000
6,22.7000,44.3665,81.4271,-71.1147,0.0532,0.0075,0.1240,0.1220,0.0171,0.2842,35.5972,2.0532,68.8270,0.0786,-0.9364,1.7807,31.6029,-1.9304,66.4921,0.0000,0.0000,0.0000,0.0000,0.0000,0.0000,0.0000,0.0000,0.0000,5.00,3.00,2.00,0.0071,0.0001,0.0154,0,0.000000
6,22.7200,44.4275,81.4356,-70.9726,0.0532,0.0074,0.1240,0.1220,0.0171,0.2842,35.6032,2.0518,68.8294,0.0786,-0.9364,1.7807,31.6029,-1.9304,66.4921,0.0000,0.0000,0.0000,0.0000,0.0000,0.0000,0.0000,0.0000,0.0000,5.00,3.00,2.00,0.0071,0.0001,0.0154,0,0.000000
6,22.7400,44.4885,81.4441,-70.8305,0.0532,0.0075,0.1240,0.1220,0.0171,0.2842,35.6093,2.0503,68.8319,0.0786,-0.9364,1.7807,31.6029,-1.9304,66.4921,0.0000,0.0000,0.0000,0.0000,0.0000,0.0000,0.0000,0.0000,0.0000,5.00,3.00,2.00,0.0071,0.0001,0.0154,0,0.000000
6,22.7600,44.5495,81.4527,-70.6884,0.0532,0.0075,0.1240,0.5714,0.2796,-0.1285,35.6154,2.0489,68.8344,1.5211,-0.3500,0.6203,31.6029,-1.9304,66.4921,0.0000,0.0000,0.0000,0.0000,0.0000,0.0000,0.0000,0.0000,0.0000,5.00,3.00,2.00,0.0071,0.0001,0.0154,0,0.000000
6,22.7800,44.8352,81.5925,-70.7526,0.2493,0.1220,-0.0561,0.5714,0.2796,-0.1285,35.6268,2.0434,68.8284,1.5211,-0.3500,0.6203,31.6029,-1.9304,66.4921,0.0000,0.0000,0.0000,0.0000,0.0000,0.0000,0.0000,0.0000,0.0000,5.00,3.00,2.00,0.1554,0.0223,0.0031,0,0.000000
6,22.8000,45.1209,81.7323,-70.8168,0.2493,0.1220,-0.0561,0.5714,0.2796,-0.1285,35.6381,2.0378,68.8223,1.5211,-0.3500,0.6203,31.6029,-1.9304,66.4921,0.0000,0.0000,0.0000,0.0000,0.0000,0.0000,0.0000,0.0000,0.0000,5.00,3.00,2.00,0.1554,0.0223,0.0031,0,0.000000
6,22.8200,45.4067,81.8720,-70.8811,0.2493,0.1220,-0.0561,0.5714,0.2796,-0.1285,35.6495,2.0323,68.8161,1.5211,-0.3500,0.6203,31.6029,-1.9304,66.4921,0.0000,0.0000,0.0000,0.0000,0.0000,0.0000,0.0000,0.0000,0.0000,5.00,3.00,2.00,0.1554,0.0223,0.0031,0,0.000000
6,22.8400,45.6924,82.0118,-70.9453,0.2493,0.1220,-0.0561,0.5714,0.2796,-0.1285,35.6608,2.0267,68.8099,1.5211,-0.3500,0.6203,31.6029,-1.9304,66.4921,0.0000,0.0000,0.0000,0.0000,0.0000,0.0000,0.0000,0.0000,0.0000,5.00,3.00,2.00,0.1554,0.0223,0.0031,0,0.000000
6,22.8600,45.9781,82.1516,-71.0096,0.2493,0.1220,-0.0561,0.6361,0.3714,-0.1026,35.6720,2.0212,68.8036,2.8313,-1.3869,-1.5392,31.6029,-1.9304,66.4921,0.0000,0.0000,0.0000,0.0000,0.0000,0.0000,0.0000,0.0000,0.0000,5.00,3.00,2.00,0.1554,0.0223,0.0031,0,0.000000
6,22.8800,46.2961,82.3373,-71.0609,0.2776,0.1620,-0.0448,0.6361,0.3714,-0.1026,35.6861,2.0135,68.7979,2.8313,-1.3869,-1.5392,31.6029,-1.9304,66.4921,0.0000,0.0000,0.0000,0.0000,0.0000,0.0000,0.0000,0.0000,0.0000,5.00,3.00,2.00,0.1926,0.0394,0.0020,0,0.000000
6,22.9000,46.6142,82.5230,-71.1122,0.2776,0.1620,-0.0448,0.6361,0.3714,-0.1026,35.7001,2.0058,68.7922,2.8313,-1.3869,-1.5392,31.6029,-1.9304,66.4921,0.0000,0.0000,0.0000,0.0000,0.0000,0.0000,0.0000,0.0000,0.0000,5.00,3.00,2.00,0.1926,0.0394,0.0020,0,0.000000
6,22.9200,46.9323,82.7087,-71.1635,0.2776,0.1620,-0.0448,0.6361,0.3714,-0.1026,35.7141,1.9981,68.7863,2.8313,-1.3869,-1.5392,31.6029,-1.9304,66.4921,0.0000,0.0000,0.0000,0.0000,0.0000,0.0000,0.0000,0.0000,0.0000,5.00,3.00,2.00,0.1926,0.0394,0.0020,0,0.000000
6,22.9400,47.2503,82.8944,-71.2148,0.2776,0.1620,-0.0448,0.6361,0.3714,-0.1026,35.7281,1.9904,68.7803,2.8313,-1.3869,-1.5392,31.6029,-1.9304,66.4921,0.0000,0.0000,0.0000,0.0000,0.0000,0.0000,0.0000,0.0000,0.0000,5.00,3.00,2.00,0.1926,0.0394,0.0020,0,0.000000
6,22.9600,47.5684,83.0800,-71.2661,0.2776,0.1620,-0.0448,0.1329,-0.6370,-0.1438,35.7421,1.9827,68.7742,3.5019,-1.9228,-1.4713,31.6029,-1.9304,66.4921,0.0000,0.0000,0.0000,0.0000,0.0000,0.0000,0.0000,0.0000,0.0000,5.00,3.00,2.00,0.1926,0.0394,0.0020,0,0.000000
6,22.9800,47.6348,82.7615,-71.3380,0.0580,-0.2779,-0.0627,0.1329,-0.6370,-0.1438,35.7316,1.9972,68.7606,3.5019,-1.9228,-1.4713,31.6029,-1.9304,66.4921,0.0000,0.0000,0.0000,0.0000,0.0000,0.0000,0.0000,0.0000,0.0000,5.00,3.00,2.00,0.0084,0.1159,0.0039,0,0.000000
6,23.0000,47.7013,82.4431,-71.4099,0.0580,-0.2779,-0.0627,0.1329,-0.6370,-0.1438,35.7210,2.0116,68.7471,3.5019,-1.9228,-1.4713,31.6029,-1.9304,66.4921,0.0000,0.0000,0.0000,0.0000,0.0000,0.0000,0.0000,0.0000,0.0000,5.00,3.00,2.00,0.0084,0.1159,0.0039,0,0.000000
6,23.0200,47.7677,82.1246,-71.4818,0.0580,-0.2779,-0.0627,0.1329,-0.6370,-0.1438,35.7103,2.0259,68.7335,3.5019,-1.9228,-1.4713,31.6029,-1.9304,66.4921,0.0000,0.0000,0.0000,0.0000,0.0000,0.0000,0.0000,0.0000,0.0000,5.00,3.00,2.00,0.0084,0.1159,0.0039,0,0.000000
6,23.0400,47.8341,81.8061,-71.5537,0.0580,-0.2779,-0.0627,0.1329,-0.6370,-0.1438,35.6996,2.0401,68.7199,3.5019,-1.9228,-1.4713,31.6029,-1.9304,66.4921,0.0000,0.0000,0.0000,0.0000,0.0000,0.0000,0.0000,0.0000,0.0000,5.00,3.00,2.00,0.0084,0.1159,0.0039,0,0.000000
6,23.0600,47.9006,81.4876,-71.6256,0.0580,-0.2779,-0.0627,-0.4519,0.1574,0.0798,35.6887,2.0542,68.7063,-2.6669,3.5739,-3.3924,31.6029,-1.9304,66.4921,0.0000,0.0000,0.0000,0.0000,0.0000,0.0000,0.0000,0.0000,0.0000,5.00,3.00,2.00,0.0084,0.1159,0.0039,0,0.000000
6,23.0800,47.6746,81.5663,-71.5857,-0.1972,0.0687,0.0348,-0.4519,0.1574,0.0798,35.6861,2.0506,68.7169,-2.6669,3.5739,-3.3924,31.6029,-1.9304,66.4921,0.0000,0.0000,0.0000,0.0000,0.0000,0.0000,0.0000,0.0000,0.0000,5.00,3.00,2.00,0.0972,0.0071,0.0012,0,0.000000
6,23.1000,47.4486,81.6450,-71.5458,-0.1972,0.0687,0.0348,-0.4519,0.1574,0.0798,35.6834,2.0469,68.7274,-2.6669,3.5739,-3.3924,31.6029,-1.9304,66.4921,0.0000,0.0000,0.0000,0.0000,0.0000,0.0000,0.0000,0.0000,0.0000,5.00,3.00,2.00,0.0972,0.0071,0.0012,0,0.000000
6,23.1200,47.2227,81.7237,-71.5059,-0.1972,0.0687,0.0348,-0.4519,0.1574,0.0798,35.6806,2.0433,68.7380,-2.6669,3.5739,-3.3924,31.6029,-1.9304,66.4921,0.0000,0.0000,0.0000,0.0000,0.0000,0.0000,0.0000,0.0000,0.0000,5.00,3.00,2.00,0.0972,0.0071,0.0012,0,0.000000
6,23.1400,46.9967,81.8024,-71.4660,-0.1972,0.0687,0.0348,-0.4519,0.1574,0.0798,35.6778,2.0396,68.7485,-2.6669,3.5739,-3.3924,31.6029,-1.9304,66.4921,0.0000,0.0000,0.0000,0.0000,0.0000,0.0000,0.0000,0.0000,0.0000,5.00,3.00,2.00,0.0972,0.0071,0.0012,0,0.000000
6,23.1600,46.7707,81.8811,-71.4261,-0.1972,0.0687,0.0348,-0.3475,0.0872,0.2488,35.6749,2.0360,68.7591,-0.6912,-0.9101,2.6398,31.6029,-1.9304,66.4921,0.0000,0.0000,0.0000,0.0000,0.0000,0.0000,0.0000,0.0000,0.0000,5.00,3.00,2.00,0.0972,0.0071,0.0012,0,0.000000
6,23.1800,46.5970,81.9247,-71.3017,-0.1516,0.0380,0.1086,-0.3475,0.0872,0.2488,35.6748,2.0332,68.7693,-0.6912,-0.9101,2.6398,31.6029,-1.9304,66.4921,0.0000,0.0000,0.0000,0.0000,0.0000,0.0000,0.0000,0.0000,0.0000,5.00,3.00,2.00,0.0575,0.0022,0.0118,0,0.000000
6,23.2000,46.4232,81.9683,-71.1773,-0.1516,0.0380,0.1086,-0.3475,0.0872,0.2488,35.6747,2.0304,68.7794,-0.6912,-0.9101,2.6398,31.6029,-1.9304,66.4921,0.0000,0.0000,0.0000,0.0000,0.0000,0.0000,0.0000,0.0000,0.0000,5.00,3.00,2.00,0.0575,0.0022,0.0118,0,0.000000
6,23.2200,46.2494,82.0119,-71.0529,-0.1516,0.0380,0.1086,-0.3475,0.0872,0.2488,35.6745,2.0276,68.7896,-0.6912,-0.9101,2.6398,31.6029,-1.9304,66.4921,0.0000,0.0000,0.0000,0.0000,0.0000,0.0000,0.0000,0.0000,0.0000,5.00,3.00,2.00,0.0575,0.0022,0.0118,0,0.000000
6,23.2400,46.0757,82.0554,-70.9285,-0.1516,0.0380,0.1086,-0.3475,0.0872,0.2488,35.6742,2.0247,68.7998,-0.6912,-0.9101,2.6398,31.6029,-1.9304,66.4921,0.0000,0.0000,0.0000,0.0000,0.0000,0.0000,0.0000,0.0000,0.0000,5.00,3.00,2.00,0.0575,0.0022,0.0118,0,0.000000
6,23.2600,45.9019,82.0990,-70.8041,-0.1516,0.0380,0.1086,0.3047,-0.0767,-0.0269,35.6739,2.0218,68.8100,-0.0504,-0.7075,2.5444,31.6029,-1.9304,66.4921,0.0000,0.0000,0.0000,0.0000,0.0000,0.0000,0.0000,0.0000,0.0000,5.00,3.00,2.00,0.0575,0.0022,0.0118,0,0.000000
6,23.2800,46.0543,82.0607,-70.8175,0.1330,-0.0335,-0.0117,0.3047,-0.0767,-0.0269,35.6769,2.0236,68.8037,-0.0504,-0.7075,2.5444,31.6029,-1.9304,66.4921,0.0000,0.0000,0.0000,0.0000,0.0000,0.0000,0.0000,0.0000,0.0000,5.00,3.00,2.00,0.0442,0.0017,0.0001,0,0.000000
6,23.3000,46.2066,82.0224,-70.8310,0.1330,-0.0334,-0.0118,0.3047,-0.0767,-0.0269,35.6799,2.0254,68.7974,-0.0504,-0.7075,2.5444,31.6029,-1.9304,66.4921,0.0000,0.0000,0.0000,0.0000,0.0000,0.0000,0.0000,0.0000,0.0000,5.00,3.00,2.00,0.0442,0.0017,0.0001,0,0.000000
6,23.3200,46.3590,81.9841,-70.8445,0.1330,-0.0335,-0.0117,0.3047,-0.0767,-0.0269,35.6828,2.0271,68.7910,-0.0504,-0.7075,2.5444,31.6029,-1.9304,66.4921,0.0000,0.0000,0.0000,0.0000,0.0000,0.0000,0.0000,0.0000,0.0000,5.00,3.00,2.00,0.0442,0.0017,0.0001,0,0.000000
6,23.3400,46.5114,81.9457,-70.8579,0.1330,-0.0335,-0.0117,0.3047,-0.0767,-0.0269,35.6857,2.0289,68.7847,-0.0504,-0.7075,2.5444,31.6029,-1.9304,66.4921,0.0000,0.0000,0.0000,0.0000,0.0000,0.0000,0.0000,0.0000,0.0000,5.00,3.00,2.00,0.0442,0.0017,0.0001,0,0.000000
6,23.3600,46.6638,81.9074,-70.8714,0.1330,-0.0334,-0.0118,0.0151,-0.1340,-0.7238,35.6886,2.0307,68.7784,0.7366,0.4420,-1.5816,31.6029,-1.9304,66.4921,0.0000,0.0000,0.0000,0.0000,0.0000,0.0000,0.0000,0.0000,0.0000,5.00,3.00,2.00,0.0442,0.0017,0.0001,0,0.000000
6,23.3800,46.6713,81.8404,-71.2333,0.0066,-0.0585,-0.3158,0.0151,-0.1340,-0.7238,35.6762,2.0363,68.7662,0.7366,0.4420,-1.5816,31.6029,-1.9304,66.4921,0.0000,0.0000,0.0000,0.0000,0.0000,0.0000,0.0000,0.0000,0.0000,5.00,3.00,2.00,0.0001,0.0051,0.0997,0,0.000000
6,23.4000,46.6789,81.7734,-71.5952,0.0066,-0.0585,-0.3158,0.0151,-0.1340,-0.7238,35.6638,2.0418,68.7540,0.7366,0.4420,-1.5816,31.6029,-1.9304,66.4921,0.0000,0.0000,0.0000,0.0000,0.0000,0.0000,0.0000,0.0000,0.0000,5.00,3.00,2.00,0.0001,0.0051,0.0997,0,0.000000
6,23.4200,46.6865,81.7063,-71.9570,0.0066,-0.0585,-0.3158,0.0151,-0.1340,-0.7238,35.6514,2.0472,68.7419,0.7366,0.4420,-1.5816,31.6029,-1.9304,66.4921,0.0000,0.0000,0.0000,0.0000,0.0000,0.0000,0.0000,0.0000,0.0000,5.00,3.00,2.00,0.0001,0.0051,0.0997,0,0.000000
6,23.4400,46.6940,81.6393,-72.3189,0.0066,-0.0585,-0.3158,0.0151,-0.1340,-0.7238,35.6389,2.0524,68.7297,0.7366,0.4420,-1.5816,31.6029,-1.9304,66.4921,0.0000,0.0000,0.0000,0.0000,0.0000,0.0000,0.0000,0.0000,0.0000,5.00,3.00,2.00,0.0001,0.0051,0.0997,0,0.000000
6,23.4600,46.7016,81.5723,-72.6808,0.0066,-0.0585,-0.3158,0.6474,0.3246,0.0413,35.6264,2.0576,68.7175,-3.1111,1.3446,-3.0445,31.6029,-1.9304,66.4921,0.0000,0.0000,0.0000,0.0000,0.0000,0.0000,0.0000,0.0000,0.0000,5.00,3.00,2.00,0.0001,0.0051,0.0997,0,0.000000
6,23.4800,47.0253,81.7346,-72.6601,0.2825,0.1417,0.0180,0.6474,0.3246,0.0413,35.6416,2.0506,68.7132,-3.1111,1.3446,-3.0445,31.6029,-1.9304,66.4921,0.0000,0.0000,0.0000,0.0000,0.0000,0.0000,0.0000,0.0000,0.0000,5.00,3.00,2.00,0.1995,0.0301,0.0003,0,0.000000
6,23.5000,47.3490,81.8970,-72.6395,0.2825,0.1417,0.0180,0.6474,0.3246,0.0413,35.6568,2.0437,68.7087,-3.1111,1.3446,-3.0445,31.6029,-1.9304,66.4921,0.0000,0.0000,0.0000,0.0000,0.0000,0.0000,0.0000,0.0000,0.0000,5.00,3.00,2.00,0.1995,0.0301,0.0003,0,0.000000
6,23.5200,47.6727,82.0593,-72.6188,0.2825,0.1417,0.0180,0.6474,0.3246,0.0413,35.6720,2.0367,68.7041,-3.1111,1.3446,-3.0445,31.6029,-1.9304,66.4921,0.0000,0.0000,0.0000,0.0000,0.0000,0.0000,0.0000,0.0000,0.0000,5.00,3.00,2.00,0.1995,0.0301,0.0003,0,0.000000
6,23.5400,47.9963,82.2216,-72.5982,0.2825,0.1417,0.0180,0.6474,0.3246,0.0413,35.6872,2.0297,68.6994,-3.1111,1.3446,-3.0445,31.6029,-1.9304,66.4921,0.0000,0.0000,0.0000,0.0000,0.0000,0.0000,0.0000,0.0000,0.0000,5.00,3.00,2.00,0.1995,0.0301,0.0003,0,0.000000
6,23.5600,48.3200,82.3839,-72.5775,0.2825,0.1417,0.0180,-0.6168,0.5440,-0.1067,35.7023,2.0227,68.6946,3.7958,-1.7428,-1.1440,31.6029,-1.9304,66.4921,0.0000,0.0000,0.0000,0.0000,0.0000,0.0000,0.0000,0.0000,0.0000,5.00,3.00,2.00,0.1995,0.0301,0.0003,0,0.000000
6,23.5800,48.0116,82.6559,-72.6309,-0.2691,0.2374,-0.0465,-0.6168,0.5440,-0.1067,35.7010,2.0115,68.7110,3.7958,-1.7428,-1.1440,31.6029,-1.9304,66.4921,0.0000,0.0000,0.0000,0.0000,0.0000,0.0000,0.0000,0.0000,0.0000,5.00,3.00,2.00,0.1811,0.0845,0.0022,0,0.000000
6,23.6000,47.7032,82.9279,-72.6842,-0.2691,0.2373,-0.0465,-0.6168,0.5440,-0.1067,35.6995,2.0003,68.7274,3.7958,-1.7428,-1.1440,31.6029,-1.9304,66.4921,0.0000,0.0000,0.0000,0.0000,0.0000,0.0000,0.0000,0.0000,0.0000,5.00,3.00,2.00,0.1811,0.0845,0.0022,0,0.000000
6,23.6200,47.3948,83.1999,-72.7375,-0.2691,0.2374,-0.0465,-0.6168,0.5440,-0.1067,35.6979,1.9890,68.7439,3.7958,-1.7428,-1.1440,31.6029,-1.9304,66.4921,0.0000,0.0000,0.0000,0.0000,0.0000,0.0000,0.0000,0.0000,0.0000,5.00,3.00,2.00,0.1811,0.0845,0.0022,0,0.000000
6,23.6400,47.0864,83.4718,-72.7909,-0.2691,0.2373,-0.0465,-0.6168,0.5440,-0.1067,35.6961,1.9777,68.7603,3.7958,-1.7428,-1.1440,31.6029,-1.9304,66.4921,0.0000,0.0000,0.0000,0.0000,0.0000,0.0000,0.0000,0.0000,0.0000,5.00,3.00,2.00,0.1811,0.0845,0.0022,0,0.000000
6,23.6600,46.7780,83.7438,-72.8442,-0.2691,0.2374,-0.0465,-0.0847,0.0364,0.1290,35.6941,1.9663,68.7767,-0.4126,-2.8202,4.1050,31.6029,-1.9304,66.4921,0.0000,0.0000,0.0000,0.0000,0.0000,0.0000,0.0000,0.0000,0.0000,5.00,3.00,2.00,0.1811,0.0845,0.0022,0,0.000000
6,23.6800,46.7356,83.7620,-72.7797,-0.0370,0.0159,0.0563,-0.0847,0.0364,0.1290,35.6953,1.9650,68.7803,-0.4126,-2.8202,4.1050,31.6029,-1.9304,66.4921,0.0000,0.0000,0.0000,0.0000,0.0000,0.0000,0.0000,0.0000,0.0000,5.00,3.00,2.00,0.0034,0.0004,0.0032,0,0.000000
6,23.7000,46.6933,83.7802,-72.7152,-0.0370,0.0159,0.0563,-0.0847,0.0364,0.1290,35.6964,1.9637,68.7840,-0.4126,-2.8202,4.1050,31.6029,-1.9304,66.4921,0.0000,0.0000,0.0000,0.0000,0.0000,0.0000,0.0000,0.0000,0.0000,5.00,3.00,2.00,0.0034,0.0004,0.0032,0,0.000000
6,23.7200,46.6509,83.7984,-72.6506,-0.0370,0.0159,0.0563,-0.0847,0.0364,0.1290,35.6976,1.9624,68.7876,-0.4126,-2.8202,4.1050,31.6029,-1.9304,66.4921,0.0000,0.0000,0.0000,0.0000,0.0000,0.0000,0.0000,0.0000,0.0000,5.00,3.00,2.00,0.0034,0.0004,0.0032,0,0.000000
6,23.7400,46.6085,83.8166,-72.5861,-0.0370,0.0159,0.0563,-0.0847,0.0364,0.1290,35.6988,1.9611,68.7912,-0.4126,-2.8202,4.1050,31.6029,-1.9304,66.4921,0.0000,0.0000,0.0000,0.0000,0.0000,0.0000,0.0000,0.0000,0.0000,5.00,3.00,2.00,0.0034,0.0004,0.0032,0,0.000000
6,23.7600,46.5662,83.8348,-72.5216,-0.0370,0.0159,0.0563,-0.4383,0.1820,-0.0888,35.6999,1.9598,68.7949,0.2932,-0.3232,0.9094,31.6029,-1.9304,66.4921,0.0000,0.0000,0.0000,0.0000,0.0000,0.0000,0.0000,0.0000,0.0000,5.00,3.00,2.00,0.0034,0.0004,0.0032,0,0.000000
6,23.7800,46.3470,83.9257,-72.5660,-0.1913,0.0794,-0.0387,-0.4383,0.1820,-0.0888,35.6950,1.9562,68.8033,0.2932,-0.3232,0.9094,31.6029,-1.9304,66.4921,0.0000,0.0000,0.0000,0.0000,0.0000,0.0000,0.0000,0.0000,0.0000,5.00,3.00,2.00,0.0914,0.0095,0.0015,0,0.000000
6,23.8000,46.1278,84.0167,-72.6104,-0.1913,0.0794,-0.0387,-0.4383,0.1820,-0.0888,35.6899,1.9526,68.8117,0.2932,-0.3232,0.9094,31.6029,-1.9304,66.4921,0.0000,0.0000,0.0000,0.0000,0.0000,0.0000,0.0000,0.0000,0.0000,5.00,3.00,2.00,0.0914,0.0095,0.0015,0,0.000000
6,23.8200,45.9087,84.1077,-72.6548,-0.1913,0.0794,-0.0387,-0.4383,0.1820,-0.0888,35.6848,1.9490,68.8202,0.2932,-0.3232,0.9094,31.6029,-1.9304,66.4921,0.0000,0.0000,0.0000,0.0000,0.0000,0.0000,0.0000,0.0000,0.0000,5.00,3.00,2.00,0.0914,0.0095,0.0015,0,0.000000
6,23.8400,45.6895,84.1987,-72.6992,-0.1913,0.0794,-0.0387,-0.4383,0.1820,-0.0888,35.6797,1.9454,68.8285,0.2932,-0.3232,0.9094,31.6029,-1.9304,66.4921,0.0000,0.0000,0.0000,0.0000,0.0000,0.0000,0.0000,0.0000,0.0000,5.00,3.00,2.00,0.0914,0.0095,0.0015,0,0.000000
6,23.8600,45.4703,84.2897,-72.7436,-0.1913,0.0794,-0.0387,-0.1509,0.1959,-0.0170,35.6745,1.9417,68.8369,-1.2707,-0.9055,2.1023,31.6029,-1.9304,66.4921,0.0000,0.0000,0.0000,0.0000,0.0000,0.0000,0.0000,0.0000,0.0000,5.00,3.00,2.00,0.0914,0.0095,0.0015,0,0.000000
6,23.8800,45.3949,84.3876,-72.7521,-0.0658,0.0855,-0.0074,-0.1509,0.1959,-0.0170,35.6750,1.9375,68.8420,-1.2707,-0.9055,2.1023,31.6029,-1.9304,66.4921,0.0000,0.0000,0.0000,0.0000,0.0000,0.0000,0.0000,0.0000,0.0000,5.00,3.00,2.00,0.0108,0.0110,0.0001,0,0.000000
6,23.9000,45.3195,84.4856,-72.7607,-0.0658,0.0855,-0.0074,-0.1509,0.1959,-0.0170,35.6754,1.9333,68.8471,-1.2707,-0.9055,2.1023,31.6029,-1.9304,66.4921,0.0000,0.0000,0.0000,0.0000,0.0000,0.0000,0.0000,0.0000,0.0000,5.00,3.00,2.00,0.0108,0.0110,0.0001,0,0.000000
6,23.9200,45.2440,84.5835,-72.7692,-0.0658,0.0855,-0.0074,-0.1509,0.1959,-0.0170,35.6758,1.9290,68.8522,-1.2707,-0.9055,2.1023,31.6029,-1.9304,66.4921,0.0000,0.0000,0.0000,0.0000,0.0000,0.0000,0.0000,0.0000,0.0000,5.00,3.00,2.00,0.0108,0.0110,0.0001,0,0.000000
6,23.9400,45.1686,84.6814,-72.7777,-0.0658,0.0855,-0.0074,-0.1509,0.1959,-0.0170,35.6762,1.9248,68.8573,-1.2707,-0.9055,2.1023,31.6029,-1.9304,66.4921,0.0000,0.0000,0.0000,0.0000,0.0000,0.0000,0.0000,0.0000,0.0000,5.00,3.00,2.00,0.0108,0.0110,0.0001,0,0.000000
6,23.9600,45.0931,84.7794,-72.7862,-0.0658,0.0855,-0.0074,0.4859,-0.1900,-0.1028,35.6766,1.9205,68.8623,0.1041,-1.0594,1.2703,31.6029,-1.9304,66.4921,0.0000,0.0000,0.0000,0.0000,0.0000,0.0000,0.0000,0.0000,0.0000,5.00,3.00,2.00,0.0108,0.0110,0.0001,0,0.000000
6,23.9800,45.3361,84.6844,-72.8376,0.2120,-0.0829,-0.0449,0.4859,-0.1900,-0.1028,35.6798,1.9252,68.8504,0.1041,-1.0594,1.2703,31.6029,-1.9304,66.4921,0.0000,0.0000,0.0000,0.0000,0.0000,0.0000,0.0000,0.0000,0.0000,5.00,3.00,2.00,0.1124,0.0103,0.0020,0,0.000000
6,24.0000,45.5790,84.5894,-72.8890,0.2120,-0.0829,-0.0449,0.4859,-0.1900,-0.1028,35.6830,1.9298,68.8385,0.1041,-1.0594,1.2703,31.6029,-1.9304,66.4921,0.0000,0.0000,0.0000,0.0000,0.0000,0.0000,0.0000,0.0000,0.0000,5.00,3.00,2.00,0.1124,0.0103,0.0020,0,0.000000
6,24.0200,45.8220,84.4943,-72.9404,0.2120,-0.0829,-0.0449,0.4859,-0.1900,-0.1028,35.6860,1.9344,68.8266,0.1041,-1.0594,1.2703,31.6029,-1.9304,66.4921,0.0000,0.0000,0.0000,0.0000,0.0000,0.0000,0.0000,0.0000,0.0000,5.00,3.00,2.00,0.1124,0.0103,0.0020,0,0.000000
6,24.0400,46.0649,84.3993,-72.9918,0.2120,-0.0829,-0.0449,0.4859,-0.1900,-0.1028,35.6890,1.9389,68.8147,0.1041,-1.0594,1.2703,31.6029,-1.9304,66.4921,0.0000,0.0000,0.0000,0.0000,0.0000,0.0000,0.0000,0.0000,0.0000,5.00,3.00,2.00,0.1124,0.0103,0.0020,0,0.000000
6,24.0600,46.3079,84.3043,-73.0432,0.2120,-0.0829,-0.0449,-0.0490,0.1872,0.1270,35.6920,1.9435,68.8028,0.7668,1.1470,-2.9751,31.6029,-1.9304,66.4921,0.0000,0.0000,0.0000,0.0000,0.0000,0.0000,0.0000,0.0000,0.0000,5.00,3.00,2.00,0.1124,0.0103,0.0020,0,0.000000
6,24.0800,46.2834,84.3979,-72.9797,-0.0214,0.0817,0.0554,-0.0490,0.1872,0.1270,35.6959,1.9389,68.8081,0.7668,1.1470,-2.9751,31.6029,-1.9304,66.4921,0.0000,0.0000,0.0000,0.0000,0.0000,0.0000,0.0000,0.0000,0.0000,5.00,3.00,2.00,0.0011,0.0100,0.0031,0,0.000000
6,24.1000,46.2588,84.4916,-72.9162,-0.0214,0.0817,0.0554,-0.0490,0.1872,0.1270,35.6999,1.9343,68.8134,0.7668,1.1470,-2.9751,31.6029,-1.9304,66.4921,0.0000,0.0000,0.0000,0.0000,0.0000,0.0000,0.0000,0.0000,0.0000,5.00,3.00,2.00,0.0011,0.0100,0.0031,0,0.000000
6,24.1200,46.2343,84.5852,-72.8527,-0.0214,0.0817,0.0554,-0.0490,0.1872,0.1270,35.7039,1.9297,68.8187,0.7668,1.1470,-2.9751,31.6029,-1.9304,66.4921,0.0000,0.0000,0.0000,0.0000,0.0000,0.0000,0.0000,0.0000,0.0000,5.00,3.00,2.00,0.0011,0.0100,0.0031,0,0.000000
6,24.1400,46.2098,84.6788,-72.7891,-0.0214,0.0817,0.0554,-0.0490,0.1872,0.1270,35.7079,1.9250,68.8240,0.7668,1.1470,-2.9751,31.6029,-1.9304,66.4921,0.0000,0.0000,0.0000,0.0000,0.0000,0.0000,0.0000,0.0000,0.0000,5.00,3.00,2.00,0.0011,0.0100,0.0031,0,0.000000
6,24.1600,46.1853,84.7724,-72.7256,-0.0214,0.0817,0.0554,-0.1860,-0.1153,-0.4884,35.7118,1.9203,68.8293,0.9941,-1.1570,1.3241,31.6029,-1.9304,66.4921,0.0000,0.0000,0.0000,0.0000,0.0000,0.0000,0.0000,0.0000,0.0000,5.00,3.00,2.00,0.0011,0.0100,0.0031,0,0.000000
6,24.1800,46.0923,84.7148,-72.9698,-0.0812,-0.0503,-0.2131,-0.1860,-0.1153,-0.4884,35.7003,1.9249,68.8239,0.9941,-1.1570,1.3241,31.6029,-1.9304,66.4921,0.0000,0.0000,0.0000,0.0000,0.0000,0.0000,0.0000,0.0000,0.0000,5.00,3.00,2.00,0.0165,0.0038,0.0454,0,0.000000
6,24.2000,45.9993,84.6571,-73.2140,-0.0811,-0.0503,-0.2131,-0.1860,-0.1153,-0.4884,35.6887,1.9294,68.8184,0.9941,-1.1570,1.3241,31.6029,-1.9304,66.4921,0.0000,0.0000,0.0000,0.0000,0.0000,0.0000,0.0000,0.0000,0.0000,5.00,3.00,2.00,0.0165,0.0038,0.0454,0,0.000000
6,24.2200,45.9063,84.5995,-73.4582,-0.0812,-0.0503,-0.2131,-0.1860,-0.1153,-0.4884,35.6771,1.9339,68.8129,0.9941,-1.1570,1.3241,31.6029,-1.9304,66.4921,0.0000,0.0000,0.0000,0.0000,0.0000,0.0000,0.0000,0.0000,0.0000,5.00,3.00,2.00,0.0165,0.0038,0.0454,0,0.000000
6,24.2400,45.8134,84.5418,-73.7024,-0.0811,-0.0503,-0.2131,-0.1860,-0.1153,-0.4884,35.6656,1.9383,68.8073,0.9941,-1.1570,1.3241,31.6029,-1.9304,66.4921,0.0000,0.0000,0.0000,0.0000,0.0000,0.0000,0.0000,0.0000,0.0000,5.00,3.00,2.00,0.0165,0.0038,0.0454,0,0.000000
6,24.2600,45.7204,84.4842,-73.9466,-0.0812,-0.0503,-0.2131,0.2379,-0.3408,-0.3118,35.6541,1.9426,68.8017,-2.8885,1.1119,-1.3821,31.6029,-1.9304,66.4921,0.0000,0.0000,0.0000,0.0000,0.0000,0.0000,0.0000,0.0000,0.0000,5.00,3.00,2.00,0.0165,0.0038,0.0454,0,0.000000
6,24.2800,45.8393,84.3138,-74.1025,0.1038,-0.1487,-0.1360,0.2379,-0.3408,-0.3118,35.6479,1.9510,68.7885,-2.8885,1.1119,-1.3821,31.6029,-1.9304,66.4921,0.0000,0.0000,0.0000,0.0000,0.0000,0.0000,0.0000,0.0000,0.0000,5.00,3.00,2.00,0.0269,0.0332,0.0185,0,0.000000
6,24.3000,45.9582,84.1434,-74.2584,0.1038,-0.1487,-0.1360,0.2379,-0.3408,-0.3118,35.6417,1.9594,68.7754,-2.8885,1.1119,-1.3821,31.6029,-1.9304,66.4921,0.0000,0.0000,0.0000,0.0000,0.0000,0.0000,0.0000,0.0000,0.0000,5.00,3.00,2.00,0.0269,0.0332,0.0185,0,0.000000
6,24.3200,46.0772,83.9730,-74.4143,0.1038,-0.1487,-0.1360,0.2379,-0.3408,-0.3118,35.6354,1.9677,68.7623,-2.8885,1.1119,-1.3821,31.6029,-1.9304,66.4921,0.0000,0.0000,0.0000,0.0000,0.0000,0.0000,0.0000,0.0000,0.0000,5.00,3.00,2.00,0.0269,0.0332,0.0185,0,0.000000
6,24.3400,46.1961,83.8026,-74.5701,0.1038,-0.1487,-0.1360,0.2379,-0.3408,-0.3118,35.6290,1.9760,68.7492,-2.8885,1.1119,-1.3821,31.6029,-1.9304,66.4921,0.0000,0.0000,0.0000,0.0000,0.0000,0.0000,0.0000,0.0000,0.0000,5.00,3.00,2.00,0.0269,0.0332,0.0185,0,0.000000
6,24.3600,46.3151,83.6322,-74.7260,0.1038,-0.1487,-0.1360,0.1267,-0.0711,0.1381,35.6226,1.9841,68.7362,-1.5722,2.0775,-3.2753,31.6029,-1.9304,66.4921,0.0000,0.0000,0.0000,0.0000,0.0000,0.0000,0.0000,0.0000,0.0000,5.00,3.00,2.00,0.0269,0.0332,0.0185,0,0.000000
6,24.3800,46.3784,83.5967,-74.6570,0.0553,-0.0310,0.0602,0.1267,-0.0711,0.1381,35.6253,1.9852,68.7351,-1.5722,2.0775,-3.2753,31.6029,-1.9304,66.4921,0.0000,0.0000,0.0000,0.0000,0.0000,0.0000,0.0000,0.0000,0.0000,5.00,3.00,2.00,0.0076,0.0014,0.0036,0,0.000000
6,24.4000,46.4418,83.5611,-74.5880,0.0553,-0.0310,0.0602,0.1267,-0.0711,0.1381,35.6280,1.9863,68.7340,-1.5722,2.0775,-3.2753,31.6029,-1.9304,66.4921,0.0000,0.0000,0.0000,0.0000,0.0000,0.0000,0.0000,0.0000,0.0000,5.00,3.00,2.00,0.0076,0.0014,0.0036,0,0.000000
6,24.4200,46.5051,83.5256,-74.5189,0.0553,-0.0310,0.0602,0.1267,-0.0711,0.1381,35.6307,1.9873,68.7329,-1.5722,2.0775,-3.2753,31.6029,-1.9304,66.4921,0.0000,0.0000,0.0000,0.0000,0.0000,0.0000,0.0000,0.0000,0.0000,5.00,3.00,2.00,0.0076,0.0014,0.0036,0,0.000000
6,24.4400,46.5684,83.4900,-74.4499,0.0553,-0.0310,0.0602,0.1267,-0.0711,0.1381,35.6334,1.9884,68.7317,-1.5722,2.0775,-3.2753,31.6029,-1.9304,66.4921,0.0000,0.0000,0.0000,0.0000,0.0000,0.0000,0.0000,0.0000,0.0000,5.00,3.00,2.00,0.0076,0.0014,0.0036,0,0.000000
6,24.4600,46.6318,83.4544,-74.3809,0.0553,-0.0310,0.0602,-0.3253,-0.6560,0.0619,35.6361,1.9894,68.7306,0.6739,0.2644,-0.2766,31.6029,-1.9304,66.4921,0.0000,0.0000,0.0000,0.0000,0.0000,0.0000,0.0000,0.0000,0.0000,5.00,3.00,2.00,0.0076,0.0014,0.0036,0,0.000000
6,24.4800,46.4691,83.1264,-74.3499,-0.1419,-0.2862,0.0270,-0.3253,-0.6560,0.0619,35.6218,2.0030,68.7265,0.6739,0.2644,-0.2766,31.6029,-1.9304,66.4921,0.0000,0.0000,0.0000,0.0000,0.0000,0.0000,0.0000,0.0000,0.0000,5.00,3.00,2.00,0.0504,0.1229,0.0007,0,0.000000
6,24.5000,46.3065,82.7984,-74.3190,-0.1419,-0.2862,0.0270,-0.3253,-0.6560,0.0619,35.6075,2.0165,68.7222,0.6739,0.2644,-0.2766,31.6029,-1.9304,66.4921,0.0000,0.0000,0.0000,0.0000,0.0000,0.0000,0.0000,0.0000,0.0000,5.00,3.00,2.00,0.0504,0.1229,0.0007,0,0.000000
6,24.5200,46.1439,82.4704,-74.2881,-0.1419,-0.2862,0.0270,-0.3253,-0.6560,0.0619,35.5932,2.0299,68.7178,0.6739,0.2644,-0.2766,31.6029,-1.9304,66.4921,0.0000,0.0000,0.0000,0.0000,0.0000,0.0000,0.0000,0.0000,0.0000,5.00,3.00,2.00,0.0504,0.1229,0.0007,0,0.000000
6,24.5400,45.9812,82.1424,-74.2571,-0.1419,-0.2862,0.0270,-0.3253,-0.6560,0.0619,35.5788,2.0432,68.7133,0.6739,0.2644,-0.2766,31.6029,-1.9304,66.4921,0.0000,0.0000,0.0000,0.0000,0.0000,0.0000,0.0000,0.0000,0.0000,5.00,3.00,2.00,0.0504,0.1229,0.0007,0,0.000000
6,24.5600,45.8186,81.8144,-74.2262,-0.1419,-0.2862,0.0270,-0.3413,-0.1979,-0.2785,35.5645,2.0565,68.7087,-3.5816,3.3544,-1.0975,31.6029,-1.9304,66.4921,0.0000,0.0000,0.0000,0.0000,0.0000,0.0000,0.0000,0.0000,0.0000,5.00,3.00,2.00,0.0504,0.1229,0.0007,0,0.000000
6,24.5800,45.6479,81.7155,-74.3655,-0.1489,-0.0864,-0.1215,-0.3413,-0.1979,-0.2785,35.5524,2.0613,68.7066,-3.5816,3.3544,-1.0975,31.6029,-1.9304,66.4921,0.0000,0.0000,0.0000,0.0000,0.0000,0.0000,0.0000,0.0000,0.0000,5.00,3.00,2.00,0.0554,0.0112,0.0148,0,0.000000
6,24.6000,45.4773,81.6165,-74.5048,-0.1489,-0.0864,-0.1215,-0.3413,-0.1979,-0.2785,35.5404,2.0660,68.7046,-3.5816,3.3544,-1.0975,31.6029,-1.9304,66.4921,0.0000,0.0000,0.0000,0.0000,0.0000,0.0000,0.0000,0.0000,0.0000,5.00,3.00,2.00,0.0554,0.0112,0.0148,0,0.000000
6,24.6200,45.3066,81.5175,-74.6440,-0.1489,-0.0864,-0.1215,-0.3413,-0.1979,-0.2785,35.5284,2.0707,68.7024,-3.5816,3.3544,-1.0975,31.6029,-1.9304,66.4921,0.0000,0.0000,0.0000,0.0000,0.0000,0.0000,0.0000,0.0000,0.0000,5.00,3.00,2.00,0.0554,0.0112,0.0148,0,0.000000
6,24.6400,45.1360,81.4186,-74.7833,-0.1489,-0.0864,-0.1215,-0.3413,-0.1979,-0.2785,35.5164,2.0753,68.7002,-3.5816,3.3544,-1.0975,31.6029,-1.9304,66.4921,0.0000,0.0000,0.0000,0.0000,0.0000,0.0000,0.0000,0.0000,0.0000,5.00,3.00,2.00,0.0554,0.0112,0.0148,0,0.000000
6,24.6600,44.9653,81.3196,-74.9226,-0.1489,-0.0864,-0.1215,-0.0146,0.3409,-0.1542,35.5044,2.0799,68.6979,-3.0041,1.1716,-0.5405,31.6029,-1.9304,66.4921,0.0000,0.0000,0.0000,0.0000,0.0000,0.0000,0.0000,0.0000,0.0000,5.00,3.00,2.00,0.0554,0.0112,0.0148,0,0.000000
6,24.6800,44.9580,81.4900,-74.9997,-0.0064,0.1487,-0.0673,-0.0146,0.3409,-0.1542,35.5075,2.0735,68.7014,-3.0041,1.1716,-0.5405,31.6029,-1.9304,66.4921,0.0000,0.0000,0.0000,0.0000,0.0000,0.0000,0.0000,0.0000,0.0000,5.00,3.00,2.00,0.0001,0.0332,0.0045,0,0.000000
6,24.7000,44.9507,81.6605,-75.0768,-0.0064,0.1487,-0.0673,-0.0146,0.3409,-0.1542,35.5105,2.0670,68.7049,-3.0041,1.1716,-0.5405,31.6029,-1.9304,66.4921,0.0000,0.0000,0.0000,0.0000,0.0000,0.0000,0.0000,0.0000,0.0000,5.00,3.00,2.00,0.0001,0.0332,0.0045,0,0.000000
6,24.7200,44.9434,81.8309,-75.1539,-0.0064,0.1487,-0.0673,-0.0146,0.3409,-0.1542,35.5136,2.0605,68.7083,-3.0041,1.1716,-0.5405,31.6029,-1.9304,66.4921,0.0000,0.0000,0.0000,0.0000,0.0000,0.0000,0.0000,0.0000,0.0000,5.00,3.00,2.00,0.0001,0.0332,0.0045,0,0.000000
6,24.7400,44.9361,82.0013,-75.2310,-0.0064,0.1487,-0.0673,-0.0146,0.3409,-0.1542,35.5166,2.0540,68.7118,-3.0041,1.1716,-0.5405,31.6029,-1.9304,66.4921,0.0000,0.0000,0.0000,0.0000,0.0000,0.0000,0.0000,0.0000,0.0000,5.00,3.00,2.00,0.0001,0.0332,0.0045,0,0.000000
6,24.7600,44.9288,82.1718,-75.3081,-0.0064,0.1487,-0.0673,-0.7984,0.6841,0.2253,35.5197,2.0475,68.7153,0.7647,-1.6229,0.8701,31.6029,-1.9304,66.4921,0.0000,0.0000,0.0000,0.0000,0.0000,0.0000,0.0000,0.0000,0.0000,5.00,3.00,2.00,0.0001,0.0332,0.0045,0,0.000000
6,24.7800,44.5296,82.5138,-75.1954,-0.3484,0.2985,0.0983,-0.7984,0.6841,0.2253,35.5221,2.0330,68.7408,0.7647,-1.6229,0.8701,31.6029,-1.9304,66.4921,0.0000,0.0000,0.0000,0.0000,0.0000,0.0000,0.0000,0.0000,0.0000,5.00,3.00,2.00,0.3034,0.1336,0.0097,0,0.000000
6,24.8000,44.1304,82.8558,-75.0828,-0.3484,0.2985,0.0983,-0.7984,0.6841,0.2253,35.5243,2.0185,68.7663,0.7647,-1.6229,0.8701,31.6029,-1.9304,66.4921,0.0000,0.0000,0.0000,0.0000,0.0000,0.0000,0.0000,0.0000,0.0000,5.00,3.00,2.00,0.3034,0.1336,0.0097,0,0.000000
6,24.8200,43.7312,83.1979,-74.9701,-0.3484,0.2985,0.0983,-0.7984,0.6841,0.2253,35.5261,2.0037,68.7919,0.7647,-1.6229,0.8701,31.6029,-1.9304,66.4921,0.0000,0.0000,0.0000,0.0000,0.0000,0.0000,0.0000,0.0000,0.0000,5.00,3.00,2.00,0.3034,0.1336,0.0097,0,0.000000
6,24.8400,43.3321,83.5399,-74.8574,-0.3484,0.2985,0.0983,-0.7984,0.6841,0.2253,35.5275,1.9888,68.8176,0.7647,-1.6229,0.8701,31.6029,-1.9304,66.4921,0.0000,0.0000,0.0000,0.0000,0.0000,0.0000,0.0000,0.0000,0.0000,5.00,3.00,2.00,0.3034,0.1336,0.0097,0,0.000000
6,24.8600,42.9329,83.8819,-74.7448,-0.3484,0.2985,0.0983,0.0972,0.0199,0.3247,35.5286,1.9738,68.8432,0.4473,-3.6861,6.3984,31.6029,-1.9304,66.4921,0.0000,0.0000,0.0000,0.0000,0.0000,0.0000,0.0000,0.0000,0.0000,5.00,3.00,2.00,0.3034,0.1336,0.0097,0,0.000000
6,24.8800,42.9815,83.8918,-74.5824,0.0424,0.0087,0.1417,0.0972,0.0199,0.3247,35.5348,1.9723,68.8469,0.4473,-3.6861,6.3984,31.6029,-1.9304,66.4921,0.0000,0.0000,0.0000,0.0000,0.0000,0.0000,0.0000,0.0000,0.0000,5.00,3.00,2.00,0.0045,0.0001,0.0201,0,0.000000
6,24.9000,43.0301,83.9018,-74.4201,0.0424,0.0087,0.1417,0.0972,0.0199,0.3247,35.5410,1.9708,68.8506,0.4473,-3.6861,6.3984,31.6029,-1.9304,66.4921,0.0000,0.0000,0.0000,0.0000,0.0000,0.0000,0.0000,0.0000,0.0000,5.00,3.00,2.00,0.0045,0.0001,0.0201,0,0.000000
6,24.9200,43.0787,83.9117,-74.2577,0.0424,0.0087,0.1417,0.0972,0.0199,0.3247,35.5473,1.9693,68.8542,0.4473,-3.6861,6.3984,31.6029,-1.9304,66.4921,0.0000,0.0000,0.0000,0.0000,0.0000,0.0000,0.0000,0.0000,0.0000,5.00,3.00,2.00,0.0045,0.0001,0.0201,0,0.000000
6,24.9400,43.1273,83.9216,-74.0954,0.0424,0.0087,0.1417,0.0972,0.0199,0.3247,35.5535,1.9678,68.8578,0.4473,-3.6861,6.3984,31.6029,-1.9304,66.4921,0.0000,0.0000,0.0000,0.0000,0.0000,0.0000,0.0000,0.0000,0.0000,5.00,3.00,2.00,0.0045,0.0001,0.0201,0,0.000000
6,24.9600,43.1759,83.9315,-73.9330,0.0424,0.0087,0.1417,0.0210,-0.1445,0.0889,35.5597,1.9662,68.8614,1.5545,-0.3778,0.9087,31.6029,-1.9304,66.4921,0.0000,0.0000,0.0000,0.0000,0.0000,0.0000,0.0000,0.0000,0.0000,5.00,3.00,2.00,0.0045,0.0001,0.0201,0,0.000000
6,24.9800,43.1864,83.8593,-73.8886,0.0092,-0.0630,0.0388,0.0210,-0.1445,0.0889,35.5591,1.9690,68.8601,1.5545,-0.3778,0.9087,31.6029,-1.9304,66.4921,0.0000,0.0000,0.0000,0.0000,0.0000,0.0000,0.0000,0.0000,0.0000,5.00,3.00,2.00,0.0002,0.0060,0.0015,0,0.000000
6,25.0000,43.1969,83.7871,-73.8441,0.0092,-0.0630,0.0388,0.0210,-0.1445,0.0889,35.5585,1.9718,68.8588,1.5545,-0.3778,0.9087,31.6029,-1.9304,66.4921,0.0000,0.0000,0.0000,0.0000,0.0000,0.0000,0.0000,0.0000,0.0000,5.00,3.00,2.00,0.0002,0.0060,0.0015,0,0.000000
6,25.0200,43.2074,83.7148,-73.7996,0.0092,-0.0630,0.0388,0.0210,-0.1445,0.0889,35.5578,1.9745,68.8575,1.5545,-0.3778,0.9087,31.6029,-1.9304,66.4921,0.0000,0.0000,0.0000,0.0000,0.0000,0.0000,0.0000,0.0000,0.0000,5.00,3.00,2.00,0.0002,0.0060,0.0015,0,0.000000
6,25.0400,43.2179,83.6426,-73.7552,0.0092,-0.0630,0.0388,0.0210,-0.1445,0.0889,35.5572,1.9773,68.8561,1.5545,-0.3778,0.9087,31.6029,-1.9304,66.4921,0.0000,0.0000,0.0000,0.0000,0.0000,0.0000,0.0000,0.0000,0.0000,5.00,3.00,2.00,0.0002,0.0060,0.0015,0,0.000000
6,25.0600,43.2284,83.5703,-73.7107,0.0092,-0.0630,0.0388,-0.0997,-0.0762,0.2251,35.5566,1.9801,68.8548,-0.1560,0.6929,-0.3300,31.6029,-1.9304,66.4921,0.0000,0.0000,0.0000,0.0000,0.0000,0.0000,0.0000,0.0000,0.0000,5.00,3.00,2.00,0.0002,0.0060,0.0015,0,0.000000
6,25.0800,43.1786,83.5322,-73.5982,-0.0435,-0.0332,0.0982,-0.0997,-0.0762,0.2251,35.5570,1.9809,68.8583,-0.1560,0.6929,-0.3300,31.6029,-1.9304,66.4921,0.0000,0.0000,0.0000,0.0000,0.0000,0.0000,0.0000,0.0000,0.0000,5.00,3.00,2.00,0.0047,0.0017,0.0096,0,0.000000
6,25.1000,43.1287,83.4942,-73.4856,-0.0435,-0.0332,0.0982,-0.0997,-0.0762,0.2251,35.5573,1.9817,68.8618,-0.1560,0.6929,-0.3300,31.6029,-1.9304,66.4921,0.0000,0.0000,0.0000,0.0000,0.0000,0.0000,0.0000,0.0000,0.0000,5.00,3.00,2.00,0.0047,0.0017,0.0096,0,0.000000
6,25.1200,43.0789,83.4561,-73.3731,-0.0435,-0.0332,0.0982,-0.0997,-0.0762,0.2251,35.5577,1.9826,68.8653,-0.1560,0.6929,-0.3300,31.6029,-1.9304,66.4921,0.0000,0.0000,0.0000,0.0000,0.0000,0.0000,0.0000,0.0000,0.0000,5.00,3.00,2.00,0.0047,0.0017,0.0096,0,0.000000
6,25.1400,43.0290,83.4180,-73.2605,-0.0435,-0.0332,0.0982,-0.0997,-0.0762,0.2251,35.5581,1.9834,68.8688,-0.1560,0.6929,-0.3300,31.6029,-1.9304,66.4921,0.0000,0.0000,0.0000,0.0000,0.0000,0.0000,0.0000,0.0000,0.0000,5.00,3.00,2.00,0.0047,0.0017,0.0096,0,0.000000
6,25.1600,42.9792,83.3799,-73.1480,-0.0435,-0.0332,0.0982,0.2091,-0.2173,-0.1469,35.5584,1.9842,68.8723,0.0906,0.2086,0.8759,31.6029,-1.9304,66.4921,0.0000,0.0000,0.0000,0.0000,0.0000,0.0000,0.0000,0.0000,0.0000,5.00,3.00,2.00,0.0047,0.0017,0.0096,0,0.000000
6,25.1800,43.0837,83.2712,-73.2214,0.0912,-0.0948,-0.0641,0.2091,-0.2173,-0.1469,35.5564,1.9894,68.8637,0.0906,0.2086,0.8759,31.6029,-1.9304,66.4921,0.0000,0.0000,0.0000,0.0000,0.0000,0.0000,0.0000,0.0000,0.0000,5.00,3.00,2.00,0.0208,0.0135,0.0041,0,0.000000
6,25.2000,43.1883,83.1626,-73.2949,0.0912,-0.0948,-0.0641,0.2091,-0.2173,-0.1469,35.5544,1.9946,68.8550,0.0906,0.2086,0.8759,31.6029,-1.9304,66.4921,0.0000,0.0000,0.0000,0.0000,0.0000,0.0000,0.0000,0.0000,0.0000,5.00,3.00,2.00,0.0208,0.0135,0.0041,0,0.000000
6,25.2200,43.2928,83.0539,-73.3683,0.0912,-0.0948,-0.0641,0.2091,-0.2173,-0.1469,35.5524,1.9997,68.8463,0.0906,0.2086,0.8759,31.6029,-1.9304,66.4921,0.0000,0.0000,0.0000,0.0000,0.0000,0.0000,0.0000,0.0000,0.0000,5.00,3.00,2.00,0.0208,0.0135,0.0041,0,0.000000
6,25.2400,43.3974,82.9453,-73.4418,0.0912,-0.0948,-0.0641,0.2091,-0.2173,-0.1469,35.5503,2.0048,68.8377,0.0906,0.2086,0.8759,31.6029,-1.9304,66.4921,0.0000,0.0000,0.0000,0.0000,0.0000,0.0000,0.0000,0.0000,0.0000,5.00,3.00,2.00,0.0208,0.0135,0.0041,0,0.000000
6,25.2600,43.5019,82.8367,-73.5152,0.0912,-0.0948,-0.0641,0.1579,0.2664,-0.0340,35.5482,2.0098,68.8290,-0.5123,1.2804,-2.1664,31.6029,-1.9304,66.4921,0.0000,0.0000,0.0000,0.0000,0.0000,0.0000,0.0000,0.0000,0.0000,5.00,3.00,2.00,0.0208,0.0135,0.0041,0,0.000000
6,25.2800,43.5809,82.9699,-73.5322,0.0689,0.1163,-0.0148,0.1579,0.2664,-0.0340,35.5542,2.0043,68.8305,-0.5123,1.2804,-2.1664,31.6029,-1.9304,66.4921,0.0000,0.0000,0.0000,0.0000,0.0000,0.0000,0.0000,0.0000,0.0000,5.00,3.00,2.00,0.0119,0.0203,0.0002,0,0.000000
6,25.3000,43.6598,83.1031,-73.5492,0.0689,0.1163,-0.0148,0.1579,0.2664,-0.0340,35.5602,1.9988,68.8320,-0.5123,1.2804,-2.1664,31.6029,-1.9304,66.4921,0.0000,0.0000,0.0000,0.0000,0.0000,0.0000,0.0000,0.0000,0.0000,5.00,3.00,2.00,0.0119,0.0203,0.0002,0,0.000000
6,25.3200,43.7387,83.2363,-73.5662,0.0689,0.1163,-0.0148,0.1579,0.2664,-0.0340,35.5662,1.9933,68.8334,-0.5123,1.2804,-2.1664,31.6029,-1.9304,66.4921,0.0000,0.0000,0.0000,0.0000,0.0000,0.0000,0.0000,0.0000,0.0000,5.00,3.00,2.00,0.0119,0.0203,0.0002,0,0.000000
6,25.3400,43.8177,83.3695,-73.5832,0.0689,0.1163,-0.0148,0.1579,0.2664,-0.0340,35.5722,1.9877,68.8348,-0.5123,1.2804,-2.1664,31.6029,-1.9304,66.4921,0.0000,0.0000,0.0000,0.0000,0.0000,0.0000,0.0000,0.0000,0.0000,5.00,3.00,2.00,0.0119,0.0203,0.0002,0,0.000000
6,25.3600,43.8966,83.5028,-73.6002,0.0689,0.1163,-0.0148,0.0289,-0.3238,0.0717,35.5782,1.9822,68.8362,1.5026,-1.3833,0.3616,31.6029,-1.9304,66.4921,0.0000,0.0000,0.0000,0.0000,0.0000,0.0000,0.0000,0.0000,0.0000,5.00,3.00,2.00,0.0119,0.0203,0.0002,0,0.000000
6,25.3800,43.9110,83.3409,-73.5644,0.0126,-0.1413,0.0313,0.0289,-0.3238,0.0717,35.5747,1.9888,68.8317,1.5026,-1.3833,0.3616,31.6029,-1.9304,66.4921,0.0000,0.0000,0.0000,0.0000,0.0000,0.0000,0.0000,0.0000,0.0000,5.00,3.00,2.00,0.0004,0.0299,0.0010,0,0.000000
6,25.4000,43.9255,83.1789,-73.5285,0.0126,-0.1413,0.0313,0.0289,-0.3238,0.0717,35.5712,1.9955,68.8272,1.5026,-1.3833,0.3616,31.6029,-1.9304,66.4921,0.0000,0.0000,0.0000,0.0000,0.0000,0.0000,0.0000,0.0000,0.0000,5.00,3.00,2.00,0.0004,0.0299,0.0010,0,0.000000
6,25.4200,43.9399,83.0170,-73.4927,0.0126,-0.1413,0.0313,0.0289,-0.3238,0.0717,35.5677,2.0021,68.8226,1.5026,-1.3833,0.3616,31.6029,-1.9304,66.4921,0.0000,0.0000,0.0000,0.0000,0.0000,0.0000,0.0000,0.0000,0.0000,5.00,3.00,2.00,0.0004,0.0299,0.0010,0,0.000000
6,25.4400,43.9544,82.8551,-73.4569,0.0126,-0.1413,0.0313,0.0289,-0.3238,0.0717,35.5641,2.0087,68.8181,1.5026,-1.3833,0.3616,31.6029,-1.9304,66.4921,0.0000,0.0000,0.0000,0.0000,0.0000,0.0000,0.0000,0.0000,0.0000,5.00,3.00,2.00,0.0004,0.0299,0.0010,0,0.000000
6,25.4600,43.9688,82.6932,-73.4210,0.0126,-0.1413,0.0313,0.5206,0.2056,0.5506,35.5606,2.0153,68.8135,-0.8820,1.6548,-1.1360,31.6029,-1.9304,66.4921,0.0000,0.0000,0.0000,0.0000,0.0000,0.0000,0.0000,0.0000,0.0000,5.00,3.00,2.00,0.0004,0.0299,0.0010,0,0.000000
6,25.4800,44.2291,82.7960,-73.1457,0.2272,0.0897,0.2402,0.5206,0.2056,0.5506,35.5793,2.0091,68.8170,-0.8820,1.6548,-1.1360,31.6029,-1.9304,66.4921,0.0000,0.0000,0.0000,0.0000,0.0000,0.0000,0.0000,0.0000,0.0000,5.00,3.00,2.00,0.1290,0.0121,0.0577,0,0.000000
6,25.5000,44.4895,82.8988,-72.8705,0.2272,0.0897,0.2402,0.5206,0.2056,0.5506,35.5980,2.0028,68.8204,-0.8820,1.6548,-1.1360,31.6029,-1.9304,66.4921,0.0000,0.0000,0.0000,0.0000,0.0000,0.0000,0.0000,0.0000,0.0000,5.00,3.00,2.00,0.1290,0.0121,0.0577,0,0.000000
6,25.5200,44.7498,83.0016,-72.5952,0.2272,0.0897,0.2402,0.5206,0.2056,0.5506,35.6168,1.9965,68.8236,-0.8820,1.6548,-1.1360,31.6029,-1.9304,66.4921,0.0000,0.0000,0.0000,0.0000,0.0000,0.0000,0.0000,0.0000,0.0000,5.00,3.00,2.00,0.1290,0.0121,0.0577,0,0.000000
6,25.5400,45.0101,83.1044,-72.3199,0.2272,0.0897,0.2402,0.5206,0.2056,0.5506,35.6357,1.9900,68.8266,-0.8820,1.6548,-1.1360,31.6029,-1.9304,66.4921,0.0000,0.0000,0.0000,0.0000,0.0000,0.0000,0.0000,0.0000,0.0000,5.00,3.00,2.00,0.1290,0.0121,0.0577,0,0.000000
6,25.5600,45.2704,83.2072,-72.0446,0.2272,0.0897,0.2402,0.1781,0.5923,0.4623,35.6546,1.9834,68.8295,4.7007,-1.5929,0.7988,31.6029,-1.9304,66.4921,0.0000,0.0000,0.0000,0.0000,0.0000,0.0000,0.0000,0.0000,0.0000,5.00,3.00,2.00,0.1290,0.0121,0.0577,0,0.000000
6,25.5800,45.3595,83.5034,-71.8135,0.0777,0.2585,0.2017,0.1781,0.5923,0.4623,35.6730,1.9686,68.8423,4.7007,-1.5929,0.7988,31.6029,-1.9304,66.4921,0.0000,0.0000,0.0000,0.0000,0.0000,0.0000,0.0000,0.0000,0.0000,5.00,3.00,2.00,0.0151,0.1002,0.0407,0,0.000000
6,25.6000,45.4486,83.7995,-71.5823,0.0777,0.2585,0.2017,0.1781,0.5923,0.4623,35.6915,1.9537,68.8549,4.7007,-1.5929,0.7988,31.6029,-1.9304,66.4921,0.0000,0.0000,0.0000,0.0000,0.0000,0.0000,0.0000,0.0000,0.0000,5.00,3.00,2.00,0.0151,0.1002,0.0407,0,0.000000
6,25.6200,45.5377,84.0957,-71.3512,0.0777,0.2585,0.2017,0.1781,0.5923,0.4623,35.7099,1.9385,68.8675,4.7007,-1.5929,0.7988,31.6029,-1.9304,66.4921,0.0000,0.0000,0.0000,0.0000,0.0000,0.0000,0.0000,0.0000,0.0000,5.00,3.00,2.00,0.0151,0.1002,0.0407,0,0.000000
6,25.6400,45.6267,84.3919,-71.1200,0.0777,0.2585,0.2017,0.1781,0.5923,0.4623,35.7282,1.9231,68.8799,4.7007,-1.5929,0.7988,31.6029,-1.9304,66.4921,0.0000,0.0000,0.0000,0.0000,0.0000,0.0000,0.0000,0.0000,0.0000,5.00,3.00,2.00,0.0151,0.1002,0.0407,0,0.000000
6,25.6600,45.7158,84.6880,-70.8889,0.0777,0.2585,0.2017,0.3065,-0.0253,-0.0599,35.7466,1.9075,68.8922,4.6009,-3.7941,3.1349,31.6029,-1.9304,66.4921,0.0000,0.0000,0.0000,0.0000,0.0000,0.0000,0.0000,0.0000,0.0000,5.00,3.00,2.00,0.0151,0.1002,0.0407,0,0.000000
6,25.6800,45.8691,84.6754,-70.9189,0.1337,-0.0110,-0.0262,0.3065,-0.0253,-0.0599,35.7502,1.9084,68.8860,4.6009,-3.7941,3.1349,31.6029,-1.9304,66.4921,0.0000,0.0000,0.0000,0.0000,0.0000,0.0000,0.0000,0.0000,0.0000,5.00,3.00,2.00,0.0447,0.0002,0.0007,0,0.000000
6,25.7000,46.0223,84.6628,-70.9488,0.1337,-0.0110,-0.0261,0.3065,-0.0253,-0.0599,35.7538,1.9093,68.8798,4.6009,-3.7941,3.1349,31.6029,-1.9304,66.4921,0.0000,0.0000,0.0000,0.0000,0.0000,0.0000,0.0000,0.0000,0.0000,5.00,3.00,2.00,0.0447,0.0002,0.0007,0,0.000000
6,25.7200,46.1756,84.6501,-70.9788,0.1337,-0.0110,-0.0262,0.3065,-0.0253,-0.0599,35.7574,1.9101,68.8736,4.6009,-3.7941,3.1349,31.6029,-1.9304,66.4921,0.0000,0.0000,0.0000,0.0000,0.0000,0.0000,0.0000,0.0000,0.0000,5.00,3.00,2.00,0.0447,0.0002,0.0007,0,0.000000
6,25.7400,46.3288,84.6375,-71.0088,0.1337,-0.0110,-0.0261,0.3065,-0.0253,-0.0599,35.7610,1.9110,68.8674,4.6009,-3.7941,3.1349,31.6029,-1.9304,66.4921,0.0000,0.0000,0.0000,0.0000,0.0000,0.0000,0.0000,0.0000,0.0000,5.00,3.00,2.00,0.0447,0.0002,0.0007,0,0.000000
6,25.7600,46.4821,84.6249,-71.0387,0.1337,-0.0110,-0.0262,0.3754,0.1660,0.3329,35.7645,1.9118,68.8612,0.8949,0.2148,-1.5480,31.6029,-1.9304,66.4921,0.0000,0.0000,0.0000,0.0000,0.0000,0.0000,0.0000,0.0000,0.0000,5.00,3.00,2.00,0.0447,0.0002,0.0007,0,0.000000
6,25.7800,46.6698,84.7079,-70.8723,0.1638,0.0724,0.1453,0.3754,0.1660,0.3329,35.7777,1.9065,68.8620,0.8949,0.2148,-1.5480,31.6029,-1.9304,66.4921,0.0000,0.0000,0.0000,0.0000,0.0000,0.0000,0.0000,0.0000,0.0000,5.00,3.00,2.00,0.0671,0.0079,0.0211,0,0.000000
6,25.8000,46.8575,84.7909,-70.7058,0.1638,0.0724,0.1453,0.3754,0.1660,0.3329,35.7908,1.9011,68.8626,0.8949,0.2148,-1.5480,31.6029,-1.9304,66.4921,0.0000,0.0000,0.0000,0.0000,0.0000,0.0000,0.0000,0.0000,0.0000,5.00,3.00,2.00,0.0671,0.0079,0.0211,0,0.000000
6,25.8200,47.0452,84.8739,-70.5393,0.1638,0.0724,0.1453,0.3754,0.1660,0.3329,35.8040,1.8956,68.8632,0.8949,0.2148,-1.5480,31.6029,-1.9304,66.4921,0.0000,0.0000,0.0000,0.0000,0.0000,0.0000,0.0000,0.0000,0.0000,5.00,3.00,2.00,0.0671,0.0079,0.0211,0,0.000000
6,25.8400,47.2329,84.9569,-70.3728,0.1638,0.0724,0.1453,0.3754,0.1660,0.3329,35.8172,1.8901,68.8637,0.8949,0.2148,-1.5480,31.6029,-1.9304,66.4921,0.0000,0.0000,0.0000,0.0000,0.0000,0.0000,0.0000,0.0000,0.0000,5.00,3.00,2.00,0.0671,0.0079,0.0211,0,0.000000
6,25.8600,47.4206,85.0399,-70.2064,0.1638,0.0724,0.1453,-0.1236,-0.0013,-0.2324,35.8304,1.8846,68.8642,3.2965,-1.3604,0.1465,31.6029,-1.9304,66.4921,0.0000,0.0000,0.0000,0.0000,0.0000,0.0000,0.0000,0.0000,0.0000,5.00,3.00,2.00,0.0671,0.0079,0.0211,0,0.000000
6,25.8800,47.3587,85.0392,-70.3226,-0.0540,-0.0006,-0.1014,-0.1236,-0.0013,-0.2324,35.8251,1.8858,68.8632,3.2965,-1.3604,0.1465,31.6029,-1.9304,66.4921,0.0000,0.0000,0.0000,0.0000,0.0000,0.0000,0.0000,0.0000,0.0000,5.00,3.00,2.00,0.0073,0.0000,0.0103,0,0.000000
6,25.9000,47.2969,85.0386,-70.4388,-0.0539,-0.0006,-0.1014,-0.1236,-0.0013,-0.2324,35.8199,1.8871,68.8622,3.2965,-1.3604,0.1465,31.6029,-1.9304,66.4921,0.0000,0.0000,0.0000,0.0000,0.0000,0.0000,0.0000,0.0000,0.0000,5.00,3.00,2.00,0.0073,0.0000,0.0103,0,0.000000
6,25.9200,47.2351,85.0379,-70.5550,-0.0539,-0.0006,-0.1014,-0.1236,-0.0013,-0.2324,35.8146,1.8883,68.8612,3.2965,-1.3604,0.1465,31.6029,-1.9304,66.4921,0.0000,0.0000,0.0000,0.0000,0.0000,0.0000,0.0000,0.0000,0.0000,5.00,3.00,2.00,0.0073,0.0000,0.0103,0,0.000000
6,25.9400,47.1733,85.0372,-70.6712,-0.0539,-0.0006,-0.1014,-0.1236,-0.0013,-0.2324,35.8093,1.8895,68.8601,3.2965,-1.3604,0.1465,31.6029,-1.9304,66.4921,0.0000,0.0000,0.0000,0.0000,0.0000,0.0000,0.0000,0.0000,0.0000,5.00,3.00,2.00,0.0073,0.0000,0.0103,0,0.000000
6,25.9600,47.1114,85.0365,-70.7873,-0.0540,-0.0006,-0.1014,0.0431,0.1431,0.0858,35.8040,1.8907,68.8591,-1.3208,0.3023,-0.2541,31.6029,-1.9304,66.4921,0.0000,0.0000,0.0000,0.0000,0.0000,0.0000,0.0000,0.0000,0.0000,5.00,3.00,2.00,0.0073,0.0000,0.0103,0,0.000000
6,25.9800,47.1330,85.1081,-70.7444,0.0188,0.0625,0.0375,0.0431,0.1431,0.0858,35.8081,1.8870,68.8616,-1.3208,0.3023,-0.2541,31.6029,-1.9304,66.4921,0.0000,0.0000,0.0000,0.0000,0.0000,0.0000,0.0000,0.0000,0.0000,5.00,3.00,2.00,0.0009,0.0059,0.0014,0,0.000000
6,26.0000,47.1546,85.1797,-70.7015,0.0188,0.0625,0.0375,0.0431,0.1431,0.0858,35.8122,1.8833,68.8640,-1.3208,0.3023,-0.2541,31.6029,-1.9304,66.4921,0.0000,0.0000,0.0000,0.0000,0.0000,0.0000,0.0000,0.0000,0.0000,5.00,3.00,2.00,0.0009,0.0059,0.0014,0,0.000000
6,26.0200,47.1761,85.2512,-70.6586,0.0188,0.0624,0.0375,0.0431,0.1431,0.0858,35.8164,1.8795,68.8665,-1.3208,0.3023,-0.2541,31.6029,-1.9304,66.4921,0.0000,0.0000,0.0000,0.0000,0.0000,0.0000,0.0000,0.0000,0.0000,5.00,3.00,2.00,0.0009,0.0058,0.0014,0,0.000000
6,26.0400,47.1977,85.3228,-70.6157,0.0188,0.0625,0.0375,0.0431,0.1431,0.0858,35.8205,1.8758,68.8689,-1.3208,0.3023,-0.2541,31.6029,-1.9304,66.4921,0.0000,0.0000,0.0000,0.0000,0.0000,0.0000,0.0000,0.0000,0.0000,5.00,3.00,2.00,0.0009,0.0059,0.0014,0,0.000000
6,26.0600,47.2192,85.3944,-70.5727,0.0188,0.0624,0.0375,-0.8614,-0.4547,0.0641,35.8246,1.8721,68.8714,1.0283,-0.9303,0.6161,31.6029,-1.9304,66.4921,0.0000,0.0000,0.0000,0.0000,0.0000,0.0000,0.0000,0.0000,0.0000,5.00,3.00,2.00,0.0009,0.0058,0.0014,0,0.000000
6,26.0800,46.7885,85.1670,-70.5407,-0.3758,-0.1984,0.0280,-0.8614,-0.4547,0.0641,35.8050,1.8822,68.8802,1.0283,-0.9303,0.6161,31.6029,-1.9304,66.4921,0.0000,0.0000,0.0000,0.0000,0.0000,0.0000,0.0000,0.0000,0.0000,5.00,3.00,2.00,0.3532,0.0590,0.0008,0,0.000000
6,26.1000,46.3578,84.9397,-70.5086,-0.3759,-0.1984,0.0280,-0.8614,-0.4547,0.0641,35.7853,1.8923,68.8889,1.0283,-0.9303,0.6161,31.6029,-1.9304,66.4921,0.0000,0.0000,0.0000,0.0000,0.0000,0.0000,0.0000,0.0000,0.0000,5.00,3.00,2.00,0.3532,0.0590,0.0008,0,0.000000
6,26.1200,45.9271,84.7123,-70.4766,-0.3758,-0.1984,0.0280,-0.8614,-0.4547,0.0641,35.7656,1.9024,68.8973,1.0283,-0.9303,0.6161,31.6029,-1.9304,66.4921,0.0000,0.0000,0.0000,0.0000,0.0000,0.0000,0.0000,0.0000,0.0000,5.00,3.00,2.00,0.3532,0.0590,0.0008,0,0.000000
6,26.1400,45.4965,84.4850,-70.4445,-0.3758,-0.1984,0.0280,-0.8614,-0.4547,0.0641,35.7459,1.9124,68.9055,1.0283,-0.9303,0.6161,31.6029,-1.9304,66.4921,0.0000,0.0000,0.0000,0.0000,0.0000,0.0000,0.0000,0.0000,0.0000,5.00,3.00,2.00,0.3532,0.0590,0.0008,0,0.000000
6,26.1600,45.0658,84.2577,-70.4124,-0.3759,-0.1984,0.0280,0.6081,0.4427,-0.1726,35.7261,1.9225,68.9134,-4.9234,2.5204,2.1011,31.6029,-1.9304,66.4921,0.0000,0.0000,0.0000,0.0000,0.0000,0.0000,0.0000,0.0000,0.0000,5.00,3.00,2.00,0.3532,0.0590,0.0008,0,0.000000
6,26.1800,45.3698,84.4790,-70.4987,0.2653,0.1932,-0.0753,0.6081,0.4427,-0.1726,35.7402,1.9132,68.9079,-4.9234,2.5204,2.1011,31.6029,-1.9304,66.4921,0.0000,0.0000,0.0000,0.0000,0.0000,0.0000,0.0000,0.0000,0.0000,5.00,3.00,2.00,0.1760,0.0560,0.0057,0,0.000000
6,26.2000,45.6738,84.7004,-70.5850,0.2653,0.1932,-0.0753,0.6081,0.4427,-0.1726,35.7542,1.9040,68.9022,-4.9234,2.5204,2.1011,31.6029,-1.9304,66.4921,0.0000,0.0000,0.0000,0.0000,0.0000,0.0000,0.0000,0.0000,0.0000,5.00,3.00,2.00,0.1760,0.0560,0.0057,0,0.000000
6,26.2200,45.9779,84.9218,-70.6713,0.2653,0.1932,-0.0753,0.6081,0.4427,-0.1726,35.7682,1.8948,68.8965,-4.9234,2.5204,2.1011,31.6029,-1.9304,66.4921,0.0000,0.0000,0.0000,0.0000,0.0000,0.0000,0.0000,0.0000,0.0000,5.00,3.00,2.00,0.1760,0.0560,0.0057,0,0.000000
6,26.2400,46.2819,85.1431,-70.7576,0.2653,0.1932,-0.0753,0.6081,0.4427,-0.1726,35.7821,1.8855,68.8906,-4.9234,2.5204,2.1011,31.6029,-1.9304,66.4921,0.0000,0.0000,0.0000,0.0000,0.0000,0.0000,0.0000,0.0000,0.0000,5.00,3.00,2.00,0.1760,0.0560,0.0057,0,0.000000
6,26.2600,46.5859,85.3645,-70.8438,0.2653,0.1932,-0.0753,0.5394,0.5728,0.1449,35.7960,1.8762,68.8846,3.4952,-2.3129,-1.4423,31.6029,-1.9304,66.4921,0.0000,0.0000,0.0000,0.0000,0.0000,0.0000,0.0000,0.0000,0.0000,5.00,3.00,2.00,0.1760,0.0560,0.0057,0,0.000000
6,26.2800,46.8556,85.6509,-70.7714,0.2354,0.2499,0.0632,0.5394,0.5728,0.1449,35.8153,1.8623,68.8857,3.4952,-2.3129,-1.4423,31.6029,-1.9304,66.4921,0.0000,0.0000,0.0000,0.0000,0.0000,0.0000,0.0000,0.0000,0.0000,5.00,3.00,2.00,0.1385,0.0937,0.0040,0,0.000000
6,26.3000,47.1253,85.9372,-70.6990,0.2353,0.2499,0.0632,0.5394,0.5728,0.1449,35.8346,1.8483,68.8866,3.4952,-2.3129,-1.4423,31.6029,-1.9304,66.4921,0.0000,0.0000,0.0000,0.0000,0.0000,0.0000,0.0000,0.0000,0.0000,5.00,3.00,2.00,0.1385,0.0937,0.0040,0,0.000000
6,26.3200,47.3950,86.2236,-70.6266,0.2353,0.2499,0.0632,0.5394,0.5728,0.1449,35.8539,1.8342,68.8874,3.4952,-2.3129,-1.4423,31.6029,-1.9304,66.4921,0.0000,0.0000,0.0000,0.0000,0.0000,0.0000,0.0000,0.0000,0.0000,5.00,3.00,2.00,0.1385,0.0937,0.0040,0,0.000000
6,26.3400,47.6647,86.5100,-70.5541,0.2353,0.2499,0.0632,0.5394,0.5728,0.1449,35.8732,1.8199,68.8879,3.4952,-2.3129,-1.4423,31.6029,-1.9304,66.4921,0.0000,0.0000,0.0000,0.0000,0.0000,0.0000,0.0000,0.0000,0.0000,5.00,3.00,2.00,0.1385,0.0937,0.0040,0,0.000000
6,26.3600,47.9344,86.7964,-70.4817,0.2353,0.2499,0.0632,-0.1259,-0.3482,0.2434,35.8925,1.8057,68.8883,4.8241,-3.5276,0.1842,31.6029,-1.9304,66.4921,0.0000,0.0000,0.0000,0.0000,0.0000,0.0000,0.0000,0.0000,0.0000,5.00,3.00,2.00,0.1385,0.0937,0.0040,0,0.000000
6,26.3800,47.8714,86.6223,-70.3600,-0.0549,-0.1519,0.1062,-0.1259,-0.3482,0.2434,35.8887,1.8125,68.8889,4.8241,-3.5276,0.1842,31.6029,-1.9304,66.4921,0.0000,0.0000,0.0000,0.0000,0.0000,0.0000,0.0000,0.0000,0.0000,5.00,3.00,2.00,0.0075,0.0346,0.0113,0,0.000000
6,26.4000,47.8085,86.4482,-70.2383,-0.0549,-0.1519,0.1062,-0.1259,-0.3482,0.2434,35.8850,1.8193,68.8895,4.8241,-3.5276,0.1842,31.6029,-1.9304,66.4921,0.0000,0.0000,0.0000,0.0000,0.0000,0.0000,0.0000,0.0000,0.0000,5.00,3.00,2.00,0.0075,0.0346,0.0113,0,0.000000
6,26.4200,47.7455,86.2741,-70.1166,-0.0549,-0.1519,0.1062,-0.1259,-0.3482,0.2434,35.8812,1.8262,68.8900,4.8241,-3.5276,0.1842,31.6029,-1.9304,66.4921,0.0000,0.0000,0.0000,0.0000,0.0000,0.0000,0.0000,0.0000,0.0000,5.00,3.00,2.00,0.0075,0.0346,0.0113,0,0.000000
6,26.4400,47.6826,86.1000,-69.9949,-0.0549,-0.1519,0.1062,-0.1259,-0.3482,0.2434,35.8774,1.8330,68.8906,4.8241,-3.5276,0.1842,31.6029,-1.9304,66.4921,0.0000,0.0000,0.0000,0.0000,0.0000,0.0000,0.0000,0.0000,0.0000,5.00,3.00,2.00,0.0075,0.0346,0.0113,0,0.000000
6,26.4600,47.6196,85.9259,-69.8732,-0.0549,-0.1519,0.1062,0.1441,0.0817,-0.2280,35.8735,1.8398,68.8911,-0.9478,1.7070,0.1404,31.6029,-1.9304,66.4921,0.0000,0.0000,0.0000,0.0000,0.0000,0.0000,0.0000,0.0000,0.0000,5.00,3.00,2.00,0.0075,0.0346,0.0113,0,0.000000
6,26.4800,47.6917,85.9667,-69.9872,0.0629,0.0356,-0.0995,0.1441,0.0817,-0.2280,35.8738,1.8392,68.8867,-0.9478,1.7070,0.1404,31.6029,-1.9304,66.4921,0.0000,0.0000,0.0000,0.0000,0.0000,0.0000,0.0000,0.0000,0.0000,5.00,3.00,2.00,0.0099,0.0019,0.0099,0,0.000000
6,26.5000,47.7637,86.0075,-70.1012,0.0629,0.0356,-0.0995,0.1441,0.0817,-0.2280,35.8740,1.8385,68.8824,-0.9478,1.7070,0.1404,31.6029,-1.9304,66.4921,0.0000,0.0000,0.0000,0.0000,0.0000,0.0000,0.0000,0.0000,0.0000,5.00,3.00,2.00,0.0099,0.0019,0.0099,0,0.000000
6,26.5200,47.8358,86.0484,-70.2152,0.0629,0.0356,-0.0995,0.1441,0.0817,-0.2280,35.8743,1.8378,68.8780,-0.9478,1.7070,0.1404,31.6029,-1.9304,66.4921,0.0000,0.0000,0.0000,0.0000,0.0000,0.0000,0.0000,0.0000,0.0000,5.00,3.00,2.00,0.0099,0.0019,0.0099,0,0.000000
6,26.5400,47.9078,86.0892,-70.3292,0.0629,0.0356,-0.0995,0.1441,0.0817,-0.2280,35.8745,1.8372,68.8737,-0.9478,1.7070,0.1404,31.6029,-1.9304,66.4921,0.0000,0.0000,0.0000,0.0000,0.0000,0.0000,0.0000,0.0000,0.0000,5.00,3.00,2.00,0.0099,0.0019,0.0099,0,0.000000
6,26.5600,47.9798,86.1301,-70.4432,0.0629,0.0356,-0.0995,0.3094,0.6870,-0.0461,35.8747,1.8365,68.8694,0.0593,-0.1637,-1.0849,31.6029,-1.9304,66.4921,0.0000,0.0000,0.0000,0.0000,0.0000,0.0000,0.0000,0.0000,0.0000,5.00,3.00,2.00,0.0099,0.0019,0.0099,0,0.000000
6,26.5800,48.1345,86.4736,-70.4663,0.1350,0.2998,-0.0201,0.3094,0.6870,-0.0461,35.8894,1.8207,68.8728,0.0593,-0.1637,-1.0849,31.6029,-1.9304,66.4921,0.0000,0.0000,0.0000,0.0000,0.0000,0.0000,0.0000,0.0000,0.0000,5.00,3.00,2.00,0.0456,0.1348,0.0004,0,0.000000
6,26.6000,48.2892,86.8171,-70.4893,0.1350,0.2998,-0.0201,0.3094,0.6870,-0.0461,35.9041,1.8048,68.8762,0.0593,-0.1637,-1.0849,31.6029,-1.9304,66.4921,0.0000,0.0000,0.0000,0.0000,0.0000,0.0000,0.0000,0.0000,0.0000,5.00,3.00,2.00,0.0456,0.1348,0.0004,0,0.000000
6,26.6200,48.4439,87.1606,-70.5123,0.1350,0.2998,-0.0201,0.3094,0.6870,-0.0461,35.9187,1.7888,68.8794,0.0593,-0.1637,-1.0849,31.6029,-1.9304,66.4921,0.0000,0.0000,0.0000,0.0000,0.0000,0.0000,0.0000,0.0000,0.0000,5.00,3.00,2.00,0.0456,0.1348,0.0004,0,0.000000
6,26.6400,48.5986,87.5041,-70.5354,0.1350,0.2998,-0.0201,0.3094,0.6870,-0.0461,35.9333,1.7727,68.8825,0.0593,-0.1637,-1.0849,31.6029,-1.9304,66.4921,0.0000,0.0000,0.0000,0.0000,0.0000,0.0000,0.0000,0.0000,0.0000,5.00,3.00,2.00,0.0456,0.1348,0.0004,0,0.000000
6,26.6600,48.7533,87.8477,-70.5584,0.1350,0.2998,-0.0201,0.1345,0.8296,-0.6052,35.9478,1.7566,68.8854,3.6558,-3.9975,0.8011,31.6029,-1.9304,66.4921,0.0000,0.0000,0.0000,0.0000,0.0000,0.0000,0.0000,0.0000,0.0000,5.00,3.00,2.00,0.0456,0.1348,0.0004,0,0.000000
6,26.6800,48.8205,88.2625,-70.8610,0.0587,0.3620,-0.2641,0.1345,0.8296,-0.6052,35.9536,1.7403,68.8862,3.6558,-3.9975,0.8011,31.6029,-1.9304,66.4921,0.0000,0.0000,0.0000,0.0000,0.0000,0.0000,0.0000,0.0000,0.0000,5.00,3.00,2.00,0.0086,0.1965,0.0697,0,0.000000
6,26.7000,48.8878,88.6772,-71.1636,0.0587,0.3620,-0.2641,0.1345,0.8296,-0.6052,35.9593,1.7241,68.8868,3.6558,-3.9975,0.8011,31.6029,-1.9304,66.4921,0.0000,0.0000,0.0000,0.0000,0.0000,0.0000,0.0000,0.0000,0.0000,5.00,3.00,2.00,0.0086,0.1965,0.0697,0,0.000000
6,26.7200,48.9551,89.0920,-71.4662,0.0587,0.3620,-0.2641,0.1345,0.8296,-0.6052,35.9649,1.7078,68.8874,3.6558,-3.9975,0.8011,31.6029,-1.9304,66.4921,0.0000,0.0000,0.0000,0.0000,0.0000,0.0000,0.0000,0.0000,0.0000,5.00,3.00,2.00,0.0086,0.1965,0.0697,0,0.000000
6,26.7400,49.0224,89.5068,-71.7688,0.0587,0.3620,-0.2641,0.1345,0.8296,-0.6052,35.9704,1.6916,68.8879,3.6558,-3.9975,0.8011,31.6029,-1.9304,66.4921,0.0000,0.0000,0.0000,0.0000,0.0000,0.0000,0.0000,0.0000,0.0000,5.00,3.00,2.00,0.0086,0.1965,0.0697,0,0.000000
6,26.7600,49.0896,89.9216,-72.0714,0.0587,0.3620,-0.2641,-0.3154,0.5513,0.1776,35.9759,1.6753,68.8883,1.4004,-4.0642,0.1476,31.6029,-1.9304,66.4921,0.0000,0.0000,0.0000,0.0000,0.0000,0.0000,0.0000,0.0000,0.0000,5.00,3.00,2.00,0.0086,0.1965,0.0697,0,0.000000
6,26.7800,48.9320,90.1973,-71.9826,-0.1376,0.2406,0.0775,-0.3154,0.5513,0.1776,35.9814,1.6608,68.9033,1.4004,-4.0642,0.1476,31.6029,-1.9304,66.4921,0.0000,0.0000,0.0000,0.0000,0.0000,0.0000,0.0000,0.0000,0.0000,5.00,3.00,2.00,0.0473,0.0868,0.0060,0,0.000000
6,26.8000,48.7743,90.4729,-71.8938,-0.1376,0.2406,0.0775,-0.3154,0.5513,0.1776,35.9868,1.6463,68.9182,1.4004,-4.0642,0.1476,31.6029,-1.9304,66.4921,0.0000,0.0000,0.0000,0.0000,0.0000,0.0000,0.0000,0.0000,0.0000,5.00,3.00,2.00,0.0473,0.0868,0.0060,0,0.000000
6,26.8200,48.6166,90.7486,-71.8050,-0.1376,0.2405,0.0775,-0.3154,0.5513,0.1776,35.9921,1.6317,68.9331,1.4004,-4.0642,0.1476,31.6029,-1.9304,66.4921,0.0000,0.0000,0.0000,0.0000,0.0000,0.0000,0.0000,0.0000,0.0000,5.00,3.00,2.00,0.0473,0.0868,0.0060,0,0.000000
6,26.8400,48.4589,91.0242,-71.7161,-0.1376,0.2405,0.0775,-0.3154,0.5513,0.1776,35.9973,1.6169,68.9481,1.4004,-4.0642,0.1476,31.6029,-1.9304,66.4921,0.0000,0.0000,0.0000,0.0000,0.0000,0.0000,0.0000,0.0000,0.0000,5.00,3.00,2.00,0.0473,0.0868,0.0060,0,0.000000
6,26.8600,48.3012,91.2999,-71.6273,-0.1376,0.2406,0.0775,0.0396,-0.1647,0.3533,36.0024,1.6021,68.9630,1.3256,-3.6577,3.7308,31.6029,-1.9304,66.4921,0.0000,0.0000,0.0000,0.0000,0.0000,0.0000,0.0000,0.0000,0.0000,5.00,3.00,2.00,0.0473,0.0868,0.0060,0,0.000000
6,26.8800,48.3210,91.2175,-71.4507,0.0173,-0.0719,0.1542,0.0396,-0.1647,0.3533,36.0057,1.6038,68.9647,1.3256,-3.6577,3.7308,31.6029,-1.9304,66.4921,0.0000,0.0000,0.0000,0.0000,0.0000,0.0000,0.0000,0.0000,0.0000,5.00,3.00,2.00,0.0007,0.0077,0.0238,0,0.000000
6,26.9000,48.3408,91.1351,-71.2740,0.0173,-0.0719,0.1542,0.0396,-0.1647,0.3533,36.0091,1.6055,68.9664,1.3256,-3.6577,3.7308,31.6029,-1.9304,66.4921,0.0000,0.0000,0.0000,0.0000,0.0000,0.0000,0.0000,0.0000,0.0000,5.00,3.00,2.00,0.0007,0.0077,0.0238,0,0.000000
6,26.9200,48.3606,91.0528,-71.0973,0.0173,-0.0719,0.1542,0.0396,-0.1647,0.3533,36.0125,1.6071,68.9680,1.3256,-3.6577,3.7308,31.6029,-1.9304,66.4921,0.0000,0.0000,0.0000,0.0000,0.0000,0.0000,0.0000,0.0000,0.0000,5.00,3.00,2.00,0.0007,0.0078,0.0238,0,0.000000
6,26.9400,48.3804,90.9704,-70.9207,0.0173,-0.0719,0.1542,0.0396,-0.1647,0.3533,36.0159,1.6088,68.9697,1.3256,-3.6577,3.7308,31.6029,-1.9304,66.4921,0.0000,0.0000,0.0000,0.0000,0.0000,0.0000,0.0000,0.0000,0.0000,5.00,3.00,2.00,0.0007,0.0077,0.0238,0,0.000000
6,26.9600,48.4002,90.8880,-70.7440,0.0173,-0.0719,0.1542,-0.0130,-0.3274,0.3843,36.0192,1.6104,68.9714,0.8427,0.4150,0.4208,31.6029,-1.9304,66.4921,0.0000,0.0000,0.0000,0.0000,0.0000,0.0000,0.0000,0.0000,0.0000,5.00,3.00,2.00,0.0007,0.0077,0.0238,0,0.000000
6,26.9800,48.3937,90.7243,-70.5519,-0.0057,-0.1428,0.1677,-0.0130,-0.3274,0.3843,36.0199,1.6159,68.9724,0.8427,0.4150,0.4208,31.6029,-1.9304,66.4921,0.0000,0.0000,0.0000,0.0000,0.0000,0.0000,0.0000,0.0000,0.0000,5.00,3.00,2.00,0.0001,0.0306,0.0281,0,0.000000
6,27.0000,48.3871,90.5607,-70.3597,-0.0057,-0.1428,0.1677,-0.0130,-0.3274,0.3843,36.0205,1.6214,68.9734,0.8427,0.4150,0.4208,31.6029,-1.9304,66.4921,0.0000,0.0000,0.0000,0.0000,0.0000,0.0000,0.0000,0.0000,0.0000,5.00,3.00,2.00,0.0001,0.0306,0.0281,0,0.000000
6,27.0200,48.3806,90.3970,-70.1676,-0.0057,-0.1428,0.1677,-0.0130,-0.3274,0.3843,36.0211,1.6269,68.9744,0.8427,0.4150,0.4208,31.6029,-1.9304,66.4921,0.0000,0.0000,0.0000,0.0000,0.0000,0.0000,0.0000,0.0000,0.0000,5.00,3.00,2.00,0.0001,0.0306,0.0281,0,0.000000
6,27.0400,48.3741,90.2333,-69.9755,-0.0057,-0.1428,0.1677,-0.0130,-0.3274,0.3843,36.0218,1.6324,68.9754,0.8427,0.4150,0.4208,31.6029,-1.9304,66.4921,0.0000,0.0000,0.0000,0.0000,0.0000,0.0000,0.0000,0.0000,0.0000,5.00,3.00,2.00,0.0001,0.0306,0.0281,0,0.000000
6,27.0600,48.3676,90.0696,-69.7833,-0.0057,-0.1428,0.1677,-0.0771,0.1622,0.7129,36.0224,1.6378,68.9763,0.1568,1.3698,0.2480,31.6029,-1.9304,66.4921,0.0000,0.0000,0.0000,0.0000,0.0000,0.0000,0.0000,0.0000,0.0000,5.00,3.00,2.00,0.0001,0.0306,0.0281,0,0.000000
6,27.0800,48.3290,90.1507,-69.4269,-0.0336,0.0708,0.3110,-0.0771,0.1622,0.7129,36.0334,1.6287,68.9888,0.1568,1.3698,0.2480,31.6029,-1.9304,66.4921,0.0000,0.0000,0.0000,0.0000,0.0000,0.0000,0.0000,0.0000,0.0000,5.00,3.00,2.00,0.0028,0.0075,0.0967,0,0.000000
6,27.1000,48.2905,90.2318,-69.0705,-0.0337,0.0708,0.3110,-0.0771,0.1622,0.7129,36.0445,1.6195,69.0012,0.1568,1.3698,0.2480,31.6029,-1.9304,66.4921,0.0000,0.0000,0.0000,0.0000,0.0000,0.0000,0.0000,0.0000,0.0000,5.00,3.00,2.00,0.0028,0.0075,0.0968,0,0.000000
6,27.1200,48.2519,90.3129,-68.7140,-0.0337,0.0708,0.3110,-0.0771,0.1622,0.7129,36.0554,1.6101,69.0136,0.1568,1.3698,0.2480,31.6029,-1.9304,66.4921,0.0000,0.0000,0.0000,0.0000,0.0000,0.0000,0.0000,0.0000,0.0000,5.00,3.00,2.00,0.0028,0.0075,0.0968,0,0.000000
6,27.1400,48.2133,90.3940,-68.3576,-0.0337,0.0708,0.3110,-0.0771,0.1622,0.7129,36.0664,1.6007,69.0260,0.1568,1.3698,0.2480,31.6029,-1.9304,66.4921,0.0000,0.0000,0.0000,0.0000,0.0000,0.0000,0.0000,0.0000,0.0000,5.00,3.00,2.00,0.0028,0.0075,0.0967,0,0.000000
6,27.1600,48.1748,90.4750,-68.0012,-0.0337,0.0708,0.3110,-0.0796,-0.0450,0.0783,36.0772,1.5911,69.0383,2.7428,-2.3384,3.1002,31.6029,-1.9304,66.4921,0.0000,0.0000,0.0000,0.0000,0.0000,0.0000,0.0000,0.0000,0.0000,5.00,3.00,2.00,0.0028,0.0075,0.0968,0,0.000000
6,27.1800,48.1349,90.4525,-67.9620,-0.0347,-0.0197,0.0342,-0.0796,-0.0450,0.0783,36.0763,1.5916,69.0403,2.7428,-2.3384,3.1002,31.6029,-1.9304,66.4921,0.0000,0.0000,0.0000,0.0000,0.0000,0.0000,0.0000,0.0000,0.0000,5.00,3.00,2.00,0.0030,0.0006,0.0012,0,0.000000
6,27.2000,48.0951,90.4300,-67.9228,-0.0347,-0.0197,0.0342,-0.0796,-0.0450,0.0783,36.0754,1.5922,69.0422,2.7428,-2.3384,3.1002,31.6029,-1.9304,66.4921,0.0000,0.0000,0.0000,0.0000,0.0000,0.0000,0.0000,0.0000,0.0000,5.00,3.00,2.00,0.0030,0.0006,0.0012,0,0.000000
6,27.2200,48.0553,90.4075,-67.8837,-0.0347,-0.0197,0.0342,-0.0796,-0.0450,0.0783,36.0745,1.5927,69.0442,2.7428,-2.3384,3.1002,31.6029,-1.9304,66.4921,0.0000,0.0000,0.0000,0.0000,0.0000,0.0000,0.0000,0.0000,0.0000,5.00,3.00,2.00,0.0030,0.0006,0.0012,0,0.000000
6,27.2400,48.0155,90.3850,-67.8445,-0.0347,-0.0197,0.0342,-0.0796,-0.0450,0.0783,36.0736,1.5933,69.0461,2.7428,-2.3384,3.1002,31.6029,-1.9304,66.4921,0.0000,0.0000,0.0000,0.0000,0.0000,0.0000,0.0000,0.0000,0.0000,5.00,3.00,2.00,0.0030,0.0006,0.0012,0,0.000000
6,27.2600,47.9757,90.3624,-67.8053,-0.0347,-0.0197,0.0342,-0.0252,-0.2493,-0.1711,36.0727,1.5938,69.0480,-0.2249,0.1378,0.4852,31.6029,-1.9304,66.4921,0.0000,0.0000,0.0000,0.0000,0.0000,0.0000,0.0000,0.0000,0.0000,5.00,3.00,2.00,0.0030,0.0006,0.0012,0,0.000000
6,27.2800,47.9631,90.2378,-67.8909,-0.0110,-0.1088,-0.0747,-0.0252,-0.2493,-0.1711,36.0665,1.6015,69.0433,-0.2249,0.1378,0.4852,31.6029,-1.9304,66.4921,0.0000,0.0000,0.0000,0.0000,0.0000,0.0000,0.0000,0.0000,0.0000,5.00,3.00,2.00,0.0003,0.0178,0.0056,0,0.000000
6,27.3000,47.9505,90.1131,-67.9764,-0.0110,-0.1088,-0.0747,-0.0252,-0.2493,-0.1711,36.0602,1.6092,69.0385,-0.2249,0.1378,0.4852,31.6029,-1.9304,66.4921,0.0000,0.0000,0.0000,0.0000,0.0000,0.0000,0.0000,0.0000,0.0000,5.00,3.00,2.00,0.0003,0.0177,0.0056,0,0.000000
6,27.3200,47.9379,89.9885,-68.0620,-0.0110,-0.1088,-0.0747,-0.0252,-0.2493,-0.1711,36.0539,1.6169,69.0337,-0.2249,0.1378,0.4852,31.6029,-1.9304,66.4921,0.0000,0.0000,0.0000,0.0000,0.0000,0.0000,0.0000,0.0000,0.0000,5.00,3.00,2.00,0.0003,0.0177,0.0056,0,0.000000
6,27.3400,47.9253,89.8638,-68.1475,-0.0110,-0.1088,-0.0747,-0.0252,-0.2493,-0.1711,36.0477,1.6245,69.0289,-0.2249,0.1378,0.4852,31.6029,-1.9304,66.4921,0.0000,0.0000,0.0000,0.0000,0.0000,0.0000,0.0000,0.0000,0.0000,5.00,3.00,2.00,0.0003,0.0177,0.0056,0,0.000000
6,27.3600,47.9127,89.7392,-68.2331,-0.0110,-0.1088,-0.0747,-0.4662,0.1461,-0.3519,36.0414,1.6321,69.0241,-1.5678,1.9150,-1.1982,31.6029,-1.9304,66.4921,0.0000,0.0000,0.0000,0.0000,0.0000,0.0000,0.0000,0.0000,0.0000,5.00,3.00,2.00,0.0003,0.0177,0.0056,0,0.000000
6,27.3800,47.6796,89.8123,-68.4090,-0.2034,0.0638,-0.1535,-0.4662,0.1461,-0.3519,36.0306,1.6310,69.0302,-1.5678,1.9150,-1.1982,31.6029,-1.9304,66.4921,0.0000,0.0000,0.0000,0.0000,0.0000,0.0000,0.0000,0.0000,0.0000,5.00,3.00,2.00,0.1034,0.0061,0.0236,0,0.000000
6,27.4000,47.4465,89.8853,-68.5849,-0.2034,0.0638,-0.1535,-0.4662,0.1461,-0.3519,36.0197,1.6299,69.0364,-1.5678,1.9150,-1.1982,31.6029,-1.9304,66.4921,0.0000,0.0000,0.0000,0.0000,0.0000,0.0000,0.0000,0.0000,0.0000,5.00,3.00,2.00,0.1034,0.0061,0.0236,0,0.000000
6,27.4200,47.2134,89.9584,-68.7609,-0.2034,0.0638,-0.1535,-0.4662,0.1461,-0.3519,36.0089,1.6288,69.0424,-1.5678,1.9150,-1.1982,31.6029,-1.9304,66.4921,0.0000,0.0000,0.0000,0.0000,0.0000,0.0000,0.0000,0.0000,0.0000,5.00,3.00,2.00,0.1034,0.0061,0.0236,0,0.000000
6,27.4400,46.9803,90.0315,-68.9368,-0.2034,0.0638,-0.1535,-0.4662,0.1461,-0.3519,35.9981,1.6277,69.0484,-1.5678,1.9150,-1.1982,31.6029,-1.9304,66.4921,0.0000,0.0000,0.0000,0.0000,0.0000,0.0000,0.0000,0.0000,0.0000,5.00,3.00,2.00,0.1034,0.0061,0.0236,0,0.000000
6,27.4600,46.7472,90.1045,-69.1127,-0.2034,0.0638,-0.1535,0.2324,0.3561,0.0453,35.9872,1.6265,69.0543,-2.7075,-0.2794,1.5099,31.6029,-1.9304,66.4921,0.0000,0.0000,0.0000,0.0000,0.0000,0.0000,0.0000,0.0000,0.0000,5.00,3.00,2.00,0.1034,0.0061,0.0236,0,0.000000
6,27.4800,46.8634,90.2826,-69.0901,0.1014,0.1554,0.0197,0.2324,0.3561,0.0453,35.9967,1.6172,69.0552,-2.7075,-0.2794,1.5099,31.6029,-1.9304,66.4921,0.0000,0.0000,0.0000,0.0000,0.0000,0.0000,0.0000,0.0000,0.0000,5.00,3.00,2.00,0.0257,0.0362,0.0004,0,0.000000
6,27.5000,46.9796,90.4606,-69.0674,0.1014,0.1554,0.0197,0.2324,0.3561,0.0453,36.0062,1.6079,69.0560,-2.7075,-0.2794,1.5099,31.6029,-1.9304,66.4921,0.0000,0.0000,0.0000,0.0000,0.0000,0.0000,0.0000,0.0000,0.0000,5.00,3.00,2.00,0.0257,0.0362,0.0004,0,0.000000
6,27.5200,47.0958,90.6386,-69.0448,0.1014,0.1554,0.0197,0.2324,0.3561,0.0453,36.0157,1.5985,69.0568,-2.7075,-0.2794,1.5099,31.6029,-1.9304,66.4921,0.0000,0.0000,0.0000,0.0000,0.0000,0.0000,0.0000,0.0000,0.0000,5.00,3.00,2.00,0.0257,0.0362,0.0004,0,0.000000
6,27.5400,47.2120,90.8167,-69.0222,0.1014,0.1554,0.0197,0.2324,0.3561,0.0453,36.0252,1.5891,69.0575,-2.7075,-0.2794,1.5099,31.6029,-1.9304,66.4921,0.0000,0.0000,0.0000,0.0000,0.0000,0.0000,0.0000,0.0000,0.0000,5.00,3.00,2.00,0.0257,0.0362,0.0004,0,0.000000
6,27.5600,47.3282,90.9947,-68.9996,0.1014,0.1554,0.0197,0.2808,0.1379,0.3792,36.0347,1.5797,69.0582,2.3724,-2.3403,0.1968,31.6029,-1.9304,66.4921,0.0000,0.0000,0.0000,0.0000,0.0000,0.0000,0.0000,0.0000,0.0000,5.00,3.00,2.00,0.0257,0.0362,0.0004,0,0.000000
6,27.5800,47.4686,91.0636,-68.8100,0.1225,0.0602,0.1655,0.2808,0.1379,0.3792,36.0466,1.5733,69.0595,2.3724,-2.3403,0.1968,31.6029,-1.9304,66.4921,0.0000,0.0000,0.0000,0.0000,0.0000,0.0000,0.0000,0.0000,0.0000,5.00,3.00,2.00,0.0375,0.0054,0.0274,0,0.000000
6,27.6000,47.6090,91.1326,-68.6204,0.1225,0.0602,0.1655,0.2808,0.1379,0.3792,36.0585,1.5669,69.0606,2.3724,-2.3403,0.1968,31.6029,-1.9304,66.4921,0.0000,0.0000,0.0000,0.0000,0.0000,0.0000,0.0000,0.0000,0.0000,5.00,3.00,2.00,0.0375,0.0054,0.0274,0,0.000000
6,27.6200,47.7494,91.2015,-68.4308,0.1225,0.0602,0.1655,0.2808,0.1379,0.3792,36.0705,1.5604,69.0617,2.3724,-2.3403,0.1968,31.6029,-1.9304,66.4921,0.0000,0.0000,0.0000,0.0000,0.0000,0.0000,0.0000,0.0000,0.0000,5.00,3.00,2.00,0.0375,0.0054,0.0274,0,0.000000
6,27.6400,47.8898,91.2704,-68.2412,0.1225,0.0602,0.1655,0.2808,0.1379,0.3792,36.0824,1.5538,69.0628,2.3724,-2.3403,0.1968,31.6029,-1.9304,66.4921,0.0000,0.0000,0.0000,0.0000,0.0000,0.0000,0.0000,0.0000,0.0000,5.00,3.00,2.00,0.0375,0.0054,0.0274,0,0.000000
6,27.6600,48.0302,91.3394,-68.0516,0.1225,0.0602,0.1655,-0.2064,0.2839,0.1042,36.0944,1.5473,69.0638,2.9879,-1.6237,0.2785,31.6029,-1.9304,66.4921,0.0000,0.0000,0.0000,0.0000,0.0000,0.0000,0.0000,0.0000,0.0000,5.00,3.00,2.00,0.0375,0.0054,0.0274,0,0.000000
6,27.6800,47.9270,91.4813,-67.9995,-0.0901,0.1239,0.0455,-0.2064,0.2839,0.1042,36.0961,1.5390,69.0725,2.9879,-1.6237,0.2785,31.6029,-1.9304,66.4921,0.0000,0.0000,0.0000,0.0000,0.0000,0.0000,0.0000,0.0000,0.0000,5.00,3.00,2.00,0.0203,0.0230,0.0021,0,0.000000
6,27.7000,47.8238,91.6233,-67.9474,-0.0901,0.1239,0.0455,-0.2064,0.2839,0.1042,36.0977,1.5308,69.0812,2.9879,-1.6237,0.2785,31.6029,-1.9304,66.4921,0.0000,0.0000,0.0000,0.0000,0.0000,0.0000,0.0000,0.0000,0.0000,5.00,3.00,2.00,0.0203,0.0230,0.0021,0,0.000000
6,27.7200,47.7206,91.7653,-67.8953,-0.0901,0.1239,0.0455,-0.2064,0.2839,0.1042,36.0993,1.5226,69.0899,2.9879,-1.6237,0.2785,31.6029,-1.9304,66.4921,0.0000,0.0000,0.0000,0.0000,0.0000,0.0000,0.0000,0.0000,0.0000,5.00,3.00,2.00,0.0203,0.0230,0.0021,0,0.000000
6,27.7400,47.6174,91.9072,-67.8432,-0.0901,0.1239,0.0454,-0.2064,0.2839,0.1042,36.1008,1.5143,69.0986,2.9879,-1.6237,0.2785,31.6029,-1.9304,66.4921,0.0000,0.0000,0.0000,0.0000,0.0000,0.0000,0.0000,0.0000,0.0000,5.00,3.00,2.00,0.0203,0.0230,0.0021,0,0.000000
6,27.7600,47.5142,92.0492,-67.7911,-0.0901,0.1239,0.0455,-0.3902,0.7487,-0.2330,36.1023,1.5060,69.1073,0.3952,-2.0635,2.1770,31.6029,-1.9304,66.4921,0.0000,0.0000,0.0000,0.0000,0.0000,0.0000,0.0000,0.0000,0.0000,5.00,3.00,2.00,0.0203,0.0230,0.0021,0,0.000000
6,27.7800,47.3191,92.4235,-67.9076,-0.1702,0.3267,-0.1017,-0.3902,0.7487,-0.2330,36.1020,1.4883,69.1209,0.3952,-2.0635,2.1770,31.6029,-1.9304,66.4921,0.0000,0.0000,0.0000,0.0000,0.0000,0.0000,0.0000,0.0000,0.0000,5.00,3.00,2.00,0.0725,0.1601,0.0103,0,0.000000
6,27.8000,47.1240,92.7978,-68.0241,-0.1703,0.3267,-0.1016,-0.3902,0.7487,-0.2330,36.1015,1.4705,69.1345,0.3952,-2.0635,2.1770,31.6029,-1.9304,66.4921,0.0000,0.0000,0.0000,0.0000,0.0000,0.0000,0.0000,0.0000,0.0000,5.00,3.00,2.00,0.0725,0.1601,0.0103,0,0.000000
6,27.8200,46.9289,93.1722,-68.1406,-0.1703,0.3267,-0.1017,-0.3902,0.7487,-0.2330,36.1009,1.4527,69.1480,0.3952,-2.0635,2.1770,31.6029,-1.9304,66.4921,0.0000,0.0000,0.0000,0.0000,0.0000,0.0000,0.0000,0.0000,0.0000,5.00,3.00,2.00,0.0725,0.1601,0.0103,0,0.000000
6,27.8400,46.7338,93.5465,-68.2571,-0.1702,0.3267,-0.1016,-0.3902,0.7487,-0.2330,36.1001,1.4348,69.1615,0.3952,-2.0635,2.1770,31.6029,-1.9304,66.4921,0.0000,0.0000,0.0000,0.0000,0.0000,0.0000,0.0000,0.0000,0.0000,5.00,3.00,2.00,0.0725,0.1601,0.0103,0,0.000000
6,27.8600,46.5387,93.9208,-68.3736,-0.1703,0.3267,-0.1017,-0.1496,-0.4517,0.3065,36.0992,1.4170,69.1749,-0.1575,-4.4517,3.3764,31.6029,-1.9304,66.4921,0.0000,0.0000,0.0000,0.0000,0.0000,0.0000,0.0000,0.0000,0.0000,5.00,3.00,2.00,0.0725,0.1601,0.0103,0,0.000000
6,27.8800,46.4639,93.6950,-68.2203,-0.0653,-0.1971,0.1337,-0.1496,-0.4517,0.3065,36.0949,1.4263,69.1763,-0.1575,-4.4517,3.3764,31.6029,-1.9304,66.4921,0.0000,0.0000,0.0000,0.0000,0.0000,0.0000,0.0000,0.0000,0.0000,5.00,3.00,2.00,0.0107,0.0583,0.0179,0,0.000000
6,27.9000,46.3891,93.4692,-68.0671,-0.0653,-0.1971,0.1337,-0.1496,-0.4517,0.3065,36.0906,1.4357,69.1777,-0.1575,-4.4517,3.3764,31.6029,-1.9304,66.4921,0.0000,0.0000,0.0000,0.0000,0.0000,0.0000,0.0000,0.0000,0.0000,5.00,3.00,2.00,0.0107,0.0583,0.0179,0,0.000000
6,27.9200,46.3143,93.2433,-67.9139,-0.0653,-0.1971,0.1337,-0.1496,-0.4517,0.3065,36.0863,1.4450,69.1791,-0.1575,-4.4517,3.3764,31.6029,-1.9304,66.4921,0.0000,0.0000,0.0000,0.0000,0.0000,0.0000,0.0000,0.0000,0.0000,5.00,3.00,2.00,0.0107,0.0583,0.0179,0,0.000000
6,27.9400,46.2395,93.0175,-67.7606,-0.0653,-0.1971,0.1337,-0.1496,-0.4517,0.3065,36.0819,1.4544,69.1804,-0.1575,-4.4517,3.3764,31.6029,-1.9304,66.4921,0.0000,0.0000,0.0000,0.0000,0.0000,0.0000,0.0000,0.0000,0.0000,5.00,3.00,2.00,0.0107,0.0583,0.0179,0,0.000000
6,27.9600,46.1647,92.7916,-67.6074,-0.0653,-0.1971,0.1337,-0.8731,0.4774,-0.4626,36.0776,1.4637,69.1817,-1.0794,2.3377,0.3441,31.6029,-1.9304,66.4921,0.0000,0.0000,0.0000,0.0000,0.0000,0.0000,0.0000,0.0000,0.0000,5.00,3.00,2.00,0.0107,0.0583,0.0179,0,0.000000
6,27.9800,45.7281,93.0303,-67.8387,-0.3810,0.2083,-0.2018,-0.8731,0.4774,-0.4626,36.0614,1.4550,69.1983,-1.0794,2.3377,0.3441,31.6029,-1.9304,66.4921,0.0000,0.0000,0.0000,0.0000,0.0000,0.0000,0.0000,0.0000,0.0000,5.00,3.00,2.00,0.3628,0.0651,0.0407,0,0.000000
6,28.0000,45.2916,93.2691,-68.0700,-0.3810,0.2083,-0.2018,-0.8731,0.4774,-0.4626,36.0450,1.4463,69.2146,-1.0794,2.3377,0.3441,31.6029,-1.9304,66.4921,0.0000,0.0000,0.0000,0.0000,0.0000,0.0000,0.0000,0.0000,0.0000,5.00,3.00,2.00,0.3628,0.0651,0.0407,0,0.000000
6,28.0200,44.8551,93.5078,-68.3013,-0.3810,0.2083,-0.2018,-0.8731,0.4774,-0.4626,36.0285,1.4376,69.2309,-1.0794,2.3377,0.3441,31.6029,-1.9304,66.4921,0.0000,0.0000,0.0000,0.0000,0.0000,0.0000,0.0000,0.0000,0.0000,5.00,3.00,2.00,0.3628,0.0651,0.0407,0,0.000000
6,28.0400,44.4185,93.7465,-68.5326,-0.3810,0.2083,-0.2018,-0.8731,0.4774,-0.4626,36.0118,1.4290,69.2469,-1.0794,2.3377,0.3441,31.6029,-1.9304,66.4921,0.0000,0.0000,0.0000,0.0000,0.0000,0.0000,0.0000,0.0000,0.0000,5.00,3.00,2.00,0.3628,0.0651,0.0407,0,0.000000
6,28.0600,43.9820,93.9852,-68.7639,-0.3810,0.2083,-0.2018,0.7060,0.7236,-0.5276,35.9950,1.4203,69.2629,-4.1294,-2.1708,4.0565,31.6029,-1.9304,66.4921,0.0000,0.0000,0.0000,0.0000,0.0000,0.0000,0.0000,0.0000,0.0000,5.00,3.00,2.00,0.3628,0.0651,0.0407,0,0.000000
6,28.0800,44.3350,94.3470,-69.0276,0.3081,0.3157,-0.2302,0.7060,0.7236,-0.5276,36.0103,1.4056,69.2517,-4.1294,-2.1708,4.0565,31.6029,-1.9304,66.4921,0.0000,0.0000,0.0000,0.0000,0.0000,0.0000,0.0000,0.0000,0.0000,5.00,3.00,2.00,0.2373,0.1495,0.0530,0,0.000000
6,28.1000,44.6880,94.7088,-69.2914,0.3081,0.3157,-0.2302,0.7060,0.7236,-0.5276,36.0254,1.3910,69.2404,-4.1294,-2.1708,4.0565,31.6029,-1.9304,66.4921,0.0000,0.0000,0.0000,0.0000,0.0000,0.0000,0.0000,0.0000,0.0000,5.00,3.00,2.00,0.2373,0.1495,0.0530,0,0.000000
6,28.1200,45.0410,95.0706,-69.5552,0.3081,0.3157,-0.2302,0.7060,0.7236,-0.5276,36.0404,1.3764,69.2289,-4.1294,-2.1708,4.0565,31.6029,-1.9304,66.4921,0.0000,0.0000,0.0000,0.0000,0.0000,0.0000,0.0000,0.0000,0.0000,5.00,3.00,2.00,0.2373,0.1495,0.0530,0,0.000000
6,28.1400,45.3940,95.4324,-69.8190,0.3081,0.3157,-0.2302,0.7060,0.7236,-0.5276,36.0554,1.3617,69.2173,-4.1294,-2.1708,4.0565,31.6029,-1.9304,66.4921,0.0000,0.0000,0.0000,0.0000,0.0000,0.0000,0.0000,0.0000,0.0000,5.00,3.00,2.00,0.2373,0.1495,0.0530,0,0.000000
6,28.1600,45.7470,95.7942,-70.0828,0.3081,0.3157,-0.2302,-0.2008,0.5265,-0.0532,36.0702,1.3471,69.2054,3.7586,-3.6611,-2.8713,31.6029,-1.9304,66.4921,0.0000,0.0000,0.0000,0.0000,0.0000,0.0000,0.0000,0.0000,0.0000,5.00,3.00,2.00,0.2373,0.1495,0.0530,0,0.000000
6,28.1800,45.6466,96.0574,-70.1094,-0.0876,0.2297,-0.0232,-0.2008,0.5265,-0.0532,36.0719,1.3335,69.2146,3.7586,-3.6611,-2.8713,31.6029,-1.9304,66.4921,0.0000,0.0000,0.0000,0.0000,0.0000,0.0000,0.0000,0.0000,0.0000,5.00,3.00,2.00,0.0192,0.0792,0.0005,0,0.000000
6,28.2000,45.5462,96.3207,-70.1360,-0.0876,0.2297,-0.0232,-0.2008,0.5265,-0.0532,36.0735,1.3199,69.2237,3.7586,-3.6611,-2.8713,31.6029,-1.9304,66.4921,0.0000,0.0000,0.0000,0.0000,0.0000,0.0000,0.0000,0.0000,0.0000,5.00,3.00,2.00,0.0192,0.0792,0.0005,0,0.000000
6,28.2200,45.4458,96.5839,-70.1626,-0.0876,0.2297,-0.0232,-0.2008,0.5265,-0.0532,36.0751,1.3063,69.2328,3.7586,-3.6611,-2.8713,31.6029,-1.9304,66.4921,0.0000,0.0000,0.0000,0.0000,0.0000,0.0000,0.0000,0.0000,0.0000,5.00,3.00,2.00,0.0192,0.0792,0.0005,0,0.000000
6,28.2400,45.3454,96.8471,-70.1892,-0.0876,0.2297,-0.0232,-0.2008,0.5265,-0.0532,36.0766,1.2926,69.2419,3.7586,-3.6611,-2.8713,31.6029,-1.9304,66.4921,0.0000,0.0000,0.0000,0.0000,0.0000,0.0000,0.0000,0.0000,0.0000,5.00,3.00,2.00,0.0192,0.0792,0.0005,0,0.000000
6,28.2600,45.2450,97.1103,-70.2158,-0.0876,0.2297,-0.0232,0.0092,-0.2628,-0.1703,36.0781,1.2789,69.2509,0.3960,-3.4065,2.2747,31.6029,-1.9304,66.4921,0.0000,0.0000,0.0000,0.0000,0.0000,0.0000,0.0000,0.0000,0.0000,5.00,3.00,2.00,0.0192,0.0791,0.0005,0,0.000000
6,28.2800,45.2495,96.9790,-70.3009,0.0040,-0.1147,-0.0743,0.0092,-0.2628,-0.1703,36.0731,1.2876,69.2457,0.3960,-3.4065,2.2747,31.6029,-1.9304,66.4921,0.0000,0.0000,0.0000,0.0000,0.0000,0.0000,0.0000,0.0000,0.0000,5.00,3.00,2.00,0.0000,0.0197,0.0055,0,0.000000
6,28.3000,45.2541,96.8476,-70.3861,0.0040,-0.1146,-0.0743,0.0092,-0.2628,-0.1703,36.0681,1.2962,69.2404,0.3960,-3.4065,2.2747,31.6029,-1.9304,66.4921,0.0000,0.0000,0.0000,0.0000,0.0000,0.0000,0.0000,0.0000,0.0000,5.00,3.00,2.00,0.0000,0.0197,0.0055,0,0.000000
6,28.3200,45.2587,96.7162,-70.4712,0.0040,-0.1147,-0.0743,0.0092,-0.2628,-0.1703,36.0631,1.3047,69.2351,0.3960,-3.4065,2.2747,31.6029,-1.9304,66.4921,0.0000,0.0000,0.0000,0.0000,0.0000,0.0000,0.0000,0.0000,0.0000,5.00,3.00,2.00,0.0000,0.0197,0.0055,0,0.000000
6,28.3400,45.2633,96.5848,-70.5564,0.0040,-0.1147,-0.0743,0.0092,-0.2628,-0.1703,36.0581,1.3133,69.2298,0.3960,-3.4065,2.2747,31.6029,-1.9304,66.4921,0.0000,0.0000,0.0000,0.0000,0.0000,0.0000,0.0000,0.0000,0.0000,5.00,3.00,2.00,0.0000,0.0197,0.0055,0,0.000000
6,28.3600,45.2679,96.4534,-70.6415,0.0040,-0.1147,-0.0743,0.0991,0.3904,-0.3403,36.0531,1.3218,69.2244,-1.2497,2.1416,-1.3248,31.6029,-1.9304,66.4921,0.0000,0.0000,0.0000,0.0000,0.0000,0.0000,0.0000,0.0000,0.0000,5.00,3.00,2.00,0.0000,0.0197,0.0055,0,0.000000
6,28.3800,45.3174,96.6486,-70.8117,0.0432,0.1703,-0.1485,0.0991,0.3904,-0.3403,36.0550,1.3144,69.2226,-1.2497,2.1416,-1.3248,31.6029,-1.9304,66.4921,0.0000,0.0000,0.0000,0.0000,0.0000,0.0000,0.0000,0.0000,0.0000,5.00,3.00,2.00,0.0047,0.0435,0.0221,0,0.000000
6,28.4000,45.3670,96.8438,-70.9818,0.0432,0.1703,-0.1485,0.0991,0.3904,-0.3403,36.0569,1.3070,69.2208,-1.2497,2.1416,-1.3248,31.6029,-1.9304,66.4921,0.0000,0.0000,0.0000,0.0000,0.0000,0.0000,0.0000,0.0000,0.0000,5.00,3.00,2.00,0.0047,0.0435,0.0221,0,0.000000
6,28.4200,45.4165,97.0390,-71.1520,0.0432,0.1703,-0.1485,0.0991,0.3904,-0.3403,36.0588,1.2996,69.2190,-1.2497,2.1416,-1.3248,31.6029,-1.9304,66.4921,0.0000,0.0000,0.0000,0.0000,0.0000,0.0000,0.0000,0.0000,0.0000,5.00,3.00,2.00,0.0047,0.0435,0.0221,0,0.000000
6,28.4400,45.4660,97.2342,-71.3222,0.0432,0.1703,-0.1485,0.0991,0.3904,-0.3403,36.0607,1.2922,69.2171,-1.2497,2.1416,-1.3248,31.6029,-1.9304,66.4921,0.0000,0.0000,0.0000,0.0000,0.0000,0.0000,0.0000,0.0000,0.0000,5.00,3.00,2.00,0.0047,0.0435,0.0221,0,0.000000
6,28.4600,45.5156,97.4294,-71.4923,0.0432,0.1703,-0.1485,-0.3897,0.1304,0.0355,36.0626,1.2848,69.2153,0.4745,-1.8494,-0.4585,31.6029,-1.9304,66.4921,0.0000,0.0000,0.0000,0.0000,0.0000,0.0000,0.0000,0.0000,0.0000,5.00,3.00,2.00,0.0047,0.0435,0.0221,0,0.000000
6,28.4800,45.3207,97.4946,-71.4746,-0.1700,0.0569,0.0155,-0.3897,0.1304,0.0355,36.0572,1.2810,69.2246,0.4745,-1.8494,-0.4585,31.6029,-1.9304,66.4921,0.0000,0.0000,0.0000,0.0000,0.0000,0.0000,0.0000,0.0000,0.0000,5.00,3.00,2.00,0.0723,0.0049,0.0002,0,0.000000
6,28.5000,45.1259,97.5598,-71.4568,-0.1700,0.0569,0.0155,-0.3897,0.1304,0.0355,36.0518,1.2772,69.2338,0.4745,-1.8494,-0.4585,31.6029,-1.9304,66.4921,0.0000,0.0000,0.0000,0.0000,0.0000,0.0000,0.0000,0.0000,0.0000,5.00,3.00,2.00,0.0723,0.0049,0.0002,0,0.000000
6,28.5200,44.9310,97.6250,-71.4391,-0.1700,0.0569,0.0155,-0.3897,0.1304,0.0355,36.0464,1.2734,69.2431,0.4745,-1.8494,-0.4585,31.6029,-1.9304,66.4921,0.0000,0.0000,0.0000,0.0000,0.0000,0.0000,0.0000,0.0000,0.0000,5.00,3.00,2.00,0.0723,0.0049,0.0002,0,0.000000
6,28.5400,44.7362,97.6902,-71.4213,-0.1700,0.0569,0.0155,-0.3897,0.1304,0.0355,36.0409,1.2696,69.2524,0.4745,-1.8494,-0.4585,31.6029,-1.9304,66.4921,0.0000,0.0000,0.0000,0.0000,0.0000,0.0000,0.0000,0.0000,0.0000,5.00,3.00,2.00,0.0723,0.0049,0.0002,0,0.000000
6,28.5600,44.5413,97.7554,-71.4035,-0.1700,0.0569,0.0155,0.0862,0.3615,-0.1733,36.0354,1.2658,69.2616,-1.3607,-0.9494,2.3163,31.6029,-1.9304,66.4921,0.0000,0.0000,0.0000,0.0000,0.0000,0.0000,0.0000,0.0000,0.0000,5.00,3.00,2.00,0.0723,0.0049,0.0002,0,0.000000
6,28.5800,44.5844,97.9362,-71.4902,0.0376,0.1577,-0.0756,0.0862,0.3615,-0.1733,36.0388,1.2577,69.2618,-1.3607,-0.9494,2.3163,31.6029,-1.9304,66.4921,0.0000,0.0000,0.0000,0.0000,0.0000,0.0000,0.0000,0.0000,0.0000,5.00,3.00,2.00,0.0035,0.0373,0.0057,0,0.000000
6,28.6000,44.6275,98.1169,-71.5768,0.0376,0.1577,-0.0756,0.0862,0.3615,-0.1733,36.0422,1.2496,69.2619,-1.3607,-0.9494,2.3163,31.6029,-1.9304,66.4921,0.0000,0.0000,0.0000,0.0000,0.0000,0.0000,0.0000,0.0000,0.0000,5.00,3.00,2.00,0.0035,0.0373,0.0057,0,0.000000
6,28.6200,44.6707,98.2977,-71.6635,0.0376,0.1577,-0.0756,0.0862,0.3615,-0.1733,36.0456,1.2414,69.2621,-1.3607,-0.9494,2.3163,31.6029,-1.9304,66.4921,0.0000,0.0000,0.0000,0.0000,0.0000,0.0000,0.0000,0.0000,0.0000,5.00,3.00,2.00,0.0035,0.0373,0.0057,0,0.000000
6,28.6400,44.7138,98.4784,-71.7501,0.0376,0.1577,-0.0756,0.0862,0.3615,-0.1733,36.0489,1.2333,69.2622,-1.3607,-0.9494,2.3163,31.6029,-1.9304,66.4921,0.0000,0.0000,0.0000,0.0000,0.0000,0.0000,0.0000,0.0000,0.0000,5.00,3.00,2.00,0.0035,0.0373,0.0057,0,0.000000
6,28.6600,44.7569,98.6591,-71.8367,0.0376,0.1577,-0.0756,0.0629,0.2780,-0.4908,36.0523,1.2252,69.2623,0.8455,-2.0309,0.0340,31.6029,-1.9304,66.4921,0.0000,0.0000,0.0000,0.0000,0.0000,0.0000,0.0000,0.0000,0.0000,5.00,3.00,2.00,0.0035,0.0373,0.0057,0,0.000000
6,28.6800,44.7883,98.7981,-72.0821,0.0275,0.1213,-0.2142,0.0629,0.2780,-0.4908,36.0502,1.2222,69.2578,0.8455,-2.0309,0.0340,31.6029,-1.9304,66.4921,0.0000,0.0000,0.0000,0.0000,0.0000,0.0000,0.0000,0.0000,0.0000,5.00,3.00,2.00,0.0019,0.0221,0.0459,0,0.000000
6,28.7000,44.8198,98.9371,-72.3275,0.0274,0.1213,-0.2141,0.0629,0.2780,-0.4908,36.0482,1.2192,69.2534,0.8455,-2.0309,0.0340,31.6029,-1.9304,66.4921,0.0000,0.0000,0.0000,0.0000,0.0000,0.0000,0.0000,0.0000,0.0000,5.00,3.00,2.00,0.0019,0.0221,0.0459,0,0.000000
6,28.7200,44.8513,99.0761,-72.5729,0.0275,0.1213,-0.2142,0.0629,0.2780,-0.4908,36.0461,1.2162,69.2489,0.8455,-2.0309,0.0340,31.6029,-1.9304,66.4921,0.0000,0.0000,0.0000,0.0000,0.0000,0.0000,0.0000,0.0000,0.0000,5.00,3.00,2.00,0.0019,0.0221,0.0459,0,0.000000
6,28.7400,44.8827,99.2151,-72.8183,0.0275,0.1213,-0.2141,0.0629,0.2780,-0.4908,36.0440,1.2132,69.2444,0.8455,-2.0309,0.0340,31.6029,-1.9304,66.4921,0.0000,0.0000,0.0000,0.0000,0.0000,0.0000,0.0000,0.0000,0.0000,5.00,3.00,2.00,0.0019,0.0221,0.0459,0,0.000000
6,28.7600,44.9142,99.3541,-73.0637,0.0274,0.1213,-0.2142,-0.0565,0.1573,0.4978,36.0419,1.2101,69.2399,-0.5171,-0.7518,-1.1166,31.6029,-1.9304,66.4921,0.0000,0.0000,0.0000,0.0000,0.0000,0.0000,0.0000,0.0000,0.0000,5.00,3.00,2.00,0.0019,0.0221,0.0459,0,0.000000
6,28.7800,44.8859,99.4327,-72.8148,-0.0246,0.0686,0.2172,-0.0565,0.1573,0.4978,36.0489,1.2015,69.2491,-0.5171,-0.7518,-1.1166,31.6029,-1.9304,66.4921,0.0000,0.0000,0.0000,0.0000,0.0000,0.0000,0.0000,0.0000,0.0000,5.00,3.00,2.00,0.0015,0.0071,0.0472,0,0.000000
6,28.8000,44.8577,99.5114,-72.5659,-0.0246,0.0686,0.2172,-0.0565,0.1573,0.4978,36.0558,1.1927,69.2582,-0.5171,-0.7518,-1.1166,31.6029,-1.9304,66.4921,0.0000,0.0000,0.0000,0.0000,0.0000,0.0000,0.0000,0.0000,0.0000,5.00,3.00,2.00,0.0015,0.0071,0.0472,0,0.000000
6,28.8200,44.8294,99.5900,-72.3170,-0.0246,0.0686,0.2172,-0.0565,0.1573,0.4978,36.0627,1.1839,69.2673,-0.5171,-0.7518,-1.1166,31.6029,-1.9304,66.4921,0.0000,0.0000,0.0000,0.0000,0.0000,0.0000,0.0000,0.0000,0.0000,5.00,3.00,2.00,0.0015,0.0071,0.0472,0,0.000000
6,28.8400,44.8012,99.6687,-72.0681,-0.0246,0.0686,0.2172,-0.0565,0.1573,0.4978,36.0696,1.1750,69.2763,-0.5171,-0.7518,-1.1166,31.6029,-1.9304,66.4921,0.0000,0.0000,0.0000,0.0000,0.0000,0.0000,0.0000,0.0000,0.0000,5.00,3.00,2.00,0.0015,0.0071,0.0472,0,0.000000
6,28.8600,44.7730,99.7473,-71.8192,-0.0246,0.0686,0.2172,0.0089,0.8584,0.0294,36.0764,1.1661,69.2854,1.7246,-2.2032,2.2724,31.6029,-1.9304,66.4921,0.0000,0.0000,0.0000,0.0000,0.0000,0.0000,0.0000,0.0000,0.0000,5.00,3.00,2.00,0.0015,0.0071,0.0472,0,0.000000
6,28.8800,44.7774,100.1765,-71.8045,0.0039,0.3745,0.0128,0.0089,0.8584,0.0294,36.0858,1.1424,69.2945,1.7246,-2.2032,2.2724,31.6029,-1.9304,66.4921,0.0000,0.0000,0.0000,0.0000,0.0000,0.0000,0.0000,0.0000,0.0000,5.00,3.00,2.00,0.0000,0.2104,0.0002,0,0.000000
6,28.9000,44.7819,100.6057,-71.7898,0.0039,0.3745,0.0128,0.0089,0.8584,0.0294,36.0951,1.1187,69.3036,1.7246,-2.2032,2.2724,31.6029,-1.9304,66.4921,0.0000,0.0000,0.0000,0.0000,0.0000,0.0000,0.0000,0.0000,0.0000,5.00,3.00,2.00,0.0000,0.2104,0.0002,0,0.000000
6,28.9200,44.7863,101.0348,-71.7751,0.0039,0.3745,0.0128,0.0089,0.8584,0.0294,36.1043,1.0949,69.3125,1.7246,-2.2032,2.2724,31.6029,-1.9304,66.4921,0.0000,0.0000,0.0000,0.0000,0.0000,0.0000,0.0000,0.0000,0.0000,5.00,3.00,2.00,0.0000,0.2104,0.0002,0,0.000000
6,28.9400,44.7907,101.4640,-71.7604,0.0039,0.3745,0.0128,0.0089,0.8584,0.0294,36.1134,1.0709,69.3212,1.7246,-2.2032,2.2724,31.6029,-1.9304,66.4921,0.0000,0.0000,0.0000,0.0000,0.0000,0.0000,0.0000,0.0000,0.0000,5.00,3.00,2.00,0.0000,0.2104,0.0002,0,0.000000
6,28.9600,44.7952,101.8932,-71.7457,0.0039,0.3745,0.0128,0.3517,-0.1192,-0.0112,36.1223,1.0469,69.3299,2.2938,-5.9592,2.2247,31.6029,-1.9304,66.4921,0.0000,0.0000,0.0000,0.0000,0.0000,0.0000,0.0000,0.0000,0.0000,5.00,3.00,2.00,0.0000,0.2104,0.0002,0,0.000000
6,28.9800,44.9710,101.8336,-71.7513,0.1535,-0.0520,-0.0049,0.3517,-0.1192,-0.0112,36.1279,1.0503,69.3217,2.2938,-5.9592,2.2247,31.6029,-1.9304,66.4921,0.0000,0.0000,0.0000,0.0000,0.0000,0.0000,0.0000,0.0000,0.0000,5.00,3.00,2.00,0.0589,0.0041,0.0000,0,0.000000
6,29.0000,45.1469,101.7741,-71.7569,0.1535,-0.0520,-0.0049,0.3517,-0.1192,-0.0112,36.1335,1.0537,69.3135,2.2938,-5.9592,2.2247,31.6029,-1.9304,66.4921,0.0000,0.0000,0.0000,0.0000,0.0000,0.0000,0.0000,0.0000,0.0000,5.00,3.00,2.00,0.0589,0.0041,0.0000,0,0.000000
6,29.0200,45.3228,101.7145,-71.7626,0.1535,-0.0520,-0.0049,0.3517,-0.1192,-0.0112,36.1390,1.0571,69.3053,2.2938,-5.9592,2.2247,31.6029,-1.9304,66.4921,0.0000,0.0000,0.0000,0.0000,0.0000,0.0000,0.0000,0.0000,0.0000,5.00,3.00,2.00,0.0589,0.0041,0.0000,0,0.000000
6,29.0400,45.4986,101.6549,-71.7682,0.1535,-0.0520,-0.0049,0.3517,-0.1192,-0.0112,36.1445,1.0605,69.2971,2.2938,-5.9592,2.2247,31.6029,-1.9304,66.4921,0.0000,0.0000,0.0000,0.0000,0.0000,0.0000,0.0000,0.0000,0.0000,5.00,3.00,2.00,0.0589,0.0041,0.0000,0,0.000000
6,29.0600,45.6745,101.5954,-71.7738,0.1535,-0.0520,-0.0049,-0.3618,-0.1658,0.0050,36.1500,1.0639,69.2888,1.3861,0.8525,-2.0523,31.6029,-1.9304,66.4921,0.0000,0.0000,0.0000,0.0000,0.0000,0.0000,0.0000,0.0000,0.0000,5.00,3.00,2.00,0.0589,0.0041,0.0000,0,0.000000
6,29.0800,45.4936,101.5125,-71.7713,-0.1579,-0.0723,0.0022,-0.3618,-0.1658,0.0050,36.1414,1.0685,69.2944,1.3861,0.8525,-2.0523,31.6029,-1.9304,66.4921,0.0000,0.0000,0.0000,0.0000,0.0000,0.0000,0.0000,0.0000,0.0000,5.00,3.00,2.00,0.0623,0.0078,0.0000,0,0.000000
6,29.1000,45.3126,101.4296,-71.7688,-0.1579,-0.0723,0.0022,-0.3618,-0.1658,0.0050,36.1328,1.0730,69.3000,1.3861,0.8525,-2.0523,31.6029,-1.9304,66.4921,0.0000,0.0000,0.0000,0.0000,0.0000,0.0000,0.0000,0.0000,0.0000,5.00,3.00,2.00,0.0623,0.0078,0.0000,0,0.000000
6,29.1200,45.1317,101.3467,-71.7664,-0.1579,-0.0723,0.0022,-0.3618,-0.1658,0.0050,36.1242,1.0775,69.3055,1.3861,0.8525,-2.0523,31.6029,-1.9304,66.4921,0.0000,0.0000,0.0000,0.0000,0.0000,0.0000,0.0000,0.0000,0.0000,5.00,3.00,2.00,0.0623,0.0078,0.0000,0,0.000000
6,29.1400,44.9508,101.2638,-71.7639,-0.1579,-0.0723,0.0022,-0.3618,-0.1658,0.0050,36.1156,1.0820,69.3109,1.3861,0.8525,-2.0523,31.6029,-1.9304,66.4921,0.0000,0.0000,0.0000,0.0000,0.0000,0.0000,0.0000,0.0000,0.0000,5.00,3.00,2.00,0.0623,0.0078,0.0000,0,0.000000
6,29.1600,44.7699,101.1809,-71.7614,-0.1579,-0.0723,0.0022,0.1422,-0.4875,0.0402,36.1069,1.0866,69.3164,-2.1542,1.1306,1.3775,31.6029,-1.9304,66.4921,0.0000,0.0000,0.0000,0.0000,0.0000,0.0000,0.0000,0.0000,0.0000,5.00,3.00,2.00,0.0623,0.0078,0.0000,0,0.000000
6,29.1800,44.8410,100.9371,-71.7413,0.0621,-0.2127,0.0175,0.1422,-0.4875,0.0402,36.1053,1.0996,69.3092,-2.1542,1.1306,1.3775,31.6029,-1.9304,66.4921,0.0000,0.0000,0.0000,0.0000,0.0000,0.0000,0.0000,0.0000,0.0000,5.00,3.00,2.00,0.0096,0.0679,0.0003,0,0.000000
6,29.2000,44.9121,100.6934,-71.7212,0.0621,-0.2127,0.0175,0.1422,-0.4875,0.0402,36.1037,1.1126,69.3021,-2.1542,1.1306,1.3775,31.6029,-1.9304,66.4921,0.0000,0.0000,0.0000,0.0000,0.0000,0.0000,0.0000,0.0000,0.0000,5.00,3.00,2.00,0.0096,0.0679,0.0003,0,0.000000
6,29.2200,44.9832,100.4496,-71.7011,0.0621,-0.2127,0.0175,0.1422,-0.4875,0.0402,36.1020,1.1255,69.2948,-2.1542,1.1306,1.3775,31.6029,-1.9304,66.4921,0.0000,0.0000,0.0000,0.0000,0.0000,0.0000,0.0000,0.0000,0.0000,5.00,3.00,2.00,0.0096,0.0679,0.0003,0,0.000000
6,29.2400,45.0543,100.2058,-71.6810,0.0621,-0.2127,0.0175,0.1422,-0.4875,0.0402,36.1002,1.1385,69.2876,-2.1542,1.1306,1.3775,31.6029,-1.9304,66.4921,0.0000,0.0000,0.0000,0.0000,0.0000,0.0000,0.0000,0.0000,0.0000,5.00,3.00,2.00,0.0096,0.0679,0.0003,0,0.000000
6,29.2600,45.1254,99.9621,-71.6609,0.0621,-0.2127,0.0175,0.3483,0.6527,0.3869,36.0984,1.1514,69.2803,-0.4248,3.2412,-1.8040,31.6029,-1.9304,66.4921,0.0000,0.0000,0.0000,0.0000,0.0000,0.0000,0.0000,0.0000,0.0000,5.00,3.00,2.00,0.0096,0.0679,0.0003,0,0.000000
6,29.2800,45.2995,100.2884,-71.4675,0.1520,0.2848,0.1688,0.3483,0.6527,0.3869,36.1168,1.1298,69.2851,-0.4248,3.2412,-1.8040,31.6029,-1.9304,66.4921,0.0000,0.0000,0.0000,0.0000,0.0000,0.0000,0.0000,0.0000,0.0000,5.00,3.00,2.00,0.0577,0.1217,0.0285,0,0.000000
6,29.3000,45.4737,100.6147,-71.2740,0.1520,0.2848,0.1688,0.3483,0.6527,0.3869,36.1350,1.1081,69.2897,-0.4248,3.2412,-1.8040,31.6029,-1.9304,66.4921,0.0000,0.0000,0.0000,0.0000,0.0000,0.0000,0.0000,0.0000,0.0000,5.00,3.00,2.00,0.0577,0.1217,0.0285,0,0.000000
6,29.3200,45.6478,100.9411,-71.0805,0.1520,0.2848,0.1688,0.3483,0.6527,0.3869,36.1532,1.0862,69.2941,-0.4248,3.2412,-1.8040,31.6029,-1.9304,66.4921,0.0000,0.0000,0.0000,0.0000,0.0000,0.0000,0.0000,0.0000,0.0000,5.00,3.00,2.00,0.0577,0.1217,0.0285,0,0.000000
6,29.3400,45.8220,101.2674,-70.8871,0.1520,0.2848,0.1688,0.3483,0.6527,0.3869,36.1714,1.0642,69.2982,-0.4248,3.2412,-1.8040,31.6029,-1.9304,66.4921,0.0000,0.0000,0.0000,0.0000,0.0000,0.0000,0.0000,0.0000,0.0000,5.00,3.00,2.00,0.0577,0.1217,0.0285,0,0.000000
6,29.3600,45.9961,101.5938,-70.6936,0.1520,0.2848,0.1688,0.3045,0.6414,0.1693,36.1894,1.0420,69.3022,4.5504,-5.4699,1.0952,31.6029,-1.9304,66.4921,0.0000,0.0000,0.0000,0.0000,0.0000,0.0000,0.0000,0.0000,0.0000,5.00,3.00,2.00,0.0577,0.1217,0.0285,0,0.000000
6,29.3800,46.1483,101.9145,-70.6089,0.1329,0.2799,0.0739,0.3045,0.6414,0.1693,36.2038,1.0222,69.3042,4.5504,-5.4699,1.0952,31.6029,-1.9304,66.4921,0.0000,0.0000,0.0000,0.0000,0.0000,0.0000,0.0000,0.0000,0.0000,5.00,3.00,2.00,0.0441,0.1175,0.0055,0,0.000000
6,29.4000,46.3006,102.2352,-70.5243,0.1328,0.2799,0.0739,0.3045,0.6414,0.1693,36.2180,1.0024,69.3060,4.5504,-5.4699,1.0952,31.6029,-1.9304,66.4921,0.0000,0.0000,0.0000,0.0000,0.0000,0.0000,0.0000,0.0000,0.0000,5.00,3.00,2.00,0.0441,0.1175,0.0055,0,0.000000
6,29.4200,46.4528,102.5559,-70.4396,0.1329,0.2799,0.0739,0.3045,0.6414,0.1693,36.2322,0.9825,69.3077,4.5504,-5.4699,1.0952,31.6029,-1.9304,66.4921,0.0000,0.0000,0.0000,0.0000,0.0000,0.0000,0.0000,0.0000,0.0000,5.00,3.00,2.00,0.0441,0.1175,0.0055,0,0.000000
6,29.4400,46.6050,102.8767,-70.3549,0.1329,0.2799,0.0739,0.3045,0.6414,0.1693,36.2464,0.9625,69.3092,4.5504,-5.4699,1.0952,31.6029,-1.9304,66.4921,0.0000,0.0000,0.0000,0.0000,0.0000,0.0000,0.0000,0.0000,0.0000,5.00,3.00,2.00,0.0441,0.1175,0.0055,0,0.000000
6,29.4600,46.7573,103.1974,-70.2702,0.1328,0.2799,0.0739,-0.0866,-0.1563,0.0083,36.2604,0.9425,69.3106,3.5492,-4.9756,0.4169,31.6029,-1.9304,66.4921,0.0000,0.0000,0.0000,0.0000,0.0000,0.0000,0.0000,0.0000,0.0000,5.00,3.00,2.00,0.0441,0.1175,0.0055,0,0.000000
6,29.4800,46.7140,103.1192,-70.2661,-0.0378,-0.0682,0.0036,-0.0866,-0.1563,0.0083,36.2574,0.9468,69.3111,3.5492,-4.9756,0.4169,31.6029,-1.9304,66.4921,0.0000,0.0000,0.0000,0.0000,0.0000,0.0000,0.0000,0.0000,0.0000,5.00,3.00,2.00,0.0036,0.0070,0.0000,0,0.000000
6,29.5000,46.6707,103.0411,-70.2619,-0.0378,-0.0682,0.0036,-0.0866,-0.1563,0.0083,36.2543,0.9512,69.3116,3.5492,-4.9756,0.4169,31.6029,-1.9304,66.4921,0.0000,0.0000,0.0000,0.0000,0.0000,0.0000,0.0000,0.0000,0.0000,5.00,3.00,2.00,0.0036,0.0070,0.0000,0,0.000000
6,29.5200,46.6274,102.9629,-70.2577,-0.0378,-0.0682,0.0036,-0.0866,-0.1563,0.0083,36.2513,0.9555,69.3121,3.5492,-4.9756,0.4169,31.6029,-1.9304,66.4921,0.0000,0.0000,0.0000,0.0000,0.0000,0.0000,0.0000,0.0000,0.0000,5.00,3.00,2.00,0.0036,0.0070,0.0000,0,0.000000
6,29.5400,46.5841,102.8848,-70.2536,-0.0378,-0.0682,0.0036,-0.0866,-0.1563,0.0083,36.2482,0.9599,69.3126,3.5492,-4.9756,0.4169,31.6029,-1.9304,66.4921,0.0000,0.0000,0.0000,0.0000,0.0000,0.0000,0.0000,0.0000,0.0000,5.00,3.00,2.00,0.0036,0.0070,0.0000,0,0.000000
6,29.5600,46.5408,102.8066,-70.2494,-0.0378,-0.0682,0.0036,0.2469,-0.0625,-0.3120,36.2451,0.9642,69.3130,-0.7647,1.0876,0.1244,31.6029,-1.9304,66.4921,0.0000,0.0000,0.0000,0.0000,0.0000,0.0000,0.0000,0.0000,0.0000,5.00,3.00,2.00,0.0036,0.0070,0.0000,0,0.000000
6,29.5800,46.6642,102.7753,-70.4054,0.1077,-0.0273,-0.1361,0.2469,-0.0625,-0.3120,36.2455,0.9694,69.3037,-0.7647,1.0876,0.1244,31.6029,-1.9304,66.4921,0.0000,0.0000,0.0000,0.0000,0.0000,0.0000,0.0000,0.0000,0.0000,5.00,3.00,2.00,0.0290,0.0011,0.0185,0,0.000000
6,29.6000,46.7877,102.7441,-70.5614,0.1077,-0.0273,-0.1361,0.2469,-0.0625,-0.3120,36.2458,0.9745,69.2944,-0.7647,1.0876,0.1244,31.6029,-1.9304,66.4921,0.0000,0.0000,0.0000,0.0000,0.0000,0.0000,0.0000,0.0000,0.0000,5.00,3.00,2.00,0.0290,0.0011,0.0185,0,0.000000
6,29.6200,46.9111,102.7129,-70.7174,0.1077,-0.0273,-0.1361,0.2469,-0.0625,-0.3120,36.2461,0.9796,69.2851,-0.7647,1.0876,0.1244,31.6029,-1.9304,66.4921,0.0000,0.0000,0.0000,0.0000,0.0000,0.0000,0.0000,0.0000,0.0000,5.00,3.00,2.00,0.0290,0.0011,0.0185,0,0.000000
6,29.6400,47.0345,102.6816,-70.8734,0.1077,-0.0273,-0.1361,0.2469,-0.0625,-0.3120,36.2463,0.9847,69.2758,-0.7647,1.0876,0.1244,31.6029,-1.9304,66.4921,0.0000,0.0000,0.0000,0.0000,0.0000,0.0000,0.0000,0.0000,0.0000,5.00,3.00,2.00,0.0290,0.0011,0.0185,0,0.000000
6,29.6600,47.1580,102.6504,-71.0294,0.1077,-0.0273,-0.1361,-0.0433,0.1358,-0.2084,36.2465,0.9898,69.2665,0.0687,1.2781,-2.3251,31.6029,-1.9304,66.4921,0.0000,0.0000,0.0000,0.0000,0.0000,0.0000,0.0000,0.0000,0.0000,5.00,3.00,2.00,0.0290,0.0011,0.0185,0,0.000000
6,29.6800,47.1364,102.7183,-71.1336,-0.0189,0.0593,-0.0909,-0.0433,0.1358,-0.2084,36.2444,0.9882,69.2662,0.0687,1.2781,-2.3251,31.6029,-1.9304,66.4921,0.0000,0.0000,0.0000,0.0000,0.0000,0.0000,0.0000,0.0000,0.0000,5.00,3.00,2.00,0.0009,0.0053,0.0083,0,0.000000
6,29.7000,47.1147,102.7862,-71.2378,-0.0189,0.0593,-0.0909,-0.0433,0.1358,-0.2084,36.2422,0.9866,69.2659,0.0687,1.2781,-2.3251,31.6029,-1.9304,66.4921,0.0000,0.0000,0.0000,0.0000,0.0000,0.0000,0.0000,0.0000,0.0000,5.00,3.00,2.00,0.0009,0.0053,0.0083,0,0.000000
6,29.7200,47.0931,102.8541,-71.3420,-0.0189,0.0593,-0.0909,-0.0433,0.1358,-0.2084,36.2401,0.9849,69.2656,0.0687,1.2781,-2.3251,31.6029,-1.9304,66.4921,0.0000,0.0000,0.0000,0.0000,0.0000,0.0000,0.0000,0.0000,0.0000,5.00,3.00,2.00,0.0009,0.0053,0.0083,0,0.000000
6,29.7400,47.0715,102.9220,-71.4462,-0.0189,0.0593,-0.0909,-0.0433,0.1358,-0.2084,36.2380,0.9833,69.2652,0.0687,1.2781,-2.3251,31.6029,-1.9304,66.4921,0.0000,0.0000,0.0000,0.0000,0.0000,0.0000,0.0000,0.0000,0.0000,5.00,3.00,2.00,0.0009,0.0053,0.0083,0,0.000000
6,29.7600,47.0498,102.9899,-71.5504,-0.0189,0.0593,-0.0909,-0.0853,0.4695,-0.0544,36.2358,0.9817,69.2649,-0.5348,-0.4028,-0.0820,31.6029,-1.9304,66.4921,0.0000,0.0000,0.0000,0.0000,0.0000,0.0000,0.0000,0.0000,0.0000,5.00,3.00,2.00,0.0009,0.0053,0.0083,0,0.000000
6,29.7800,47.0072,103.2247,-71.5776,-0.0372,0.2049,-0.0237,-0.0853,0.4695,-0.0544,36.2380,0.9691,69.2702,-0.5348,-0.4028,-0.0820,31.6029,-1.9304,66.4921,0.0000,0.0000,0.0000,0.0000,0.0000,0.0000,0.0000,0.0000,0.0000,5.00,3.00,2.00,0.0035,0.0629,0.0006,0,0.000000
6,29.8000,46.9645,103.4594,-71.6048,-0.0372,0.2048,-0.0237,-0.0853,0.4695,-0.0544,36.2402,0.9565,69.2755,-0.5348,-0.4028,-0.0820,31.6029,-1.9304,66.4921,0.0000,0.0000,0.0000,0.0000,0.0000,0.0000,0.0000,0.0000,0.0000,5.00,3.00,2.00,0.0035,0.0629,0.0006,0,0.000000
6,29.8200,46.9218,103.6942,-71.6319,-0.0372,0.2049,-0.0237,-0.0853,0.4695,-0.0544,36.2423,0.9439,69.2808,-0.5348,-0.4028,-0.0820,31.6029,-1.9304,66.4921,0.0000,0.0000,0.0000,0.0000,0.0000,0.0000,0.0000,0.0000,0.0000,5.00,3.00,2.00,0.0035,0.0629,0.0006,0,0.000000
6,29.8400,46.8792,103.9289,-71.6591,-0.0372,0.2048,-0.0237,-0.0853,0.4695,-0.0544,36.2444,0.9312,69.2860,-0.5348,-0.4028,-0.0820,31.6029,-1.9304,66.4921,0.0000,0.0000,0.0000,0.0000,0.0000,0.0000,0.0000,0.0000,0.0000,5.00,3.00,2.00,0.0035,0.0629,0.0006,0,0.000000
6,29.8600,46.8365,104.1636,-71.6863,-0.0372,0.2048,-0.0237,0.2177,-0.3489,0.0794,36.2464,0.9186,69.2912,0.5281,-3.1575,1.3149,31.6029,-1.9304,66.4921,0.0000,0.0000,0.0000,0.0000,0.0000,0.0000,0.0000,0.0000,0.0000,5.00,3.00,2.00,0.0035,0.0629,0.0006,0,0.000000
6,29.8800,46.9454,103.9892,-71.6466,0.0950,-0.1522,0.0347,0.2177,-0.3489,0.0794,36.2483,0.9276,69.2846,0.5281,-3.1575,1.3149,31.6029,-1.9304,66.4921,0.0000,0.0000,0.0000,0.0000,0.0000,0.0000,0.0000,0.0000,0.0000,5.00,3.00,2.00,0.0226,0.0348,0.0012,0,0.000000
6,29.9000,47.0542,103.8147,-71.6068,0.0950,-0.1523,0.0347,0.2177,-0.3489,0.0794,36.2503,0.9366,69.2780,0.5281,-3.1575,1.3149,31.6029,-1.9304,66.4921,0.0000,0.0000,0.0000,0.0000,0.0000,0.0000,0.0000,0.0000,0.0000,5.00,3.00,2.00,0.0226,0.0348,0.0012,0,0.000000
6,29.9200,47.1631,103.6402,-71.5671,0.0950,-0.1523,0.0347,0.2177,-0.3489,0.0794,36.2522,0.9455,69.2714,0.5281,-3.1575,1.3149,31.6029,-1.9304,66.4921,0.0000,0.0000,0.0000,0.0000,0.0000,0.0000,0.0000,0.0000,0.0000,5.00,3.00,2.00,0.0226,0.0348,0.0012,0,0.000000
6,29.9400,47.2720,103.4658,-71.5274,0.0950,-0.1522,0.0347,0.2177,-0.3489,0.0794,36.2540,0.9545,69.2647,0.5281,-3.1575,1.3149,31.6029,-1.9304,66.4921,0.0000,0.0000,0.0000,0.0000,0.0000,0.0000,0.0000,0.0000,0.0000,5.00,3.00,2.00,0.0226,0.0348,0.0012,0,0.000000
6,29.9600,47.3809,103.2913,-71.4877,0.0950,-0.1523,0.0347,-0.1369,-0.1480,0.1283,36.2558,0.9635,69.2581,0.4725,2.2451,-1.6552,31.6029,-1.9304,66.4921,0.0000,0.0000,0.0000,0.0000,0.0000,0.0000,0.0000,0.0000,0.0000,5.00,3.00,2.00,0.0226,0.0348,0.0012,0,0.000000
6,29.9800,47.3124,103.2173,-71.4235,-0.0597,-0.0646,0.0560,-0.1369,-0.1480,0.1283,36.2534,0.9663,69.2611,0.4725,2.2451,-1.6552,31.6029,-1.9304,66.4921,0.0000,0.0000,0.0000,0.0000,0.0000,0.0000,0.0000,0.0000,0.0000,5.00,3.00,2.00,0.0089,0.0063,0.0031,0,0.000000
6,30.0000,47.2440,103.1433,-71.3594,-0.0597,-0.0646,0.0560,-0.1369,-0.1480,0.1283,36.2510,0.9691,69.2641,0.4725,2.2451,-1.6552,31.6029,-1.9304,66.4921,0.0000,0.0000,0.0000,0.0000,0.0000,0.0000,0.0000,0.0000,0.0000,5.00,3.00,2.00,0.0089,0.0063,0.0031,0,0.000000
6,30.0200,47.1755,103.0693,-71.2952,-0.0597,-0.0646,0.0560,-0.1369,-0.1480,0.1283,36.2486,0.9719,69.2671,0.4725,2.2451,-1.6552,31.6029,-1.9304,66.4921,0.0000,0.0000,0.0000,0.0000,0.0000,0.0000,0.0000,0.0000,0.0000,5.00,3.00,2.00,0.0089,0.0063,0.0031,0,0.000000
6,30.0400,47.1071,102.9954,-71.2311,-0.0597,-0.0646,0.0560,-0.1369,-0.1480,0.1283,36.2462,0.9747,69.2701,0.4725,2.2451,-1.6552,31.6029,-1.9304,66.4921,0.0000,0.0000,0.0000,0.0000,0.0000,0.0000,0.0000,0.0000,0.0000,5.00,3.00,2.00,0.0089,0.0063,0.0031,0,0.000000
6,30.0600,47.0386,102.9214,-71.1670,-0.0597,-0.0646,0.0560,0.1841,-0.7605,-0.1365,36.2437,0.9775,69.2731,-0.6052,0.6990,0.7507,31.6029,-1.9304,66.4921,0.0000,0.0000,0.0000,0.0000,0.0000,0.0000,0.0000,0.0000,0.0000,5.00,3.00,2.00,0.0089,0.0063,0.0031,0,0.000000
6,30.0800,47.1307,102.5411,-71.2352,0.0804,-0.3318,-0.0596,0.1841,-0.7605,-0.1365,36.2381,1.0002,69.2609,-0.6052,0.6990,0.7507,31.6029,-1.9304,66.4921,0.0000,0.0000,0.0000,0.0000,0.0000,0.0000,0.0000,0.0000,0.0000,5.00,3.00,2.00,0.0161,0.1652,0.0035,0,0.000000
6,30.1000,47.2228,102.1609,-71.3035,0.0803,-0.3318,-0.0596,0.1841,-0.7605,-0.1365,36.2324,1.0229,69.2485,-0.6052,0.6990,0.7507,31.6029,-1.9304,66.4921,0.0000,0.0000,0.0000,0.0000,0.0000,0.0000,0.0000,0.0000,0.0000,5.00,3.00,2.00,0.0161,0.1652,0.0035,0,0.000000
6,30.1200,47.3148,101.7807,-71.3717,0.0804,-0.3318,-0.0596,0.1841,-0.7605,-0.1365,36.2265,1.0455,69.2361,-0.6052,0.6990,0.7507,31.6029,-1.9304,66.4921,0.0000,0.0000,0.0000,0.0000,0.0000,0.0000,0.0000,0.0000,0.0000,5.00,3.00,2.00,0.0161,0.1652,0.0035,0,0.000000
6,30.1400,47.4069,101.4004,-71.4400,0.0803,-0.3318,-0.0596,0.1841,-0.7605,-0.1365,36.2205,1.0680,69.2236,-0.6052,0.6990,0.7507,31.6029,-1.9304,66.4921,0.0000,0.0000,0.0000,0.0000,0.0000,0.0000,0.0000,0.0000,0.0000,5.00,3.00,2.00,0.0161,0.1652,0.0035,0,0.000000
6,30.1600,47.4990,101.0202,-71.5082,0.0803,-0.3318,-0.0596,-0.3671,-0.1293,0.0472,36.2143,1.0904,69.2110,-1.4723,5.6462,-3.1052,31.6029,-1.9304,66.4921,0.0000,0.0000,0.0000,0.0000,0.0000,0.0000,0.0000,0.0000,0.0000,5.00,3.00,2.00,0.0161,0.1652,0.0035,0,0.000000
6,30.1800,47.3154,100.9555,-71.4846,-0.1602,-0.0564,0.0206,-0.3671,-0.1293,0.0472,36.2067,1.0935,69.2178,-1.4723,5.6462,-3.1052,31.6029,-1.9304,66.4921,0.0000,0.0000,0.0000,0.0000,0.0000,0.0000,0.0000,0.0000,0.0000,5.00,3.00,2.00,0.0641,0.0048,0.0004,0,0.000000
6,30.2000,47.1319,100.8909,-71.4610,-0.1602,-0.0564,0.0206,-0.3671,-0.1293,0.0472,36.1991,1.0966,69.2245,-1.4723,5.6462,-3.1052,31.6029,-1.9304,66.4921,0.0000,0.0000,0.0000,0.0000,0.0000,0.0000,0.0000,0.0000,0.0000,5.00,3.00,2.00,0.0641,0.0048,0.0004,0,0.000000
6,30.2200,46.9484,100.8263,-71.4374,-0.1602,-0.0564,0.0206,-0.3671,-0.1293,0.0472,36.1915,1.0997,69.2312,-1.4723,5.6462,-3.1052,31.6029,-1.9304,66.4921,0.0000,0.0000,0.0000,0.0000,0.0000,0.0000,0.0000,0.0000,0.0000,5.00,3.00,2.00,0.0641,0.0048,0.0004,0,0.000000
6,30.2400,46.7649,100.7616,-71.4137,-0.1602,-0.0564,0.0206,-0.3671,-0.1293,0.0472,36.1838,1.1028,69.2379,-1.4723,5.6462,-3.1052,31.6029,-1.9304,66.4921,0.0000,0.0000,0.0000,0.0000,0.0000,0.0000,0.0000,0.0000,0.0000,5.00,3.00,2.00,0.0641,0.0048,0.0004,0,0.000000
6,30.2600,46.5813,100.6970,-71.3901,-0.1602,-0.0564,0.0206,0.0820,0.1346,-0.1353,36.1761,1.1058,69.2446,-1.9068,0.7732,1.6785,31.6029,-1.9304,66.4921,0.0000,0.0000,0.0000,0.0000,0.0000,0.0000,0.0000,0.0000,0.0000,5.00,3.00,2.00,0.0641,0.0048,0.0004,0,0.000000
6,30.2800,46.6223,100.7643,-71.4578,0.0358,0.0588,-0.0590,0.0820,0.1346,-0.1353,36.1774,1.1035,69.2426,-1.9068,0.7732,1.6785,31.6029,-1.9304,66.4921,0.0000,0.0000,0.0000,0.0000,0.0000,0.0000,0.0000,0.0000,0.0000,5.00,3.00,2.00,0.0032,0.0052,0.0035,0,0.000000
6,30.3000,46.6633,100.8316,-71.5254,0.0358,0.0588,-0.0590,0.0820,0.1346,-0.1353,36.1786,1.1011,69.2407,-1.9068,0.7732,1.6785,31.6029,-1.9304,66.4921,0.0000,0.0000,0.0000,0.0000,0.0000,0.0000,0.0000,0.0000,0.0000,5.00,3.00,2.00,0.0032,0.0052,0.0035,0,0.000000
6,30.3200,46.7043,100.8990,-71.5931,0.0358,0.0587,-0.0590,0.0820,0.1346,-0.1353,36.1798,1.0987,69.2387,-1.9068,0.7732,1.6785,31.6029,-1.9304,66.4921,0.0000,0.0000,0.0000,0.0000,0.0000,0.0000,0.0000,0.0000,0.0000,5.00,3.00,2.00,0.0032,0.0052,0.0035,0,0.000000
6,30.3400,46.7453,100.9663,-71.6607,0.0358,0.0588,-0.0590,0.0820,0.1346,-0.1353,36.1810,1.0964,69.2367,-1.9068,0.7732,1.6785,31.6029,-1.9304,66.4921,0.0000,0.0000,0.0000,0.0000,0.0000,0.0000,0.0000,0.0000,0.0000,5.00,3.00,2.00,0.0032,0.0052,0.0035,0,0.000000
6,30.3600,46.7863,101.0336,-71.7284,0.0358,0.0587,-0.0591,0.3123,0.0331,0.3619,36.1822,1.0940,69.2348,0.3017,-0.5918,-0.4906,31.6029,-1.9304,66.4921,0.0000,0.0000,0.0000,0.0000,0.0000,0.0000,0.0000,0.0000,0.0000,5.00,3.00,2.00,0.0032,0.0052,0.0035,0,0.000000
6,30.3800,46.9425,101.0502,-71.5475,0.1363,0.0145,0.1579,0.3123,0.0331,0.3619,36.1930,1.0895,69.2332,0.3017,-0.5918,-0.4906,31.6029,-1.9304,66.4921,0.0000,0.0000,0.0000,0.0000,0.0000,0.0000,0.0000,0.0000,0.0000,5.00,3.00,2.00,0.0464,0.0003,0.0249,0,0.000000
6,30.4000,47.0986,101.0667,-71.3665,0.1363,0.0145,0.1579,0.3123,0.0331,0.3619,36.2039,1.0850,69.2315,0.3017,-0.5918,-0.4906,31.6029,-1.9304,66.4921,0.0000,0.0000,0.0000,0.0000,0.0000,0.0000,0.0000,0.0000,0.0000,5.00,3.00,2.00,0.0464,0.0003,0.0249,0,0.000000
6,30.4200,47.2548,101.0833,-71.1856,0.1363,0.0145,0.1579,0.3123,0.0331,0.3619,36.2148,1.0804,69.2298,0.3017,-0.5918,-0.4906,31.6029,-1.9304,66.4921,0.0000,0.0000,0.0000,0.0000,0.0000,0.0000,0.0000,0.0000,0.0000,5.00,3.00,2.00,0.0464,0.0003,0.0249,0,0.000000
6,30.4400,47.4109,101.0999,-71.0046,0.1363,0.0145,0.1579,0.3123,0.0331,0.3619,36.2256,1.0759,69.2280,0.3017,-0.5918,-0.4906,31.6029,-1.9304,66.4921,0.0000,0.0000,0.0000,0.0000,0.0000,0.0000,0.0000,0.0000,0.0000,5.00,3.00,2.00,0.0464,0.0003,0.0249,0,0.000000
6,30.4600,47.5670,101.1165,-70.8237,0.1363,0.0145,0.1579,-0.3366,-0.1498,0.4535,36.2365,1.0713,69.2262,2.7161,-1.1371,-0.4261,31.6029,-1.9304,66.4921,0.0000,0.0000,0.0000,0.0000,0.0000,0.0000,0.0000,0.0000,0.0000,5.00,3.00,2.00,0.0464,0.0003,0.0249,0,0.000000
6,30.4800,47.3988,101.0416,-70.5969,-0.1468,-0.0654,0.1979,-0.3366,-0.1498,0.4535,36.2344,1.0708,69.2371,2.7161,-1.1371,-0.4261,31.6029,-1.9304,66.4921,0.0000,0.0000,0.0000,0.0000,0.0000,0.0000,0.0000,0.0000,0.0000,5.00,3.00,2.00,0.0539,0.0064,0.0392,0,0.000000
6,30.5000,47.2305,100.9667,-70.3702,-0.1469,-0.0654,0.1979,-0.3366,-0.1498,0.4535,36.2324,1.0703,69.2479,2.7161,-1.1371,-0.4261,31.6029,-1.9304,66.4921,0.0000,0.0000,0.0000,0.0000,0.0000,0.0000,0.0000,0.0000,0.0000,5.00,3.00,2.00,0.0539,0.0064,0.0392,0,0.000000
6,30.5200,47.0622,100.8918,-70.1434,-0.1469,-0.0654,0.1979,-0.3366,-0.1498,0.4535,36.2302,1.0698,69.2587,2.7161,-1.1371,-0.4261,31.6029,-1.9304,66.4921,0.0000,0.0000,0.0000,0.0000,0.0000,0.0000,0.0000,0.0000,0.0000,5.00,3.00,2.00,0.0539,0.0064,0.0392,0,0.000000
6,30.5400,46.8939,100.8169,-69.9167,-0.1469,-0.0654,0.1979,-0.3366,-0.1498,0.4535,36.2280,1.0693,69.2695,2.7161,-1.1371,-0.4261,31.6029,-1.9304,66.4921,0.0000,0.0000,0.0000,0.0000,0.0000,0.0000,0.0000,0.0000,0.0000,5.00,3.00,2.00,0.0539,0.0064,0.0392,0,0.000000
6,30.5600,46.7256,100.7420,-69.6899,-0.1469,-0.0654,0.1979,-0.2251,0.4367,0.3251,36.2257,1.0688,69.2804,-0.5379,-0.1223,2.7065,31.6029,-1.9304,66.4921,0.0000,0.0000,0.0000,0.0000,0.0000,0.0000,0.0000,0.0000,0.0000,5.00,3.00,2.00,0.0539,0.0064,0.0392,0,0.000000
6,30.5800,46.6131,100.9603,-69.5273,-0.0982,0.1905,0.1419,-0.2251,0.4367,0.3251,36.2299,1.0531,69.2930,-0.5379,-0.1223,2.7065,31.6029,-1.9304,66.4921,0.0000,0.0000,0.0000,0.0000,0.0000,0.0000,0.0000,0.0000,0.0000,5.00,3.00,2.00,0.0241,0.0545,0.0201,0,0.000000
6,30.6000,46.5005,101.1787,-69.3648,-0.0982,0.1905,0.1419,-0.2251,0.4367,0.3251,36.2339,1.0374,69.3056,-0.5379,-0.1223,2.7065,31.6029,-1.9304,66.4921,0.0000,0.0000,0.0000,0.0000,0.0000,0.0000,0.0000,0.0000,0.0000,5.00,3.00,2.00,0.0241,0.0545,0.0201,0,0.000000
6,30.6200,46.3880,101.3970,-69.2023,-0.0982,0.1905,0.1418,-0.2251,0.4367,0.3251,36.2379,1.0215,69.3181,-0.5379,-0.1223,2.7065,31.6029,-1.9304,66.4921,0.0000,0.0000,0.0000,0.0000,0.0000,0.0000,0.0000,0.0000,0.0000,5.00,3.00,2.00,0.0241,0.0545,0.0201,0,0.000000
6,30.6400,46.2754,101.6153,-69.0397,-0.0982,0.1905,0.1419,-0.2251,0.4367,0.3251,36.2417,1.0056,69.3306,-0.5379,-0.1223,2.7065,31.6029,-1.9304,66.4921,0.0000,0.0000,0.0000,0.0000,0.0000,0.0000,0.0000,0.0000,0.0000,5.00,3.00,2.00,0.0241,0.0545,0.0201,0,0.000000
6,30.6600,46.1629,101.8337,-68.8771,-0.0982,0.1905,0.1419,0.3798,-0.3613,0.5644,36.2455,0.9896,69.3431,0.9880,-3.9601,3.1368,31.6029,-1.9304,66.4921,0.0000,0.0000,0.0000,0.0000,0.0000,0.0000,0.0000,0.0000,0.0000,5.00,3.00,2.00,0.0241,0.0545,0.0201,0,0.000000
6,30.6800,46.3528,101.6530,-68.5950,0.1657,-0.1576,0.2463,0.3798,-0.3613,0.5644,36.2564,0.9937,69.3386,0.9880,-3.9601,3.1368,31.6029,-1.9304,66.4921,0.0000,0.0000,0.0000,0.0000,0.0000,0.0000,0.0000,0.0000,0.0000,5.00,3.00,2.00,0.0686,0.0373,0.0606,0,0.000000
6,30.7000,46.5427,101.4724,-68.3128,0.1657,-0.1576,0.2463,0.3798,-0.3613,0.5644,36.2674,0.9978,69.3339,0.9880,-3.9601,3.1368,31.6029,-1.9304,66.4921,0.0000,0.0000,0.0000,0.0000,0.0000,0.0000,0.0000,0.0000,0.0000,5.00,3.00,2.00,0.0686,0.0373,0.0606,0,0.000000
6,30.7200,46.7326,101.2918,-68.0306,0.1657,-0.1576,0.2462,0.3798,-0.3613,0.5644,36.2783,1.0020,69.3293,0.9880,-3.9601,3.1368,31.6029,-1.9304,66.4921,0.0000,0.0000,0.0000,0.0000,0.0000,0.0000,0.0000,0.0000,0.0000,5.00,3.00,2.00,0.0686,0.0373,0.0606,0,0.000000
6,30.7400,46.9224,101.1111,-67.7484,0.1657,-0.1576,0.2463,0.3798,-0.3613,0.5644,36.2891,1.0061,69.3245,0.9880,-3.9601,3.1368,31.6029,-1.9304,66.4921,0.0000,0.0000,0.0000,0.0000,0.0000,0.0000,0.0000,0.0000,0.0000,5.00,3.00,2.00,0.0686,0.0373,0.0606,0,0.000000
6,30.7600,47.1123,100.9305,-67.4662,0.1657,-0.1576,0.2463,0.1344,0.2932,-0.2296,36.3000,1.0102,69.3197,2.7246,1.0278,-1.1692,31.6029,-1.9304,66.4921,0.0000,0.0000,0.0000,0.0000,0.0000,0.0000,0.0000,0.0000,0.0000,5.00,3.00,2.00,0.0686,0.0373,0.0606,0,0.000000
6,30.7800,47.1795,101.0771,-67.5810,0.0587,0.1279,-0.1002,0.1344,0.2932,-0.2296,36.3027,1.0043,69.3169,2.7246,1.0278,-1.1692,31.6029,-1.9304,66.4921,0.0000,0.0000,0.0000,0.0000,0.0000,0.0000,0.0000,0.0000,0.0000,5.00,3.00,2.00,0.0086,0.0245,0.0100,0,0.000000
6,30.8000,47.2468,101.2237,-67.6958,0.0586,0.1279,-0.1002,0.1344,0.2932,-0.2296,36.3053,0.9984,69.3141,2.7246,1.0278,-1.1692,31.6029,-1.9304,66.4921,0.0000,0.0000,0.0000,0.0000,0.0000,0.0000,0.0000,0.0000,0.0000,5.00,3.00,2.00,0.0086,0.0246,0.0100,0,0.000000
6,30.8200,47.3140,101.3703,-67.8106,0.0586,0.1279,-0.1002,0.1344,0.2932,-0.2296,36.3080,0.9926,69.3113,2.7246,1.0278,-1.1692,31.6029,-1.9304,66.4921,0.0000,0.0000,0.0000,0.0000,0.0000,0.0000,0.0000,0.0000,0.0000,5.00,3.00,2.00,0.0086,0.0245,0.0100,0,0.000000
6,30.8400,47.3812,101.5169,-67.9254,0.0587,0.1279,-0.1002,0.1344,0.2932,-0.2296,36.3106,0.9867,69.3085,2.7246,1.0278,-1.1692,31.6029,-1.9304,66.4921,0.0000,0.0000,0.0000,0.0000,0.0000,0.0000,0.0000,0.0000,0.0000,5.00,3.00,2.00,0.0086,0.0246,0.0100,0,0.000000
6,30.8600,47.4484,101.6635,-68.0402,0.0586,0.1279,-0.1002,-0.3423,-0.9607,-0.3977,36.3132,0.9808,69.3056,0.6628,-1.4678,-0.7038,31.6029,-1.9304,66.4921,0.0000,0.0000,0.0000,0.0000,0.0000,0.0000,0.0000,0.0000,0.0000,5.00,3.00,2.00,0.0086,0.0245,0.0100,0,0.000000
6,30.8800,47.2772,101.1832,-68.2391,-0.1494,-0.4192,-0.1735,-0.3423,-0.9607,-0.3977,36.2922,1.0128,69.2996,0.6628,-1.4678,-0.7038,31.6029,-1.9304,66.4921,0.0000,0.0000,0.0000,0.0000,0.0000,0.0000,0.0000,0.0000,0.0000,5.00,3.00,2.00,0.0558,0.2635,0.0301,0,0.000000
6,30.9000,47.1061,100.7028,-68.4379,-0.1494,-0.4192,-0.1735,-0.3423,-0.9607,-0.3977,36.2711,1.0445,69.2933,0.6628,-1.4678,-0.7038,31.6029,-1.9304,66.4921,0.0000,0.0000,0.0000,0.0000,0.0000,0.0000,0.0000,0.0000,0.0000,5.00,3.00,2.00,0.0558,0.2636,0.0301,0,0.000000
6,30.9200,46.9349,100.2225,-68.6367,-0.1494,-0.4192,-0.1735,-0.3423,-0.9607,-0.3977,36.2497,1.0760,69.2867,0.6628,-1.4678,-0.7038,31.6029,-1.9304,66.4921,0.0000,0.0000,0.0000,0.0000,0.0000,0.0000,0.0000,0.0000,0.0000,5.00,3.00,2.00,0.0558,0.2635,0.0301,0,0.000000
6,30.9400,46.7638,99.7422,-68.8356,-0.1494,-0.4192,-0.1735,-0.3423,-0.9607,-0.3977,36.2282,1.1072,69.2797,0.6628,-1.4678,-0.7038,31.6029,-1.9304,66.4921,0.0000,0.0000,0.0000,0.0000,0.0000,0.0000,0.0000,0.0000,0.0000,5.00,3.00,2.00,0.0558,0.2635,0.0301,0,0.000000
6,30.9600,46.5926,99.2619,-69.0344,-0.1494,-0.4192,-0.1735,-0.0293,-0.1116,0.2944,36.2065,1.1381,69.2724,-5.3375,7.8655,-1.6602,31.6029,-1.9304,66.4921,0.0000,0.0000,0.0000,0.0000,0.0000,0.0000,0.0000,0.0000,0.0000,5.00,3.00,2.00,0.0558,0.2635,0.0301,0,0.000000
6,30.9800,46.5780,99.2061,-68.8872,-0.0128,-0.0487,0.1285,-0.0293,-0.1116,0.2944,36.2085,1.1382,69.2754,-5.3375,7.8655,-1.6602,31.6029,-1.9304,66.4921,0.0000,0.0000,0.0000,0.0000,0.0000,0.0000,0.0000,0.0000,0.0000,5.00,3.00,2.00,0.0004,0.0036,0.0165,0,0.000000
6,31.0000,46.5633,99.1503,-68.7400,-0.0128,-0.0487,0.1285,-0.0293,-0.1116,0.2944,36.2105,1.1384,69.2784,-5.3375,7.8655,-1.6602,31.6029,-1.9304,66.4921,0.0000,0.0000,0.0000,0.0000,0.0000,0.0000,0.0000,0.0000,0.0000,5.00,3.00,2.00,0.0004,0.0036,0.0165,0,0.000000
6,31.0200,46.5487,99.0945,-68.5928,-0.0128,-0.0487,0.1285,-0.0293,-0.1116,0.2944,36.2125,1.1385,69.2815,-5.3375,7.8655,-1.6602,31.6029,-1.9304,66.4921,0.0000,0.0000,0.0000,0.0000,0.0000,0.0000,0.0000,0.0000,0.0000,5.00,3.00,2.00,0.0004,0.0036,0.0165,0,0.000000
6,31.0400,46.5340,99.0387,-68.4456,-0.0128,-0.0487,0.1285,-0.0293,-0.1116,0.2944,36.2144,1.1386,69.2845,-5.3375,7.8655,-1.6602,31.6029,-1.9304,66.4921,0.0000,0.0000,0.0000,0.0000,0.0000,0.0000,0.0000,0.0000,0.0000,5.00,3.00,2.00,0.0004,0.0036,0.0165,0,0.000000
6,31.0600,46.5194,98.9829,-68.2984,-0.0128,-0.0487,0.1285,0.1185,0.1296,0.0839,36.2164,1.1387,69.2875,0.4948,0.0267,0.7507,31.6029,-1.9304,66.4921,0.0000,0.0000,0.0000,0.0000,0.0000,0.0000,0.0000,0.0000,0.0000,5.00,3.00,2.00,0.0004,0.0036,0.0165,0,0.000000
6,31.0800,46.5786,99.0477,-68.2564,0.0517,0.0565,0.0366,0.1185,0.1296,0.0839,36.2211,1.1342,69.2873,0.4948,0.0267,0.7507,31.6029,-1.9304,66.4921,0.0000,0.0000,0.0000,0.0000,0.0000,0.0000,0.0000,0.0000,0.0000,5.00,3.00,2.00,0.0067,0.0048,0.0013,0,0.000000
6,31.1000,46.6379,99.1125,-68.2145,0.0517,0.0565,0.0366,0.1185,0.1296,0.0839,36.2258,1.1297,69.2872,0.4948,0.0267,0.7507,31.6029,-1.9304,66.4921,0.0000,0.0000,0.0000,0.0000,0.0000,0.0000,0.0000,0.0000,0.0000,5.00,3.00,2.00,0.0067,0.0048,0.0013,0,0.000000
6,31.1200,46.6971,99.1772,-68.1725,0.0517,0.0565,0.0366,0.1185,0.1296,0.0839,36.2305,1.1251,69.2871,0.4948,0.0267,0.7507,31.6029,-1.9304,66.4921,0.0000,0.0000,0.0000,0.0000,0.0000,0.0000,0.0000,0.0000,0.0000,5.00,3.00,2.00,0.0067,0.0048,0.0013,0,0.000000
6,31.1400,46.7563,99.2420,-68.1306,0.0517,0.0565,0.0366,0.1185,0.1296,0.0839,36.2352,1.1206,69.2869,0.4948,0.0267,0.7507,31.6029,-1.9304,66.4921,0.0000,0.0000,0.0000,0.0000,0.0000,0.0000,0.0000,0.0000,0.0000,5.00,3.00,2.00,0.0067,0.0048,0.0013,0,0.000000
6,31.1600,46.8156,99.3068,-68.0886,0.0517,0.0565,0.0366,-0.0687,0.5024,-0.0584,36.2399,1.1161,69.2868,1.1763,-1.1284,-0.0351,31.6029,-1.9304,66.4921,0.0000,0.0000,0.0000,0.0000,0.0000,0.0000,0.0000,0.0000,0.0000,5.00,3.00,2.00,0.0067,0.0048,0.0013,0,0.000000
6,31.1800,46.7812,99.5580,-68.1178,-0.0300,0.2192,-0.0255,-0.0687,0.5024,-0.0584,36.2431,1.1025,69.2924,1.1763,-1.1284,-0.0351,31.6029,-1.9304,66.4921,0.0000,0.0000,0.0000,0.0000,0.0000,0.0000,0.0000,0.0000,0.0000,5.00,3.00,2.00,0.0022,0.0721,0.0006,0,0.000000
6,31.2000,46.7469,99.8092,-68.1470,-0.0300,0.2192,-0.0255,-0.0687,0.5024,-0.0584,36.2462,1.0889,69.2980,1.1763,-1.1284,-0.0351,31.6029,-1.9304,66.4921,0.0000,0.0000,0.0000,0.0000,0.0000,0.0000,0.0000,0.0000,0.0000,5.00,3.00,2.00,0.0022,0.0721,0.0006,0,0.000000
6,31.2200,46.7125,100.0605,-68.1762,-0.0300,0.2192,-0.0255,-0.0687,0.5024,-0.0584,36.2493,1.0753,69.3036,1.1763,-1.1284,-0.0351,31.6029,-1.9304,66.4921,0.0000,0.0000,0.0000,0.0000,0.0000,0.0000,0.0000,0.0000,0.0000,5.00,3.00,2.00,0.0022,0.0721,0.0006,0,0.000000
6,31.2400,46.6781,100.3117,-68.2054,-0.0300,0.2192,-0.0255,-0.0687,0.5024,-0.0584,36.2524,1.0617,69.3091,1.1763,-1.1284,-0.0351,31.6029,-1.9304,66.4921,0.0000,0.0000,0.0000,0.0000,0.0000,0.0000,0.0000,0.0000,0.0000,5.00,3.00,2.00,0.0022,0.0721,0.0006,0,0.000000
6,31.2600,46.6438,100.5629,-68.2346,-0.0300,0.2192,-0.0255,0.3766,0.3704,-0.1279,36.2553,1.0481,69.3146,0.7711,-3.4015,1.3939,31.6029,-1.9304,66.4921,0.0000,0.0000,0.0000,0.0000,0.0000,0.0000,0.0000,0.0000,0.0000,5.00,3.00,2.00,0.0022,0.0721,0.0006,0,0.000000
6,31.2800,46.8321,100.7481,-68.2986,0.1643,0.1616,-0.0558,0.3766,0.3704,-0.1279,36.2648,1.0389,69.3088,0.7711,-3.4015,1.3939,31.6029,-1.9304,66.4921,0.0000,0.0000,0.0000,0.0000,0.0000,0.0000,0.0000,0.0000,0.0000,5.00,3.00,2.00,0.0675,0.0392,0.0031,0,0.000000
6,31.3000,47.0204,100.9332,-68.3625,0.1643,0.1616,-0.0558,0.3766,0.3704,-0.1279,36.2742,1.0297,69.3030,0.7711,-3.4015,1.3939,31.6029,-1.9304,66.4921,0.0000,0.0000,0.0000,0.0000,0.0000,0.0000,0.0000,0.0000,0.0000,5.00,3.00,2.00,0.0675,0.0392,0.0031,0,0.000000
6,31.3200,47.2087,101.1184,-68.4265,0.1643,0.1616,-0.0558,0.3766,0.3704,-0.1279,36.2836,1.0206,69.2970,0.7711,-3.4015,1.3939,31.6029,-1.9304,66.4921,0.0000,0.0000,0.0000,0.0000,0.0000,0.0000,0.0000,0.0000,0.0000,5.00,3.00,2.00,0.0675,0.0392,0.0031,0,0.000000
6,31.3400,47.3970,101.3036,-68.4904,0.1643,0.1616,-0.0558,0.3766,0.3704,-0.1279,36.2930,1.0114,69.2910,0.7711,-3.4015,1.3939,31.6029,-1.9304,66.4921,0.0000,0.0000,0.0000,0.0000,0.0000,0.0000,0.0000,0.0000,0.0000,5.00,3.00,2.00,0.0675,0.0392,0.0031,0,0.000000
6,31.3600,47.5853,101.4888,-68.5544,0.1643,0.1616,-0.0558,-0.0562,0.0838,0.1733,36.3023,1.0022,69.2850,2.3495,-2.2915,-1.4816,31.6029,-1.9304,66.4921,0.0000,0.0000,0.0000,0.0000,0.0000,0.0000,0.0000,0.0000,0.0000,5.00,3.00,2.00,0.0675,0.0392,0.0031,0,0.000000
6,31.3800,47.5572,101.5307,-68.4678,-0.0245,0.0365,0.0756,-0.0562,0.0838,0.1733,36.3042,0.9979,69.2889,2.3495,-2.2915,-1.4816,31.6029,-1.9304,66.4921,0.0000,0.0000,0.0000,0.0000,0.0000,0.0000,0.0000,0.0000,0.0000,5.00,3.00,2.00,0.0015,0.0020,0.0057,0,0.000000
6,31.4000,47.5291,101.5726,-68.3811,-0.0245,0.0366,0.0756,-0.0562,0.0838,0.1733,36.3061,0.9936,69.2928,2.3495,-2.2915,-1.4816,31.6029,-1.9304,66.4921,0.0000,0.0000,0.0000,0.0000,0.0000,0.0000,0.0000,0.0000,0.0000,5.00,3.00,2.00,0.0015,0.0020,0.0057,0,0.000000
6,31.4200,47.5010,101.6145,-68.2945,-0.0245,0.0366,0.0756,-0.0562,0.0838,0.1733,36.3080,0.9893,69.2968,2.3495,-2.2915,-1.4816,31.6029,-1.9304,66.4921,0.0000,0.0000,0.0000,0.0000,0.0000,0.0000,0.0000,0.0000,0.0000,5.00,3.00,2.00,0.0015,0.0020,0.0057,0,0.000000
6,31.4400,47.4729,101.6563,-68.2079,-0.0245,0.0366,0.0756,-0.0562,0.0838,0.1733,36.3099,0.9850,69.3007,2.3495,-2.2915,-1.4816,31.6029,-1.9304,66.4921,0.0000,0.0000,0.0000,0.0000,0.0000,0.0000,0.0000,0.0000,0.0000,5.00,3.00,2.00,0.0015,0.0020,0.0057,0,0.000000
6,31.4600,47.4447,101.6982,-68.1212,-0.0245,0.0366,0.0756,-0.2497,-0.4210,-0.1113,36.3118,0.9806,69.3046,0.4725,-1.0801,0.9789,31.6029,-1.9304,66.4921,0.0000,0.0000,0.0000,0.0000,0.0000,0.0000,0.0000,0.0000,0.0000,5.00,3.00,2.00,0.0015,0.0020,0.0057,0,0.000000
6,31.4800,47.3199,101.4877,-68.1769,-0.1090,-0.1837,-0.0486,-0.2497,-0.4210,-0.1113,36.3014,0.9940,69.3048,0.4725,-1.0801,0.9789,31.6029,-1.9304,66.4921,0.0000,0.0000,0.0000,0.0000,0.0000,0.0000,0.0000,0.0000,0.0000,5.00,3.00,2.00,0.0297,0.0506,0.0024,0,0.000000
6,31.5000,47.1951,101.2772,-68.2326,-0.1089,-0.1837,-0.0486,-0.2497,-0.4210,-0.1113,36.2911,1.0072,69.3050,0.4725,-1.0801,0.9789,31.6029,-1.9304,66.4921,0.0000,0.0000,0.0000,0.0000,0.0000,0.0000,0.0000,0.0000,0.0000,5.00,3.00,2.00,0.0297,0.0506,0.0024,0,0.000000
6,31.5200,47.0702,101.0667,-68.2882,-0.1089,-0.1837,-0.0486,-0.2497,-0.4210,-0.1113,36.2807,1.0205,69.3051,0.4725,-1.0801,0.9789,31.6029,-1.9304,66.4921,0.0000,0.0000,0.0000,0.0000,0.0000,0.0000,0.0000,0.0000,0.0000,5.00,3.00,2.00,0.0297,0.0506,0.0024,0,0.000000
6,31.5400,46.9454,100.8562,-68.3439,-0.1089,-0.1837,-0.0486,-0.2497,-0.4210,-0.1113,36.2702,1.0337,69.3051,0.4725,-1.0801,0.9789,31.6029,-1.9304,66.4921,0.0000,0.0000,0.0000,0.0000,0.0000,0.0000,0.0000,0.0000,0.0000,5.00,3.00,2.00,0.0297,0.0506,0.0024,0,0.000000
6,31.5600,46.8205,100.6457,-68.3995,-0.1090,-0.1837,-0.0486,-0.2072,0.2202,0.0073,36.2598,1.0469,69.3050,-2.5995,3.3141,0.0217,31.6029,-1.9304,66.4921,0.0000,0.0000,0.0000,0.0000,0.0000,0.0000,0.0000,0.0000,0.0000,5.00,3.00,2.00,0.0297,0.0506,0.0024,0,0.000000
6,31.5800,46.7169,100.7558,-68.3959,-0.0904,0.0961,0.0032,-0.2072,0.2202,0.0073,36.2581,1.0406,69.3115,-2.5995,3.3141,0.0217,31.6029,-1.9304,66.4921,0.0000,0.0000,0.0000,0.0000,0.0000,0.0000,0.0000,0.0000,0.0000,5.00,3.00,2.00,0.0204,0.0139,0.0000,0,0.000000
6,31.6000,46.6133,100.8659,-68.3923,-0.0904,0.0961,0.0032,-0.2072,0.2202,0.0073,36.2563,1.0342,69.3179,-2.5995,3.3141,0.0217,31.6029,-1.9304,66.4921,0.0000,0.0000,0.0000,0.0000,0.0000,0.0000,0.0000,0.0000,0.0000,5.00,3.00,2.00,0.0204,0.0138,0.0000,0,0.000000
6,31.6200,46.5097,100.9760,-68.3887,-0.0904,0.0961,0.0032,-0.2072,0.2202,0.0073,36.2545,1.0279,69.3243,-2.5995,3.3141,0.0217,31.6029,-1.9304,66.4921,0.0000,0.0000,0.0000,0.0000,0.0000,0.0000,0.0000,0.0000,0.0000,5.00,3.00,2.00,0.0204,0.0139,0.0000,0,0.000000
6,31.6400,46.4061,101.0862,-68.3851,-0.0904,0.0961,0.0032,-0.2072,0.2202,0.0073,36.2527,1.0215,69.3308,-2.5995,3.3141,0.0217,31.6029,-1.9304,66.4921,0.0000,0.0000,0.0000,0.0000,0.0000,0.0000,0.0000,0.0000,0.0000,5.00,3.00,2.00,0.0204,0.0138,0.0000,0,0.000000
6,31.6600,46.3025,101.1963,-68.3814,-0.0904,0.0961,0.0032,0.0565,-0.0008,-0.1559,36.2508,1.0151,69.3372,-0.4475,-1.5881,1.6087,31.6029,-1.9304,66.4921,0.0000,0.0000,0.0000,0.0000,0.0000,0.0000,0.0000,0.0000,0.0000,5.00,3.00,2.00,0.0204,0.0139,0.0000,0,0.000000
6,31.6800,46.3307,101.1959,-68.4594,0.0247,-0.0004,-0.0680,0.0565,-0.0008,-0.1559,36.2500,1.0169,69.3342,-0.4475,-1.5881,1.6087,31.6029,-1.9304,66.4921,0.0000,0.0000,0.0000,0.0000,0.0000,0.0000,0.0000,0.0000,0.0000,5.00,3.00,2.00,0.0015,0.0000,0.0046,0,0.000000
6,31.7000,46.3590,101.1954,-68.5374,0.0247,-0.0004,-0.0680,0.0565,-0.0008,-0.1559,36.2492,1.0186,69.3312,-0.4475,-1.5881,1.6087,31.6029,-1.9304,66.4921,0.0000,0.0000,0.0000,0.0000,0.0000,0.0000,0.0000,0.0000,0.0000,5.00,3.00,2.00,0.0015,0.0000,0.0046,0,0.000000
6,31.7200,46.3872,101.1950,-68.6153,0.0247,-0.0004,-0.0680,0.0565,-0.0008,-0.1559,36.2484,1.0203,69.3282,-0.4475,-1.5881,1.6087,31.6029,-1.9304,66.4921,0.0000,0.0000,0.0000,0.0000,0.0000,0.0000,0.0000,0.0000,0.0000,5.00,3.00,2.00,0.0015,0.0000,0.0046,0,0.000000
6,31.7400,46.4155,101.1946,-68.6933,0.0247,-0.0004,-0.0680,0.0565,-0.0008,-0.1559,36.2476,1.0220,69.3252,-0.4475,-1.5881,1.6087,31.6029,-1.9304,66.4921,0.0000,0.0000,0.0000,0.0000,0.0000,0.0000,0.0000,0.0000,0.0000,5.00,3.00,2.00,0.0015,0.0000,0.0046,0,0.000000
6,31.7600,46.4438,101.1942,-68.7712,0.0247,-0.0004,-0.0680,0.2333,0.4737,-0.1429,36.2468,1.0238,69.3222,-0.2039,0.4304,-0.7507,31.6029,-1.9304,66.4921,0.0000,0.0000,0.0000,0.0000,0.0000,0.0000,0.0000,0.0000,0.0000,5.00,3.00,2.00,0.0015,0.0000,0.0046,0,0.000000
6,31.7800,46.5604,101.4311,-68.8427,0.1018,0.2067,-0.0624,0.2333,0.4737,-0.1429,36.2542,1.0118,69.3201,-0.2039,0.4304,-0.7507,31.6029,-1.9304,66.4921,0.0000,0.0000,0.0000,0.0000,0.0000,0.0000,0.0000,0.0000,0.0000,5.00,3.00,2.00,0.0259,0.0641,0.0039,0,0.000000
6,31.8000,46.6771,101.6679,-68.9141,0.1018,0.2067,-0.0624,0.2333,0.4737,-0.1429,36.2616,0.9999,69.3180,-0.2039,0.4304,-0.7507,31.6029,-1.9304,66.4921,0.0000,0.0000,0.0000,0.0000,0.0000,0.0000,0.0000,0.0000,0.0000,5.00,3.00,2.00,0.0259,0.0641,0.0039,0,0.000000
6,31.8200,46.7937,101.9048,-68.9856,0.1018,0.2067,-0.0624,0.2333,0.4737,-0.1429,36.2690,0.9879,69.3158,-0.2039,0.4304,-0.7507,31.6029,-1.9304,66.4921,0.0000,0.0000,0.0000,0.0000,0.0000,0.0000,0.0000,0.0000,0.0000,5.00,3.00,2.00,0.0259,0.0641,0.0039,0,0.000000
6,31.8400,46.9104,102.1417,-69.0570,0.1018,0.2067,-0.0624,0.2333,0.4737,-0.1429,36.2764,0.9760,69.3135,-0.2039,0.4304,-0.7507,31.6029,-1.9304,66.4921,0.0000,0.0000,0.0000,0.0000,0.0000,0.0000,0.0000,0.0000,0.0000,5.00,3.00,2.00,0.0259,0.0641,0.0039,0,0.000000
6,31.8600,47.0271,102.3786,-69.1285,0.1018,0.2067,-0.0624,-0.1988,-0.0907,-0.5514,36.2837,0.9640,69.3112,1.8457,-2.9871,-0.5470,31.6029,-1.9304,66.4921,0.0000,0.0000,0.0000,0.0000,0.0000,0.0000,0.0000,0.0000,0.0000,5.00,3.00,2.00,0.0259,0.0641,0.0039,0,0.000000
6,31.8800,46.9276,102.3332,-69.4042,-0.0868,-0.0396,-0.2406,-0.1988,-0.0907,-0.5514,36.2721,0.9727,69.3082,1.8457,-2.9871,-0.5470,31.6029,-1.9304,66.4921,0.0000,0.0000,0.0000,0.0000,0.0000,0.0000,0.0000,0.0000,0.0000,5.00,3.00,2.00,0.0188,0.0023,0.0579,0,0.000000
6,31.9000,46.8282,102.2879,-69.6799,-0.0868,-0.0396,-0.2406,-0.1988,-0.0907,-0.5514,36.2605,0.9813,69.3051,1.8457,-2.9871,-0.5470,31.6029,-1.9304,66.4921,0.0000,0.0000,0.0000,0.0000,0.0000,0.0000,0.0000,0.0000,0.0000,5.00,3.00,2.00,0.0188,0.0023,0.0579,0,0.000000
6,31.9200,46.7288,102.2426,-69.9556,-0.0868,-0.0396,-0.2406,-0.1988,-0.0907,-0.5514,36.2490,0.9898,69.3020,1.8457,-2.9871,-0.5470,31.6029,-1.9304,66.4921,0.0000,0.0000,0.0000,0.0000,0.0000,0.0000,0.0000,0.0000,0.0000,5.00,3.00,2.00,0.0188,0.0023,0.0579,0,0.000000
6,31.9400,46.6294,102.1972,-70.2313,-0.0868,-0.0396,-0.2406,-0.1988,-0.0907,-0.5514,36.2374,0.9983,69.2988,1.8457,-2.9871,-0.5470,31.6029,-1.9304,66.4921,0.0000,0.0000,0.0000,0.0000,0.0000,0.0000,0.0000,0.0000,0.0000,5.00,3.00,2.00,0.0188,0.0023,0.0579,0,0.000000
6,31.9600,46.5300,102.1519,-70.5070,-0.0868,-0.0396,-0.2406,-0.4592,0.1903,0.2968,36.2258,1.0067,69.2955,-2.8963,2.1368,-0.7862,31.6029,-1.9304,66.4921,0.0000,0.0000,0.0000,0.0000,0.0000,0.0000,0.0000,0.0000,0.0000,5.00,3.00,2.00,0.0188,0.0023,0.0579,0,0.000000
6,31.9800,46.3004,102.2470,-70.3586,-0.2004,0.0830,0.1295,-0.4592,0.1903,0.2968,36.2224,0.9982,69.3101,-2.8963,2.1368,-0.7862,31.6029,-1.9304,66.4921,0.0000,0.0000,0.0000,0.0000,0.0000,0.0000,0.0000,0.0000,0.0000,5.00,3.00,2.00,0.1004,0.0103,0.0168,0,0.000000
6,32.0000,46.0708,102.3422,-70.2102,-0.2004,0.0830,0.1295,-0.4592,0.1903,0.2968,36.2189,0.9897,69.3248,-2.8963,2.1368,-0.7862,31.6029,-1.9304,66.4921,0.0000,0.0000,0.0000,0.0000,0.0000,0.0000,0.0000,0.0000,0.0000,5.00,3.00,2.00,0.1004,0.0103,0.0168,0,0.000000
6,32.0200,45.8412,102.4373,-70.0618,-0.2004,0.0830,0.1295,-0.4592,0.1903,0.2968,36.2153,0.9811,69.3394,-2.8963,2.1368,-0.7862,31.6029,-1.9304,66.4921,0.0000,0.0000,0.0000,0.0000,0.0000,0.0000,0.0000,0.0000,0.0000,5.00,3.00,2.00,0.1004,0.0103,0.0168,0,0.000000
6,32.0400,45.6116,102.5324,-69.9134,-0.2004,0.0830,0.1295,-0.4592,0.1903,0.2968,36.2116,0.9725,69.3540,-2.8963,2.1368,-0.7862,31.6029,-1.9304,66.4921,0.0000,0.0000,0.0000,0.0000,0.0000,0.0000,0.0000,0.0000,0.0000,5.00,3.00,2.00,0.1004,0.0103,0.0168,0,0.000000
6,32.0600,45.3820,102.6276,-69.7649,-0.2004,0.0830,0.1295,0.4846,-0.1055,-0.4138,36.2078,0.9638,69.3686,-0.8963,-2.1465,3.6541,31.6029,-1.9304,66.4921,0.0000,0.0000,0.0000,0.0000,0.0000,0.0000,0.0000,0.0000,0.0000,5.00,3.00,2.00,0.1004,0.0103,0.0168,0,0.000000
6,32.0800,45.6243,102.5748,-69.9719,0.2114,-0.0460,-0.1806,0.4846,-0.1055,-0.4138,36.2115,0.9713,69.3529,-0.8963,-2.1465,3.6541,31.6029,-1.9304,66.4921,0.0000,0.0000,0.0000,0.0000,0.0000,0.0000,0.0000,0.0000,0.0000,5.00,3.00,2.00,0.1118,0.0032,0.0326,0,0.000000
6,32.1000,45.8666,102.5221,-70.1788,0.2114,-0.0460,-0.1806,0.4846,-0.1055,-0.4138,36.2150,0.9788,69.3371,-0.8963,-2.1465,3.6541,31.6029,-1.9304,66.4921,0.0000,0.0000,0.0000,0.0000,0.0000,0.0000,0.0000,0.0000,0.0000,5.00,3.00,2.00,0.1118,0.0032,0.0326,0,0.000000
6,32.1200,46.1089,102.4694,-70.3857,0.2115,-0.0460,-0.1806,0.4846,-0.1055,-0.4138,36.2185,0.9863,69.3214,-0.8963,-2.1465,3.6541,31.6029,-1.9304,66.4921,0.0000,0.0000,0.0000,0.0000,0.0000,0.0000,0.0000,0.0000,0.0000,5.00,3.00,2.00,0.1118,0.0032,0.0326,0,0.000000
6,32.1400,46.3512,102.4166,-70.5926,0.2114,-0.0460,-0.1806,0.4846,-0.1055,-0.4138,36.2218,0.9937,69.3056,-0.8963,-2.1465,3.6541,31.6029,-1.9304,66.4921,0.0000,0.0000,0.0000,0.0000,0.0000,0.0000,0.0000,0.0000,0.0000,5.00,3.00,2.00,0.1118,0.0032,0.0326,0,0.000000
6,32.1600,46.5935,102.3639,-70.7995,0.2114,-0.0460,-0.1806,-0.1600,-0.1405,0.1404,36.2250,1.0010,69.2899,0.8598,1.8598,-3.9349,31.6029,-1.9304,66.4921,0.0000,0.0000,0.0000,0.0000,0.0000,0.0000,0.0000,0.0000,0.0000,5.00,3.00,2.00,0.1118,0.0032,0.0326,0,0.000000
6,32.1800,46.5135,102.2937,-70.7293,-0.0698,-0.0613,0.0613,-0.1600,-0.1405,0.1404,36.2223,1.0035,69.2935,0.8598,1.8598,-3.9349,31.6029,-1.9304,66.4921,0.0000,0.0000,0.0000,0.0000,0.0000,0.0000,0.0000,0.0000,0.0000,5.00,3.00,2.00,0.0122,0.0056,0.0038,0,0.000000
6,32.2000,46.4334,102.2234,-70.6591,-0.0698,-0.0613,0.0613,-0.1600,-0.1405,0.1404,36.2196,1.0059,69.2972,0.8598,1.8598,-3.9349,31.6029,-1.9304,66.4921,0.0000,0.0000,0.0000,0.0000,0.0000,0.0000,0.0000,0.0000,0.0000,5.00,3.00,2.00,0.0122,0.0056,0.0038,0,0.000000
6,32.2200,46.3534,102.1532,-70.5889,-0.0698,-0.0613,0.0613,-0.1600,-0.1405,0.1404,36.2169,1.0084,69.3008,0.8598,1.8598,-3.9349,31.6029,-1.9304,66.4921,0.0000,0.0000,0.0000,0.0000,0.0000,0.0000,0.0000,0.0000,0.0000,5.00,3.00,2.00,0.0122,0.0056,0.0038,0,0.000000
6,32.2400,46.2734,102.0830,-70.5187,-0.0698,-0.0613,0.0613,-0.1600,-0.1405,0.1404,36.2142,1.0109,69.3044,0.8598,1.8598,-3.9349,31.6029,-1.9304,66.4921,0.0000,0.0000,0.0000,0.0000,0.0000,0.0000,0.0000,0.0000,0.0000,5.00,3.00,2.00,0.0122,0.0056,0.0038,0,0.000000
6,32.2600,46.1934,102.0127,-70.4485,-0.0698,-0.0613,0.0613,-0.2886,0.7593,0.2273,36.2114,1.0133,69.3080,-0.6798,0.6164,0.9060,31.6029,-1.9304,66.4921,0.0000,0.0000,0.0000,0.0000,0.0000,0.0000,0.0000,0.0000,0.0000,5.00,3.00,2.00,0.0122,0.0056,0.0038,0,0.000000
6,32.2800,46.0491,102.3924,-70.3348,-0.1259,0.3313,0.0992,-0.2886,0.7593,0.2273,36.2159,0.9895,69.3236,-0.6798,0.6164,0.9060,31.6029,-1.9304,66.4921,0.0000,0.0000,0.0000,0.0000,0.0000,0.0000,0.0000,0.0000,0.0000,5.00,3.00,2.00,0.0396,0.1647,0.0098,0,0.000000
6,32.3000,45.9048,102.7721,-70.2212,-0.1259,0.3313,0.0992,-0.2886,0.7593,0.2273,36.2202,0.9656,69.3391,-0.6798,0.6164,0.9060,31.6029,-1.9304,66.4921,0.0000,0.0000,0.0000,0.0000,0.0000,0.0000,0.0000,0.0000,0.0000,5.00,3.00,2.00,0.0396,0.1647,0.0098,0,0.000000
6,32.3200,45.7605,103.1517,-70.1076,-0.1259,0.3313,0.0992,-0.2886,0.7593,0.2273,36.2243,0.9415,69.3546,-0.6798,0.6164,0.9060,31.6029,-1.9304,66.4921,0.0000,0.0000,0.0000,0.0000,0.0000,0.0000,0.0000,0.0000,0.0000,5.00,3.00,2.00,0.0396,0.1647,0.0098,0,0.000000
6,32.3400,45.6162,103.5314,-69.9939,-0.1259,0.3313,0.0992,-0.2886,0.7593,0.2273,36.2282,0.9173,69.3699,-0.6798,0.6164,0.9060,31.6029,-1.9304,66.4921,0.0000,0.0000,0.0000,0.0000,0.0000,0.0000,0.0000,0.0000,0.0000,5.00,3.00,2.00,0.0396,0.1647,0.0098,0,0.000000
6,32.3600,45.4719,103.9111,-69.8803,-0.1259,0.3313,0.0992,-0.2438,-0.0800,0.0677,36.2319,0.8930,69.3851,1.0260,-6.0190,3.8563,31.6029,-1.9304,66.4921,0.0000,0.0000,0.0000,0.0000,0.0000,0.0000,0.0000,0.0000,0.0000,5.00,3.00,2.00,0.0396,0.1647,0.0098,0,0.000000
6,32.3800,45.3500,103.8711,-69.8465,-0.1064,-0.0349,0.0295,-0.2438,-0.0800,0.0677,36.2271,0.8945,69.3902,1.0260,-6.0190,3.8563,31.6029,-1.9304,66.4921,0.0000,0.0000,0.0000,0.0000,0.0000,0.0000,0.0000,0.0000,0.0000,5.00,3.00,2.00,0.0283,0.0018,0.0009,0,0.000000
6,32.4000,45.2281,103.8311,-69.8126,-0.1064,-0.0349,0.0295,-0.2438,-0.0800,0.0677,36.2223,0.8960,69.3953,1.0260,-6.0190,3.8563,31.6029,-1.9304,66.4921,0.0000,0.0000,0.0000,0.0000,0.0000,0.0000,0.0000,0.0000,0.0000,5.00,3.00,2.00,0.0283,0.0018,0.0009,0,0.000000
6,32.4200,45.1062,103.7911,-69.7788,-0.1064,-0.0349,0.0295,-0.2438,-0.0800,0.0677,36.2175,0.8976,69.4004,1.0260,-6.0190,3.8563,31.6029,-1.9304,66.4921,0.0000,0.0000,0.0000,0.0000,0.0000,0.0000,0.0000,0.0000,0.0000,5.00,3.00,2.00,0.0283,0.0018,0.0009,0,0.000000
6,32.4400,44.9844,103.7511,-69.7449,-0.1064,-0.0349,0.0295,-0.2438,-0.0800,0.0677,36.2126,0.8991,69.4054,1.0260,-6.0190,3.8563,31.6029,-1.9304,66.4921,0.0000,0.0000,0.0000,0.0000,0.0000,0.0000,0.0000,0.0000,0.0000,5.00,3.00,2.00,0.0283,0.0018,0.0009,0,0.000000
6,32.4600,44.8625,103.7111,-69.7111,-0.1064,-0.0349,0.0295,-0.0123,0.3494,-0.2912,36.2077,0.9006,69.4104,-1.2102,0.3834,1.2653,31.6029,-1.9304,66.4921,0.0000,0.0000,0.0000,0.0000,0.0000,0.0000,0.0000,0.0000,0.0000,5.00,3.00,2.00,0.0283,0.0018,0.0009,0,0.000000
6,32.4800,44.8563,103.8858,-69.8567,-0.0054,0.1524,-0.1270,-0.0123,0.3494,-0.2912,36.2071,0.8939,69.4103,-1.2102,0.3834,1.2653,31.6029,-1.9304,66.4921,0.0000,0.0000,0.0000,0.0000,0.0000,0.0000,0.0000,0.0000,0.0000,5.00,3.00,2.00,0.0001,0.0349,0.0161,0,0.000000
6,32.5000,44.8502,104.0605,-70.0022,-0.0054,0.1524,-0.1270,-0.0123,0.3494,-0.2912,36.2065,0.8871,69.4102,-1.2102,0.3834,1.2653,31.6029,-1.9304,66.4921,0.0000,0.0000,0.0000,0.0000,0.0000,0.0000,0.0000,0.0000,0.0000,5.00,3.00,2.00,0.0001,0.0349,0.0161,0,0.000000
6,32.5200,44.8440,104.2351,-70.1478,-0.0054,0.1524,-0.1270,-0.0123,0.3494,-0.2912,36.2058,0.8804,69.4100,-1.2102,0.3834,1.2653,31.6029,-1.9304,66.4921,0.0000,0.0000,0.0000,0.0000,0.0000,0.0000,0.0000,0.0000,0.0000,5.00,3.00,2.00,0.0001,0.0349,0.0161,0,0.000000
6,32.5400,44.8378,104.4098,-70.2934,-0.0054,0.1524,-0.1270,-0.0123,0.3494,-0.2912,36.2052,0.8737,69.4099,-1.2102,0.3834,1.2653,31.6029,-1.9304,66.4921,0.0000,0.0000,0.0000,0.0000,0.0000,0.0000,0.0000,0.0000,0.0000,5.00,3.00,2.00,0.0001,0.0349,0.0161,0,0.000000
6,32.5600,44.8317,104.5845,-70.4390,-0.0054,0.1524,-0.1270,-0.2348,0.0221,-0.5825,36.2045,0.8669,69.4097,-0.1614,-1.6851,-0.0362,31.6029,-1.9304,66.4921,0.0000,0.0000,0.0000,0.0000,0.0000,0.0000,0.0000,0.0000,0.0000,5.00,3.00,2.00,0.0001,0.0349,0.0161,0,0.000000
6,32.5800,44.7143,104.5956,-70.7302,-0.1024,0.0096,-0.2542,-0.2348,0.0221,-0.5825,36.1931,0.8729,69.4077,-0.1614,-1.6851,-0.0362,31.6029,-1.9304,66.4921,0.0000,0.0000,0.0000,0.0000,0.0000,0.0000,0.0000,0.0000,0.0000,5.00,3.00,2.00,0.0262,0.0001,0.0646,0,0.000000
6,32.6000,44.5969,104.6066,-71.0214,-0.1024,0.0096,-0.2541,-0.2348,0.0221,-0.5825,36.1816,0.8788,69.4057,-0.1614,-1.6851,-0.0362,31.6029,-1.9304,66.4921,0.0000,0.0000,0.0000,0.0000,0.0000,0.0000,0.0000,0.0000,0.0000,5.00,3.00,2.00,0.0262,0.0001,0.0646,0,0.000000
6,32.6200,44.4795,104.6177,-71.3127,-0.1024,0.0096,-0.2541,-0.2348,0.0221,-0.5825,36.1701,0.8846,69.4036,-0.1614,-1.6851,-0.0362,31.6029,-1.9304,66.4921,0.0000,0.0000,0.0000,0.0000,0.0000,0.0000,0.0000,0.0000,0.0000,5.00,3.00,2.00,0.0262,0.0001,0.0646,0,0.000000
6,32.6400,44.3621,104.6287,-71.6039,-0.1024,0.0096,-0.2541,-0.2348,0.0221,-0.5825,36.1587,0.8904,69.4014,-0.1614,-1.6851,-0.0362,31.6029,-1.9304,66.4921,0.0000,0.0000,0.0000,0.0000,0.0000,0.0000,0.0000,0.0000,0.0000,5.00,3.00,2.00,0.0262,0.0001,0.0646,0,0.000000
6,32.6600,44.2448,104.6398,-71.8951,-0.1024,0.0096,-0.2541,-0.2470,-0.1230,-0.1601,36.1472,0.8962,69.3992,-2.8656,1.4633,-0.5272,31.6029,-1.9304,66.4921,0.0000,0.0000,0.0000,0.0000,0.0000,0.0000,0.0000,0.0000,0.0000,5.00,3.00,2.00,0.0262,0.0001,0.0646,0,0.000000
6,32.6800,44.1213,104.5782,-71.9752,-0.1078,-0.0537,-0.0698,-0.2470,-0.1230,-0.1601,36.1392,0.9014,69.4010,-2.8656,1.4633,-0.5272,31.6029,-1.9304,66.4921,0.0000,0.0000,0.0000,0.0000,0.0000,0.0000,0.0000,0.0000,0.0000,5.00,3.00,2.00,0.0290,0.0043,0.0049,0,0.000000
6,32.7000,43.9978,104.5167,-72.0552,-0.1078,-0.0537,-0.0698,-0.2470,-0.1230,-0.1601,36.1312,0.9066,69.4028,-2.8656,1.4633,-0.5272,31.6029,-1.9304,66.4921,0.0000,0.0000,0.0000,0.0000,0.0000,0.0000,0.0000,0.0000,0.0000,5.00,3.00,2.00,0.0290,0.0043,0.0049,0,0.000000
6,32.7200,43.8743,104.4552,-72.1352,-0.1078,-0.0537,-0.0698,-0.2470,-0.1230,-0.1601,36.1233,0.9118,69.4045,-2.8656,1.4633,-0.5272,31.6029,-1.9304,66.4921,0.0000,0.0000,0.0000,0.0000,0.0000,0.0000,0.0000,0.0000,0.0000,5.00,3.00,2.00,0.0290,0.0043,0.0049,0,0.000000
6,32.7400,43.7508,104.3937,-72.2152,-0.1078,-0.0537,-0.0698,-0.2470,-0.1230,-0.1601,36.1153,0.9170,69.4062,-2.8656,1.4633,-0.5272,31.6029,-1.9304,66.4921,0.0000,0.0000,0.0000,0.0000,0.0000,0.0000,0.0000,0.0000,0.0000,5.00,3.00,2.00,0.0290,0.0043,0.0049,0,0.000000
6,32.7600,43.6273,104.3321,-72.2953,-0.1078,-0.0537,-0.0698,0.3341,0.2343,-1.0000,36.1073,0.9222,69.4079,-1.9957,1.3004,0.4383,31.6029,-1.9304,66.4921,0.0000,0.0000,0.0000,0.0000,0.0000,0.0000,0.0000,0.0000,0.0000,5.00,3.00,2.00,0.0290,0.0043,0.0049,0,0.000000
6,32.7800,43.7943,104.4493,-72.7953,0.1458,0.1022,-0.4363,0.3341,0.2343,-1.0000,36.1043,0.9263,69.3912,-1.9957,1.3004,0.4383,31.6029,-1.9304,66.4921,0.0000,0.0000,0.0000,0.0000,0.0000,0.0000,0.0000,0.0000,0.0000,5.00,3.00,2.00,0.0531,0.0157,0.1904,0,0.000000
6,32.8000,43.9614,104.5665,-73.2953,0.1458,0.1022,-0.4363,0.3341,0.2343,-1.0000,36.1011,0.9303,69.3745,-1.9957,1.3004,0.4383,31.6029,-1.9304,66.4921,0.0000,0.0000,0.0000,0.0000,0.0000,0.0000,0.0000,0.0000,0.0000,5.00,3.00,2.00,0.0531,0.0157,0.1904,0,0.000000
6,32.8200,44.1284,104.6836,-73.7953,0.1458,0.1022,-0.4363,0.3341,0.2343,-1.0000,36.0978,0.9342,69.3577,-1.9957,1.3004,0.4383,31.6029,-1.9304,66.4921,0.0000,0.0000,0.0000,0.0000,0.0000,0.0000,0.0000,0.0000,0.0000,5.00,3.00,2.00,0.0531,0.0157,0.1904,0,0.000000
6,32.8400,44.2955,104.8008,-74.2953,0.1458,0.1022,-0.4363,0.3341,0.2343,-1.0000,36.0945,0.9380,69.3410,-1.9957,1.3004,0.4383,31.6029,-1.9304,66.4921,0.0000,0.0000,0.0000,0.0000,0.0000,0.0000,0.0000,0.0000,0.0000,5.00,3.00,2.00,0.0531,0.0157,0.1904,0,0.000000
6,32.8600,44.4625,104.9179,-74.7953,0.1458,0.1022,-0.4363,-0.2089,-0.1830,-0.0869,36.0909,0.9418,69.3242,-0.8177,0.9781,-4.1847,31.6029,-1.9304,66.4921,0.0000,0.0000,0.0000,0.0000,0.0000,0.0000,0.0000,0.0000,0.0000,5.00,3.00,2.00,0.0531,0.0157,0.1904,0,0.000000
6,32.8800,44.3581,104.8265,-74.8387,-0.0911,-0.0798,-0.0379,-0.2089,-0.1830,-0.0869,36.0841,0.9477,69.3255,-0.8177,0.9781,-4.1847,31.6029,-1.9304,66.4921,0.0000,0.0000,0.0000,0.0000,0.0000,0.0000,0.0000,0.0000,0.0000,5.00,3.00,2.00,0.0208,0.0096,0.0014,0,0.000000
6,32.9000,44.2537,104.7350,-74.8822,-0.0911,-0.0798,-0.0379,-0.2089,-0.1830,-0.0869,36.0773,0.9536,69.3267,-0.8177,0.9781,-4.1847,31.6029,-1.9304,66.4921,0.0000,0.0000,0.0000,0.0000,0.0000,0.0000,0.0000,0.0000,0.0000,5.00,3.00,2.00,0.0208,0.0096,0.0014,0,0.000000
6,32.9200,44.1492,104.6435,-74.9257,-0.0911,-0.0798,-0.0379,-0.2089,-0.1830,-0.0869,36.0705,0.9594,69.3279,-0.8177,0.9781,-4.1847,31.6029,-1.9304,66.4921,0.0000,0.0000,0.0000,0.0000,0.0000,0.0000,0.0000,0.0000,0.0000,5.00,3.00,2.00,0.0208,0.0096,0.0014,0,0.000000
6,32.9400,44.0448,104.5520,-74.9691,-0.0911,-0.0798,-0.0379,-0.2089,-0.1830,-0.0869,36.0637,0.9653,69.3291,-0.8177,0.9781,-4.1847,31.6029,-1.9304,66.4921,0.0000,0.0000,0.0000,0.0000,0.0000,0.0000,0.0000,0.0000,0.0000,5.00,3.00,2.00,0.0208,0.0096,0.0014,0,0.000000
6,32.9600,43.9404,104.4605,-75.0126,-0.0911,-0.0798,-0.0379,0.1643,0.2376,-0.0103,36.0568,0.9712,69.3302,-1.7046,1.4712,0.2991,31.6029,-1.9304,66.4921,0.0000,0.0000,0.0000,0.0000,0.0000,0.0000,0.0000,0.0000,0.0000,5.00,3.00,2.00,0.0208,0.0096,0.0014,0,0.000000
6,32.9800,44.0225,104.5793,-75.0177,0.0717,0.1037,-0.0045,0.1643,0.2376,-0.0103,36.0621,0.9648,69.3292,-1.7046,1.4712,0.2991,31.6029,-1.9304,66.4921,0.0000,0.0000,0.0000,0.0000,0.0000,0.0000,0.0000,0.0000,0.0000,5.00,3.00,2.00,0.0128,0.0161,0.0000,0,0.000000
6,33.0000,44.1047,104.6981,-75.0229,0.0717,0.1037,-0.0045,0.1643,0.2376,-0.0103,36.0674,0.9584,69.3282,-1.7046,1.4712,0.2991,31.6029,-1.9304,66.4921,0.0000,0.0000,0.0000,0.0000,0.0000,0.0000,0.0000,0.0000,0.0000,5.00,3.00,2.00,0.0128,0.0161,0.0000,0,0.000000
6,33.0200,44.1868,104.8169,-75.0280,0.0717,0.1037,-0.0045,0.1643,0.2376,-0.0103,36.0726,0.9520,69.3271,-1.7046,1.4712,0.2991,31.6029,-1.9304,66.4921,0.0000,0.0000,0.0000,0.0000,0.0000,0.0000,0.0000,0.0000,0.0000,5.00,3.00,2.00,0.0128,0.0161,0.0000,0,0.000000
6,33.0400,44.2690,104.9357,-75.0331,0.0717,0.1037,-0.0045,0.1643,0.2376,-0.0103,36.0778,0.9456,69.3261,-1.7046,1.4712,0.2991,31.6029,-1.9304,66.4921,0.0000,0.0000,0.0000,0.0000,0.0000,0.0000,0.0000,0.0000,0.0000,5.00,3.00,2.00,0.0128,0.0161,0.0000,0,0.000000
6,33.0600,44.3511,105.0545,-75.0383,0.0717,0.1037,-0.0045,-0.0512,-0.2361,-0.0491,36.0831,0.9392,69.3250,1.3117,-1.6002,-0.2628,31.6029,-1.9304,66.4921,0.0000,0.0000,0.0000,0.0000,0.0000,0.0000,0.0000,0.0000,0.0000,5.00,3.00,2.00,0.0128,0.0161,0.0000,0,0.000000
6,33.0800,44.3255,104.9364,-75.0628,-0.0224,-0.1030,-0.0214,-0.0512,-0.2361,-0.0491,36.0794,0.9462,69.3232,1.3117,-1.6002,-0.2628,31.6029,-1.9304,66.4921,0.0000,0.0000,0.0000,0.0000,0.0000,0.0000,0.0000,0.0000,0.0000,5.00,3.00,2.00,0.0012,0.0159,0.0005,0,0.000000
6,33.1000,44.2999,104.8183,-75.0873,-0.0224,-0.1030,-0.0214,-0.0512,-0.2361,-0.0491,36.0756,0.9531,69.3213,1.3117,-1.6002,-0.2628,31.6029,-1.9304,66.4921,0.0000,0.0000,0.0000,0.0000,0.0000,0.0000,0.0000,0.0000,0.0000,5.00,3.00,2.00,0.0012,0.0159,0.0005,0,0.000000
6,33.1200,44.2743,104.7003,-75.1119,-0.0224,-0.1030,-0.0214,-0.0512,-0.2361,-0.0491,36.0719,0.9601,69.3195,1.3117,-1.6002,-0.2628,31.6029,-1.9304,66.4921,0.0000,0.0000,0.0000,0.0000,0.0000,0.0000,0.0000,0.0000,0.0000,5.00,3.00,2.00,0.0012,0.0159,0.0005,0,0.000000
6,33.1400,44.2486,104.5822,-75.1364,-0.0224,-0.1030,-0.0214,-0.0512,-0.2361,-0.0491,36.0681,0.9670,69.3177,1.3117,-1.6002,-0.2628,31.6029,-1.9304,66.4921,0.0000,0.0000,0.0000,0.0000,0.0000,0.0000,0.0000,0.0000,0.0000,5.00,3.00,2.00,0.0012,0.0159,0.0005,0,0.000000
6,33.1600,44.2230,104.4642,-75.1610,-0.0224,-0.1030,-0.0214,-0.4008,0.3275,-0.0951,36.0644,0.9739,69.3158,-0.9359,1.7373,-0.4578,31.6029,-1.9304,66.4921,0.0000,0.0000,0.0000,0.0000,0.0000,0.0000,0.0000,0.0000,0.0000,5.00,3.00,2.00,0.0012,0.0159,0.0005,0,0.000000
6,33.1800,44.0226,104.6279,-75.2085,-0.1749,0.1429,-0.0415,-0.4008,0.3275,-0.0951,36.0583,0.9659,69.3253,-0.9359,1.7373,-0.4578,31.6029,-1.9304,66.4921,0.0000,0.0000,0.0000,0.0000,0.0000,0.0000,0.0000,0.0000,0.0000,5.00,3.00,2.00,0.0765,0.0306,0.0017,0,0.000000
6,33.2000,43.8222,104.7916,-75.2560,-0.1749,0.1429,-0.0415,-0.4008,0.3275,-0.0951,36.0522,0.9579,69.3348,-0.9359,1.7373,-0.4578,31.6029,-1.9304,66.4921,0.0000,0.0000,0.0000,0.0000,0.0000,0.0000,0.0000,0.0000,0.0000,5.00,3.00,2.00,0.0765,0.0306,0.0017,0,0.000000
6,33.2200,43.6217,104.9554,-75.3035,-0.1749,0.1429,-0.0415,-0.4008,0.3275,-0.0951,36.0461,0.9499,69.3442,-0.9359,1.7373,-0.4578,31.6029,-1.9304,66.4921,0.0000,0.0000,0.0000,0.0000,0.0000,0.0000,0.0000,0.0000,0.0000,5.00,3.00,2.00,0.0765,0.0306,0.0017,0,0.000000
6,33.2400,43.4213,105.1191,-75.3511,-0.1749,0.1429,-0.0415,-0.4008,0.3275,-0.0951,36.0399,0.9419,69.3536,-0.9359,1.7373,-0.4578,31.6029,-1.9304,66.4921,0.0000,0.0000,0.0000,0.0000,0.0000,0.0000,0.0000,0.0000,0.0000,5.00,3.00,2.00,0.0765,0.0306,0.0017,0,0.000000
6,33.2600,43.2209,105.2828,-75.3986,-0.1749,0.1429,-0.0415,-0.0150,-0.0927,-0.1461,36.0337,0.9339,69.3630,-1.5345,-1.9999,2.3571,31.6029,-1.9304,66.4921,0.0000,0.0000,0.0000,0.0000,0.0000,0.0000,0.0000,0.0000,0.0000,5.00,3.00,2.00,0.0765,0.0306,0.0017,0,0.000000
6,33.2800,43.2134,105.2365,-75.4717,-0.0065,-0.0404,-0.0638,-0.0150,-0.0927,-0.1461,36.0308,0.9379,69.3605,-1.5345,-1.9999,2.3571,31.6029,-1.9304,66.4921,0.0000,0.0000,0.0000,0.0000,0.0000,0.0000,0.0000,0.0000,0.0000,5.00,3.00,2.00,0.0001,0.0025,0.0041,0,0.000000
6,33.3000,43.2059,105.1901,-75.5447,-0.0065,-0.0404,-0.0638,-0.0150,-0.0927,-0.1461,36.0279,0.9419,69.3581,-1.5345,-1.9999,2.3571,31.6029,-1.9304,66.4921,0.0000,0.0000,0.0000,0.0000,0.0000,0.0000,0.0000,0.0000,0.0000,5.00,3.00,2.00,0.0001,0.0025,0.0041,0,0.000000
6,33.3200,43.1984,105.1438,-75.6178,-0.0065,-0.0404,-0.0638,-0.0150,-0.0927,-0.1461,36.0251,0.9459,69.3556,-1.5345,-1.9999,2.3571,31.6029,-1.9304,66.4921,0.0000,0.0000,0.0000,0.0000,0.0000,0.0000,0.0000,0.0000,0.0000,5.00,3.00,2.00,0.0001,0.0025,0.0041,0,0.000000
6,33.3400,43.1909,105.0974,-75.6909,-0.0065,-0.0404,-0.0638,-0.0150,-0.0927,-0.1461,36.0222,0.9499,69.3531,-1.5345,-1.9999,2.3571,31.6029,-1.9304,66.4921,0.0000,0.0000,0.0000,0.0000,0.0000,0.0000,0.0000,0.0000,0.0000,5.00,3.00,2.00,0.0001,0.0025,0.0041,0,0.000000
6,33.3600,43.1834,105.0511,-75.7639,-0.0065,-0.0404,-0.0638,0.0228,0.1516,0.2613,36.0193,0.9539,69.3507,-0.7179,0.9968,-0.6149,31.6029,-1.9304,66.4921,0.0000,0.0000,0.0000,0.0000,0.0000,0.0000,0.0000,0.0000,0.0000,5.00,3.00,2.00,0.0001,0.0025,0.0041,0,0.000000
6,33.3800,43.1948,105.1269,-75.6333,0.0099,0.0662,0.1140,0.0228,0.1516,0.2613,36.0243,0.9471,69.3550,-0.7179,0.9968,-0.6149,31.6029,-1.9304,66.4921,0.0000,0.0000,0.0000,0.0000,0.0000,0.0000,0.0000,0.0000,0.0000,5.00,3.00,2.00,0.0002,0.0066,0.0130,0,0.000000
6,33.4000,43.2062,105.2027,-75.5026,0.0099,0.0662,0.1140,0.0228,0.1516,0.2613,36.0292,0.9404,69.3594,-0.7179,0.9968,-0.6149,31.6029,-1.9304,66.4921,0.0000,0.0000,0.0000,0.0000,0.0000,0.0000,0.0000,0.0000,0.0000,5.00,3.00,2.00,0.0002,0.0066,0.0130,0,0.000000
6,33.4200,43.2176,105.2785,-75.3720,0.0099,0.0662,0.1140,0.0228,0.1516,0.2613,36.0341,0.9336,69.3637,-0.7179,0.9968,-0.6149,31.6029,-1.9304,66.4921,0.0000,0.0000,0.0000,0.0000,0.0000,0.0000,0.0000,0.0000,0.0000,5.00,3.00,2.00,0.0002,0.0066,0.0130,0,0.000000
6,33.4400,43.2290,105.3543,-75.2413,0.0099,0.0662,0.1140,0.0228,0.1516,0.2613,36.0390,0.9268,69.3680,-0.7179,0.9968,-0.6149,31.6029,-1.9304,66.4921,0.0000,0.0000,0.0000,0.0000,0.0000,0.0000,0.0000,0.0000,0.0000,5.00,3.00,2.00,0.0002,0.0066,0.0130,0,0.000000
6,33.4600,43.2404,105.4302,-75.1107,0.0099,0.0662,0.1140,0.1243,-0.2212,0.7069,36.0439,0.9200,69.3723,1.2297,-1.6927,1.0811,31.6029,-1.9304,66.4921,0.0000,0.0000,0.0000,0.0000,0.0000,0.0000,0.0000,0.0000,0.0000,5.00,3.00,2.00,0.0002,0.0066,0.0130,0,0.000000
6,33.4800,43.3025,105.3195,-74.7572,0.0542,-0.0965,0.3085,0.1243,-0.2212,0.7069,36.0529,0.9189,69.3769,1.2297,-1.6927,1.0811,31.6029,-1.9304,66.4921,0.0000,0.0000,0.0000,0.0000,0.0000,0.0000,0.0000,0.0000,0.0000,5.00,3.00,2.00,0.0074,0.0140,0.0951,0,0.000000
6,33.5000,43.3646,105.2089,-74.4038,0.0542,-0.0965,0.3085,0.1243,-0.2212,0.7069,36.0619,0.9177,69.3814,1.2297,-1.6927,1.0811,31.6029,-1.9304,66.4921,0.0000,0.0000,0.0000,0.0000,0.0000,0.0000,0.0000,0.0000,0.0000,5.00,3.00,2.00,0.0074,0.0140,0.0951,0,0.000000
6,33.5200,43.4268,105.0983,-74.0503,0.0542,-0.0965,0.3085,0.1243,-0.2212,0.7069,36.0709,0.9165,69.3859,1.2297,-1.6927,1.0811,31.6029,-1.9304,66.4921,0.0000,0.0000,0.0000,0.0000,0.0000,0.0000,0.0000,0.0000,0.0000,5.00,3.00,2.00,0.0074,0.0140,0.0951,0,0.000000
6,33.5400,43.4889,104.9877,-73.6968,0.0542,-0.0965,0.3085,0.1243,-0.2212,0.7069,36.0799,0.9153,69.3904,1.2297,-1.6927,1.0811,31.6029,-1.9304,66.4921,0.0000,0.0000,0.0000,0.0000,0.0000,0.0000,0.0000,0.0000,0.0000,5.00,3.00,2.00,0.0074,0.0140,0.0951,0,0.000000
6,33.5600,43.5511,104.8770,-73.3434,0.0542,-0.0965,0.3085,0.6815,0.0524,0.2782,36.0889,0.9140,69.3948,2.2491,-0.3018,1.1257,31.6029,-1.9304,66.4921,0.0000,0.0000,0.0000,0.0000,0.0000,0.0000,0.0000,0.0000,0.0000,5.00,3.00,2.00,0.0074,0.0140,0.0951,0,0.000000
6,33.5800,43.8918,104.9033,-73.2043,0.2974,0.0229,0.1214,0.6815,0.0524,0.2782,36.1064,0.9096,69.3856,2.2491,-0.3018,1.1257,31.6029,-1.9304,66.4921,0.0000,0.0000,0.0000,0.0000,0.0000,0.0000,0.0000,0.0000,0.0000,5.00,3.00,2.00,0.2211,0.0008,0.0147,0,0.000000
6,33.6000,44.2326,104.9295,-73.0652,0.2974,0.0229,0.1214,0.6815,0.0524,0.2782,36.1239,0.9051,69.3762,2.2491,-0.3018,1.1257,31.6029,-1.9304,66.4921,0.0000,0.0000,0.0000,0.0000,0.0000,0.0000,0.0000,0.0000,0.0000,5.00,3.00,2.00,0.2210,0.0008,0.0147,0,0.000000
6,33.6200,44.5733,104.9557,-72.9261,0.2974,0.0229,0.1214,0.6815,0.0524,0.2782,36.1413,0.9007,69.3667,2.2491,-0.3018,1.1257,31.6029,-1.9304,66.4921,0.0000,0.0000,0.0000,0.0000,0.0000,0.0000,0.0000,0.0000,0.0000,5.00,3.00,2.00,0.2211,0.0008,0.0147,0,0.000000
6,33.6400,44.9140,104.9819,-72.7870,0.2974,0.0229,0.1214,0.6815,0.0524,0.2782,36.1587,0.8962,69.3571,2.2491,-0.3018,1.1257,31.6029,-1.9304,66.4921,0.0000,0.0000,0.0000,0.0000,0.0000,0.0000,0.0000,0.0000,0.0000,5.00,3.00,2.00,0.2211,0.0008,0.0147,0,0.000000
6,33.6600,45.2548,105.0081,-72.6479,0.2974,0.0229,0.1214,0.2600,-0.1501,-0.1579,36.1761,0.8918,69.3473,4.3604,-1.1107,-2.3727,31.6029,-1.9304,66.4921,0.0000,0.0000,0.0000,0.0000,0.0000,0.0000,0.0000,0.0000,0.0000,5.00,3.00,2.00,0.2210,0.0008,0.0147,0,0.000000
6,33.6800,45.3848,104.9331,-72.7268,0.1134,-0.0655,-0.0689,0.2600,-0.1501,-0.1579,36.1780,0.8977,69.3389,4.3604,-1.1107,-2.3727,31.6029,-1.9304,66.4921,0.0000,0.0000,0.0000,0.0000,0.0000,0.0000,0.0000,0.0000,0.0000,5.00,3.00,2.00,0.0322,0.0064,0.0047,0,0.000000
6,33.7000,45.5148,104.8580,-72.8058,0.1134,-0.0655,-0.0689,0.2600,-0.1501,-0.1579,36.1799,0.9036,69.3305,4.3604,-1.1107,-2.3727,31.6029,-1.9304,66.4921,0.0000,0.0000,0.0000,0.0000,0.0000,0.0000,0.0000,0.0000,0.0000,5.00,3.00,2.00,0.0322,0.0064,0.0047,0,0.000000
6,33.7200,45.6447,104.7830,-72.8848,0.1134,-0.0655,-0.0689,0.2600,-0.1501,-0.1579,36.1817,0.9095,69.3221,4.3604,-1.1107,-2.3727,31.6029,-1.9304,66.4921,0.0000,0.0000,0.0000,0.0000,0.0000,0.0000,0.0000,0.0000,0.0000,5.00,3.00,2.00,0.0322,0.0064,0.0047,0,0.000000
6,33.7400,45.7747,104.7079,-72.9637,0.1134,-0.0655,-0.0689,0.2600,-0.1501,-0.1579,36.1835,0.9154,69.3137,4.3604,-1.1107,-2.3727,31.6029,-1.9304,66.4921,0.0000,0.0000,0.0000,0.0000,0.0000,0.0000,0.0000,0.0000,0.0000,5.00,3.00,2.00,0.0322,0.0064,0.0047,0,0.000000
6,33.7600,45.9047,104.6329,-73.0427,0.1134,-0.0655,-0.0689,-0.1769,-0.1761,-0.3723,36.1852,0.9213,69.3052,0.4566,1.4748,-2.1046,31.6029,-1.9304,66.4921,0.0000,0.0000,0.0000,0.0000,0.0000,0.0000,0.0000,0.0000,0.0000,5.00,3.00,2.00,0.0322,0.0064,0.0047,0,0.000000
6,33.7800,45.8163,104.5448,-73.2288,-0.0772,-0.0768,-0.1625,-0.1769,-0.1761,-0.3723,36.1756,0.9301,69.3028,0.4566,1.4748,-2.1046,31.6029,-1.9304,66.4921,0.0000,0.0000,0.0000,0.0000,0.0000,0.0000,0.0000,0.0000,0.0000,5.00,3.00,2.00,0.0149,0.0089,0.0264,0,0.000000
6,33.8000,45.7278,104.4568,-73.4150,-0.0772,-0.0768,-0.1625,-0.1769,-0.1761,-0.3723,36.1659,0.9389,69.3002,0.4566,1.4748,-2.1046,31.6029,-1.9304,66.4921,0.0000,0.0000,0.0000,0.0000,0.0000,0.0000,0.0000,0.0000,0.0000,5.00,3.00,2.00,0.0149,0.0089,0.0264,0,0.000000
6,33.8200,45.6394,104.3687,-73.6012,-0.0772,-0.0768,-0.1625,-0.1769,-0.1761,-0.3723,36.1563,0.9476,69.2977,0.4566,1.4748,-2.1046,31.6029,-1.9304,66.4921,0.0000,0.0000,0.0000,0.0000,0.0000,0.0000,0.0000,0.0000,0.0000,5.00,3.00,2.00,0.0149,0.0089,0.0264,0,0.000000
6,33.8400,45.5510,104.2807,-73.7873,-0.0772,-0.0768,-0.1625,-0.1769,-0.1761,-0.3723,36.1466,0.9563,69.2950,0.4566,1.4748,-2.1046,31.6029,-1.9304,66.4921,0.0000,0.0000,0.0000,0.0000,0.0000,0.0000,0.0000,0.0000,0.0000,5.00,3.00,2.00,0.0149,0.0089,0.0264,0,0.000000
6,33.8600,45.4625,104.1926,-73.9735,-0.0772,-0.0768,-0.1624,0.2109,-0.0573,0.0493,36.1369,0.9650,69.2924,-2.4164,2.1875,-0.6439,31.6029,-1.9304,66.4921,0.0000,0.0000,0.0000,0.0000,0.0000,0.0000,0.0000,0.0000,0.0000,5.00,3.00,2.00,0.0149,0.0089,0.0264,0,0.000000
6,33.8800,45.5680,104.1640,-73.9488,0.0920,-0.0250,0.0215,0.2109,-0.0573,0.0493,36.1411,0.9661,69.2883,-2.4164,2.1875,-0.6439,31.6029,-1.9304,66.4921,0.0000,0.0000,0.0000,0.0000,0.0000,0.0000,0.0000,0.0000,0.0000,5.00,3.00,2.00,0.0212,0.0009,0.0005,0,0.000000
6,33.9000,45.6734,104.1353,-73.9242,0.0920,-0.0250,0.0215,0.2109,-0.0573,0.0493,36.1452,0.9672,69.2842,-2.4164,2.1875,-0.6439,31.6029,-1.9304,66.4921,0.0000,0.0000,0.0000,0.0000,0.0000,0.0000,0.0000,0.0000,0.0000,5.00,3.00,2.00,0.0212,0.0009,0.0005,0,0.000000
6,33.9200,45.7788,104.1067,-73.8996,0.0920,-0.0250,0.0215,0.2109,-0.0573,0.0493,36.1493,0.9682,69.2801,-2.4164,2.1875,-0.6439,31.6029,-1.9304,66.4921,0.0000,0.0000,0.0000,0.0000,0.0000,0.0000,0.0000,0.0000,0.0000,5.00,3.00,2.00,0.0212,0.0009,0.0005,0,0.000000
6,33.9400,45.8843,104.0780,-73.8750,0.0920,-0.0250,0.0215,0.2109,-0.0573,0.0493,36.1535,0.9693,69.2760,-2.4164,2.1875,-0.6439,31.6029,-1.9304,66.4921,0.0000,0.0000,0.0000,0.0000,0.0000,0.0000,0.0000,0.0000,0.0000,5.00,3.00,2.00,0.0212,0.0009,0.0005,0,0.000000
6,33.9600,45.9897,104.0494,-73.8503,0.0920,-0.0250,0.0215,0.1084,-0.1775,0.5147,36.1576,0.9704,69.2719,1.0342,0.2698,-1.0216,31.6029,-1.9304,66.4921,0.0000,0.0000,0.0000,0.0000,0.0000,0.0000,0.0000,0.0000,0.0000,5.00,3.00,2.00,0.0212,0.0009,0.0005,0,0.000000
6,33.9800,46.0439,103.9606,-73.5930,0.0473,-0.0775,0.2246,0.1084,-0.1775,0.5147,36.1644,0.9701,69.2744,1.0342,0.2698,-1.0216,31.6029,-1.9304,66.4921,0.0000,0.0000,0.0000,0.0000,0.0000,0.0000,0.0000,0.0000,0.0000,5.00,3.00,2.00,0.0056,0.0090,0.0504,0,0.000000
6,34.0000,46.0981,103.8719,-73.3357,0.0473,-0.0775,0.2246,0.1084,-0.1775,0.5147,36.1713,0.9697,69.2769,1.0342,0.2698,-1.0216,31.6029,-1.9304,66.4921,0.0000,0.0000,0.0000,0.0000,0.0000,0.0000,0.0000,0.0000,0.0000,5.00,3.00,2.00,0.0056,0.0090,0.0504,0,0.000000
6,34.0200,46.1522,103.7831,-73.0784,0.0473,-0.0775,0.2246,0.1084,-0.1775,0.5147,36.1782,0.9693,69.2793,1.0342,0.2698,-1.0216,31.6029,-1.9304,66.4921,0.0000,0.0000,0.0000,0.0000,0.0000,0.0000,0.0000,0.0000,0.0000,5.00,3.00,2.00,0.0056,0.0090,0.0504,0,0.000000
6,34.0400,46.2064,103.6943,-72.8210,0.0473,-0.0775,0.2246,0.1084,-0.1775,0.5147,36.1850,0.9689,69.2817,1.0342,0.2698,-1.0216,31.6029,-1.9304,66.4921,0.0000,0.0000,0.0000,0.0000,0.0000,0.0000,0.0000,0.0000,0.0000,5.00,3.00,2.00,0.0056,0.0090,0.0504,0,0.000000
6,34.0600,46.2606,103.6056,-72.5637,0.0473,-0.0775,0.2246,-0.0530,-0.1718,0.0915,36.1919,0.9685,69.2841,1.7138,-0.0932,0.6058,31.6029,-1.9304,66.4921,0.0000,0.0000,0.0000,0.0000,0.0000,0.0000,0.0000,0.0000,0.0000,5.00,3.00,2.00,0.0056,0.0090,0.0504,0,0.000000
6,34.0800,46.2341,103.5196,-72.5180,-0.0231,-0.0750,0.0399,-0.0530,-0.1718,0.0915,36.1904,0.9724,69.2847,1.7138,-0.0932,0.6058,31.6029,-1.9304,66.4921,0.0000,0.0000,0.0000,0.0000,0.0000,0.0000,0.0000,0.0000,0.0000,5.00,3.00,2.00,0.0013,0.0084,0.0016,0,0.000000
6,34.1000,46.2076,103.4337,-72.4722,-0.0231,-0.0750,0.0399,-0.0530,-0.1718,0.0915,36.1888,0.9762,69.2853,1.7138,-0.0932,0.6058,31.6029,-1.9304,66.4921,0.0000,0.0000,0.0000,0.0000,0.0000,0.0000,0.0000,0.0000,0.0000,5.00,3.00,2.00,0.0013,0.0084,0.0016,0,0.000000
6,34.1200,46.1810,103.3478,-72.4265,-0.0231,-0.0750,0.0399,-0.0530,-0.1718,0.0915,36.1873,0.9800,69.2859,1.7138,-0.0932,0.6058,31.6029,-1.9304,66.4921,0.0000,0.0000,0.0000,0.0000,0.0000,0.0000,0.0000,0.0000,0.0000,5.00,3.00,2.00,0.0013,0.0084,0.0016,0,0.000000
6,34.1400,46.1545,103.2619,-72.3808,-0.0231,-0.0750,0.0399,-0.0530,-0.1718,0.0915,36.1858,0.9839,69.2865,1.7138,-0.0932,0.6058,31.6029,-1.9304,66.4921,0.0000,0.0000,0.0000,0.0000,0.0000,0.0000,0.0000,0.0000,0.0000,5.00,3.00,2.00,0.0013,0.0084,0.0016,0,0.000000
6,34.1600,46.1280,103.1759,-72.3350,-0.0231,-0.0750,0.0399,-0.2823,0.3009,-0.0709,36.1843,0.9877,69.2870,-0.3780,0.9588,0.1492,31.6029,-1.9304,66.4921,0.0000,0.0000,0.0000,0.0000,0.0000,0.0000,0.0000,0.0000,0.0000,5.00,3.00,2.00,0.0013,0.0084,0.0016,0,0.000000
6,34.1800,45.9869,103.3264,-72.3705,-0.1232,0.1313,-0.0309,-0.2823,0.3009,-0.0709,36.1808,0.9801,69.2946,-0.3780,0.9588,0.1492,31.6029,-1.9304,66.4921,0.0000,0.0000,0.0000,0.0000,0.0000,0.0000,0.0000,0.0000,0.0000,5.00,3.00,2.00,0.0379,0.0259,0.0010,0,0.000000
6,34.2000,45.8457,103.4768,-72.4059,-0.1232,0.1313,-0.0309,-0.2823,0.3009,-0.0709,36.1773,0.9724,69.3022,-0.3780,0.9588,0.1492,31.6029,-1.9304,66.4921,0.0000,0.0000,0.0000,0.0000,0.0000,0.0000,0.0000,0.0000,0.0000,5.00,3.00,2.00,0.0379,0.0259,0.0010,0,0.000000
6,34.2200,45.7046,103.6273,-72.4414,-0.1232,0.1313,-0.0309,-0.2823,0.3009,-0.0709,36.1738,0.9648,69.3097,-0.3780,0.9588,0.1492,31.6029,-1.9304,66.4921,0.0000,0.0000,0.0000,0.0000,0.0000,0.0000,0.0000,0.0000,0.0000,5.00,3.00,2.00,0.0379,0.0259,0.0010,0,0.000000
6,34.2400,45.5635,103.7777,-72.4768,-0.1232,0.1313,-0.0309,-0.2823,0.3009,-0.0709,36.1702,0.9571,69.3172,-0.3780,0.9588,0.1492,31.6029,-1.9304,66.4921,0.0000,0.0000,0.0000,0.0000,0.0000,0.0000,0.0000,0.0000,0.0000,5.00,3.00,2.00,0.0379,0.0259,0.0010,0,0.000000
6,34.2600,45.4223,103.9282,-72.5122,-0.1232,0.1313,-0.0309,-0.1868,0.5121,-0.0336,36.1666,0.9495,69.3247,-0.8871,-1.9131,1.8829,31.6029,-1.9304,66.4921,0.0000,0.0000,0.0000,0.0000,0.0000,0.0000,0.0000,0.0000,0.0000,5.00,3.00,2.00,0.0379,0.0259,0.0010,0,0.000000
6,34.2800,45.3290,104.1842,-72.5290,-0.0815,0.2234,-0.0146,-0.1868,0.5121,-0.0336,36.1672,0.9355,69.3326,-0.8871,-1.9131,1.8829,31.6029,-1.9304,66.4921,0.0000,0.0000,0.0000,0.0000,0.0000,0.0000,0.0000,0.0000,0.0000,5.00,3.00,2.00,0.0166,0.0749,0.0002,0,0.000000
6,34.3000,45.2356,104.4403,-72.5458,-0.0815,0.2234,-0.0146,-0.1868,0.5121,-0.0336,36.1677,0.9215,69.3405,-0.8871,-1.9131,1.8829,31.6029,-1.9304,66.4921,0.0000,0.0000,0.0000,0.0000,0.0000,0.0000,0.0000,0.0000,0.0000,5.00,3.00,2.00,0.0166,0.0749,0.0002,0,0.000000
6,34.3200,45.1422,104.6963,-72.5626,-0.0815,0.2234,-0.0146,-0.1868,0.5121,-0.0336,36.1682,0.9075,69.3484,-0.8871,-1.9131,1.8829,31.6029,-1.9304,66.4921,0.0000,0.0000,0.0000,0.0000,0.0000,0.0000,0.0000,0.0000,0.0000,5.00,3.00,2.00,0.0166,0.0749,0.0002,0,0.000000
6,34.3400,45.0488,104.9524,-72.5794,-0.0815,0.2234,-0.0146,-0.1868,0.5121,-0.0336,36.1686,0.8934,69.3562,-0.8871,-1.9131,1.8829,31.6029,-1.9304,66.4921,0.0000,0.0000,0.0000,0.0000,0.0000,0.0000,0.0000,0.0000,0.0000,5.00,3.00,2.00,0.0166,0.0749,0.0002,0,0.000000
6,34.3600,44.9554,105.2084,-72.5961,-0.0815,0.2234,-0.0146,-0.2953,-0.0950,0.8409,36.1689,0.8794,69.3640,0.1192,-3.5051,1.9669,31.6029,-1.9304,66.4921,0.0000,0.0000,0.0000,0.0000,0.0000,0.0000,0.0000,0.0000,0.0000,5.00,3.00,2.00,0.0166,0.0749,0.0002,0,0.000000
6,34.3800,44.8078,105.1609,-72.1757,-0.1289,-0.0414,0.3669,-0.2953,-0.0950,0.8409,36.1723,0.8728,69.3792,0.1192,-3.5051,1.9669,31.6029,-1.9304,66.4921,0.0000,0.0000,0.0000,0.0000,0.0000,0.0000,0.0000,0.0000,0.0000,5.00,3.00,2.00,0.0415,0.0026,0.1346,0,0.000000
6,34.4000,44.6601,105.1134,-71.7552,-0.1289,-0.0414,0.3669,-0.2953,-0.0950,0.8409,36.1755,0.8662,69.3944,0.1192,-3.5051,1.9669,31.6029,-1.9304,66.4921,0.0000,0.0000,0.0000,0.0000,0.0000,0.0000,0.0000,0.0000,0.0000,5.00,3.00,2.00,0.0415,0.0026,0.1346,0,0.000000
6,34.4200,44.5124,105.0660,-71.3347,-0.1289,-0.0414,0.3669,-0.2953,-0.0950,0.8409,36.1786,0.8596,69.4095,0.1192,-3.5051,1.9669,31.6029,-1.9304,66.4921,0.0000,0.0000,0.0000,0.0000,0.0000,0.0000,0.0000,0.0000,0.0000,5.00,3.00,2.00,0.0415,0.0026,0.1346,0,0.000000
6,34.4400,44.3648,105.0185,-70.9143,-0.1289,-0.0414,0.3669,-0.2953,-0.0950,0.8409,36.1817,0.8528,69.4247,0.1192,-3.5051,1.9669,31.6029,-1.9304,66.4921,0.0000,0.0000,0.0000,0.0000,0.0000,0.0000,0.0000,0.0000,0.0000,5.00,3.00,2.00,0.0415,0.0026,0.1346,0,0.000000
6,34.4600,44.2171,104.9710,-70.4938,-0.1289,-0.0414,0.3669,-0.1776,0.1112,0.3985,36.1846,0.8460,69.4399,0.7833,-1.6696,3.7910,31.6029,-1.9304,66.4921,0.0000,0.0000,0.0000,0.0000,0.0000,0.0000,0.0000,0.0000,0.0000,5.00,3.00,2.00,0.0415,0.0026,0.1346,0,0.000000
6,34.4800,44.1283,105.0266,-70.2945,-0.0775,0.0485,0.1739,-0.1776,0.1112,0.3985,36.1865,0.8382,69.4491,0.7833,-1.6696,3.7910,31.6029,-1.9304,66.4921,0.0000,0.0000,0.0000,0.0000,0.0000,0.0000,0.0000,0.0000,0.0000,5.00,3.00,2.00,0.0150,0.0035,0.0302,0,0.000000
6,34.5000,44.0395,105.0821,-70.0953,-0.0775,0.0485,0.1739,-0.1776,0.1112,0.3985,36.1883,0.8304,69.4584,0.7833,-1.6696,3.7910,31.6029,-1.9304,66.4921,0.0000,0.0000,0.0000,0.0000,0.0000,0.0000,0.0000,0.0000,0.0000,5.00,3.00,2.00,0.0150,0.0035,0.0302,0,0.000000
6,34.5200,43.9507,105.1377,-69.8961,-0.0775,0.0485,0.1739,-0.1776,0.1112,0.3985,36.1901,0.8225,69.4676,0.7833,-1.6696,3.7910,31.6029,-1.9304,66.4921,0.0000,0.0000,0.0000,0.0000,0.0000,0.0000,0.0000,0.0000,0.0000,5.00,3.00,2.00,0.0150,0.0035,0.0302,0,0.000000
6,34.5400,43.8619,105.1933,-69.6968,-0.0775,0.0485,0.1739,-0.1776,0.1112,0.3985,36.1918,0.8146,69.4769,0.7833,-1.6696,3.7910,31.6029,-1.9304,66.4921,0.0000,0.0000,0.0000,0.0000,0.0000,0.0000,0.0000,0.0000,0.0000,5.00,3.00,2.00,0.0150,0.0035,0.0302,0,0.000000
6,34.5600,43.7731,105.2488,-69.4976,-0.0775,0.0485,0.1739,-0.1968,0.7623,-0.0368,36.1935,0.8067,69.4861,0.4471,-1.9617,2.3132,31.6029,-1.9304,66.4921,0.0000,0.0000,0.0000,0.0000,0.0000,0.0000,0.0000,0.0000,0.0000,5.00,3.00,2.00,0.0150,0.0035,0.0302,0,0.000000
6,34.5800,43.6747,105.6300,-69.5160,-0.0859,0.3326,-0.0161,-0.1968,0.7623,-0.0368,36.1951,0.7849,69.4960,0.4471,-1.9617,2.3132,31.6029,-1.9304,66.4921,0.0000,0.0000,0.0000,0.0000,0.0000,0.0000,0.0000,0.0000,0.0000,5.00,3.00,2.00,0.0184,0.1660,0.0003,0,0.000000
6,34.6000,43.5763,106.0111,-69.5344,-0.0859,0.3326,-0.0161,-0.1968,0.7623,-0.0368,36.1965,0.7631,69.5058,0.4471,-1.9617,2.3132,31.6029,-1.9304,66.4921,0.0000,0.0000,0.0000,0.0000,0.0000,0.0000,0.0000,0.0000,0.0000,5.00,3.00,2.00,0.0184,0.1659,0.0003,0,0.000000
6,34.6200,43.4779,106.3923,-69.5528,-0.0859,0.3326,-0.0161,-0.1968,0.7623,-0.0368,36.1978,0.7412,69.5156,0.4471,-1.9617,2.3132,31.6029,-1.9304,66.4921,0.0000,0.0000,0.0000,0.0000,0.0000,0.0000,0.0000,0.0000,0.0000,5.00,3.00,2.00,0.0184,0.1660,0.0003,0,0.000000
6,34.6400,43.3795,106.7734,-69.5713,-0.0859,0.3326,-0.0161,-0.1968,0.7623,-0.0368,36.1989,0.7193,69.5252,0.4471,-1.9617,2.3132,31.6029,-1.9304,66.4921,0.0000,0.0000,0.0000,0.0000,0.0000,0.0000,0.0000,0.0000,0.0000,5.00,3.00,2.00,0.0184,0.1660,0.0003,0,0.000000
6,34.6600,43.2811,107.1546,-69.5897,-0.0859,0.3326,-0.0161,-0.1186,0.1164,-0.4763,36.2000,0.6973,69.5347,0.3210,-5.4718,2.4311,31.6029,-1.9304,66.4921,0.0000,0.0000,0.0000,0.0000,0.0000,0.0000,0.0000,0.0000,0.0000,5.00,3.00,2.00,0.0184,0.1659,0.0003,0,0.000000
6,34.6800,43.2217,107.2128,-69.8279,-0.0518,0.0508,-0.2078,-0.1186,0.1164,-0.4763,36.1930,0.6997,69.5325,0.3210,-5.4718,2.4311,31.6029,-1.9304,66.4921,0.0000,0.0000,0.0000,0.0000,0.0000,0.0000,0.0000,0.0000,0.0000,5.00,3.00,2.00,0.0067,0.0039,0.0432,0,0.000000
6,34.7000,43.1624,107.2710,-70.0661,-0.0518,0.0508,-0.2078,-0.1186,0.1164,-0.4763,36.1861,0.7021,69.5302,0.3210,-5.4718,2.4311,31.6029,-1.9304,66.4921,0.0000,0.0000,0.0000,0.0000,0.0000,0.0000,0.0000,0.0000,0.0000,5.00,3.00,2.00,0.0067,0.0039,0.0432,0,0.000000
6,34.7200,43.1031,107.3291,-70.3042,-0.0518,0.0508,-0.2078,-0.1186,0.1164,-0.4763,36.1792,0.7045,69.5279,0.3210,-5.4718,2.4311,31.6029,-1.9304,66.4921,0.0000,0.0000,0.0000,0.0000,0.0000,0.0000,0.0000,0.0000,0.0000,5.00,3.00,2.00,0.0067,0.0039,0.0432,0,0.000000
6,34.7400,43.0438,107.3873,-70.5424,-0.0518,0.0508,-0.2078,-0.1186,0.1164,-0.4763,36.1723,0.7069,69.5256,0.3210,-5.4718,2.4311,31.6029,-1.9304,66.4921,0.0000,0.0000,0.0000,0.0000,0.0000,0.0000,0.0000,0.0000,0.0000,5.00,3.00,2.00,0.0067,0.0039,0.0432,0,0.000000
6,34.7600,42.9845,107.4455,-70.7806,-0.0518,0.0508,-0.2078,-0.7667,0.1664,-0.0987,36.1653,0.7093,69.5232,-1.7317,0.5981,-0.5768,31.6029,-1.9304,66.4921,0.0000,0.0000,0.0000,0.0000,0.0000,0.0000,0.0000,0.0000,0.0000,5.00,3.00,2.00,0.0067,0.0039,0.0432,0,0.000000
6,34.7800,42.6011,107.5287,-70.8299,-0.3346,0.0726,-0.0431,-0.7667,0.1664,-0.0987,36.1490,0.7056,69.5386,-1.7317,0.5981,-0.5768,31.6029,-1.9304,66.4921,0.0000,0.0000,0.0000,0.0000,0.0000,0.0000,0.0000,0.0000,0.0000,5.00,3.00,2.00,0.2798,0.0079,0.0019,0,0.000000
6,34.8000,42.2177,107.6119,-70.8792,-0.3346,0.0726,-0.0431,-0.7667,0.1664,-0.0987,36.1326,0.7019,69.5538,-1.7317,0.5981,-0.5768,31.6029,-1.9304,66.4921,0.0000,0.0000,0.0000,0.0000,0.0000,0.0000,0.0000,0.0000,0.0000,5.00,3.00,2.00,0.2798,0.0079,0.0019,0,0.000000
6,34.8200,41.8344,107.6951,-70.9286,-0.3346,0.0726,-0.0431,-0.7667,0.1664,-0.0987,36.1162,0.6983,69.5689,-1.7317,0.5981,-0.5768,31.6029,-1.9304,66.4921,0.0000,0.0000,0.0000,0.0000,0.0000,0.0000,0.0000,0.0000,0.0000,5.00,3.00,2.00,0.2798,0.0079,0.0019,0,0.000000
6,34.8400,41.4510,107.7783,-70.9779,-0.3346,0.0726,-0.0431,-0.7667,0.1664,-0.0987,36.0995,0.6946,69.5839,-1.7317,0.5981,-0.5768,31.6029,-1.9304,66.4921,0.0000,0.0000,0.0000,0.0000,0.0000,0.0000,0.0000,0.0000,0.0000,5.00,3.00,2.00,0.2798,0.0079,0.0019,0,0.000000
6,34.8600,41.0676,107.8615,-71.0273,-0.3346,0.0726,-0.0431,0.3818,0.6088,-0.0876,36.0828,0.6909,69.5988,-4.1245,-0.9162,3.7811,31.6029,-1.9304,66.4921,0.0000,0.0000,0.0000,0.0000,0.0000,0.0000,0.0000,0.0000,0.0000,5.00,3.00,2.00,0.2798,0.0079,0.0019,0,0.000000
6,34.8800,41.2585,108.1659,-71.0711,0.1666,0.2656,-0.0382,0.3818,0.6088,-0.0876,36.0946,0.6742,69.5953,-4.1245,-0.9162,3.7811,31.6029,-1.9304,66.4921,0.0000,0.0000,0.0000,0.0000,0.0000,0.0000,0.0000,0.0000,0.0000,5.00,3.00,2.00,0.0694,0.1058,0.0015,0,0.000000
6,34.9000,41.4494,108.4703,-71.1149,0.1666,0.2656,-0.0382,0.3818,0.6088,-0.0876,36.1062,0.6575,69.5916,-4.1245,-0.9162,3.7811,31.6029,-1.9304,66.4921,0.0000,0.0000,0.0000,0.0000,0.0000,0.0000,0.0000,0.0000,0.0000,5.00,3.00,2.00,0.0694,0.1058,0.0015,0,0.000000
6,34.9200,41.6403,108.7747,-71.1587,0.1666,0.2656,-0.0382,0.3818,0.6088,-0.0876,36.1178,0.6407,69.5878,-4.1245,-0.9162,3.7811,31.6029,-1.9304,66.4921,0.0000,0.0000,0.0000,0.0000,0.0000,0.0000,0.0000,0.0000,0.0000,5.00,3.00,2.00,0.0694,0.1058,0.0015,0,0.000000
6,34.9400,41.8312,109.0791,-71.2025,0.1666,0.2656,-0.0382,0.3818,0.6088,-0.0876,36.1293,0.6239,69.5839,-4.1245,-0.9162,3.7811,31.6029,-1.9304,66.4921,0.0000,0.0000,0.0000,0.0000,0.0000,0.0000,0.0000,0.0000,0.0000,5.00,3.00,2.00,0.0694,0.1058,0.0015,0,0.000000
6,34.9600,42.0221,109.3835,-71.2463,0.1666,0.2656,-0.0382,0.1932,0.2560,-0.3811,36.1408,0.6071,69.5799,2.8990,-4.1906,-0.9445,31.6029,-1.9304,66.4921,0.0000,0.0000,0.0000,0.0000,0.0000,0.0000,0.0000,0.0000,0.0000,5.00,3.00,2.00,0.0694,0.1058,0.0015,0,0.000000
6,34.9800,42.1187,109.5115,-71.4368,0.0843,0.1117,-0.1663,0.1932,0.2560,-0.3811,36.1427,0.6043,69.5735,2.8990,-4.1906,-0.9445,31.6029,-1.9304,66.4921,0.0000,0.0000,0.0000,0.0000,0.0000,0.0000,0.0000,0.0000,0.0000,5.00,3.00,2.00,0.0178,0.0187,0.0276,0,0.000000
6,35.0000,42.2153,109.6395,-71.6274,0.0843,0.1117,-0.1663,0.1932,0.2560,-0.3811,36.1445,0.6016,69.5671,2.8990,-4.1906,-0.9445,31.6029,-1.9304,66.4921,0.0000,0.0000,0.0000,0.0000,0.0000,0.0000,0.0000,0.0000,0.0000,5.00,3.00,2.00,0.0178,0.0187,0.0276,0,0.000000
6,35.0200,42.3119,109.7675,-71.8179,0.0843,0.1117,-0.1663,0.1932,0.2560,-0.3811,36.1463,0.5988,69.5607,2.8990,-4.1906,-0.9445,31.6029,-1.9304,66.4921,0.0000,0.0000,0.0000,0.0000,0.0000,0.0000,0.0000,0.0000,0.0000,5.00,3.00,2.00,0.0178,0.0187,0.0276,0,0.000000
6,35.0400,42.4086,109.8955,-72.0085,0.0843,0.1117,-0.1663,0.1932,0.2560,-0.3811,36.1481,0.5960,69.5542,2.8990,-4.1906,-0.9445,31.6029,-1.9304,66.4921,0.0000,0.0000,0.0000,0.0000,0.0000,0.0000,0.0000,0.0000,0.0000,5.00,3.00,2.00,0.0178,0.0187,0.0276,0,0.000000
6,35.0600,42.5052,110.0235,-72.1990,0.0843,0.1117,-0.1663,-0.0297,0.1088,0.1988,36.1499,0.5933,69.5478,0.4534,-0.6930,-1.6079,31.6029,-1.9304,66.4921,0.0000,0.0000,0.0000,0.0000,0.0000,0.0000,0.0000,0.0000,0.0000,5.00,3.00,2.00,0.0178,0.0187,0.0276,0,0.000000
6,35.0800,42.4903,110.0779,-72.0996,-0.0129,0.0475,0.0867,-0.0297,0.1088,0.1988,36.1521,0.5876,69.5515,0.4534,-0.6930,-1.6079,31.6029,-1.9304,66.4921,0.0000,0.0000,0.0000,0.0000,0.0000,0.0000,0.0000,0.0000,0.0000,5.00,3.00,2.00,0.0004,0.0034,0.0075,0,0.000000
6,35.1000,42.4755,110.1323,-72.0002,-0.0129,0.0475,0.0867,-0.0297,0.1088,0.1988,36.1543,0.5819,69.5552,0.4534,-0.6930,-1.6079,31.6029,-1.9304,66.4921,0.0000,0.0000,0.0000,0.0000,0.0000,0.0000,0.0000,0.0000,0.0000,5.00,3.00,2.00,0.0004,0.0034,0.0075,0,0.000000
6,35.1200,42.4607,110.1867,-71.9008,-0.0129,0.0475,0.0867,-0.0297,0.1088,0.1988,36.1565,0.5763,69.5589,0.4534,-0.6930,-1.6079,31.6029,-1.9304,66.4921,0.0000,0.0000,0.0000,0.0000,0.0000,0.0000,0.0000,0.0000,0.0000,5.00,3.00,2.00,0.0004,0.0034,0.0075,0,0.000000
6,35.1400,42.4459,110.2411,-71.8014,-0.0129,0.0475,0.0867,-0.0297,0.1088,0.1988,36.1587,0.5706,69.5626,0.4534,-0.6930,-1.6079,31.6029,-1.9304,66.4921,0.0000,0.0000,0.0000,0.0000,0.0000,0.0000,0.0000,0.0000,0.0000,5.00,3.00,2.00,0.0004,0.0034,0.0075,0,0.000000
6,35.1600,42.4310,110.2955,-71.7020,-0.0129,0.0475,0.0867,0.3661,-0.3975,-0.3545,36.1609,0.5649,69.5662,0.5497,-1.4189,0.9228,31.6029,-1.9304,66.4921,0.0000,0.0000,0.0000,0.0000,0.0000,0.0000,0.0000,0.0000,0.0000,5.00,3.00,2.00,0.0004,0.0034,0.0075,0,0.000000
6,35.1800,42.6141,110.0967,-71.8793,0.1597,-0.1734,-0.1547,0.3661,-0.3975,-0.3545,36.1624,0.5810,69.5520,0.5497,-1.4189,0.9228,31.6029,-1.9304,66.4921,0.0000,0.0000,0.0000,0.0000,0.0000,0.0000,0.0000,0.0000,0.0000,5.00,3.00,2.00,0.0638,0.0451,0.0239,0,0.000000
6,35.2000,42.7971,109.8980,-72.0565,0.1597,-0.1735,-0.1547,0.3661,-0.3975,-0.3545,36.1639,0.5971,69.5377,0.5497,-1.4189,0.9228,31.6029,-1.9304,66.4921,0.0000,0.0000,0.0000,0.0000,0.0000,0.0000,0.0000,0.0000,0.0000,5.00,3.00,2.00,0.0638,0.0451,0.0239,0,0.000000
6,35.2200,42.9802,109.6992,-72.2338,0.1597,-0.1734,-0.1547,0.3661,-0.3975,-0.3545,36.1652,0.6131,69.5234,0.5497,-1.4189,0.9228,31.6029,-1.9304,66.4921,0.0000,0.0000,0.0000,0.0000,0.0000,0.0000,0.0000,0.0000,0.0000,5.00,3.00,2.00,0.0638,0.0451,0.0239,0,0.000000
6,35.2400,43.1632,109.5005,-72.4110,0.1597,-0.1734,-0.1547,0.3661,-0.3975,-0.3545,36.1663,0.6290,69.5090,0.5497,-1.4189,0.9228,31.6029,-1.9304,66.4921,0.0000,0.0000,0.0000,0.0000,0.0000,0.0000,0.0000,0.0000,0.0000,5.00,3.00,2.00,0.0638,0.0451,0.0239,0,0.000000
6,35.2600,43.3462,109.3017,-72.5883,0.1597,-0.1735,-0.1547,0.2291,0.2103,-0.7034,36.1674,0.6448,69.4946,0.3254,3.9981,-3.5801,31.6029,-1.9304,66.4921,0.0000,0.0000,0.0000,0.0000,0.0000,0.0000,0.0000,0.0000,0.0000,5.00,3.00,2.00,0.0638,0.0451,0.0239,0,0.000000
6,35.2800,43.4608,109.4068,-72.9400,0.1000,0.0917,-0.3069,0.2291,0.2103,-0.7034,36.1659,0.6472,69.4834,0.3254,3.9981,-3.5801,31.6029,-1.9304,66.4921,0.0000,0.0000,0.0000,0.0000,0.0000,0.0000,0.0000,0.0000,0.0000,5.00,3.00,2.00,0.0250,0.0126,0.0942,0,0.000000
6,35.3000,43.5753,109.5120,-73.2917,0.1000,0.0917,-0.3069,0.2291,0.2103,-0.7034,36.1643,0.6496,69.4721,0.3254,3.9981,-3.5801,31.6029,-1.9304,66.4921,0.0000,0.0000,0.0000,0.0000,0.0000,0.0000,0.0000,0.0000,0.0000,5.00,3.00,2.00,0.0250,0.0126,0.0942,0,0.000000
6,35.3200,43.6899,109.6171,-73.6434,0.1000,0.0917,-0.3069,0.2291,0.2103,-0.7034,36.1626,0.6519,69.4608,0.3254,3.9981,-3.5801,31.6029,-1.9304,66.4921,0.0000,0.0000,0.0000,0.0000,0.0000,0.0000,0.0000,0.0000,0.0000,5.00,3.00,2.00,0.0250,0.0126,0.0942,0,0.000000
6,35.3400,43.8044,109.7222,-73.9951,0.1000,0.0917,-0.3069,0.2291,0.2103,-0.7034,36.1609,0.6541,69.4495,0.3254,3.9981,-3.5801,31.6029,-1.9304,66.4921,0.0000,0.0000,0.0000,0.0000,0.0000,0.0000,0.0000,0.0000,0.0000,5.00,3.00,2.00,0.0250,0.0126,0.0942,0,0.000000
6,35.3600,43.9189,109.8274,-74.3468,0.1000,0.0917,-0.3069,0.0840,0.1913,0.4163,36.1592,0.6564,69.4382,-0.4120,0.5777,-2.8233,31.6029,-1.9304,66.4921,0.0000,0.0000,0.0000,0.0000,0.0000,0.0000,0.0000,0.0000,0.0000,5.00,3.00,2.00,0.0250,0.0126,0.0942,0,0.000000
6,35.3800,43.9609,109.9230,-74.1387,0.0366,0.0835,0.1816,0.0840,0.1913,0.4163,36.1670,0.6460,69.4428,-0.4120,0.5777,-2.8233,31.6029,-1.9304,66.4921,0.0000,0.0000,0.0000,0.0000,0.0000,0.0000,0.0000,0.0000,0.0000,5.00,3.00,2.00,0.0034,0.0105,0.0330,0,0.000000
6,35.4000,44.0029,110.0187,-73.9306,0.0366,0.0835,0.1816,0.0840,0.1913,0.4163,36.1748,0.6356,69.4475,-0.4120,0.5777,-2.8233,31.6029,-1.9304,66.4921,0.0000,0.0000,0.0000,0.0000,0.0000,0.0000,0.0000,0.0000,0.0000,5.00,3.00,2.00,0.0034,0.0105,0.0330,0,0.000000
6,35.4200,44.0449,110.1144,-73.7225,0.0366,0.0835,0.1816,0.0840,0.1913,0.4163,36.1826,0.6251,69.4521,-0.4120,0.5777,-2.8233,31.6029,-1.9304,66.4921,0.0000,0.0000,0.0000,0.0000,0.0000,0.0000,0.0000,0.0000,0.0000,5.00,3.00,2.00,0.0034,0.0105,0.0330,0,0.000000
6,35.4400,44.0869,110.2101,-73.5143,0.0366,0.0835,0.1816,0.0840,0.1913,0.4163,36.1904,0.6146,69.4566,-0.4120,0.5777,-2.8233,31.6029,-1.9304,66.4921,0.0000,0.0000,0.0000,0.0000,0.0000,0.0000,0.0000,0.0000,0.0000,5.00,3.00,2.00,0.0034,0.0105,0.0330,0,0.000000
6,35.4600,44.1289,110.3057,-73.3062,0.0366,0.0835,0.1816,-0.5828,0.0160,-0.4374,36.1981,0.6040,69.4611,1.9493,-2.6202,1.1467,31.6029,-1.9304,66.4921,0.0000,0.0000,0.0000,0.0000,0.0000,0.0000,0.0000,0.0000,0.0000,5.00,3.00,2.00,0.0034,0.0105,0.0330,0,0.000000
6,35.4800,43.8375,110.3137,-73.5249,-0.2543,0.0070,-0.1908,-0.5828,0.0160,-0.4374,36.1812,0.6088,69.4679,1.9493,-2.6202,1.1467,31.6029,-1.9304,66.4921,0.0000,0.0000,0.0000,0.0000,0.0000,0.0000,0.0000,0.0000,0.0000,5.00,3.00,2.00,0.1617,0.0001,0.0364,0,0.000000
6,35.5000,43.5461,110.3217,-73.7435,-0.2543,0.0070,-0.1908,-0.5828,0.0160,-0.4374,36.1642,0.6136,69.4745,1.9493,-2.6202,1.1467,31.6029,-1.9304,66.4921,0.0000,0.0000,0.0000,0.0000,0.0000,0.0000,0.0000,0.0000,0.0000,5.00,3.00,2.00,0.1617,0.0001,0.0364,0,0.000000
6,35.5200,43.2547,110.3297,-73.9622,-0.2543,0.0070,-0.1908,-0.5828,0.0160,-0.4374,36.1473,0.6184,69.4810,1.9493,-2.6202,1.1467,31.6029,-1.9304,66.4921,0.0000,0.0000,0.0000,0.0000,0.0000,0.0000,0.0000,0.0000,0.0000,5.00,3.00,2.00,0.1617,0.0001,0.0364,0,0.000000
6,35.5400,42.9633,110.3376,-74.1809,-0.2543,0.0070,-0.1908,-0.5828,0.0160,-0.4374,36.1303,0.6232,69.4874,1.9493,-2.6202,1.1467,31.6029,-1.9304,66.4921,0.0000,0.0000,0.0000,0.0000,0.0000,0.0000,0.0000,0.0000,0.0000,5.00,3.00,2.00,0.1617,0.0001,0.0364,0,0.000000
6,35.5600,42.6719,110.3456,-74.3996,-0.2543,0.0070,-0.1908,0.1111,0.3148,-0.0962,36.1132,0.6279,69.4936,-4.2454,1.1975,1.6262,31.6029,-1.9304,66.4921,0.0000,0.0000,0.0000,0.0000,0.0000,0.0000,0.0000,0.0000,0.0000,5.00,3.00,2.00,0.1617,0.0001,0.0364,0,0.000000
6,35.5800,42.7274,110.5031,-74.4477,0.0485,0.1374,-0.0420,0.1111,0.3148,-0.0962,36.1167,0.6200,69.4926,-4.2454,1.1975,1.6262,31.6029,-1.9304,66.4921,0.0000,0.0000,0.0000,0.0000,0.0000,0.0000,0.0000,0.0000,0.0000,5.00,3.00,2.00,0.0059,0.0283,0.0018,0,0.000000
6,35.6000,42.7830,110.6605,-74.4958,0.0485,0.1374,-0.0420,0.1111,0.3148,-0.0962,36.1201,0.6122,69.4916,-4.2454,1.1975,1.6262,31.6029,-1.9304,66.4921,0.0000,0.0000,0.0000,0.0000,0.0000,0.0000,0.0000,0.0000,0.0000,5.00,3.00,2.00,0.0059,0.0283,0.0018,0,0.000000
6,35.6200,42.8386,110.8179,-74.5439,0.0485,0.1374,-0.0420,0.1111,0.3148,-0.0962,36.1235,0.6043,69.4906,-4.2454,1.1975,1.6262,31.6029,-1.9304,66.4921,0.0000,0.0000,0.0000,0.0000,0.0000,0.0000,0.0000,0.0000,0.0000,5.00,3.00,2.00,0.0059,0.0283,0.0018,0,0.000000
6,35.6400,42.8941,110.9753,-74.5921,0.0485,0.1374,-0.0420,0.1111,0.3148,-0.0962,36.1269,0.5964,69.4896,-4.2454,1.1975,1.6262,31.6029,-1.9304,66.4921,0.0000,0.0000,0.0000,0.0000,0.0000,0.0000,0.0000,0.0000,0.0000,5.00,3.00,2.00,0.0059,0.0283,0.0018,0,0.000000
6,35.6600,42.9497,111.1328,-74.6402,0.0485,0.1374,-0.0420,-0.2837,-0.6132,0.2465,36.1302,0.5885,69.4885,0.8507,-1.9736,-0.2563,31.6029,-1.9304,66.4921,0.0000,0.0000,0.0000,0.0000,0.0000,0.0000,0.0000,0.0000,0.0000,5.00,3.00,2.00,0.0059,0.0283,0.0018,0,0.000000
6,35.6800,42.8078,110.8261,-74.5169,-0.1238,-0.2676,0.1076,-0.2837,-0.6132,0.2465,36.1229,0.6031,69.4926,0.8507,-1.9736,-0.2563,31.6029,-1.9304,66.4921,0.0000,0.0000,0.0000,0.0000,0.0000,0.0000,0.0000,0.0000,0.0000,5.00,3.00,2.00,0.0383,0.1074,0.0116,0,0.000000
6,35.7000,42.6660,110.5195,-74.3936,-0.1238,-0.2676,0.1076,-0.2837,-0.6132,0.2465,36.1155,0.6178,69.4966,0.8507,-1.9736,-0.2563,31.6029,-1.9304,66.4921,0.0000,0.0000,0.0000,0.0000,0.0000,0.0000,0.0000,0.0000,0.0000,5.00,3.00,2.00,0.0383,0.1074,0.0116,0,0.000000
6,35.7200,42.5241,110.2129,-74.2704,-0.1238,-0.2676,0.1076,-0.2837,-0.6132,0.2465,36.1080,0.6325,69.5005,0.8507,-1.9736,-0.2563,31.6029,-1.9304,66.4921,0.0000,0.0000,0.0000,0.0000,0.0000,0.0000,0.0000,0.0000,0.0000,5.00,3.00,2.00,0.0383,0.1074,0.0116,0,0.000000
6,35.7400,42.3822,109.9063,-74.1471,-0.1238,-0.2676,0.1076,-0.2837,-0.6132,0.2465,36.1005,0.6472,69.5043,0.8507,-1.9736,-0.2563,31.6029,-1.9304,66.4921,0.0000,0.0000,0.0000,0.0000,0.0000,0.0000,0.0000,0.0000,0.0000,5.00,3.00,2.00,0.0383,0.1074,0.0116,0,0.000000
6,35.7600,42.2403,109.5997,-74.0238,-0.1238,-0.2676,0.1076,0.8615,-0.2620,0.1840,36.0930,0.6618,69.5081,-1.8642,3.6690,0.9811,31.6029,-1.9304,66.4921,0.0000,0.0000,0.0000,0.0000,0.0000,0.0000,0.0000,0.0000,0.0000,5.00,3.00,2.00,0.0383,0.1074,0.0116,0,0.000000
6,35.7800,42.6711,109.4687,-73.9318,0.3759,-0.1143,0.0803,0.8615,-0.2620,0.1840,36.1114,0.6672,69.4917,-1.8642,3.6690,0.9811,31.6029,-1.9304,66.4921,0.0000,0.0000,0.0000,0.0000,0.0000,0.0000,0.0000,0.0000,0.0000,5.00,3.00,2.00,0.3533,0.0196,0.0064,0,0.000000
6,35.8000,43.1019,109.3377,-73.8398,0.3759,-0.1143,0.0803,0.8615,-0.2620,0.1840,36.1297,0.6725,69.4751,-1.8642,3.6690,0.9811,31.6029,-1.9304,66.4921,0.0000,0.0000,0.0000,0.0000,0.0000,0.0000,0.0000,0.0000,0.0000,5.00,3.00,2.00,0.3533,0.0196,0.0064,0,0.000000
6,35.8200,43.5326,109.2067,-73.7478,0.3759,-0.1143,0.0803,0.8615,-0.2620,0.1840,36.1478,0.6779,69.4583,-1.8642,3.6690,0.9811,31.6029,-1.9304,66.4921,0.0000,0.0000,0.0000,0.0000,0.0000,0.0000,0.0000,0.0000,0.0000,5.00,3.00,2.00,0.3533,0.0196,0.0064,0,0.000000
6,35.8400,43.9634,109.0757,-73.6557,0.3759,-0.1143,0.0803,0.8615,-0.2620,0.1840,36.1658,0.6833,69.4414,-1.8642,3.6690,0.9811,31.6029,-1.9304,66.4921,0.0000,0.0000,0.0000,0.0000,0.0000,0.0000,0.0000,0.0000,0.0000,5.00,3.00,2.00,0.3533,0.0196,0.0064,0,0.000000
6,35.8600,44.3941,108.9447,-73.5637,0.3759,-0.1143,0.0803,0.6807,-0.5955,-0.1152,36.1837,0.6886,69.4244,4.5383,1.3384,-4.1866,31.6029,-1.9304,66.4921,0.0000,0.0000,0.0000,0.0000,0.0000,0.0000,0.0000,0.0000,0.0000,5.00,3.00,2.00,0.3533,0.0196,0.0064,0,0.000000
6,35.8800,44.7345,108.6470,-73.6213,0.2970,-0.2598,-0.0503,0.6807,-0.5955,-0.1152,36.1918,0.7070,69.4048,4.5383,1.3384,-4.1866,31.6029,-1.9304,66.4921,0.0000,0.0000,0.0000,0.0000,0.0000,0.0000,0.0000,0.0000,0.0000,5.00,3.00,2.00,0.2205,0.1013,0.0025,0,0.000000
6,35.9000,45.0748,108.3492,-73.6789,0.2970,-0.2598,-0.0503,0.6807,-0.5955,-0.1152,36.1997,0.7253,69.3852,4.5383,1.3384,-4.1866,31.6029,-1.9304,66.4921,0.0000,0.0000,0.0000,0.0000,0.0000,0.0000,0.0000,0.0000,0.0000,5.00,3.00,2.00,0.2205,0.1013,0.0025,0,0.000000
6,35.9200,45.4152,108.0515,-73.7365,0.2970,-0.2598,-0.0503,0.6807,-0.5955,-0.1152,36.2073,0.7436,69.3654,4.5383,1.3384,-4.1866,31.6029,-1.9304,66.4921,0.0000,0.0000,0.0000,0.0000,0.0000,0.0000,0.0000,0.0000,0.0000,5.00,3.00,2.00,0.2205,0.1013,0.0025,0,0.000000
6,35.9400,45.7555,107.7537,-73.7942,0.2970,-0.2598,-0.0503,0.6807,-0.5955,-0.1152,36.2147,0.7619,69.3456,4.5383,1.3384,-4.1866,31.6029,-1.9304,66.4921,0.0000,0.0000,0.0000,0.0000,0.0000,0.0000,0.0000,0.0000,0.0000,5.00,3.00,2.00,0.2205,0.1013,0.0025,0,0.000000
6,35.9600,46.0958,107.4560,-73.8518,0.2970,-0.2598,-0.0503,0.1763,-0.5454,0.0862,36.2218,0.7800,69.3257,1.9060,4.5708,-4.9362,31.6029,-1.9304,66.4921,0.0000,0.0000,0.0000,0.0000,0.0000,0.0000,0.0000,0.0000,0.0000,5.00,3.00,2.00,0.2205,0.1013,0.0025,0,0.000000
6,35.9800,46.1840,107.1833,-73.8087,0.0769,-0.2380,0.0376,0.1763,-0.5454,0.0862,36.2218,0.7945,69.3187,1.9060,4.5708,-4.9362,31.6029,-1.9304,66.4921,0.0000,0.0000,0.0000,0.0000,0.0000,0.0000,0.0000,0.0000,0.0000,5.00,3.00,2.00,0.0148,0.0850,0.0014,0,0.000000
6,36.0000,46.2722,106.9106,-73.7656,0.0769,-0.2380,0.0376,0.1763,-0.5454,0.0862,36.2217,0.8089,69.3117,1.9060,4.5708,-4.9362,31.6029,-1.9304,66.4921,0.0000,0.0000,0.0000,0.0000,0.0000,0.0000,0.0000,0.0000,0.0000,5.00,3.00,2.00,0.0148,0.0850,0.0014,0,0.000000
6,36.0200,46.3603,106.6378,-73.7225,0.0769,-0.2380,0.0376,0.1763,-0.5454,0.0862,36.2216,0.8234,69.3047,1.9060,4.5708,-4.9362,31.6029,-1.9304,66.4921,0.0000,0.0000,0.0000,0.0000,0.0000,0.0000,0.0000,0.0000,0.0000,5.00,3.00,2.00,0.0148,0.0850,0.0014,0,0.000000
6,36.0400,46.4485,106.3651,-73.6794,0.0769,-0.2380,0.0376,0.1763,-0.5454,0.0862,36.2214,0.8378,69.2977,1.9060,4.5708,-4.9362,31.6029,-1.9304,66.4921,0.0000,0.0000,0.0000,0.0000,0.0000,0.0000,0.0000,0.0000,0.0000,5.00,3.00,2.00,0.0148,0.0850,0.0014,0,0.000000
6,36.0600,46.5366,106.0924,-73.6363,0.0769,-0.2380,0.0376,-0.0864,0.8893,0.0082,36.2211,0.8522,69.2906,-0.0366,3.6076,-1.7536,31.6029,-1.9304,66.4921,0.0000,0.0000,0.0000,0.0000,0.0000,0.0000,0.0000,0.0000,0.0000,5.00,3.00,2.00,0.0148,0.0850,0.0014,0,0.000000
6,36.0800,46.4934,106.5370,-73.6322,-0.0377,0.3880,0.0036,-0.0864,0.8893,0.0082,36.2273,0.8271,69.2998,-0.0366,3.6076,-1.7536,31.6029,-1.9304,66.4921,0.0000,0.0000,0.0000,0.0000,0.0000,0.0000,0.0000,0.0000,0.0000,5.00,3.00,2.00,0.0036,0.2258,0.0000,0,0.000000
6,36.1000,46.4502,106.9817,-73.6281,-0.0377,0.3880,0.0036,-0.0864,0.8893,0.0082,36.2332,0.8019,69.3088,-0.0366,3.6076,-1.7536,31.6029,-1.9304,66.4921,0.0000,0.0000,0.0000,0.0000,0.0000,0.0000,0.0000,0.0000,0.0000,5.00,3.00,2.00,0.0036,0.2258,0.0000,0,0.000000
6,36.1200,46.4070,107.4263,-73.6240,-0.0377,0.3880,0.0036,-0.0864,0.8893,0.0082,36.2391,0.7766,69.3177,-0.0366,3.6076,-1.7536,31.6029,-1.9304,66.4921,0.0000,0.0000,0.0000,0.0000,0.0000,0.0000,0.0000,0.0000,0.0000,5.00,3.00,2.00,0.0036,0.2258,0.0000,0,0.000000
6,36.1400,46.3638,107.8710,-73.6199,-0.0377,0.3880,0.0036,-0.0864,0.8893,0.0082,36.2448,0.7513,69.3266,-0.0366,3.6076,-1.7536,31.6029,-1.9304,66.4921,0.0000,0.0000,0.0000,0.0000,0.0000,0.0000,0.0000,0.0000,0.0000,5.00,3.00,2.00,0.0036,0.2259,0.0000,0,0.000000
6,36.1600,46.3205,108.3156,-73.6158,-0.0377,0.3880,0.0036,0.2848,-0.1327,0.0281,36.2503,0.7258,69.3352,1.4580,-6.3184,2.2316,31.6029,-1.9304,66.4921,0.0000,0.0000,0.0000,0.0000,0.0000,0.0000,0.0000,0.0000,0.0000,5.00,3.00,2.00,0.0036,0.2258,0.0000,0,0.000000
6,36.1800,46.4629,108.2493,-73.6018,0.1243,-0.0579,0.0123,0.2848,-0.1327,0.0281,36.2552,0.7293,69.3287,1.4580,-6.3184,2.2316,31.6029,-1.9304,66.4921,0.0000,0.0000,0.0000,0.0000,0.0000,0.0000,0.0000,0.0000,0.0000,5.00,3.00,2.00,0.0386,0.0050,0.0002,0,0.000000
6,36.2000,46.6053,108.1829,-73.5877,0.1243,-0.0579,0.0123,0.2848,-0.1327,0.0281,36.2600,0.7327,69.3221,1.4580,-6.3184,2.2316,31.6029,-1.9304,66.4921,0.0000,0.0000,0.0000,0.0000,0.0000,0.0000,0.0000,0.0000,0.0000,5.00,3.00,2.00,0.0386,0.0050,0.0002,0,0.000000
6,36.2200,46.7477,108.1166,-73.5737,0.1243,-0.0579,0.0123,0.2848,-0.1327,0.0281,36.2649,0.7362,69.3155,1.4580,-6.3184,2.2316,31.6029,-1.9304,66.4921,0.0000,0.0000,0.0000,0.0000,0.0000,0.0000,0.0000,0.0000,0.0000,5.00,3.00,2.00,0.0386,0.0050,0.0002,0,0.000000
6,36.2400,46.8901,108.0502,-73.5596,0.1243,-0.0579,0.0123,0.2848,-0.1327,0.0281,36.2697,0.7397,69.3089,1.4580,-6.3184,2.2316,31.6029,-1.9304,66.4921,0.0000,0.0000,0.0000,0.0000,0.0000,0.0000,0.0000,0.0000,0.0000,5.00,3.00,2.00,0.0386,0.0050,0.0002,0,0.000000
6,36.2600,47.0325,107.9839,-73.5456,0.1243,-0.0579,0.0123,-0.3303,0.0914,0.1220,36.2745,0.7431,69.3023,1.2115,0.8656,-1.6479,31.6029,-1.9304,66.4921,0.0000,0.0000,0.0000,0.0000,0.0000,0.0000,0.0000,0.0000,0.0000,5.00,3.00,2.00,0.0386,0.0050,0.0002,0,0.000000
6,36.2800,46.8673,108.0296,-73.4846,-0.1441,0.0399,0.0532,-0.3303,0.0914,0.1220,36.2703,0.7391,69.3112,1.2115,0.8656,-1.6479,31.6029,-1.9304,66.4921,0.0000,0.0000,0.0000,0.0000,0.0000,0.0000,0.0000,0.0000,0.0000,5.00,3.00,2.00,0.0519,0.0024,0.0028,0,0.000000
6,36.3000,46.7021,108.0753,-73.4236,-0.1441,0.0399,0.0532,-0.3303,0.0914,0.1220,36.2661,0.7351,69.3202,1.2115,0.8656,-1.6479,31.6029,-1.9304,66.4921,0.0000,0.0000,0.0000,0.0000,0.0000,0.0000,0.0000,0.0000,0.0000,5.00,3.00,2.00,0.0519,0.0024,0.0028,0,0.000000
6,36.3200,46.5370,108.1210,-73.3626,-0.1441,0.0399,0.0532,-0.3303,0.0914,0.1220,36.2618,0.7311,69.3291,1.2115,0.8656,-1.6479,31.6029,-1.9304,66.4921,0.0000,0.0000,0.0000,0.0000,0.0000,0.0000,0.0000,0.0000,0.0000,5.00,3.00,2.00,0.0519,0.0024,0.0028,0,0.000000
6,36.3400,46.3718,108.1667,-73.3017,-0.1441,0.0399,0.0532,-0.3303,0.0914,0.1220,36.2575,0.7271,69.3380,1.2115,0.8656,-1.6479,31.6029,-1.9304,66.4921,0.0000,0.0000,0.0000,0.0000,0.0000,0.0000,0.0000,0.0000,0.0000,5.00,3.00,2.00,0.0519,0.0024,0.0028,0,0.000000
6,36.3600,46.2067,108.2124,-73.2407,-0.1441,0.0399,0.0532,0.1611,-0.0312,-0.4557,36.2531,0.7231,69.3470,-1.0687,-1.0033,2.2347,31.6029,-1.9304,66.4921,0.0000,0.0000,0.0000,0.0000,0.0000,0.0000,0.0000,0.0000,0.0000,5.00,3.00,2.00,0.0519,0.0024,0.0028,0,0.000000
6,36.3800,46.2872,108.1968,-73.4686,0.0703,-0.0136,-0.1989,0.1611,-0.0312,-0.4557,36.2506,0.7292,69.3382,-1.0687,-1.0033,2.2347,31.6029,-1.9304,66.4921,0.0000,0.0000,0.0000,0.0000,0.0000,0.0000,0.0000,0.0000,0.0000,5.00,3.00,2.00,0.0124,0.0003,0.0395,0,0.000000
6,36.4000,46.3678,108.1812,-73.6964,0.0703,-0.0136,-0.1989,0.1611,-0.0312,-0.4557,36.2481,0.7353,69.3294,-1.0687,-1.0033,2.2347,31.6029,-1.9304,66.4921,0.0000,0.0000,0.0000,0.0000,0.0000,0.0000,0.0000,0.0000,0.0000,5.00,3.00,2.00,0.0124,0.0003,0.0395,0,0.000000
6,36.4200,46.4484,108.1656,-73.9243,0.0703,-0.0136,-0.1989,0.1611,-0.0312,-0.4557,36.2455,0.7414,69.3206,-1.0687,-1.0033,2.2347,31.6029,-1.9304,66.4921,0.0000,0.0000,0.0000,0.0000,0.0000,0.0000,0.0000,0.0000,0.0000,5.00,3.00,2.00,0.0124,0.0003,0.0395,0,0.000000
6,36.4400,46.5289,108.1499,-74.1522,0.0703,-0.0136,-0.1989,0.1611,-0.0312,-0.4557,36.2428,0.7475,69.3118,-1.0687,-1.0033,2.2347,31.6029,-1.9304,66.4921,0.0000,0.0000,0.0000,0.0000,0.0000,0.0000,0.0000,0.0000,0.0000,5.00,3.00,2.00,0.0124,0.0003,0.0395,0,0.000000
6,36.4600,46.6095,108.1343,-74.3801,0.0703,-0.0136,-0.1989,-0.5788,0.3675,-0.1003,36.2402,0.7535,69.3030,-0.6481,1.5210,-2.1996,31.6029,-1.9304,66.4921,0.0000,0.0000,0.0000,0.0000,0.0000,0.0000,0.0000,0.0000,0.0000,5.00,3.00,2.00,0.0124,0.0003,0.0395,0,0.000000
6,36.4800,46.3201,108.3181,-74.4302,-0.2526,0.1603,-0.0438,-0.5788,0.3675,-0.1003,36.2306,0.7442,69.3165,-0.6481,1.5210,-2.1996,31.6029,-1.9304,66.4921,0.0000,0.0000,0.0000,0.0000,0.0000,0.0000,0.0000,0.0000,0.0000,5.00,3.00,2.00,0.1595,0.0386,0.0019,0,0.000000
6,36.5000,46.0307,108.5018,-74.4804,-0.2526,0.1603,-0.0438,-0.5788,0.3675,-0.1003,36.2210,0.7349,69.3300,-0.6481,1.5210,-2.1996,31.6029,-1.9304,66.4921,0.0000,0.0000,0.0000,0.0000,0.0000,0.0000,0.0000,0.0000,0.0000,5.00,3.00,2.00,0.1595,0.0386,0.0019,0,0.000000
6,36.5200,45.7413,108.6855,-74.5306,-0.2526,0.1603,-0.0438,-0.5788,0.3675,-0.1003,36.2113,0.7257,69.3434,-0.6481,1.5210,-2.1996,31.6029,-1.9304,66.4921,0.0000,0.0000,0.0000,0.0000,0.0000,0.0000,0.0000,0.0000,0.0000,5.00,3.00,2.00,0.1595,0.0386,0.0019,0,0.000000
6,36.5400,45.4518,108.8692,-74.5807,-0.2526,0.1603,-0.0438,-0.5788,0.3675,-0.1003,36.2015,0.7164,69.3568,-0.6481,1.5210,-2.1996,31.6029,-1.9304,66.4921,0.0000,0.0000,0.0000,0.0000,0.0000,0.0000,0.0000,0.0000,0.0000,5.00,3.00,2.00,0.1595,0.0386,0.0019,0,0.000000
6,36.5600,45.1624,109.0530,-74.6309,-0.2526,0.1603,-0.0438,0.2786,0.2430,-0.2560,36.1916,0.7071,69.3701,-2.4296,-2.3190,3.3554,31.6029,-1.9304,66.4921,0.0000,0.0000,0.0000,0.0000,0.0000,0.0000,0.0000,0.0000,0.0000,5.00,3.00,2.00,0.1595,0.0386,0.0019,0,0.000000
6,36.5800,45.3017,109.1745,-74.7589,0.1216,0.1060,-0.1117,0.2786,0.2430,-0.2560,36.1960,0.7031,69.3633,-2.4296,-2.3190,3.3554,31.6029,-1.9304,66.4921,0.0000,0.0000,0.0000,0.0000,0.0000,0.0000,0.0000,0.0000,0.0000,5.00,3.00,2.00,0.0369,0.0169,0.0125,0,0.000000
6,36.6000,45.4410,109.2960,-74.8869,0.1216,0.1060,-0.1117,0.2786,0.2430,-0.2560,36.2004,0.6992,69.3565,-2.4296,-2.3190,3.3554,31.6029,-1.9304,66.4921,0.0000,0.0000,0.0000,0.0000,0.0000,0.0000,0.0000,0.0000,0.0000,5.00,3.00,2.00,0.0369,0.0169,0.0125,0,0.000000
6,36.6200,45.5804,109.4175,-75.0149,0.1216,0.1060,-0.1117,0.2786,0.2430,-0.2560,36.2047,0.6952,69.3497,-2.4296,-2.3190,3.3554,31.6029,-1.9304,66.4921,0.0000,0.0000,0.0000,0.0000,0.0000,0.0000,0.0000,0.0000,0.0000,5.00,3.00,2.00,0.0369,0.0169,0.0125,0,0.000000
6,36.6400,45.7197,109.5390,-75.1429,0.1216,0.1060,-0.1117,0.2786,0.2430,-0.2560,36.2090,0.6912,69.3429,-2.4296,-2.3190,3.3554,31.6029,-1.9304,66.4921,0.0000,0.0000,0.0000,0.0000,0.0000,0.0000,0.0000,0.0000,0.0000,5.00,3.00,2.00,0.0369,0.0169,0.0125,0,0.000000
6,36.6600,45.8590,109.6606,-75.2709,0.1216,0.1060,-0.1117,0.1209,-0.0643,-0.3808,36.2133,0.6873,69.3361,1.0874,-0.9920,-1.7002,31.6029,-1.9304,66.4921,0.0000,0.0000,0.0000,0.0000,0.0000,0.0000,0.0000,0.0000,0.0000,5.00,3.00,2.00,0.0369,0.0169,0.0125,0,0.000000
6,36.6800,45.9194,109.6284,-75.4613,0.0527,-0.0281,-0.1661,0.1209,-0.0643,-0.3808,36.2106,0.6934,69.3287,1.0874,-0.9920,-1.7002,31.6029,-1.9304,66.4921,0.0000,0.0000,0.0000,0.0000,0.0000,0.0000,0.0000,0.0000,0.0000,5.00,3.00,2.00,0.0070,0.0012,0.0276,0,0.000000
6,36.7000,45.9799,109.5962,-75.6517,0.0527,-0.0281,-0.1661,0.1209,-0.0643,-0.3808,36.2079,0.6995,69.3214,1.0874,-0.9920,-1.7002,31.6029,-1.9304,66.4921,0.0000,0.0000,0.0000,0.0000,0.0000,0.0000,0.0000,0.0000,0.0000,5.00,3.00,2.00,0.0070,0.0012,0.0276,0,0.000000
6,36.7200,46.0403,109.5640,-75.8421,0.0527,-0.0281,-0.1661,0.1209,-0.0643,-0.3808,36.2052,0.7056,69.3140,1.0874,-0.9920,-1.7002,31.6029,-1.9304,66.4921,0.0000,0.0000,0.0000,0.0000,0.0000,0.0000,0.0000,0.0000,0.0000,5.00,3.00,2.00,0.0070,0.0012,0.0276,0,0.000000
6,36.7400,46.1007,109.5319,-76.0325,0.0527,-0.0281,-0.1661,0.1209,-0.0643,-0.3808,36.2025,0.7117,69.3066,1.0874,-0.9920,-1.7002,31.6029,-1.9304,66.4921,0.0000,0.0000,0.0000,0.0000,0.0000,0.0000,0.0000,0.0000,0.0000,5.00,3.00,2.00,0.0070,0.0012,0.0276,0,0.000000
6,36.7600,46.1612,109.4997,-76.2229,0.0528,-0.0281,-0.1661,0.3144,0.4761,-0.2144,36.1997,0.7177,69.2992,-0.6824,1.5234,-1.8414,31.6029,-1.9304,66.4921,0.0000,0.0000,0.0000,0.0000,0.0000,0.0000,0.0000,0.0000,0.0000,5.00,3.00,2.00,0.0070,0.0012,0.0276,0,0.000000
6,36.7800,46.3184,109.7377,-76.3301,0.1372,0.2077,-0.0936,0.3144,0.4761,-0.2144,36.2069,0.7068,69.2940,-0.6824,1.5234,-1.8414,31.6029,-1.9304,66.4921,0.0000,0.0000,0.0000,0.0000,0.0000,0.0000,0.0000,0.0000,0.0000,5.00,3.00,2.00,0.0471,0.0647,0.0088,0,0.000000
6,36.8000,46.4756,109.9758,-76.4373,0.1372,0.2078,-0.0936,0.3144,0.4761,-0.2144,36.2141,0.6958,69.2886,-0.6824,1.5234,-1.8414,31.6029,-1.9304,66.4921,0.0000,0.0000,0.0000,0.0000,0.0000,0.0000,0.0000,0.0000,0.0000,5.00,3.00,2.00,0.0471,0.0647,0.0088,0,0.000000
6,36.8200,46.6328,110.2139,-76.5445,0.1372,0.2077,-0.0936,0.3144,0.4761,-0.2144,36.2212,0.6849,69.2832,-0.6824,1.5234,-1.8414,31.6029,-1.9304,66.4921,0.0000,0.0000,0.0000,0.0000,0.0000,0.0000,0.0000,0.0000,0.0000,5.00,3.00,2.00,0.0471,0.0647,0.0088,0,0.000000
6,36.8400,46.7901,110.4520,-76.6518,0.1372,0.2078,-0.0936,0.3144,0.4761,-0.2144,36.2283,0.6739,69.2778,-0.6824,1.5234,-1.8414,31.6029,-1.9304,66.4921,0.0000,0.0000,0.0000,0.0000,0.0000,0.0000,0.0000,0.0000,0.0000,5.00,3.00,2.00,0.0471,0.0647,0.0088,0,0.000000
6,36.8600,46.9473,110.6900,-76.7590,0.1372,0.2078,-0.0936,-0.0982,0.0264,-0.3107,36.2353,0.6630,69.2723,1.7813,-2.7380,-1.3481,31.6029,-1.9304,66.4921,0.0000,0.0000,0.0000,0.0000,0.0000,0.0000,0.0000,0.0000,0.0000,5.00,3.00,2.00,0.0471,0.0647,0.0088,0,0.000000
6,36.8800,46.8982,110.7032,-76.9143,-0.0428,0.0115,-0.1356,-0.0982,0.0264,-0.3107,36.2298,0.6657,69.2709,1.7813,-2.7380,-1.3481,31.6029,-1.9304,66.4921,0.0000,0.0000,0.0000,0.0000,0.0000,0.0000,0.0000,0.0000,0.0000,5.00,3.00,2.00,0.0046,0.0002,0.0184,0,0.000000
6,36.9000,46.8491,110.7164,-77.0697,-0.0428,0.0115,-0.1356,-0.0982,0.0264,-0.3107,36.2243,0.6685,69.2696,1.7813,-2.7380,-1.3481,31.6029,-1.9304,66.4921,0.0000,0.0000,0.0000,0.0000,0.0000,0.0000,0.0000,0.0000,0.0000,5.00,3.00,2.00,0.0046,0.0002,0.0184,0,0.000000
6,36.9200,46.8000,110.7296,-77.2251,-0.0428,0.0115,-0.1356,-0.0982,0.0264,-0.3107,36.2188,0.6712,69.2682,1.7813,-2.7380,-1.3481,31.6029,-1.9304,66.4921,0.0000,0.0000,0.0000,0.0000,0.0000,0.0000,0.0000,0.0000,0.0000,5.00,3.00,2.00,0.0046,0.0002,0.0184,0,0.000000
6,36.9400,46.7509,110.7428,-77.3804,-0.0428,0.0115,-0.1356,-0.0982,0.0264,-0.3107,36.2134,0.6739,69.2668,1.7813,-2.7380,-1.3481,31.6029,-1.9304,66.4921,0.0000,0.0000,0.0000,0.0000,0.0000,0.0000,0.0000,0.0000,0.0000,5.00,3.00,2.00,0.0046,0.0002,0.0184,0,0.000000
6,36.9600,46.7018,110.7561,-77.5358,-0.0428,0.0115,-0.1356,-0.1241,0.1344,-0.4730,36.2079,0.6766,69.2653,-1.3723,0.6830,-0.3468,31.6029,-1.9304,66.4921,0.0000,0.0000,0.0000,0.0000,0.0000,0.0000,0.0000,0.0000,0.0000,5.00,3.00,2.00,0.0046,0.0002,0.0184,0,0.000000
6,36.9800,46.6397,110.8233,-77.7723,-0.0542,0.0587,-0.2064,-0.1241,0.1344,-0.4730,36.2007,0.6781,69.2633,-1.3723,0.6830,-0.3468,31.6029,-1.9304,66.4921,0.0000,0.0000,0.0000,0.0000,0.0000,0.0000,0.0000,0.0000,0.0000,5.00,3.00,2.00,0.0073,0.0052,0.0426,0,0.000000
6,37.0000,46.5777,110.8905,-78.0088,-0.0542,0.0587,-0.2064,-0.1241,0.1344,-0.4730,36.1935,0.6796,69.2613,-1.3723,0.6830,-0.3468,31.6029,-1.9304,66.4921,0.0000,0.0000,0.0000,0.0000,0.0000,0.0000,0.0000,0.0000,0.0000,5.00,3.00,2.00,0.0073,0.0052,0.0426,0,0.000000
6,37.0200,46.5156,110.9577,-78.2453,-0.0542,0.0586,-0.2064,-0.1241,0.1344,-0.4730,36.1864,0.6810,69.2593,-1.3723,0.6830,-0.3468,31.6029,-1.9304,66.4921,0.0000,0.0000,0.0000,0.0000,0.0000,0.0000,0.0000,0.0000,0.0000,5.00,3.00,2.00,0.0073,0.0052,0.0426,0,0.000000
6,37.0400,46.4535,111.0249,-78.4818,-0.0542,0.0587,-0.2064,-0.1241,0.1344,-0.4730,36.1792,0.6825,69.2572,-1.3723,0.6830,-0.3468,31.6029,-1.9304,66.4921,0.0000,0.0000,0.0000,0.0000,0.0000,0.0000,0.0000,0.0000,0.0000,5.00,3.00,2.00,0.0073,0.0052,0.0426,0,0.000000
6,37.0600,46.3915,111.0921,-78.7183,-0.0542,0.0587,-0.2064,0.0688,0.4004,-0.5458,36.1720,0.6839,69.2551,-1.7908,0.3624,-0.5119,31.6029,-1.9304,66.4921,0.0000,0.0000,0.0000,0.0000,0.0000,0.0000,0.0000,0.0000,0.0000,5.00,3.00,2.00,0.0073,0.0052,0.0426,0,0.000000
6,37.0800,46.4259,111.2923,-78.9912,0.0300,0.1747,-0.2381,0.0688,0.4004,-0.5458,36.1697,0.6787,69.2502,-1.7908,0.3624,-0.5119,31.6029,-1.9304,66.4921,0.0000,0.0000,0.0000,0.0000,0.0000,0.0000,0.0000,0.0000,0.0000,5.00,3.00,2.00,0.0023,0.0458,0.0567,0,0.000000
6,37.1000,46.4602,111.4925,-79.2641,0.0300,0.1747,-0.2381,0.0688,0.4004,-0.5458,36.1673,0.6736,69.2453,-1.7908,0.3624,-0.5119,31.6029,-1.9304,66.4921,0.0000,0.0000,0.0000,0.0000,0.0000,0.0000,0.0000,0.0000,0.0000,5.00,3.00,2.00,0.0023,0.0458,0.0567,0,0.000000
6,37.1200,46.4946,111.6927,-79.5370,0.0300,0.1747,-0.2381,0.0688,0.4004,-0.5458,36.1649,0.6685,69.2404,-1.7908,0.3624,-0.5119,31.6029,-1.9304,66.4921,0.0000,0.0000,0.0000,0.0000,0.0000,0.0000,0.0000,0.0000,0.0000,5.00,3.00,2.00,0.0023,0.0458,0.0567,0,0.000000
6,37.1400,46.5290,111.8929,-79.8099,0.0300,0.1747,-0.2381,0.0688,0.4004,-0.5458,36.1624,0.6634,69.2355,-1.7908,0.3624,-0.5119,31.6029,-1.9304,66.4921,0.0000,0.0000,0.0000,0.0000,0.0000,0.0000,0.0000,0.0000,0.0000,5.00,3.00,2.00,0.0023,0.0458,0.0567,0,0.000000
6,37.1600,46.5634,112.0931,-80.0828,0.0300,0.1747,-0.2381,-0.9502,-0.4473,0.0495,36.1599,0.6583,69.2306,-0.6052,-1.2797,-1.2257,31.6029,-1.9304,66.4921,0.0000,0.0000,0.0000,0.0000,0.0000,0.0000,0.0000,0.0000,0.0000,5.00,3.00,2.00,0.0023,0.0458,0.0567,0,0.000000
6,37.1800,46.0883,111.8695,-80.0580,-0.4146,-0.1952,0.0216,-0.9502,-0.4473,0.0495,36.1392,0.6700,69.2467,-0.6052,-1.2797,-1.2257,31.6029,-1.9304,66.4921,0.0000,0.0000,0.0000,0.0000,0.0000,0.0000,0.0000,0.0000,0.0000,5.00,3.00,2.00,0.4297,0.0571,0.0005,0,0.000000
6,37.2000,45.6132,111.6458,-80.0333,-0.4146,-0.1952,0.0216,-0.9502,-0.4473,0.0495,36.1184,0.6817,69.2627,-0.6052,-1.2797,-1.2257,31.6029,-1.9304,66.4921,0.0000,0.0000,0.0000,0.0000,0.0000,0.0000,0.0000,0.0000,0.0000,5.00,3.00,2.00,0.4297,0.0571,0.0005,0,0.000000
6,37.2200,45.1381,111.4222,-80.0085,-0.4146,-0.1952,0.0216,-0.9502,-0.4473,0.0495,36.0975,0.6933,69.2783,-0.6052,-1.2797,-1.2257,31.6029,-1.9304,66.4921,0.0000,0.0000,0.0000,0.0000,0.0000,0.0000,0.0000,0.0000,0.0000,5.00,3.00,2.00,0.4297,0.0571,0.0005,0,0.000000
6,37.2400,44.6630,111.1985,-79.9837,-0.4146,-0.1952,0.0216,-0.9502,-0.4473,0.0495,36.0764,0.7050,69.2938,-0.6052,-1.2797,-1.2257,31.6029,-1.9304,66.4921,0.0000,0.0000,0.0000,0.0000,0.0000,0.0000,0.0000,0.0000,0.0000,5.00,3.00,2.00,0.4297,0.0571,0.0005,0,0.000000
6,37.2600,44.1879,110.9749,-79.9590,-0.4146,-0.1952,0.0216,0.2754,0.2009,0.3239,36.0551,0.7166,69.3090,-5.2414,2.9171,3.9223,31.6029,-1.9304,66.4921,0.0000,0.0000,0.0000,0.0000,0.0000,0.0000,0.0000,0.0000,0.0000,5.00,3.00,2.00,0.4297,0.0571,0.0005,0,0.000000
6,37.2800,44.3256,111.0753,-79.7970,0.1201,0.0877,0.1413,0.2754,0.2009,0.3239,36.0659,0.7078,69.3094,-5.2414,2.9171,3.9223,31.6029,-1.9304,66.4921,0.0000,0.0000,0.0000,0.0000,0.0000,0.0000,0.0000,0.0000,0.0000,5.00,3.00,2.00,0.0361,0.0115,0.0200,0,0.000000
6,37.3000,44.4633,111.1758,-79.6351,0.1201,0.0876,0.1413,0.2754,0.2009,0.3239,36.0767,0.6989,69.3097,-5.2414,2.9171,3.9223,31.6029,-1.9304,66.4921,0.0000,0.0000,0.0000,0.0000,0.0000,0.0000,0.0000,0.0000,0.0000,5.00,3.00,2.00,0.0361,0.0115,0.0200,0,0.000000
6,37.3200,44.6010,111.2762,-79.4732,0.1202,0.0877,0.1413,0.2754,0.2009,0.3239,36.0875,0.6900,69.3099,-5.2414,2.9171,3.9223,31.6029,-1.9304,66.4921,0.0000,0.0000,0.0000,0.0000,0.0000,0.0000,0.0000,0.0000,0.0000,5.00,3.00,2.00,0.0361,0.0115,0.0200,0,0.000000
6,37.3400,44.7387,111.3767,-79.3112,0.1201,0.0877,0.1413,0.2754,0.2009,0.3239,36.0982,0.6810,69.3100,-5.2414,2.9171,3.9223,31.6029,-1.9304,66.4921,0.0000,0.0000,0.0000,0.0000,0.0000,0.0000,0.0000,0.0000,0.0000,5.00,3.00,2.00,0.0361,0.0115,0.0200,0,0.000000
6,37.3600,44.8763,111.4771,-79.1493,0.1201,0.0877,0.1413,0.5572,0.3435,-0.6808,36.1090,0.6720,69.3101,2.6941,-2.2316,0.0553,31.6029,-1.9304,66.4921,0.0000,0.0000,0.0000,0.0000,0.0000,0.0000,0.0000,0.0000,0.0000,5.00,3.00,2.00,0.0361,0.0115,0.0200,0,0.000000
6,37.3800,45.1549,111.6489,-79.4897,0.2431,0.1499,-0.2971,0.5572,0.3435,-0.6808,36.1141,0.6699,69.2936,2.6941,-2.2316,0.0553,31.6029,-1.9304,66.4921,0.0000,0.0000,0.0000,0.0000,0.0000,0.0000,0.0000,0.0000,0.0000,5.00,3.00,2.00,0.1478,0.0337,0.0883,0,0.000000
6,37.4000,45.4335,111.8206,-79.8301,0.2431,0.1499,-0.2971,0.5572,0.3435,-0.6808,36.1191,0.6678,69.2771,2.6941,-2.2316,0.0553,31.6029,-1.9304,66.4921,0.0000,0.0000,0.0000,0.0000,0.0000,0.0000,0.0000,0.0000,0.0000,5.00,3.00,2.00,0.1478,0.0337,0.0883,0,0.000000
6,37.4200,45.7121,111.9923,-80.1705,0.2431,0.1499,-0.2971,0.5572,0.3435,-0.6808,36.1240,0.6657,69.2606,2.6941,-2.2316,0.0553,31.6029,-1.9304,66.4921,0.0000,0.0000,0.0000,0.0000,0.0000,0.0000,0.0000,0.0000,0.0000,5.00,3.00,2.00,0.1478,0.0337,0.0883,0,0.000000
6,37.4400,45.9907,112.1641,-80.5110,0.2431,0.1499,-0.2971,0.5572,0.3435,-0.6808,36.1288,0.6635,69.2440,2.6941,-2.2316,0.0553,31.6029,-1.9304,66.4921,0.0000,0.0000,0.0000,0.0000,0.0000,0.0000,0.0000,0.0000,0.0000,5.00,3.00,2.00,0.1478,0.0337,0.0883,0,0.000000
6,37.4600,46.2692,112.3358,-80.8514,0.2431,0.1499,-0.2971,-0.5120,-0.2231,-0.1250,36.1334,0.6614,69.2275,1.2213,-0.5300,-4.1332,31.6029,-1.9304,66.4921,0.0000,0.0000,0.0000,0.0000,0.0000,0.0000,0.0000,0.0000,0.0000,5.00,3.00,2.00,0.1478,0.0337,0.0883,0,0.000000
6,37.4800,46.0133,112.2243,-80.9139,-0.2234,-0.0973,-0.0545,-0.5120,-0.2231,-0.1250,36.1206,0.6688,69.2344,1.2213,-0.5300,-4.1332,31.6029,-1.9304,66.4921,0.0000,0.0000,0.0000,0.0000,0.0000,0.0000,0.0000,0.0000,0.0000,5.00,3.00,2.00,0.1248,0.0142,0.0030,0,0.000000
6,37.5000,45.7573,112.1128,-80.9764,-0.2234,-0.0973,-0.0545,-0.5120,-0.2231,-0.1250,36.1077,0.6761,69.2412,1.2213,-0.5300,-4.1332,31.6029,-1.9304,66.4921,0.0000,0.0000,0.0000,0.0000,0.0000,0.0000,0.0000,0.0000,0.0000,5.00,3.00,2.00,0.1248,0.0142,0.0030,0,0.000000
6,37.5200,45.5013,112.0012,-81.0389,-0.2234,-0.0973,-0.0545,-0.5120,-0.2231,-0.1250,36.0948,0.6835,69.2480,1.2213,-0.5300,-4.1332,31.6029,-1.9304,66.4921,0.0000,0.0000,0.0000,0.0000,0.0000,0.0000,0.0000,0.0000,0.0000,5.00,3.00,2.00,0.1248,0.0142,0.0030,0,0.000000
6,37.5400,45.2453,111.8897,-81.1014,-0.2234,-0.0973,-0.0545,-0.5120,-0.2231,-0.1250,36.0818,0.6908,69.2546,1.2213,-0.5300,-4.1332,31.6029,-1.9304,66.4921,0.0000,0.0000,0.0000,0.0000,0.0000,0.0000,0.0000,0.0000,0.0000,5.00,3.00,2.00,0.1248,0.0142,0.0030,0,0.000000
6,37.5600,44.9893,111.7781,-81.1639,-0.2234,-0.0973,-0.0545,-0.3359,0.2375,-0.2672,36.0688,0.6981,69.2612,-3.2288,1.8344,1.6853,31.6029,-1.9304,66.4921,0.0000,0.0000,0.0000,0.0000,0.0000,0.0000,0.0000,0.0000,0.0000,5.00,3.00,2.00,0.1248,0.0142,0.0030,0,0.000000
6,37.5800,44.8214,111.8969,-81.2975,-0.1465,0.1036,-0.1166,-0.3359,0.2375,-0.2672,36.0609,0.6944,69.2661,-3.2288,1.8344,1.6853,31.6029,-1.9304,66.4921,0.0000,0.0000,0.0000,0.0000,0.0000,0.0000,0.0000,0.0000,0.0000,5.00,3.00,2.00,0.0537,0.0161,0.0136,0,0.000000
6,37.6000,44.6535,112.0156,-81.4311,-0.1465,0.1036,-0.1166,-0.3359,0.2375,-0.2672,36.0530,0.6908,69.2710,-3.2288,1.8344,1.6853,31.6029,-1.9304,66.4921,0.0000,0.0000,0.0000,0.0000,0.0000,0.0000,0.0000,0.0000,0.0000,5.00,3.00,2.00,0.0537,0.0161,0.0136,0,0.000000
6,37.6200,44.4855,112.1343,-81.5647,-0.1465,0.1036,-0.1166,-0.3359,0.2375,-0.2672,36.0451,0.6871,69.2758,-3.2288,1.8344,1.6853,31.6029,-1.9304,66.4921,0.0000,0.0000,0.0000,0.0000,0.0000,0.0000,0.0000,0.0000,0.0000,5.00,3.00,2.00,0.0537,0.0161,0.0136,0,0.000000
6,37.6400,44.3176,112.2531,-81.6983,-0.1465,0.1036,-0.1166,-0.3359,0.2375,-0.2672,36.0372,0.6835,69.2806,-3.2288,1.8344,1.6853,31.6029,-1.9304,66.4921,0.0000,0.0000,0.0000,0.0000,0.0000,0.0000,0.0000,0.0000,0.0000,5.00,3.00,2.00,0.0537,0.0161,0.0136,0,0.000000
6,37.6600,44.1497,112.3718,-81.8319,-0.1465,0.1036,-0.1166,-0.2073,-0.3956,0.2525,36.0292,0.6799,69.2854,-1.9814,-0.9112,1.2085,31.6029,-1.9304,66.4921,0.0000,0.0000,0.0000,0.0000,0.0000,0.0000,0.0000,0.0000,0.0000,5.00,3.00,2.00,0.0537,0.0161,0.0136,0,0.000000
6,37.6800,44.0460,112.1740,-81.7056,-0.0905,-0.1726,0.1102,-0.2073,-0.3956,0.2525,36.0254,0.6879,69.2894,-1.9814,-0.9112,1.2085,31.6029,-1.9304,66.4921,0.0000,0.0000,0.0000,0.0000,0.0000,0.0000,0.0000,0.0000,0.0000,5.00,3.00,2.00,0.0205,0.0447,0.0121,0,0.000000
6,37.7000,43.9423,111.9762,-81.5793,-0.0905,-0.1726,0.1102,-0.2073,-0.3956,0.2525,36.0215,0.6959,69.2934,-1.9814,-0.9112,1.2085,31.6029,-1.9304,66.4921,0.0000,0.0000,0.0000,0.0000,0.0000,0.0000,0.0000,0.0000,0.0000,5.00,3.00,2.00,0.0205,0.0447,0.0121,0,0.000000
6,37.7200,43.8387,111.7784,-81.4531,-0.0905,-0.1726,0.1102,-0.2073,-0.3956,0.2525,36.0176,0.7040,69.2973,-1.9814,-0.9112,1.2085,31.6029,-1.9304,66.4921,0.0000,0.0000,0.0000,0.0000,0.0000,0.0000,0.0000,0.0000,0.0000,5.00,3.00,2.00,0.0205,0.0447,0.0121,0,0.000000
6,37.7400,43.7350,111.5806,-81.3268,-0.0905,-0.1726,0.1102,-0.2073,-0.3956,0.2525,36.0136,0.7120,69.3013,-1.9814,-0.9112,1.2085,31.6029,-1.9304,66.4921,0.0000,0.0000,0.0000,0.0000,0.0000,0.0000,0.0000,0.0000,0.0000,5.00,3.00,2.00,0.0205,0.0447,0.0121,0,0.000000
6,37.7600,43.6313,111.3827,-81.2006,-0.0905,-0.1726,0.1102,-0.3125,-0.1589,-0.2976,36.0097,0.7201,69.3052,-0.9771,2.0128,0.9930,31.6029,-1.9304,66.4921,0.0000,0.0000,0.0000,0.0000,0.0000,0.0000,0.0000,0.0000,0.0000,5.00,3.00,2.00,0.0205,0.0447,0.0121,0,0.000000
6,37.7800,43.4750,111.3033,-81.3493,-0.1364,-0.0693,-0.1298,-0.3125,-0.1589,-0.2976,35.9988,0.7274,69.3060,-0.9771,2.0128,0.9930,31.6029,-1.9304,66.4921,0.0000,0.0000,0.0000,0.0000,0.0000,0.0000,0.0000,0.0000,0.0000,5.00,3.00,2.00,0.0465,0.0072,0.0169,0,0.000000
6,37.8000,43.3188,111.2239,-81.4981,-0.1364,-0.0693,-0.1298,-0.3125,-0.1589,-0.2976,35.9879,0.7346,69.3067,-0.9771,2.0128,0.9930,31.6029,-1.9304,66.4921,0.0000,0.0000,0.0000,0.0000,0.0000,0.0000,0.0000,0.0000,0.0000,5.00,3.00,2.00,0.0465,0.0072,0.0169,0,0.000000
6,37.8200,43.1625,111.1444,-81.6469,-0.1364,-0.0693,-0.1298,-0.3125,-0.1589,-0.2976,35.9771,0.7418,69.3073,-0.9771,2.0128,0.9930,31.6029,-1.9304,66.4921,0.0000,0.0000,0.0000,0.0000,0.0000,0.0000,0.0000,0.0000,0.0000,5.00,3.00,2.00,0.0465,0.0072,0.0169,0,0.000000
6,37.8400,43.0063,111.0650,-81.7957,-0.1364,-0.0693,-0.1298,-0.3125,-0.1589,-0.2976,35.9662,0.7490,69.3079,-0.9771,2.0128,0.9930,31.6029,-1.9304,66.4921,0.0000,0.0000,0.0000,0.0000,0.0000,0.0000,0.0000,0.0000,0.0000,5.00,3.00,2.00,0.0465,0.0072,0.0169,0,0.000000
6,37.8600,42.8500,110.9856,-81.9445,-0.1364,-0.0693,-0.1298,-0.1959,-0.3298,0.0489,35.9553,0.7562,69.3084,-2.7168,1.8036,0.1579,31.6029,-1.9304,66.4921,0.0000,0.0000,0.0000,0.0000,0.0000,0.0000,0.0000,0.0000,0.0000,5.00,3.00,2.00,0.0465,0.0072,0.0169,0,0.000000
6,37.8800,42.7521,110.8207,-81.9200,-0.0855,-0.1439,0.0213,-0.1959,-0.3298,0.0489,35.9496,0.7645,69.3098,-2.7168,1.8036,0.1579,31.6029,-1.9304,66.4921,0.0000,0.0000,0.0000,0.0000,0.0000,0.0000,0.0000,0.0000,0.0000,5.00,3.00,2.00,0.0183,0.0311,0.0005,0,0.000000
6,37.9000,42.6541,110.6558,-81.8956,-0.0855,-0.1439,0.0213,-0.1959,-0.3298,0.0489,35.9438,0.7727,69.3112,-2.7168,1.8036,0.1579,31.6029,-1.9304,66.4921,0.0000,0.0000,0.0000,0.0000,0.0000,0.0000,0.0000,0.0000,0.0000,5.00,3.00,2.00,0.0183,0.0311,0.0005,0,0.000000
6,37.9200,42.5562,110.4909,-81.8712,-0.0855,-0.1439,0.0213,-0.1959,-0.3298,0.0489,35.9380,0.7810,69.3126,-2.7168,1.8036,0.1579,31.6029,-1.9304,66.4921,0.0000,0.0000,0.0000,0.0000,0.0000,0.0000,0.0000,0.0000,0.0000,5.00,3.00,2.00,0.0183,0.0311,0.0005,0,0.000000
6,37.9400,42.4582,110.3260,-81.8467,-0.0855,-0.1439,0.0213,-0.1959,-0.3298,0.0489,35.9322,0.7893,69.3140,-2.7168,1.8036,0.1579,31.6029,-1.9304,66.4921,0.0000,0.0000,0.0000,0.0000,0.0000,0.0000,0.0000,0.0000,0.0000,5.00,3.00,2.00,0.0183,0.0311,0.0005,0,0.000000
6,37.9600,42.3603,110.1611,-81.8223,-0.0855,-0.1439,0.0213,-0.5487,0.0400,-0.0964,35.9264,0.7975,69.3153,-1.4452,2.0666,0.3460,31.6029,-1.9304,66.4921,0.0000,0.0000,0.0000,0.0000,0.0000,0.0000,0.0000,0.0000,0.0000,5.00,3.00,2.00,0.0183,0.0311,0.0005,0,0.000000
6,37.9800,42.0859,110.1811,-81.8705,-0.2394,0.0175,-0.0421,-0.5487,0.0400,-0.0964,35.9148,0.7974,69.3241,-1.4452,2.0666,0.3460,31.6029,-1.9304,66.4921,0.0000,0.0000,0.0000,0.0000,0.0000,0.0000,0.0000,0.0000,0.0000,5.00,3.00,2.00,0.1433,0.0005,0.0018,0,0.000000
6,38.0000,41.8116,110.2011,-81.9186,-0.2394,0.0175,-0.0420,-0.5487,0.0400,-0.0964,35.9032,0.7972,69.3329,-1.4452,2.0666,0.3460,31.6029,-1.9304,66.4921,0.0000,0.0000,0.0000,0.0000,0.0000,0.0000,0.0000,0.0000,0.0000,5.00,3.00,2.00,0.1433,0.0005,0.0018,0,0.000000
6,38.0200,41.5372,110.2211,-81.9668,-0.2394,0.0175,-0.0421,-0.5487,0.0400,-0.0964,35.8916,0.7971,69.3416,-1.4452,2.0666,0.3460,31.6029,-1.9304,66.4921,0.0000,0.0000,0.0000,0.0000,0.0000,0.0000,0.0000,0.0000,0.0000,5.00,3.00,2.00,0.1433,0.0005,0.0018,0,0.000000
6,38.0400,41.2628,110.2411,-82.0150,-0.2394,0.0175,-0.0421,-0.5487,0.0400,-0.0964,35.8799,0.7970,69.3502,-1.4452,2.0666,0.3460,31.6029,-1.9304,66.4921,0.0000,0.0000,0.0000,0.0000,0.0000,0.0000,0.0000,0.0000,0.0000,5.00,3.00,2.00,0.1433,0.0005,0.0018,0,0.000000
6,38.0600,40.9884,110.2611,-82.0632,-0.2394,0.0175,-0.0421,0.1328,0.3846,-0.3323,35.8681,0.7968,69.3588,-2.9142,-0.0338,2.1751,31.6029,-1.9304,66.4921,0.0000,0.0000,0.0000,0.0000,0.0000,0.0000,0.0000,0.0000,0.0000,5.00,3.00,2.00,0.1433,0.0005,0.0018,0,0.000000
6,38.0800,41.0548,110.4534,-82.2294,0.0579,0.1678,-0.1450,0.1328,0.3846,-0.3323,35.8698,0.7899,69.3554,-2.9142,-0.0338,2.1751,31.6029,-1.9304,66.4921,0.0000,0.0000,0.0000,0.0000,0.0000,0.0000,0.0000,0.0000,0.0000,5.00,3.00,2.00,0.0084,0.0422,0.0210,0,0.000000
6,38.1000,41.1212,110.6458,-82.3955,0.0579,0.1678,-0.1450,0.1328,0.3846,-0.3323,35.8715,0.7829,69.3520,-2.9142,-0.0338,2.1751,31.6029,-1.9304,66.4921,0.0000,0.0000,0.0000,0.0000,0.0000,0.0000,0.0000,0.0000,0.0000,5.00,3.00,2.00,0.0084,0.0422,0.0210,0,0.000000
6,38.1200,41.1876,110.8381,-82.5616,0.0579,0.1678,-0.1450,0.1328,0.3846,-0.3323,35.8731,0.7759,69.3485,-2.9142,-0.0338,2.1751,31.6029,-1.9304,66.4921,0.0000,0.0000,0.0000,0.0000,0.0000,0.0000,0.0000,0.0000,0.0000,5.00,3.00,2.00,0.0084,0.0422,0.0210,0,0.000000
6,38.1400,41.2540,111.0304,-82.7278,0.0579,0.1678,-0.1450,0.1328,0.3846,-0.3323,35.8747,0.7690,69.3451,-2.9142,-0.0338,2.1751,31.6029,-1.9304,66.4921,0.0000,0.0000,0.0000,0.0000,0.0000,0.0000,0.0000,0.0000,0.0000,5.00,3.00,2.00,0.0084,0.0422,0.0210,0,0.000000
6,38.1600,41.3203,111.2227,-82.8939,0.0579,0.1678,-0.1450,0.2920,-0.1460,-0.0907,35.8763,0.7620,69.3416,0.4093,-1.7395,-0.8606,31.6029,-1.9304,66.4921,0.0000,0.0000,0.0000,0.0000,0.0000,0.0000,0.0000,0.0000,0.0000,5.00,3.00,2.00,0.0084,0.0422,0.0210,0,0.000000
6,38.1800,41.4663,111.1497,-82.9392,0.1274,-0.0637,-0.0396,0.2920,-0.1460,-0.0907,35.8799,0.7668,69.3341,0.4093,-1.7395,-0.8606,31.6029,-1.9304,66.4921,0.0000,0.0000,0.0000,0.0000,0.0000,0.0000,0.0000,0.0000,0.0000,5.00,3.00,2.00,0.0406,0.0061,0.0016,0,0.000000
6,38.2000,41.6123,111.0767,-82.9846,0.1274,-0.0637,-0.0396,0.2920,-0.1460,-0.0907,35.8835,0.7715,69.3265,0.4093,-1.7395,-0.8606,31.6029,-1.9304,66.4921,0.0000,0.0000,0.0000,0.0000,0.0000,0.0000,0.0000,0.0000,0.0000,5.00,3.00,2.00,0.0406,0.0061,0.0016,0,0.000000
6,38.2200,41.7584,111.0036,-83.0299,0.1274,-0.0637,-0.0396,0.2920,-0.1460,-0.0907,35.8871,0.7762,69.3190,0.4093,-1.7395,-0.8606,31.6029,-1.9304,66.4921,0.0000,0.0000,0.0000,0.0000,0.0000,0.0000,0.0000,0.0000,0.0000,5.00,3.00,2.00,0.0406,0.0061,0.0016,0,0.000000
6,38.2400,41.9044,110.9306,-83.0752,0.1274,-0.0637,-0.0396,0.2920,-0.1460,-0.0907,35.8906,0.7808,69.3114,0.4093,-1.7395,-0.8606,31.6029,-1.9304,66.4921,0.0000,0.0000,0.0000,0.0000,0.0000,0.0000,0.0000,0.0000,0.0000,5.00,3.00,2.00,0.0406,0.0061,0.0016,0,0.000000
6,38.2600,42.0504,110.8576,-83.1206,0.1274,-0.0637,-0.0396,-1.0000,0.2236,0.0159,35.8941,0.7855,69.3039,0.8860,1.1734,-1.8864,31.6029,-1.9304,66.4921,0.0000,0.0000,0.0000,0.0000,0.0000,0.0000,0.0000,0.0000,0.0000,5.00,3.00,2.00,0.0406,0.0061,0.0016,0,0.000000
6,38.2800,41.5504,110.9694,-83.1126,-0.4363,0.0976,0.0069,-1.0000,0.2236,0.0159,35.8764,0.7795,69.3234,0.8860,1.1734,-1.8864,31.6029,-1.9304,66.4921,0.0000,0.0000,0.0000,0.0000,0.0000,0.0000,0.0000,0.0000,0.0000,5.00,3.00,2.00,0.4760,0.0143,0.0000,0,0.000000
6,38.3000,41.0504,111.0812,-83.1047,-0.4363,0.0976,0.0069,-1.0000,0.2236,0.0159,35.8586,0.7735,69.3429,0.8860,1.1734,-1.8864,31.6029,-1.9304,66.4921,0.0000,0.0000,0.0000,0.0000,0.0000,0.0000,0.0000,0.0000,0.0000,5.00,3.00,2.00,0.4760,0.0143,0.0000,0,0.000000
6,38.3200,40.5504,111.1930,-83.0967,-0.4363,0.0976,0.0069,-1.0000,0.2236,0.0159,35.8406,0.7675,69.3621,0.8860,1.1734,-1.8864,31.6029,-1.9304,66.4921,0.0000,0.0000,0.0000,0.0000,0.0000,0.0000,0.0000,0.0000,0.0000,5.00,3.00,2.00,0.4760,0.0143,0.0000,0,0.000000
6,38.3400,40.0504,111.3048,-83.0888,-0.4363,0.0976,0.0069,-1.0000,0.2236,0.0159,35.8224,0.7615,69.3813,0.8860,1.1734,-1.8864,31.6029,-1.9304,66.4921,0.0000,0.0000,0.0000,0.0000,0.0000,0.0000,0.0000,0.0000,0.0000,5.00,3.00,2.00,0.4760,0.0143,0.0000,0,0.000000
6,38.3600,39.5504,111.4166,-83.0808,-0.4363,0.0976,0.0069,-0.2684,0.0344,0.0545,35.8040,0.7554,69.4002,-4.5038,-1.5045,4.8191,31.6029,-1.9304,66.4921,0.0000,0.0000,0.0000,0.0000,0.0000,0.0000,0.0000,0.0000,0.0000,5.00,3.00,2.00,0.4760,0.0143,0.0000,0,0.000000
6,38.3800,39.4161,111.4338,-83.0536,-0.1171,0.0150,0.0238,-0.2684,0.0344,0.0545,35.7994,0.7540,69.4058,-4.5038,-1.5045,4.8191,31.6029,-1.9304,66.4921,0.0000,0.0000,0.0000,0.0000,0.0000,0.0000,0.0000,0.0000,0.0000,5.00,3.00,2.00,0.0343,0.0003,0.0006,0,0.000000
6,38.4000,39.2819,111.4510,-83.0263,-0.1171,0.0150,0.0238,-0.2684,0.0344,0.0545,35.7948,0.7526,69.4113,-4.5038,-1.5045,4.8191,31.6029,-1.9304,66.4921,0.0000,0.0000,0.0000,0.0000,0.0000,0.0000,0.0000,0.0000,0.0000,5.00,3.00,2.00,0.0343,0.0003,0.0006,0,0.000000
6,38.4200,39.1477,111.4682,-82.9991,-0.1171,0.0150,0.0238,-0.2684,0.0344,0.0545,35.7902,0.7511,69.4168,-4.5038,-1.5045,4.8191,31.6029,-1.9304,66.4921,0.0000,0.0000,0.0000,0.0000,0.0000,0.0000,0.0000,0.0000,0.0000,5.00,3.00,2.00,0.0343,0.0003,0.0006,0,0.000000
6,38.4400,39.0135,111.4854,-82.9718,-0.1171,0.0150,0.0238,-0.2684,0.0344,0.0545,35.7855,0.7497,69.4223,-4.5038,-1.5045,4.8191,31.6029,-1.9304,66.4921,0.0000,0.0000,0.0000,0.0000,0.0000,0.0000,0.0000,0.0000,0.0000,5.00,3.00,2.00,0.0343,0.0003,0.0006,0,0.000000
6,38.4600,38.8793,111.5025,-82.9446,-0.1171,0.0150,0.0238,-0.1663,0.0118,0.2926,35.7809,0.7483,69.4278,-1.1555,-0.3572,1.3794,31.6029,-1.9304,66.4921,0.0000,0.0000,0.0000,0.0000,0.0000,0.0000,0.0000,0.0000,0.0000,5.00,3.00,2.00,0.0343,0.0003,0.0006,0,0.000000
6,38.4800,38.7961,111.5085,-82.7982,-0.0726,0.0052,0.1277,-0.1663,0.0118,0.2926,35.7808,0.7451,69.4347,-1.1555,-0.3572,1.3794,31.6029,-1.9304,66.4921,0.0000,0.0000,0.0000,0.0000,0.0000,0.0000,0.0000,0.0000,0.0000,5.00,3.00,2.00,0.0132,0.0000,0.0163,0,0.000000
6,38.5000,38.7130,111.5144,-82.6519,-0.0726,0.0052,0.1277,-0.1663,0.0118,0.2926,35.7807,0.7420,69.4416,-1.1555,-0.3572,1.3794,31.6029,-1.9304,66.4921,0.0000,0.0000,0.0000,0.0000,0.0000,0.0000,0.0000,0.0000,0.0000,5.00,3.00,2.00,0.0132,0.0000,0.0163,0,0.000000
6,38.5200,38.6298,111.5203,-82.5056,-0.0726,0.0052,0.1277,-0.1663,0.0118,0.2926,35.7806,0.7388,69.4485,-1.1555,-0.3572,1.3794,31.6029,-1.9304,66.4921,0.0000,0.0000,0.0000,0.0000,0.0000,0.0000,0.0000,0.0000,0.0000,5.00,3.00,2.00,0.0132,0.0000,0.0163,0,0.000000
6,38.5400,38.5466,111.5262,-82.3593,-0.0726,0.0052,0.1277,-0.1663,0.0118,0.2926,35.7804,0.7356,69.4554,-1.1555,-0.3572,1.3794,31.6029,-1.9304,66.4921,0.0000,0.0000,0.0000,0.0000,0.0000,0.0000,0.0000,0.0000,0.0000,5.00,3.00,2.00,0.0132,0.0000,0.0163,0,0.000000
6,38.5600,38.4635,111.5321,-82.2130,-0.0726,0.0052,0.1277,0.6138,-0.1847,0.3956,35.7803,0.7324,69.4623,-0.0307,-0.7933,1.7227,31.6029,-1.9304,66.4921,0.0000,0.0000,0.0000,0.0000,0.0000,0.0000,0.0000,0.0000,0.0000,5.00,3.00,2.00,0.0132,0.0000,0.0163,0,0.000000
6,38.5800,38.7704,111.4398,-82.0152,0.2678,-0.0806,0.1726,0.6138,-0.1847,0.3956,35.7961,0.7334,69.4559,-0.0307,-0.7933,1.7227,31.6029,-1.9304,66.4921,0.0000,0.0000,0.0000,0.0000,0.0000,0.0000,0.0000,0.0000,0.0000,5.00,3.00,2.00,0.1793,0.0097,0.0298,0,0.000000
6,38.6000,39.0773,111.3474,-81.8174,0.2678,-0.0806,0.1726,0.6138,-0.1847,0.3956,35.8119,0.7344,69.4495,-0.0307,-0.7933,1.7227,31.6029,-1.9304,66.4921,0.0000,0.0000,0.0000,0.0000,0.0000,0.0000,0.0000,0.0000,0.0000,5.00,3.00,2.00,0.1793,0.0097,0.0298,0,0.000000
6,38.6200,39.3842,111.2550,-81.6196,0.2678,-0.0806,0.1726,0.6138,-0.1847,0.3956,35.8277,0.7354,69.4429,-0.0307,-0.7933,1.7227,31.6029,-1.9304,66.4921,0.0000,0.0000,0.0000,0.0000,0.0000,0.0000,0.0000,0.0000,0.0000,5.00,3.00,2.00,0.1793,0.0097,0.0298,0,0.000000
6,38.6400,39.6911,111.1626,-81.4218,0.2678,-0.0806,0.1726,0.6138,-0.1847,0.3956,35.8435,0.7364,69.4363,-0.0307,-0.7933,1.7227,31.6029,-1.9304,66.4921,0.0000,0.0000,0.0000,0.0000,0.0000,0.0000,0.0000,0.0000,0.0000,5.00,3.00,2.00,0.1793,0.0097,0.0298,0,0.000000
6,38.6600,39.9980,111.0703,-81.2240,0.2678,-0.0806,0.1726,0.2868,0.2369,-0.3811,35.8592,0.7374,69.4295,3.9490,0.2470,-1.6403,31.6029,-1.9304,66.4921,0.0000,0.0000,0.0000,0.0000,0.0000,0.0000,0.0000,0.0000,0.0000,5.00,3.00,2.00,0.1793,0.0097,0.0298,0,0.000000
6,38.6800,40.1414,111.1887,-81.4146,0.1251,0.1034,-0.1663,0.2868,0.2369,-0.3811,35.8625,0.7348,69.4214,3.9490,0.2470,-1.6403,31.6029,-1.9304,66.4921,0.0000,0.0000,0.0000,0.0000,0.0000,0.0000,0.0000,0.0000,0.0000,5.00,3.00,2.00,0.0391,0.0160,0.0276,0,0.000000
6,38.7000,40.2848,111.3071,-81.6051,0.1251,0.1034,-0.1663,0.2868,0.2369,-0.3811,35.8657,0.7323,69.4134,3.9490,0.2470,-1.6403,31.6029,-1.9304,66.4921,0.0000,0.0000,0.0000,0.0000,0.0000,0.0000,0.0000,0.0000,0.0000,5.00,3.00,2.00,0.0391,0.0160,0.0276,0,0.000000
6,38.7200,40.4282,111.4256,-81.7957,0.1251,0.1034,-0.1663,0.2868,0.2369,-0.3811,35.8689,0.7298,69.4053,3.9490,0.2470,-1.6403,31.6029,-1.9304,66.4921,0.0000,0.0000,0.0000,0.0000,0.0000,0.0000,0.0000,0.0000,0.0000,5.00,3.00,2.00,0.0391,0.0160,0.0276,0,0.000000
6,38.7400,40.5715,111.5440,-81.9862,0.1251,0.1034,-0.1663,0.2868,0.2369,-0.3811,35.8721,0.7273,69.3972,3.9490,0.2470,-1.6403,31.6029,-1.9304,66.4921,0.0000,0.0000,0.0000,0.0000,0.0000,0.0000,0.0000,0.0000,0.0000,5.00,3.00,2.00,0.0391,0.0160,0.0276,0,0.000000
6,38.7600,40.7149,111.6624,-82.1767,0.1251,0.1034,-0.1663,-0.0522,0.2010,0.5096,35.8752,0.7248,69.3891,0.7988,-0.6297,-2.0172,31.6029,-1.9304,66.4921,0.0000,0.0000,0.0000,0.0000,0.0000,0.0000,0.0000,0.0000,0.0000,5.00,3.00,2.00,0.0391,0.0160,0.0276,0,0.000000
6,38.7800,40.6888,111.7629,-81.9220,-0.0228,0.0877,0.2223,-0.0522,0.2010,0.5096,35.8814,0.7143,69.3985,0.7988,-0.6297,-2.0172,31.6029,-1.9304,66.4921,0.0000,0.0000,0.0000,0.0000,0.0000,0.0000,0.0000,0.0000,0.0000,5.00,3.00,2.00,0.0013,0.0115,0.0494,0,0.000000
6,38.8000,40.6627,111.8634,-81.6672,-0.0228,0.0877,0.2223,-0.0522,0.2010,0.5096,35.8876,0.7038,69.4078,0.7988,-0.6297,-2.0172,31.6029,-1.9304,66.4921,0.0000,0.0000,0.0000,0.0000,0.0000,0.0000,0.0000,0.0000,0.0000,5.00,3.00,2.00,0.0013,0.0115,0.0494,0,0.000000
6,38.8200,40.6366,111.9639,-81.4124,-0.0228,0.0877,0.2223,-0.0522,0.2010,0.5096,35.8937,0.6932,69.4171,0.7988,-0.6297,-2.0172,31.6029,-1.9304,66.4921,0.0000,0.0000,0.0000,0.0000,0.0000,0.0000,0.0000,0.0000,0.0000,5.00,3.00,2.00,0.0013,0.0115,0.0494,0,0.000000
6,38.8400,40.6105,112.0644,-81.1576,-0.0228,0.0877,0.2223,-0.0522,0.2010,0.5096,35.8998,0.6825,69.4263,0.7988,-0.6297,-2.0172,31.6029,-1.9304,66.4921,0.0000,0.0000,0.0000,0.0000,0.0000,0.0000,0.0000,0.0000,0.0000,5.00,3.00,2.00,0.0013,0.0115,0.0494,0,0.000000
6,38.8600,40.5844,112.1649,-80.9029,-0.0228,0.0877,0.2223,-0.0491,0.0804,0.4711,35.9058,0.6717,69.4356,1.5308,-2.6508,2.3212,31.6029,-1.9304,66.4921,0.0000,0.0000,0.0000,0.0000,0.0000,0.0000,0.0000,0.0000,0.0000,5.00,3.00,2.00,0.0013,0.0115,0.0494,0,0.000000
6,38.8800,40.5598,112.2051,-80.6673,-0.0214,0.0351,0.2056,-0.0491,0.0804,0.4711,35.9106,0.6646,69.4432,1.5308,-2.6508,2.3212,31.6029,-1.9304,66.4921,0.0000,0.0000,0.0000,0.0000,0.0000,0.0000,0.0000,0.0000,0.0000,5.00,3.00,2.00,0.0011,0.0018,0.0423,0,0.000000
6,38.9000,40.5353,112.2453,-80.4318,-0.0214,0.0351,0.2056,-0.0491,0.0804,0.4711,35.9154,0.6574,69.4509,1.5308,-2.6508,2.3212,31.6029,-1.9304,66.4921,0.0000,0.0000,0.0000,0.0000,0.0000,0.0000,0.0000,0.0000,0.0000,5.00,3.00,2.00,0.0011,0.0018,0.0423,0,0.000000
6,38.9200,40.5108,112.2855,-80.1962,-0.0214,0.0351,0.2055,-0.0491,0.0804,0.4711,35.9202,0.6502,69.4585,1.5308,-2.6508,2.3212,31.6029,-1.9304,66.4921,0.0000,0.0000,0.0000,0.0000,0.0000,0.0000,0.0000,0.0000,0.0000,5.00,3.00,2.00,0.0011,0.0018,0.0422,0,0.000000
6,38.9400,40.4862,112.3257,-79.9607,-0.0214,0.0351,0.2055,-0.0491,0.0804,0.4711,35.9249,0.6429,69.4661,1.5308,-2.6508,2.3212,31.6029,-1.9304,66.4921,0.0000,0.0000,0.0000,0.0000,0.0000,0.0000,0.0000,0.0000,0.0000,5.00,3.00,2.00,0.0011,0.0018,0.0422,0,0.000000
6,38.9600,40.4617,112.3658,-79.7251,-0.0214,0.0351,0.2056,-0.1396,-0.7233,-0.1725,35.9297,0.6356,69.4738,1.1915,-1.8072,1.9096,31.6029,-1.9304,66.4921,0.0000,0.0000,0.0000,0.0000,0.0000,0.0000,0.0000,0.0000,0.0000,5.00,3.00,2.00,0.0011,0.0018,0.0423,0,0.000000
6,38.9800,40.3919,112.0042,-79.8114,-0.0609,-0.3156,-0.0753,-0.1396,-0.7233,-0.1725,35.9200,0.6573,69.4683,1.1915,-1.8072,1.9096,31.6029,-1.9304,66.4921,0.0000,0.0000,0.0000,0.0000,0.0000,0.0000,0.0000,0.0000,0.0000,5.00,3.00,2.00,0.0093,0.1494,0.0057,0,0.000000
6,39.0000,40.3221,111.6425,-79.8977,-0.0609,-0.3156,-0.0753,-0.1396,-0.7233,-0.1725,35.9103,0.6790,69.4628,1.1915,-1.8072,1.9096,31.6029,-1.9304,66.4921,0.0000,0.0000,0.0000,0.0000,0.0000,0.0000,0.0000,0.0000,0.0000,5.00,3.00,2.00,0.0093,0.1494,0.0057,0,0.000000
6,39.0200,40.2523,111.2809,-79.9839,-0.0609,-0.3156,-0.0753,-0.1396,-0.7233,-0.1725,35.9005,0.7005,69.4571,1.1915,-1.8072,1.9096,31.6029,-1.9304,66.4921,0.0000,0.0000,0.0000,0.0000,0.0000,0.0000,0.0000,0.0000,0.0000,5.00,3.00,2.00,0.0093,0.1494,0.0057,0,0.000000
6,39.0400,40.1826,110.9193,-80.0702,-0.0609,-0.3156,-0.0753,-0.1396,-0.7233,-0.1725,35.8906,0.7220,69.4513,1.1915,-1.8072,1.9096,31.6029,-1.9304,66.4921,0.0000,0.0000,0.0000,0.0000,0.0000,0.0000,0.0000,0.0000,0.0000,5.00,3.00,2.00,0.0093,0.1494,0.0057,0,0.000000
6,39.0600,40.1128,110.5576,-80.1565,-0.0609,-0.3156,-0.0753,-0.1938,0.0440,-0.5958,35.8806,0.7433,69.4453,-2.4506,5.3854,-1.4202,31.6029,-1.9304,66.4921,0.0000,0.0000,0.0000,0.0000,0.0000,0.0000,0.0000,0.0000,0.0000,5.00,3.00,2.00,0.0093,0.1494,0.0057,0,0.000000
6,39.0800,40.0159,110.5796,-80.4544,-0.0846,0.0192,-0.2600,-0.1938,0.0440,-0.5958,35.8703,0.7482,69.4411,-2.4506,5.3854,-1.4202,31.6029,-1.9304,66.4921,0.0000,0.0000,0.0000,0.0000,0.0000,0.0000,0.0000,0.0000,0.0000,5.00,3.00,2.00,0.0179,0.0006,0.0676,0,0.000000
6,39.1000,39.9189,110.6016,-80.7523,-0.0846,0.0192,-0.2600,-0.1938,0.0440,-0.5958,35.8599,0.7530,69.4369,-2.4506,5.3854,-1.4202,31.6029,-1.9304,66.4921,0.0000,0.0000,0.0000,0.0000,0.0000,0.0000,0.0000,0.0000,0.0000,5.00,3.00,2.00,0.0179,0.0006,0.0676,0,0.000000
6,39.1200,39.8220,110.6235,-81.0502,-0.0846,0.0192,-0.2600,-0.1938,0.0440,-0.5958,35.8495,0.7578,69.4326,-2.4506,5.3854,-1.4202,31.6029,-1.9304,66.4921,0.0000,0.0000,0.0000,0.0000,0.0000,0.0000,0.0000,0.0000,0.0000,5.00,3.00,2.00,0.0179,0.0006,0.0676,0,0.000000
6,39.1400,39.7251,110.6455,-81.3481,-0.0846,0.0192,-0.2600,-0.1938,0.0440,-0.5958,35.8391,0.7625,69.4282,-2.4506,5.3854,-1.4202,31.6029,-1.9304,66.4921,0.0000,0.0000,0.0000,0.0000,0.0000,0.0000,0.0000,0.0000,0.0000,5.00,3.00,2.00,0.0179,0.0006,0.0676,0,0.000000
6,39.1600,39.6282,110.6675,-81.6460,-0.0846,0.0192,-0.2600,0.1364,-0.5904,0.0811,35.8288,0.7672,69.4238,-2.5932,1.1963,-1.0777,31.6029,-1.9304,66.4921,0.0000,0.0000,0.0000,0.0000,0.0000,0.0000,0.0000,0.0000,0.0000,5.00,3.00,2.00,0.0179,0.0006,0.0676,0,0.000000
6,39.1800,39.6964,110.3723,-81.6055,0.0595,-0.2576,0.0354,0.1364,-0.5904,0.0811,35.8282,0.7821,69.4174,-2.5932,1.1963,-1.0777,31.6029,-1.9304,66.4921,0.0000,0.0000,0.0000,0.0000,0.0000,0.0000,0.0000,0.0000,0.0000,5.00,3.00,2.00,0.0089,0.0996,0.0013,0,0.000000
6,39.2000,39.7646,110.0771,-81.5650,0.0595,-0.2576,0.0354,0.1364,-0.5904,0.0811,35.8276,0.7970,69.4110,-2.5932,1.1963,-1.0777,31.6029,-1.9304,66.4921,0.0000,0.0000,0.0000,0.0000,0.0000,0.0000,0.0000,0.0000,0.0000,5.00,3.00,2.00,0.0089,0.0995,0.0013,0,0.000000
6,39.2200,39.8328,109.7819,-81.5244,0.0595,-0.2576,0.0354,0.1364,-0.5904,0.0811,35.8268,0.8119,69.4045,-2.5932,1.1963,-1.0777,31.6029,-1.9304,66.4921,0.0000,0.0000,0.0000,0.0000,0.0000,0.0000,0.0000,0.0000,0.0000,5.00,3.00,2.00,0.0089,0.0995,0.0013,0,0.000000
6,39.2400,39.9010,109.4867,-81.4839,0.0595,-0.2576,0.0354,0.1364,-0.5904,0.0811,35.8261,0.8267,69.3979,-2.5932,1.1963,-1.0777,31.6029,-1.9304,66.4921,0.0000,0.0000,0.0000,0.0000,0.0000,0.0000,0.0000,0.0000,0.0000,5.00,3.00,2.00,0.0089,0.0995,0.0013,0,0.000000
6,39.2600,39.9692,109.1915,-81.4433,0.0595,-0.2576,0.0354,0.1879,0.2084,0.4265,35.8253,0.8415,69.3914,-0.1760,3.7135,-1.6220,31.6029,-1.9304,66.4921,0.0000,0.0000,0.0000,0.0000,0.0000,0.0000,0.0000,0.0000,0.0000,5.00,3.00,2.00,0.0089,0.0995,0.0013,0,0.000000
6,39.2800,40.0632,109.2957,-81.2301,0.0820,0.0909,0.1861,0.1879,0.2084,0.4265,35.8355,0.8320,69.3959,-0.1760,3.7135,-1.6220,31.6029,-1.9304,66.4921,0.0000,0.0000,0.0000,0.0000,0.0000,0.0000,0.0000,0.0000,0.0000,5.00,3.00,2.00,0.0168,0.0124,0.0346,0,0.000000
6,39.3000,40.1571,109.3999,-81.0169,0.0820,0.0909,0.1861,0.1879,0.2084,0.4265,35.8458,0.8224,69.4004,-0.1760,3.7135,-1.6220,31.6029,-1.9304,66.4921,0.0000,0.0000,0.0000,0.0000,0.0000,0.0000,0.0000,0.0000,0.0000,5.00,3.00,2.00,0.0168,0.0124,0.0346,0,0.000000
6,39.3200,40.2511,109.5041,-80.8036,0.0820,0.0909,0.1861,0.1879,0.2084,0.4265,35.8561,0.8127,69.4048,-0.1760,3.7135,-1.6220,31.6029,-1.9304,66.4921,0.0000,0.0000,0.0000,0.0000,0.0000,0.0000,0.0000,0.0000,0.0000,5.00,3.00,2.00,0.0168,0.0124,0.0346,0,0.000000
6,39.3400,40.3451,109.6083,-80.5904,0.0820,0.0909,0.1861,0.1879,0.2084,0.4265,35.8664,0.8030,69.4092,-0.1760,3.7135,-1.6220,31.6029,-1.9304,66.4921,0.0000,0.0000,0.0000,0.0000,0.0000,0.0000,0.0000,0.0000,0.0000,5.00,3.00,2.00,0.0168,0.0124,0.0346,0,0.000000
6,39.3600,40.4390,109.7125,-80.3772,0.0820,0.0909,0.1861,0.1595,0.1747,0.2418,35.8767,0.7932,69.4135,2.5702,-2.4135,1.1066,31.6029,-1.9304,66.4921,0.0000,0.0000,0.0000,0.0000,0.0000,0.0000,0.0000,0.0000,0.0000,5.00,3.00,2.00,0.0168,0.0124,0.0346,0,0.000000
6,39.3800,40.5188,109.7999,-80.2563,0.0696,0.0762,0.1055,0.1595,0.1747,0.2418,35.8840,0.7862,69.4155,2.5702,-2.4135,1.1066,31.6029,-1.9304,66.4921,0.0000,0.0000,0.0000,0.0000,0.0000,0.0000,0.0000,0.0000,0.0000,5.00,3.00,2.00,0.0121,0.0087,0.0111,0,0.000000
6,39.4000,40.5985,109.8872,-80.1354,0.0696,0.0762,0.1055,0.1595,0.1747,0.2418,35.8913,0.7790,69.4174,2.5702,-2.4135,1.1066,31.6029,-1.9304,66.4921,0.0000,0.0000,0.0000,0.0000,0.0000,0.0000,0.0000,0.0000,0.0000,5.00,3.00,2.00,0.0121,0.0087,0.0111,0,0.000000
6,39.4200,40.6783,109.9746,-80.0145,0.0696,0.0762,0.1055,0.1595,0.1747,0.2418,35.8986,0.7719,69.4194,2.5702,-2.4135,1.1066,31.6029,-1.9304,66.4921,0.0000,0.0000,0.0000,0.0000,0.0000,0.0000,0.0000,0.0000,0.0000,5.00,3.00,2.00,0.0121,0.0087,0.0111,0,0.000000
6,39.4400,40.7580,110.0619,-79.8936,0.0696,0.0762,0.1055,0.1595,0.1747,0.2418,35.9059,0.7647,69.4213,2.5702,-2.4135,1.1066,31.6029,-1.9304,66.4921,0.0000,0.0000,0.0000,0.0000,0.0000,0.0000,0.0000,0.0000,0.0000,5.00,3.00,2.00,0.0121,0.0087,0.0111,0,0.000000
6,39.4600,40.8378,110.1493,-79.7727,0.0696,0.0762,0.1055,0.0499,-0.0182,-0.0335,35.9132,0.7576,69.4231,1.8284,-1.7840,0.4818,31.6029,-1.9304,66.4921,0.0000,0.0000,0.0000,0.0000,0.0000,0.0000,0.0000,0.0000,0.0000,5.00,3.00,2.00,0.0121,0.0087,0.0111,0,0.000000
6,39.4800,40.8627,110.1402,-79.7894,0.0218,-0.0079,-0.0146,0.0499,-0.0182,-0.0335,35.9137,0.7584,69.4216,1.8284,-1.7840,0.4818,31.6029,-1.9304,66.4921,0.0000,0.0000,0.0000,0.0000,0.0000,0.0000,0.0000,0.0000,0.0000,5.00,3.00,2.00,0.0012,0.0001,0.0002,0,0.000000
6,39.5000,40.8877,110.1311,-79.8062,0.0218,-0.0079,-0.0146,0.0499,-0.0182,-0.0335,35.9142,0.7592,69.4202,1.8284,-1.7840,0.4818,31.6029,-1.9304,66.4921,0.0000,0.0000,0.0000,0.0000,0.0000,0.0000,0.0000,0.0000,0.0000,5.00,3.00,2.00,0.0012,0.0001,0.0002,0,0.000000
6,39.5200,40.9126,110.1220,-79.8229,0.0218,-0.0079,-0.0146,0.0499,-0.0182,-0.0335,35.9147,0.7601,69.4187,1.8284,-1.7840,0.4818,31.6029,-1.9304,66.4921,0.0000,0.0000,0.0000,0.0000,0.0000,0.0000,0.0000,0.0000,0.0000,5.00,3.00,2.00,0.0012,0.0001,0.0002,0,0.000000
6,39.5400,40.9375,110.1129,-79.8396,0.0218,-0.0079,-0.0146,0.0499,-0.0182,-0.0335,35.9153,0.7609,69.4172,1.8284,-1.7840,0.4818,31.6029,-1.9304,66.4921,0.0000,0.0000,0.0000,0.0000,0.0000,0.0000,0.0000,0.0000,0.0000,5.00,3.00,2.00,0.0012,0.0001,0.0002,0,0.000000
6,39.5600,40.9625,110.1038,-79.8564,0.0218,-0.0079,-0.0146,-0.0454,-0.2306,-0.0349,35.9157,0.7617,69.4157,0.1261,0.2083,-0.3696,31.6029,-1.9304,66.4921,0.0000,0.0000,0.0000,0.0000,0.0000,0.0000,0.0000,0.0000,0.0000,5.00,3.00,2.00,0.0012,0.0001,0.0002,0,0.000000
6,39.5800,40.9398,109.9885,-79.8738,-0.0198,-0.1006,-0.0152,-0.0454,-0.2306,-0.0349,35.9127,0.7683,69.4141,0.1261,0.2083,-0.3696,31.6029,-1.9304,66.4921,0.0000,0.0000,0.0000,0.0000,0.0000,0.0000,0.0000,0.0000,0.0000,5.00,3.00,2.00,0.0010,0.0152,0.0002,0,0.000000
6,39.6000,40.9171,109.8732,-79.8913,-0.0198,-0.1006,-0.0152,-0.0454,-0.2306,-0.0349,35.9097,0.7749,69.4125,0.1261,0.2083,-0.3696,31.6029,-1.9304,66.4921,0.0000,0.0000,0.0000,0.0000,0.0000,0.0000,0.0000,0.0000,0.0000,5.00,3.00,2.00,0.0010,0.0152,0.0002,0,0.000000
6,39.6200,40.8944,109.7579,-79.9087,-0.0198,-0.1006,-0.0152,-0.0454,-0.2306,-0.0349,35.9066,0.7815,69.4108,0.1261,0.2083,-0.3696,31.6029,-1.9304,66.4921,0.0000,0.0000,0.0000,0.0000,0.0000,0.0000,0.0000,0.0000,0.0000,5.00,3.00,2.00,0.0010,0.0152,0.0002,0,0.000000
6,39.6400,40.8717,109.6426,-79.9261,-0.0198,-0.1006,-0.0152,-0.0454,-0.2306,-0.0349,35.9036,0.7880,69.4091,0.1261,0.2083,-0.3696,31.6029,-1.9304,66.4921,0.0000,0.0000,0.0000,0.0000,0.0000,0.0000,0.0000,0.0000,0.0000,5.00,3.00,2.00,0.0010,0.0152,0.0002,0,0.000000
6,39.6600,40.8491,109.5273,-79.9436,-0.0198,-0.1006,-0.0152,-0.4618,-0.1090,-0.3842,35.9005,0.7946,69.4075,-0.7622,1.6420,-0.4128,31.6029,-1.9304,66.4921,0.0000,0.0000,0.0000,0.0000,0.0000,0.0000,0.0000,0.0000,0.0000,5.00,3.00,2.00,0.0010,0.0152,0.0002,0,0.000000
6,39.6800,40.6182,109.4728,-80.1357,-0.2015,-0.0476,-0.1676,-0.4618,-0.1090,-0.3842,35.8859,0.8013,69.4095,-0.7622,1.6420,-0.4128,31.6029,-1.9304,66.4921,0.0000,0.0000,0.0000,0.0000,0.0000,0.0000,0.0000,0.0000,0.0000,5.00,3.00,2.00,0.1015,0.0034,0.0281,0,0.000000
6,39.7000,40.3873,109.4183,-80.3277,-0.2015,-0.0476,-0.1676,-0.4618,-0.1090,-0.3842,35.8712,0.8080,69.4114,-0.7622,1.6420,-0.4128,31.6029,-1.9304,66.4921,0.0000,0.0000,0.0000,0.0000,0.0000,0.0000,0.0000,0.0000,0.0000,5.00,3.00,2.00,0.1015,0.0034,0.0281,0,0.000000
6,39.7200,40.1564,109.3638,-80.5198,-0.2015,-0.0476,-0.1676,-0.4618,-0.1090,-0.3842,35.8566,0.8147,69.4132,-0.7622,1.6420,-0.4128,31.6029,-1.9304,66.4921,0.0000,0.0000,0.0000,0.0000,0.0000,0.0000,0.0000,0.0000,0.0000,5.00,3.00,2.00,0.1015,0.0034,0.0281,0,0.000000
6,39.7400,39.9255,109.3093,-80.7119,-0.2015,-0.0476,-0.1676,-0.4618,-0.1090,-0.3842,35.8420,0.8213,69.4150,-0.7622,1.6420,-0.4128,31.6029,-1.9304,66.4921,0.0000,0.0000,0.0000,0.0000,0.0000,0.0000,0.0000,0.0000,0.0000,5.00,3.00,2.00,0.1015,0.0034,0.0281,0,0.000000
6,39.7600,39.6946,109.2548,-80.9040,-0.2015,-0.0476,-0.1676,-0.2002,-0.1726,-0.2919,35.8274,0.8279,69.4166,-3.6562,1.6674,0.4555,31.6029,-1.9304,66.4921,0.0000,0.0000,0.0000,0.0000,0.0000,0.0000,0.0000,0.0000,0.0000,5.00,3.00,2.00,0.1015,0.0034,0.0281,0,0.000000
6,39.7800,39.5945,109.1685,-81.0499,-0.0874,-0.0753,-0.1274,-0.2002,-0.1726,-0.2919,35.8187,0.8353,69.4144,-3.6562,1.6674,0.4555,31.6029,-1.9304,66.4921,0.0000,0.0000,0.0000,0.0000,0.0000,0.0000,0.0000,0.0000,0.0000,5.00,3.00,2.00,0.0191,0.0085,0.0162,0,0.000000
6,39.8000,39.4943,109.0822,-81.1959,-0.0874,-0.0753,-0.1274,-0.2002,-0.1726,-0.2919,35.8100,0.8426,69.4122,-3.6562,1.6674,0.4555,31.6029,-1.9304,66.4921,0.0000,0.0000,0.0000,0.0000,0.0000,0.0000,0.0000,0.0000,0.0000,5.00,3.00,2.00,0.0191,0.0085,0.0162,0,0.000000
6,39.8200,39.3942,108.9959,-81.3418,-0.0874,-0.0753,-0.1274,-0.2002,-0.1726,-0.2919,35.8013,0.8499,69.4099,-3.6562,1.6674,0.4555,31.6029,-1.9304,66.4921,0.0000,0.0000,0.0000,0.0000,0.0000,0.0000,0.0000,0.0000,0.0000,5.00,3.00,2.00,0.0191,0.0085,0.0162,0,0.000000
6,39.8400,39.2941,108.9095,-81.4877,-0.0874,-0.0753,-0.1274,-0.2002,-0.1726,-0.2919,35.7925,0.8572,69.4076,-3.6562,1.6674,0.4555,31.6029,-1.9304,66.4921,0.0000,0.0000,0.0000,0.0000,0.0000,0.0000,0.0000,0.0000,0.0000,5.00,3.00,2.00,0.0191,0.0085,0.0162,0,0.000000
6,39.8600,39.1940,108.8232,-81.6337,-0.0874,-0.0753,-0.1274,0.1833,-0.1153,0.3203,35.7838,0.8644,69.4052,-2.1776,1.8252,-0.5684,31.6029,-1.9304,66.4921,0.0000,0.0000,0.0000,0.0000,0.0000,0.0000,0.0000,0.0000,0.0000,5.00,3.00,2.00,0.0191,0.0085,0.0162,0,0.000000
6,39.8800,39.2856,108.7656,-81.4735,0.0800,-0.0503,0.1398,0.1833,-0.1153,0.3203,35.7903,0.8645,69.4055,-2.1776,1.8252,-0.5684,31.6029,-1.9304,66.4921,0.0000,0.0000,0.0000,0.0000,0.0000,0.0000,0.0000,0.0000,0.0000,5.00,3.00,2.00,0.0160,0.0038,0.0195,0,0.000000
6,39.9000,39.3773,108.7079,-81.3134,0.0800,-0.0503,0.1397,0.1833,-0.1153,0.3203,35.7968,0.8645,69.4058,-2.1776,1.8252,-0.5684,31.6029,-1.9304,66.4921,0.0000,0.0000,0.0000,0.0000,0.0000,0.0000,0.0000,0.0000,0.0000,5.00,3.00,2.00,0.0160,0.0038,0.0195,0,0.000000
6,39.9200,39.4690,108.6503,-81.1533,0.0800,-0.0503,0.1397,0.1833,-0.1153,0.3203,35.8033,0.8646,69.4061,-2.1776,1.8252,-0.5684,31.6029,-1.9304,66.4921,0.0000,0.0000,0.0000,0.0000,0.0000,0.0000,0.0000,0.0000,0.0000,5.00,3.00,2.00,0.0160,0.0038,0.0195,0,0.000000
6,39.9400,39.5606,108.5926,-80.9931,0.0800,-0.0503,0.1397,0.1833,-0.1153,0.3203,35.8097,0.8646,69.4064,-2.1776,1.8252,-0.5684,31.6029,-1.9304,66.4921,0.0000,0.0000,0.0000,0.0000,0.0000,0.0000,0.0000,0.0000,0.0000,5.00,3.00,2.00,0.0160,0.0038,0.0195,0,0.000000
6,39.9600,39.6523,108.5350,-80.8330,0.0800,-0.0503,0.1398,0.6278,-0.2104,0.0237,35.8162,0.8647,69.4066,1.6201,0.0131,0.0713,31.6029,-1.9304,66.4921,0.0000,0.0000,0.0000,0.0000,0.0000,0.0000,0.0000,0.0000,0.0000,5.00,3.00,2.00,0.0160,0.0038,0.0195,0,0.000000
6,39.9800,39.9662,108.4298,-80.8211,0.2739,-0.0918,0.0103,0.6278,-0.2104,0.0237,35.8276,0.8700,69.3944,1.6201,0.0131,0.0713,31.6029,-1.9304,66.4921,0.0000,0.0000,0.0000,0.0000,0.0000,0.0000,0.0000,0.0000,0.0000,5.00,3.00,2.00,0.1876,0.0126,0.0001,0,0.000000
6,40.0000,40.2801,108.3246,-80.8093,0.2739,-0.0918,0.0103,0.6278,-0.2104,0.0237,35.8389,0.8753,69.3821,1.6201,0.0131,0.0713,31.6029,-1.9304,66.4921,0.0000,0.0000,0.0000,0.0000,0.0000,0.0000,0.0000,0.0000,0.0000,5.00,3.00,2.00,0.1876,0.0126,0.0001,0,0.000000
6,40.0200,40.5940,108.2194,-80.7975,0.2739,-0.0918,0.0103,0.6278,-0.2104,0.0237,35.8501,0.8807,69.3697,1.6201,0.0131,0.0713,31.6029,-1.9304,66.4921,0.0000,0.0000,0.0000,0.0000,0.0000,0.0000,0.0000,0.0000,0.0000,5.00,3.00,2.00,0.1876,0.0126,0.0001,0,0.000000
6,40.0400,40.9079,108.1142,-80.7857,0.2739,-0.0918,0.0103,0.6278,-0.2104,0.0237,35.8612,0.8860,69.3573,1.6201,0.0131,0.0713,31.6029,-1.9304,66.4921,0.0000,0.0000,0.0000,0.0000,0.0000,0.0000,0.0000,0.0000,0.0000,5.00,3.00,2.00,0.1876,0.0126,0.0001,0,0.000000
6,40.0600,41.2218,108.0090,-80.7738,0.2739,-0.0918,0.0103,-0.0972,0.0851,0.0250,35.8722,0.8913,69.3447,2.7987,1.3315,-3.0949,31.6029,-1.9304,66.4921,0.0000,0.0000,0.0000,0.0000,0.0000,0.0000,0.0000,0.0000,0.0000,5.00,3.00,2.00,0.1876,0.0126,0.0001,0,0.000000
6,40.0800,41.1731,108.0515,-80.7613,-0.0424,0.0371,0.0109,-0.0972,0.0851,0.0250,35.8713,0.8888,69.3476,2.7987,1.3315,-3.0949,31.6029,-1.9304,66.4921,0.0000,0.0000,0.0000,0.0000,0.0000,0.0000,0.0000,0.0000,0.0000,5.00,3.00,2.00,0.0045,0.0021,0.0001,0,0.000000
6,40.1000,41.1245,108.0941,-80.7489,-0.0424,0.0371,0.0109,-0.0972,0.0851,0.0250,35.8703,0.8864,69.3504,2.7987,1.3315,-3.0949,31.6029,-1.9304,66.4921,0.0000,0.0000,0.0000,0.0000,0.0000,0.0000,0.0000,0.0000,0.0000,5.00,3.00,2.00,0.0045,0.0021,0.0001,0,0.000000
6,40.1200,41.0759,108.1366,-80.7364,-0.0424,0.0371,0.0109,-0.0972,0.0851,0.0250,35.8694,0.8839,69.3532,2.7987,1.3315,-3.0949,31.6029,-1.9304,66.4921,0.0000,0.0000,0.0000,0.0000,0.0000,0.0000,0.0000,0.0000,0.0000,5.00,3.00,2.00,0.0045,0.0021,0.0001,0,0.000000
6,40.1400,41.0273,108.1791,-80.7239,-0.0424,0.0371,0.0109,-0.0972,0.0851,0.0250,35.8684,0.8814,69.3560,2.7987,1.3315,-3.0949,31.6029,-1.9304,66.4921,0.0000,0.0000,0.0000,0.0000,0.0000,0.0000,0.0000,0.0000,0.0000,5.00,3.00,2.00,0.0045,0.0021,0.0001,0,0.000000
6,40.1600,40.9787,108.2217,-80.7114,-0.0424,0.0371,0.0109,-0.5295,-0.8639,-0.3368,35.8675,0.8789,69.3588,-0.2365,-0.6183,0.7034,31.6029,-1.9304,66.4921,0.0000,0.0000,0.0000,0.0000,0.0000,0.0000,0.0000,0.0000,0.0000,5.00,3.00,2.00,0.0045,0.0021,0.0001,0,0.000000
6,40.1800,40.7139,107.7897,-80.8798,-0.2310,-0.3770,-0.1470,-0.5295,-0.8639,-0.3368,35.8460,0.9048,69.3552,-0.2365,-0.6183,0.7034,31.6029,-1.9304,66.4921,0.0000,0.0000,0.0000,0.0000,0.0000,0.0000,0.0000,0.0000,0.0000,5.00,3.00,2.00,0.1335,0.2132,0.0216,0,0.000000
6,40.2000,40.4492,107.3577,-81.0482,-0.2310,-0.3770,-0.1470,-0.5295,-0.8639,-0.3368,35.8244,0.9304,69.3513,-0.2365,-0.6183,0.7034,31.6029,-1.9304,66.4921,0.0000,0.0000,0.0000,0.0000,0.0000,0.0000,0.0000,0.0000,0.0000,5.00,3.00,2.00,0.1335,0.2132,0.0216,0,0.000000
6,40.2200,40.1844,106.9258,-81.2166,-0.2310,-0.3770,-0.1470,-0.5295,-0.8639,-0.3368,35.8027,0.9559,69.3471,-0.2365,-0.6183,0.7034,31.6029,-1.9304,66.4921,0.0000,0.0000,0.0000,0.0000,0.0000,0.0000,0.0000,0.0000,0.0000,5.00,3.00,2.00,0.1335,0.2132,0.0216,0,0.000000
6,40.2400,39.9197,106.4938,-81.3849,-0.2310,-0.3770,-0.1469,-0.5295,-0.8639,-0.3368,35.7810,0.9811,69.3426,-0.2365,-0.6183,0.7034,31.6029,-1.9304,66.4921,0.0000,0.0000,0.0000,0.0000,0.0000,0.0000,0.0000,0.0000,0.0000,5.00,3.00,2.00,0.1335,0.2132,0.0216,0,0.000000
6,40.2600,39.6549,106.0618,-81.5533,-0.2310,-0.3770,-0.1469,0.4881,0.3423,0.3000,35.7593,1.0062,69.3377,-5.4100,6.3631,-1.0551,31.6029,-1.9304,66.4921,0.0000,0.0000,0.0000,0.0000,0.0000,0.0000,0.0000,0.0000,0.0000,5.00,3.00,2.00,0.1335,0.2132,0.0216,0,0.000000
6,40.2800,39.8990,106.2329,-81.4033,0.2130,0.1494,0.1309,0.4881,0.3423,0.3000,35.7754,0.9949,69.3374,-5.4100,6.3631,-1.0551,31.6029,-1.9304,66.4921,0.0000,0.0000,0.0000,0.0000,0.0000,0.0000,0.0000,0.0000,0.0000,5.00,3.00,2.00,0.1134,0.0335,0.0171,0,0.000000
6,40.3000,40.1430,106.4041,-81.2534,0.2130,0.1494,0.1309,0.4881,0.3423,0.3000,35.7914,0.9835,69.3370,-5.4100,6.3631,-1.0551,31.6029,-1.9304,66.4921,0.0000,0.0000,0.0000,0.0000,0.0000,0.0000,0.0000,0.0000,0.0000,5.00,3.00,2.00,0.1134,0.0335,0.0171,0,0.000000
6,40.3200,40.3871,106.5753,-81.1034,0.2130,0.1494,0.1309,0.4881,0.3423,0.3000,35.8075,0.9721,69.3365,-5.4100,6.3631,-1.0551,31.6029,-1.9304,66.4921,0.0000,0.0000,0.0000,0.0000,0.0000,0.0000,0.0000,0.0000,0.0000,5.00,3.00,2.00,0.1134,0.0335,0.0171,0,0.000000
6,40.3400,40.6312,106.7464,-80.9534,0.2130,0.1494,0.1309,0.4881,0.3423,0.3000,35.8236,0.9606,69.3358,-5.4100,6.3631,-1.0551,31.6029,-1.9304,66.4921,0.0000,0.0000,0.0000,0.0000,0.0000,0.0000,0.0000,0.0000,0.0000,5.00,3.00,2.00,0.1134,0.0335,0.0171,0,0.000000
6,40.3600,40.8752,106.9176,-80.8034,0.2130,0.1494,0.1309,0.3868,0.4512,0.0034,35.8397,0.9490,69.3350,4.0195,-2.8594,-0.1347,31.6029,-1.9304,66.4921,0.0000,0.0000,0.0000,0.0000,0.0000,0.0000,0.0000,0.0000,0.0000,5.00,3.00,2.00,0.1134,0.0335,0.0171,0,0.000000
6,40.3800,41.0686,107.1432,-80.8017,0.1688,0.1969,0.0015,0.3868,0.4512,0.0034,35.8511,0.9372,69.3328,4.0195,-2.8594,-0.1347,31.6029,-1.9304,66.4921,0.0000,0.0000,0.0000,0.0000,0.0000,0.0000,0.0000,0.0000,0.0000,5.00,3.00,2.00,0.0712,0.0581,0.0000,0,0.000000
6,40.4000,41.2621,107.3688,-80.8000,0.1688,0.1969,0.0015,0.3868,0.4512,0.0034,35.8626,0.9254,69.3306,4.0195,-2.8594,-0.1347,31.6029,-1.9304,66.4921,0.0000,0.0000,0.0000,0.0000,0.0000,0.0000,0.0000,0.0000,0.0000,5.00,3.00,2.00,0.0712,0.0581,0.0000,0,0.000000
6,40.4200,41.4555,107.5944,-80.7983,0.1688,0.1969,0.0015,0.3868,0.4512,0.0034,35.8740,0.9135,69.3282,4.0195,-2.8594,-0.1347,31.6029,-1.9304,66.4921,0.0000,0.0000,0.0000,0.0000,0.0000,0.0000,0.0000,0.0000,0.0000,5.00,3.00,2.00,0.0712,0.0581,0.0000,0,0.000000
6,40.4400,41.6489,107.8200,-80.7966,0.1688,0.1969,0.0015,0.3868,0.4512,0.0034,35.8854,0.9017,69.3257,4.0195,-2.8594,-0.1347,31.6029,-1.9304,66.4921,0.0000,0.0000,0.0000,0.0000,0.0000,0.0000,0.0000,0.0000,0.0000,5.00,3.00,2.00,0.0712,0.0581,0.0000,0,0.000000
6,40.4600,41.8423,108.0456,-80.7949,0.1688,0.1969,0.0015,0.2398,-0.2142,0.2703,35.8968,0.8898,69.3232,2.8545,-2.9622,-0.5905,31.6029,-1.9304,66.4921,0.0000,0.0000,0.0000,0.0000,0.0000,0.0000,0.0000,0.0000,0.0000,5.00,3.00,2.00,0.0712,0.0581,0.0000,0,0.000000
6,40.4800,41.9622,107.9385,-80.6597,0.1046,-0.0935,0.1180,0.2398,-0.2142,0.2703,35.9029,0.8929,69.3206,2.8545,-2.9622,-0.5905,31.6029,-1.9304,66.4921,0.0000,0.0000,0.0000,0.0000,0.0000,0.0000,0.0000,0.0000,0.0000,5.00,3.00,2.00,0.0274,0.0131,0.0139,0,0.000000
6,40.5000,42.0821,107.8314,-80.5245,0.1046,-0.0935,0.1180,0.2398,-0.2142,0.2703,35.9091,0.8961,69.3180,2.8545,-2.9622,-0.5905,31.6029,-1.9304,66.4921,0.0000,0.0000,0.0000,0.0000,0.0000,0.0000,0.0000,0.0000,0.0000,5.00,3.00,2.00,0.0274,0.0131,0.0139,0,0.000000
6,40.5200,42.2020,107.7243,-80.3893,0.1046,-0.0935,0.1180,0.2398,-0.2142,0.2703,35.9152,0.8992,69.3154,2.8545,-2.9622,-0.5905,31.6029,-1.9304,66.4921,0.0000,0.0000,0.0000,0.0000,0.0000,0.0000,0.0000,0.0000,0.0000,5.00,3.00,2.00,0.0274,0.0131,0.0139,0,0.000000
6,40.5400,42.3219,107.6172,-80.2542,0.1046,-0.0935,0.1180,0.2398,-0.2142,0.2703,35.9214,0.9023,69.3128,2.8545,-2.9622,-0.5905,31.6029,-1.9304,66.4921,0.0000,0.0000,0.0000,0.0000,0.0000,0.0000,0.0000,0.0000,0.0000,5.00,3.00,2.00,0.0274,0.0131,0.0139,0,0.000000
6,40.5600,42.4418,107.5101,-80.1190,0.1046,-0.0935,0.1180,0.1281,0.4046,0.2025,35.9275,0.9055,69.3101,1.5377,0.7853,-0.6565,31.6029,-1.9304,66.4921,0.0000,0.0000,0.0000,0.0000,0.0000,0.0000,0.0000,0.0000,0.0000,5.00,3.00,2.00,0.0274,0.0131,0.0139,0,0.000000
6,40.5800,42.5059,107.7124,-80.0177,0.0559,0.1766,0.0884,0.1281,0.4046,0.2025,35.9359,0.8929,69.3142,1.5377,0.7853,-0.6565,31.6029,-1.9304,66.4921,0.0000,0.0000,0.0000,0.0000,0.0000,0.0000,0.0000,0.0000,0.0000,5.00,3.00,2.00,0.0078,0.0468,0.0078,0,0.000000
6,40.6000,42.5699,107.9147,-79.9164,0.0559,0.1765,0.0884,0.1281,0.4046,0.2025,35.9442,0.8802,69.3182,1.5377,0.7853,-0.6565,31.6029,-1.9304,66.4921,0.0000,0.0000,0.0000,0.0000,0.0000,0.0000,0.0000,0.0000,0.0000,5.00,3.00,2.00,0.0078,0.0468,0.0078,0,0.000000
6,40.6200,42.6340,108.1170,-79.8152,0.0559,0.1766,0.0884,0.1281,0.4046,0.2025,35.9525,0.8676,69.3222,1.5377,0.7853,-0.6565,31.6029,-1.9304,66.4921,0.0000,0.0000,0.0000,0.0000,0.0000,0.0000,0.0000,0.0000,0.0000,5.00,3.00,2.00,0.0078,0.0468,0.0078,0,0.000000
6,40.6400,42.6980,108.3194,-79.7139,0.0559,0.1765,0.0884,0.1281,0.4046,0.2025,35.9608,0.8548,69.3262,1.5377,0.7853,-0.6565,31.6029,-1.9304,66.4921,0.0000,0.0000,0.0000,0.0000,0.0000,0.0000,0.0000,0.0000,0.0000,5.00,3.00,2.00,0.0078,0.0468,0.0078,0,0.000000
6,40.6600,42.7621,108.5217,-79.6127,0.0559,0.1766,0.0884,0.0410,-0.1719,-0.3338,35.9690,0.8420,69.3301,2.0763,-3.1732,0.9995,31.6029,-1.9304,66.4921,0.0000,0.0000,0.0000,0.0000,0.0000,0.0000,0.0000,0.0000,0.0000,5.00,3.00,2.00,0.0078,0.0468,0.0078,0,0.000000
6,40.6800,42.7826,108.4357,-79.7796,0.0179,-0.0750,-0.1457,0.0410,-0.1719,-0.3338,35.9644,0.8499,69.3235,2.0763,-3.1732,0.9995,31.6029,-1.9304,66.4921,0.0000,0.0000,0.0000,0.0000,0.0000,0.0000,0.0000,0.0000,0.0000,5.00,3.00,2.00,0.0008,0.0084,0.0212,0,0.000000
6,40.7000,42.8031,108.3497,-79.9465,0.0179,-0.0750,-0.1457,0.0410,-0.1719,-0.3338,35.9598,0.8577,69.3169,2.0763,-3.1732,0.9995,31.6029,-1.9304,66.4921,0.0000,0.0000,0.0000,0.0000,0.0000,0.0000,0.0000,0.0000,0.0000,5.00,3.00,2.00,0.0008,0.0084,0.0212,0,0.000000
6,40.7200,42.8235,108.2638,-80.1134,0.0179,-0.0750,-0.1457,0.0410,-0.1719,-0.3338,35.9551,0.8654,69.3102,2.0763,-3.1732,0.9995,31.6029,-1.9304,66.4921,0.0000,0.0000,0.0000,0.0000,0.0000,0.0000,0.0000,0.0000,0.0000,5.00,3.00,2.00,0.0008,0.0084,0.0212,0,0.000000
6,40.7400,42.8440,108.1778,-80.2803,0.0179,-0.0750,-0.1457,0.0410,-0.1719,-0.3338,35.9505,0.8732,69.3036,2.0763,-3.1732,0.9995,31.6029,-1.9304,66.4921,0.0000,0.0000,0.0000,0.0000,0.0000,0.0000,0.0000,0.0000,0.0000,5.00,3.00,2.00,0.0008,0.0084,0.0212,0,0.000000
6,40.7600,42.8645,108.0918,-80.4472,0.0179,-0.0750,-0.1457,-0.2415,-0.2260,-0.1215,35.9458,0.8809,69.2969,-1.1635,1.9422,-1.6571,31.6029,-1.9304,66.4921,0.0000,0.0000,0.0000,0.0000,0.0000,0.0000,0.0000,0.0000,0.0000,5.00,3.00,2.00,0.0008,0.0084,0.0212,0,0.000000
6,40.7800,42.7438,107.9788,-80.5080,-0.1054,-0.0986,-0.0530,-0.2415,-0.2260,-0.1215,35.9377,0.8880,69.2976,-1.1635,1.9422,-1.6571,31.6029,-1.9304,66.4921,0.0000,0.0000,0.0000,0.0000,0.0000,0.0000,0.0000,0.0000,0.0000,5.00,3.00,2.00,0.0278,0.0146,0.0028,0,0.000000
6,40.8000,42.6230,107.8658,-80.5688,-0.1054,-0.0986,-0.0530,-0.2415,-0.2260,-0.1215,35.9297,0.8951,69.2983,-1.1635,1.9422,-1.6571,31.6029,-1.9304,66.4921,0.0000,0.0000,0.0000,0.0000,0.0000,0.0000,0.0000,0.0000,0.0000,5.00,3.00,2.00,0.0278,0.0146,0.0028,0,0.000000
6,40.8200,42.5023,107.7528,-80.6296,-0.1054,-0.0986,-0.0530,-0.2415,-0.2260,-0.1215,35.9216,0.9021,69.2989,-1.1635,1.9422,-1.6571,31.6029,-1.9304,66.4921,0.0000,0.0000,0.0000,0.0000,0.0000,0.0000,0.0000,0.0000,0.0000,5.00,3.00,2.00,0.0278,0.0146,0.0028,0,0.000000
6,40.8400,42.3815,107.6398,-80.6903,-0.1054,-0.0986,-0.0530,-0.2415,-0.2260,-0.1215,35.9135,0.9092,69.2995,-1.1635,1.9422,-1.6571,31.6029,-1.9304,66.4921,0.0000,0.0000,0.0000,0.0000,0.0000,0.0000,0.0000,0.0000,0.0000,5.00,3.00,2.00,0.0278,0.0146,0.0028,0,0.000000
6,40.8600,42.2608,107.5268,-80.7511,-0.1054,-0.0986,-0.0530,0.5348,-0.0625,-0.5649,35.9054,0.9162,69.3000,-2.0164,1.7681,0.1541,31.6029,-1.9304,66.4921,0.0000,0.0000,0.0000,0.0000,0.0000,0.0000,0.0000,0.0000,0.0000,5.00,3.00,2.00,0.0278,0.0146,0.0028,0,0.000000
6,40.8800,42.5282,107.4955,-81.0336,0.2333,-0.0273,-0.2465,0.5348,-0.0625,-0.5649,35.9084,0.9230,69.2825,-2.0164,1.7681,0.1541,31.6029,-1.9304,66.4921,0.0000,0.0000,0.0000,0.0000,0.0000,0.0000,0.0000,0.0000,0.0000,5.00,3.00,2.00,0.1361,0.0011,0.0608,0,0.000000
6,40.9000,42.7956,107.4643,-81.3160,0.2333,-0.0273,-0.2465,0.5348,-0.0625,-0.5649,35.9111,0.9297,69.2649,-2.0164,1.7681,0.1541,31.6029,-1.9304,66.4921,0.0000,0.0000,0.0000,0.0000,0.0000,0.0000,0.0000,0.0000,0.0000,5.00,3.00,2.00,0.1361,0.0011,0.0608,0,0.000000
6,40.9200,43.0630,107.4331,-81.5985,0.2333,-0.0273,-0.2465,0.5348,-0.0625,-0.5649,35.9138,0.9363,69.2473,-2.0164,1.7681,0.1541,31.6029,-1.9304,66.4921,0.0000,0.0000,0.0000,0.0000,0.0000,0.0000,0.0000,0.0000,0.0000,5.00,3.00,2.00,0.1361,0.0011,0.0608,0,0.000000
6,40.9400,43.3304,107.4018,-81.8809,0.2333,-0.0273,-0.2465,0.5348,-0.0625,-0.5649,35.9163,0.9428,69.2298,-2.0164,1.7681,0.1541,31.6029,-1.9304,66.4921,0.0000,0.0000,0.0000,0.0000,0.0000,0.0000,0.0000,0.0000,0.0000,5.00,3.00,2.00,0.1361,0.0011,0.0608,0,0.000000
6,40.9600,43.5977,107.3705,-82.1633,0.2333,-0.0273,-0.2465,0.3551,0.6418,-0.3231,35.9187,0.9493,69.2122,0.6607,1.6558,-4.3880,31.6029,-1.9304,66.4921,0.0000,0.0000,0.0000,0.0000,0.0000,0.0000,0.0000,0.0000,0.0000,5.00,3.00,2.00,0.1361,0.0011,0.0608,0,0.000000
6,40.9800,43.7753,107.6915,-82.3249,0.1549,0.2800,-0.1410,0.3551,0.6418,-0.3231,35.9269,0.9356,69.2076,0.6607,1.6558,-4.3880,31.6029,-1.9304,66.4921,0.0000,0.0000,0.0000,0.0000,0.0000,0.0000,0.0000,0.0000,0.0000,5.00,3.00,2.00,0.0600,0.1176,0.0199,0,0.000000
6,41.0000,43.9528,108.0124,-82.4864,0.1549,0.2800,-0.1410,0.3551,0.6418,-0.3231,35.9351,0.9219,69.2029,0.6607,1.6558,-4.3880,31.6029,-1.9304,66.4921,0.0000,0.0000,0.0000,0.0000,0.0000,0.0000,0.0000,0.0000,0.0000,5.00,3.00,2.00,0.0600,0.1176,0.0199,0,0.000000
6,41.0200,44.1304,108.3333,-82.6480,0.1549,0.2800,-0.1410,0.3551,0.6418,-0.3231,35.9432,0.9081,69.1982,0.6607,1.6558,-4.3880,31.6029,-1.9304,66.4921,0.0000,0.0000,0.0000,0.0000,0.0000,0.0000,0.0000,0.0000,0.0000,5.00,3.00,2.00,0.0600,0.1176,0.0199,0,0.000000
6,41.0400,44.3079,108.6542,-82.8095,0.1549,0.2800,-0.1410,0.3551,0.6418,-0.3231,35.9512,0.8944,69.1933,0.6607,1.6558,-4.3880,31.6029,-1.9304,66.4921,0.0000,0.0000,0.0000,0.0000,0.0000,0.0000,0.0000,0.0000,0.0000,5.00,3.00,2.00,0.0600,0.1176,0.0199,0,0.000000
6,41.0600,44.4855,108.9751,-82.9711,0.1549,0.2800,-0.1410,-0.4640,0.0722,0.0121,35.9592,0.8807,69.1884,2.0298,-3.4322,-1.1936,31.6029,-1.9304,66.4921,0.0000,0.0000,0.0000,0.0000,0.0000,0.0000,0.0000,0.0000,0.0000,5.00,3.00,2.00,0.0600,0.1176,0.0199,0,0.000000
6,41.0800,44.2535,109.0112,-82.9650,-0.2025,0.0315,0.0053,-0.4640,0.0722,0.0121,35.9515,0.8787,69.1976,2.0298,-3.4322,-1.1936,31.6029,-1.9304,66.4921,0.0000,0.0000,0.0000,0.0000,0.0000,0.0000,0.0000,0.0000,0.0000,5.00,3.00,2.00,0.1025,0.0015,0.0000,0,0.000000
6,41.1000,44.0215,109.0473,-82.9590,-0.2025,0.0315,0.0053,-0.4640,0.0722,0.0121,35.9436,0.8768,69.2067,2.0298,-3.4322,-1.1936,31.6029,-1.9304,66.4921,0.0000,0.0000,0.0000,0.0000,0.0000,0.0000,0.0000,0.0000,0.0000,5.00,3.00,2.00,0.1025,0.0015,0.0000,0,0.000000
6,41.1200,43.7895,109.0834,-82.9529,-0.2025,0.0315,0.0053,-0.4640,0.0722,0.0121,35.9357,0.8748,69.2158,2.0298,-3.4322,-1.1936,31.6029,-1.9304,66.4921,0.0000,0.0000,0.0000,0.0000,0.0000,0.0000,0.0000,0.0000,0.0000,5.00,3.00,2.00,0.1025,0.0015,0.0000,0,0.000000
6,41.1400,43.5575,109.1195,-82.9469,-0.2025,0.0315,0.0053,-0.4640,0.0722,0.0121,35.9278,0.8728,69.2249,2.0298,-3.4322,-1.1936,31.6029,-1.9304,66.4921,0.0000,0.0000,0.0000,0.0000,0.0000,0.0000,0.0000,0.0000,0.0000,5.00,3.00,2.00,0.1025,0.0015,0.0000,0,0.000000
6,41.1600,43.3255,109.1556,-82.9409,-0.2025,0.0315,0.0053,-0.5083,0.8211,0.2636,35.9199,0.8708,69.2339,-1.9691,-0.4937,2.2785,31.6029,-1.9304,66.4921,0.0000,0.0000,0.0000,0.0000,0.0000,0.0000,0.0000,0.0000,0.0000,5.00,3.00,2.00,0.1025,0.0015,0.0000,0,0.000000
6,41.1800,43.0714,109.5662,-82.8090,-0.2218,0.3583,0.1150,-0.5083,0.8211,0.2636,35.9203,0.8471,69.2537,-1.9691,-0.4937,2.2785,31.6029,-1.9304,66.4921,0.0000,0.0000,0.0000,0.0000,0.0000,0.0000,0.0000,0.0000,0.0000,5.00,3.00,2.00,0.1230,0.1926,0.0132,0,0.000000
6,41.2000,42.8173,109.9768,-82.6772,-0.2218,0.3583,0.1150,-0.5083,0.8211,0.2636,35.9205,0.8233,69.2734,-1.9691,-0.4937,2.2785,31.6029,-1.9304,66.4921,0.0000,0.0000,0.0000,0.0000,0.0000,0.0000,0.0000,0.0000,0.0000,5.00,3.00,2.00,0.1230,0.1926,0.0132,0,0.000000
6,41.2200,42.5631,110.3873,-82.5454,-0.2218,0.3583,0.1150,-0.5083,0.8211,0.2636,35.9205,0.7993,69.2929,-1.9691,-0.4937,2.2785,31.6029,-1.9304,66.4921,0.0000,0.0000,0.0000,0.0000,0.0000,0.0000,0.0000,0.0000,0.0000,5.00,3.00,2.00,0.1230,0.1926,0.0132,0,0.000000
6,41.2400,42.3090,110.7979,-82.4136,-0.2218,0.3583,0.1150,-0.5083,0.8211,0.2636,35.9201,0.7752,69.3124,-1.9691,-0.4937,2.2785,31.6029,-1.9304,66.4921,0.0000,0.0000,0.0000,0.0000,0.0000,0.0000,0.0000,0.0000,0.0000,5.00,3.00,2.00,0.1230,0.1926,0.0132,0,0.000000
6,41.2600,42.0549,111.2085,-82.2818,-0.2218,0.3583,0.1150,0.3045,0.2361,-0.0283,35.9195,0.7510,69.3318,-0.0168,-5.9936,4.8904,31.6029,-1.9304,66.4921,0.0000,0.0000,0.0000,0.0000,0.0000,0.0000,0.0000,0.0000,0.0000,5.00,3.00,2.00,0.1230,0.1926,0.0132,0,0.000000
6,41.2800,42.2071,111.3265,-82.2959,0.1329,0.1030,-0.0123,0.3045,0.2361,-0.0283,35.9269,0.7450,69.3279,-0.0168,-5.9936,4.8904,31.6029,-1.9304,66.4921,0.0000,0.0000,0.0000,0.0000,0.0000,0.0000,0.0000,0.0000,0.0000,5.00,3.00,2.00,0.0441,0.0159,0.0002,0,0.000000
6,41.3000,42.3594,111.4446,-82.3100,0.1329,0.1030,-0.0124,0.3045,0.2361,-0.0283,35.9344,0.7390,69.3240,-0.0168,-5.9936,4.8904,31.6029,-1.9304,66.4921,0.0000,0.0000,0.0000,0.0000,0.0000,0.0000,0.0000,0.0000,0.0000,5.00,3.00,2.00,0.0441,0.0159,0.0002,0,0.000000
6,41.3200,42.5117,111.5626,-82.3242,0.1329,0.1030,-0.0124,0.3045,0.2361,-0.0283,35.9417,0.7330,69.3202,-0.0168,-5.9936,4.8904,31.6029,-1.9304,66.4921,0.0000,0.0000,0.0000,0.0000,0.0000,0.0000,0.0000,0.0000,0.0000,5.00,3.00,2.00,0.0441,0.0159,0.0002,0,0.000000
6,41.3400,42.6639,111.6806,-82.3384,0.1329,0.1030,-0.0124,0.3045,0.2361,-0.0283,35.9491,0.7270,69.3162,-0.0168,-5.9936,4.8904,31.6029,-1.9304,66.4921,0.0000,0.0000,0.0000,0.0000,0.0000,0.0000,0.0000,0.0000,0.0000,5.00,3.00,2.00,0.0441,0.0159,0.0002,0,0.000000
6,41.3600,42.8162,111.7987,-82.3525,0.1329,0.1030,-0.0124,-0.0281,0.2408,0.0077,35.9565,0.7210,69.3123,1.8476,-1.4973,-0.9743,31.6029,-1.9304,66.4921,0.0000,0.0000,0.0000,0.0000,0.0000,0.0000,0.0000,0.0000,0.0000,5.00,3.00,2.00,0.0441,0.0159,0.0002,0,0.000000
6,41.3800,42.8022,111.9190,-82.3487,-0.0122,0.1050,0.0034,-0.0281,0.2408,0.0077,35.9578,0.7145,69.3148,1.8476,-1.4973,-0.9743,31.6029,-1.9304,66.4921,0.0000,0.0000,0.0000,0.0000,0.0000,0.0000,0.0000,0.0000,0.0000,5.00,3.00,2.00,0.0004,0.0166,0.0000,0,0.000000
6,41.4000,42.7881,112.0394,-82.3448,-0.0122,0.1050,0.0034,-0.0281,0.2408,0.0077,35.9591,0.7080,69.3173,1.8476,-1.4973,-0.9743,31.6029,-1.9304,66.4921,0.0000,0.0000,0.0000,0.0000,0.0000,0.0000,0.0000,0.0000,0.0000,5.00,3.00,2.00,0.0004,0.0166,0.0000,0,0.000000
6,41.4200,42.7741,112.1598,-82.3409,-0.0122,0.1050,0.0034,-0.0281,0.2408,0.0077,35.9604,0.7015,69.3198,1.8476,-1.4973,-0.9743,31.6029,-1.9304,66.4921,0.0000,0.0000,0.0000,0.0000,0.0000,0.0000,0.0000,0.0000,0.0000,5.00,3.00,2.00,0.0004,0.0166,0.0000,0,0.000000
6,41.4400,42.7601,112.2802,-82.3371,-0.0122,0.1051,0.0034,-0.0281,0.2408,0.0077,35.9617,0.6950,69.3223,1.8476,-1.4973,-0.9743,31.6029,-1.9304,66.4921,0.0000,0.0000,0.0000,0.0000,0.0000,0.0000,0.0000,0.0000,0.0000,5.00,3.00,2.00,0.0004,0.0166,0.0000,0,0.000000
6,41.4600,42.7460,112.4005,-82.3332,-0.0122,0.1050,0.0034,-0.2412,0.1778,-0.3648,35.9630,0.6885,69.3248,0.3263,-1.6238,0.6275,31.6029,-1.9304,66.4921,0.0000,0.0000,0.0000,0.0000,0.0000,0.0000,0.0000,0.0000,0.0000,5.00,3.00,2.00,0.0004,0.0166,0.0000,0,0.000000
6,41.4800,42.6254,112.4894,-82.5157,-0.1053,0.0776,-0.1592,-0.2412,0.1778,-0.3648,35.9552,0.6875,69.3259,0.3263,-1.6238,0.6275,31.6029,-1.9304,66.4921,0.0000,0.0000,0.0000,0.0000,0.0000,0.0000,0.0000,0.0000,0.0000,5.00,3.00,2.00,0.0277,0.0090,0.0253,0,0.000000
6,41.5000,42.5048,112.5783,-82.6981,-0.1053,0.0776,-0.1592,-0.2412,0.1778,-0.3648,35.9475,0.6864,69.3269,0.3263,-1.6238,0.6275,31.6029,-1.9304,66.4921,0.0000,0.0000,0.0000,0.0000,0.0000,0.0000,0.0000,0.0000,0.0000,5.00,3.00,2.00,0.0277,0.0090,0.0253,0,0.000000
6,41.5200,42.3842,112.6672,-82.8805,-0.1053,0.0776,-0.1592,-0.2412,0.1778,-0.3648,35.9397,0.6853,69.3279,0.3263,-1.6238,0.6275,31.6029,-1.9304,66.4921,0.0000,0.0000,0.0000,0.0000,0.0000,0.0000,0.0000,0.0000,0.0000,5.00,3.00,2.00,0.0277,0.0090,0.0253,0,0.000000
6,41.5400,42.2636,112.7561,-83.0629,-0.1053,0.0776,-0.1592,-0.2412,0.1778,-0.3648,35.9319,0.6843,69.3289,0.3263,-1.6238,0.6275,31.6029,-1.9304,66.4921,0.0000,0.0000,0.0000,0.0000,0.0000,0.0000,0.0000,0.0000,0.0000,5.00,3.00,2.00,0.0277,0.0090,0.0253,0,0.000000
6,41.5600,42.1429,112.8450,-83.2453,-0.1053,0.0776,-0.1592,-0.3036,0.1615,-0.0051,35.9241,0.6832,69.3299,-1.9445,-0.2665,0.2522,31.6029,-1.9304,66.4921,0.0000,0.0000,0.0000,0.0000,0.0000,0.0000,0.0000,0.0000,0.0000,5.00,3.00,2.00,0.0277,0.0090,0.0253,0,0.000000
6,41.5800,41.9911,112.9257,-83.2479,-0.1325,0.0705,-0.0022,-0.3036,0.1615,-0.0051,35.9192,0.6790,69.3365,-1.9445,-0.2665,0.2522,31.6029,-1.9304,66.4921,0.0000,0.0000,0.0000,0.0000,0.0000,0.0000,0.0000,0.0000,0.0000,5.00,3.00,2.00,0.0439,0.0074,0.0000,0,0.000000
6,41.6000,41.8393,113.0065,-83.2504,-0.1325,0.0705,-0.0022,-0.3036,0.1615,-0.0051,35.9143,0.6747,69.3430,-1.9445,-0.2665,0.2522,31.6029,-1.9304,66.4921,0.0000,0.0000,0.0000,0.0000,0.0000,0.0000,0.0000,0.0000,0.0000,5.00,3.00,2.00,0.0439,0.0074,0.0000,0,0.000000
6,41.6200,41.6875,113.0872,-83.2530,-0.1325,0.0705,-0.0022,-0.3036,0.1615,-0.0051,35.9094,0.6705,69.3496,-1.9445,-0.2665,0.2522,31.6029,-1.9304,66.4921,0.0000,0.0000,0.0000,0.0000,0.0000,0.0000,0.0000,0.0000,0.0000,5.00,3.00,2.00,0.0439,0.0074,0.0000,0,0.000000
6,41.6400,41.5357,113.1680,-83.2555,-0.1325,0.0705,-0.0022,-0.3036,0.1615,-0.0051,35.9044,0.6663,69.3562,-1.9445,-0.2665,0.2522,31.6029,-1.9304,66.4921,0.0000,0.0000,0.0000,0.0000,0.0000,0.0000,0.0000,0.0000,0.0000,5.00,3.00,2.00,0.0439,0.0074,0.0000,0,0.000000
6,41.6600,41.3839,113.2487,-83.2581,-0.1325,0.0705,-0.0022,0.2155,-0.0714,-0.0869,35.8994,0.6620,69.3627,-1.2360,-1.0594,1.6422,31.6029,-1.9304,66.4921,0.0000,0.0000,0.0000,0.0000,0.0000,0.0000,0.0000,0.0000,0.0000,5.00,3.00,2.00,0.0439,0.0074,0.0000,0,0.000000
6,41.6800,41.4917,113.2130,-83.3015,0.0940,-0.0312,-0.0379,0.2155,-0.0714,-0.0869,35.9022,0.6648,69.3572,-1.2360,-1.0594,1.6422,31.6029,-1.9304,66.4921,0.0000,0.0000,0.0000,0.0000,0.0000,0.0000,0.0000,0.0000,0.0000,5.00,3.00,2.00,0.0221,0.0015,0.0014,0,0.000000
6,41.7000,41.5994,113.1773,-83.3450,0.0940,-0.0312,-0.0379,0.2155,-0.0714,-0.0869,35.9050,0.6676,69.3517,-1.2360,-1.0594,1.6422,31.6029,-1.9304,66.4921,0.0000,0.0000,0.0000,0.0000,0.0000,0.0000,0.0000,0.0000,0.0000,5.00,3.00,2.00,0.0221,0.0015,0.0014,0,0.000000
6,41.7200,41.7071,113.1415,-83.3885,0.0940,-0.0312,-0.0379,0.2155,-0.0714,-0.0869,35.9077,0.6703,69.3462,-1.2360,-1.0594,1.6422,31.6029,-1.9304,66.4921,0.0000,0.0000,0.0000,0.0000,0.0000,0.0000,0.0000,0.0000,0.0000,5.00,3.00,2.00,0.0221,0.0015,0.0014,0,0.000000
6,41.7400,41.8148,113.1058,-83.4319,0.0940,-0.0312,-0.0379,0.2155,-0.0714,-0.0869,35.9105,0.6731,69.3407,-1.2360,-1.0594,1.6422,31.6029,-1.9304,66.4921,0.0000,0.0000,0.0000,0.0000,0.0000,0.0000,0.0000,0.0000,0.0000,5.00,3.00,2.00,0.0221,0.0015,0.0014,0,0.000000
6,41.7600,41.9226,113.0701,-83.4754,0.0940,-0.0312,-0.0379,-0.2031,-0.1116,0.1403,35.9132,0.6759,69.3352,0.6907,0.6921,-1.3744,31.6029,-1.9304,66.4921,0.0000,0.0000,0.0000,0.0000,0.0000,0.0000,0.0000,0.0000,0.0000,5.00,3.00,2.00,0.0221,0.0015,0.0014,0,0.000000
6,41.7800,41.8210,113.0143,-83.4052,-0.0886,-0.0487,0.0612,-0.2031,-0.1116,0.1403,35.9101,0.6774,69.3398,0.6907,0.6921,-1.3744,31.6029,-1.9304,66.4921,0.0000,0.0000,0.0000,0.0000,0.0000,0.0000,0.0000,0.0000,0.0000,5.00,3.00,2.00,0.0196,0.0036,0.0037,0,0.000000
6,41.8000,41.7194,112.9585,-83.3351,-0.0886,-0.0487,0.0612,-0.2031,-0.1116,0.1403,35.9069,0.6790,69.3443,0.6907,0.6921,-1.3744,31.6029,-1.9304,66.4921,0.0000,0.0000,0.0000,0.0000,0.0000,0.0000,0.0000,0.0000,0.0000,5.00,3.00,2.00,0.0196,0.0036,0.0037,0,0.000000
6,41.8200,41.6179,112.9027,-83.2649,-0.0886,-0.0487,0.0612,-0.2031,-0.1116,0.1403,35.9037,0.6805,69.3489,0.6907,0.6921,-1.3744,31.6029,-1.9304,66.4921,0.0000,0.0000,0.0000,0.0000,0.0000,0.0000,0.0000,0.0000,0.0000,5.00,3.00,2.00,0.0196,0.0036,0.0037,0,0.000000
6,41.8400,41.5163,112.8470,-83.1948,-0.0886,-0.0487,0.0612,-0.2031,-0.1116,0.1403,35.9006,0.6821,69.3534,0.6907,0.6921,-1.3744,31.6029,-1.9304,66.4921,0.0000,0.0000,0.0000,0.0000,0.0000,0.0000,0.0000,0.0000,0.0000,5.00,3.00,2.00,0.0196,0.0036,0.0037,0,0.000000
6,41.8600,41.4147,112.7912,-83.1246,-0.0886,-0.0487,0.0612,-0.5401,-0.1552,-0.4263,35.8974,0.6836,69.3579,-0.7923,0.3894,1.1353,31.6029,-1.9304,66.4921,0.0000,0.0000,0.0000,0.0000,0.0000,0.0000,0.0000,0.0000,0.0000,5.00,3.00,2.00,0.0196,0.0036,0.0037,0,0.000000
6,41.8800,41.1447,112.7136,-83.3378,-0.2357,-0.0677,-0.1860,-0.5401,-0.1552,-0.4263,35.8806,0.6920,69.3605,-0.7923,0.3894,1.1353,31.6029,-1.9304,66.4921,0.0000,0.0000,0.0000,0.0000,0.0000,0.0000,0.0000,0.0000,0.0000,5.00,3.00,2.00,0.1388,0.0069,0.0346,0,0.000000
6,41.9000,40.8746,112.6360,-83.5509,-0.2357,-0.0677,-0.1860,-0.5401,-0.1552,-0.4263,35.8638,0.7003,69.3629,-0.7923,0.3894,1.1353,31.6029,-1.9304,66.4921,0.0000,0.0000,0.0000,0.0000,0.0000,0.0000,0.0000,0.0000,0.0000,5.00,3.00,2.00,0.1388,0.0069,0.0346,0,0.000000
6,41.9200,40.6046,112.5584,-83.7641,-0.2357,-0.0677,-0.1860,-0.5401,-0.1552,-0.4263,35.8470,0.7086,69.3653,-0.7923,0.3894,1.1353,31.6029,-1.9304,66.4921,0.0000,0.0000,0.0000,0.0000,0.0000,0.0000,0.0000,0.0000,0.0000,5.00,3.00,2.00,0.1388,0.0069,0.0346,0,0.000000
6,41.9400,40.3345,112.4808,-83.9773,-0.2357,-0.0677,-0.1860,-0.5401,-0.1552,-0.4263,35.8302,0.7168,69.3674,-0.7923,0.3894,1.1353,31.6029,-1.9304,66.4921,0.0000,0.0000,0.0000,0.0000,0.0000,0.0000,0.0000,0.0000,0.0000,5.00,3.00,2.00,0.1388,0.0069,0.0346,0,0.000000
6,41.9600,40.0645,112.4032,-84.1904,-0.2357,-0.0677,-0.1860,-0.4255,-0.1718,-0.5855,35.8134,0.7249,69.3695,-4.1973,2.0637,0.5772,31.6029,-1.9304,66.4921,0.0000,0.0000,0.0000,0.0000,0.0000,0.0000,0.0000,0.0000,0.0000,5.00,3.00,2.00,0.1388,0.0069,0.0346,0,0.000000
6,41.9800,39.8517,112.3173,-84.4832,-0.1857,-0.0750,-0.2555,-0.4255,-0.1718,-0.5855,35.7970,0.7350,69.3672,-4.1973,2.0637,0.5772,31.6029,-1.9304,66.4921,0.0000,0.0000,0.0000,0.0000,0.0000,0.0000,0.0000,0.0000,0.0000,5.00,3.00,2.00,0.0862,0.0084,0.0653,0,0.000000
6,42.0000,39.6389,112.2314,-84.7759,-0.1857,-0.0750,-0.2555,-0.4255,-0.1718,-0.5855,35.7806,0.7449,69.3647,-4.1973,2.0637,0.5772,31.6029,-1.9304,66.4921,0.0000,0.0000,0.0000,0.0000,0.0000,0.0000,0.0000,0.0000,0.0000,5.00,3.00,2.00,0.0862,0.0084,0.0653,0,0.000000
6,42.0200,39.4262,112.1455,-85.0687,-0.1857,-0.0750,-0.2555,-0.4255,-0.1718,-0.5855,35.7642,0.7548,69.3621,-4.1973,2.0637,0.5772,31.6029,-1.9304,66.4921,0.0000,0.0000,0.0000,0.0000,0.0000,0.0000,0.0000,0.0000,0.0000,5.00,3.00,2.00,0.0862,0.0084,0.0653,0,0.000000
6,42.0400,39.2134,112.0596,-85.3614,-0.1857,-0.0750,-0.2555,-0.4255,-0.1718,-0.5855,35.7478,0.7645,69.3594,-4.1973,2.0637,0.5772,31.6029,-1.9304,66.4921,0.0000,0.0000,0.0000,0.0000,0.0000,0.0000,0.0000,0.0000,0.0000,5.00,3.00,2.00,0.0862,0.0084,0.0653,0,0.000000
6,42.0600,39.0006,111.9737,-85.6541,-0.1857,-0.0750,-0.2555,0.0302,-0.4448,-0.2970,35.7314,0.7742,69.3566,-4.1006,2.4657,-0.6439,31.6029,-1.9304,66.4921,0.0000,0.0000,0.0000,0.0000,0.0000,0.0000,0.0000,0.0000,0.0000,5.00,3.00,2.00,0.0862,0.0084,0.0653,0,0.000000
6,42.0800,39.0157,111.7513,-85.8027,0.0132,-0.1941,-0.1296,0.0302,-0.4448,-0.2970,35.7254,0.7882,69.3480,-4.1006,2.4657,-0.6439,31.6029,-1.9304,66.4921,0.0000,0.0000,0.0000,0.0000,0.0000,0.0000,0.0000,0.0000,0.0000,5.00,3.00,2.00,0.0004,0.0565,0.0168,0,0.000000
6,42.1000,39.0308,111.5289,-85.9512,0.0132,-0.1941,-0.1296,0.0302,-0.4448,-0.2970,35.7194,0.8022,69.3393,-4.1006,2.4657,-0.6439,31.6029,-1.9304,66.4921,0.0000,0.0000,0.0000,0.0000,0.0000,0.0000,0.0000,0.0000,0.0000,5.00,3.00,2.00,0.0004,0.0565,0.0168,0,0.000000
6,42.1200,39.0459,111.3065,-86.0997,0.0132,-0.1941,-0.1296,0.0302,-0.4448,-0.2970,35.7133,0.8160,69.3305,-4.1006,2.4657,-0.6439,31.6029,-1.9304,66.4921,0.0000,0.0000,0.0000,0.0000,0.0000,0.0000,0.0000,0.0000,0.0000,5.00,3.00,2.00,0.0004,0.0565,0.0168,0,0.000000
6,42.1400,39.0610,111.0841,-86.2482,0.0132,-0.1941,-0.1296,0.0302,-0.4448,-0.2970,35.7071,0.8298,69.3218,-4.1006,2.4657,-0.6439,31.6029,-1.9304,66.4921,0.0000,0.0000,0.0000,0.0000,0.0000,0.0000,0.0000,0.0000,0.0000,5.00,3.00,2.00,0.0004,0.0565,0.0168,0,0.000000
6,42.1600,39.0761,110.8617,-86.3967,0.0132,-0.1941,-0.1296,-0.0169,0.1360,-0.0134,35.7009,0.8435,69.3129,-1.5232,3.4643,-2.1828,31.6029,-1.9304,66.4921,0.0000,0.0000,0.0000,0.0000,0.0000,0.0000,0.0000,0.0000,0.0000,5.00,3.00,2.00,0.0004,0.0565,0.0168,0,0.000000
6,42.1800,39.0677,110.9297,-86.4034,-0.0074,0.0594,-0.0059,-0.0169,0.1360,-0.0134,35.7015,0.8402,69.3143,-1.5232,3.4643,-2.1828,31.6029,-1.9304,66.4921,0.0000,0.0000,0.0000,0.0000,0.0000,0.0000,0.0000,0.0000,0.0000,5.00,3.00,2.00,0.0001,0.0053,0.0000,0,0.000000
6,42.2000,39.0592,110.9977,-86.4101,-0.0074,0.0594,-0.0059,-0.0169,0.1360,-0.0134,35.7020,0.8369,69.3156,-1.5232,3.4643,-2.1828,31.6029,-1.9304,66.4921,0.0000,0.0000,0.0000,0.0000,0.0000,0.0000,0.0000,0.0000,0.0000,5.00,3.00,2.00,0.0001,0.0053,0.0000,0,0.000000
6,42.2200,39.0508,111.0658,-86.4168,-0.0074,0.0594,-0.0059,-0.0169,0.1360,-0.0134,35.7026,0.8336,69.3170,-1.5232,3.4643,-2.1828,31.6029,-1.9304,66.4921,0.0000,0.0000,0.0000,0.0000,0.0000,0.0000,0.0000,0.0000,0.0000,5.00,3.00,2.00,0.0001,0.0053,0.0000,0,0.000000
6,42.2400,39.0423,111.1338,-86.4236,-0.0074,0.0594,-0.0059,-0.0169,0.1360,-0.0134,35.7031,0.8303,69.3183,-1.5232,3.4643,-2.1828,31.6029,-1.9304,66.4921,0.0000,0.0000,0.0000,0.0000,0.0000,0.0000,0.0000,0.0000,0.0000,5.00,3.00,2.00,0.0001,0.0053,0.0000,0,0.000000
6,42.2600,39.0339,111.2018,-86.4303,-0.0074,0.0594,-0.0059,0.3708,0.3800,-0.2893,35.7036,0.8270,69.3196,0.1341,-0.8278,0.3342,31.6029,-1.9304,66.4921,0.0000,0.0000,0.0000,0.0000,0.0000,0.0000,0.0000,0.0000,0.0000,5.00,3.00,2.00,0.0001,0.0053,0.0000,0,0.000000
6,42.2800,39.2192,111.3918,-86.5749,0.1618,0.1658,-0.1262,0.3708,0.3800,-0.2893,35.7104,0.8198,69.3131,0.1341,-0.8278,0.3342,31.6029,-1.9304,66.4921,0.0000,0.0000,0.0000,0.0000,0.0000,0.0000,0.0000,0.0000,0.0000,5.00,3.00,2.00,0.0654,0.0412,0.0159,0,0.000000
6,42.3000,39.4046,111.5818,-86.7196,0.1618,0.1658,-0.1262,0.3708,0.3800,-0.2893,35.7170,0.8127,69.3065,0.1341,-0.8278,0.3342,31.6029,-1.9304,66.4921,0.0000,0.0000,0.0000,0.0000,0.0000,0.0000,0.0000,0.0000,0.0000,5.00,3.00,2.00,0.0654,0.0412,0.0159,0,0.000000
6,42.3200,39.5900,111.7719,-86.8642,0.1618,0.1658,-0.1262,0.3708,0.3800,-0.2893,35.7237,0.8056,69.2999,0.1341,-0.8278,0.3342,31.6029,-1.9304,66.4921,0.0000,0.0000,0.0000,0.0000,0.0000,0.0000,0.0000,0.0000,0.0000,5.00,3.00,2.00,0.0654,0.0412,0.0159,0,0.000000
6,42.3400,39.7754,111.9619,-87.0088,0.1618,0.1658,-0.1262,0.3708,0.3800,-0.2893,35.7303,0.7985,69.2933,0.1341,-0.8278,0.3342,31.6029,-1.9304,66.4921,0.0000,0.0000,0.0000,0.0000,0.0000,0.0000,0.0000,0.0000,0.0000,5.00,3.00,2.00,0.0654,0.0412,0.0159,0,0.000000
6,42.3600,39.9608,112.1519,-87.1535,0.1618,0.1658,-0.1262,0.0549,0.0316,-0.2991,35.7369,0.7914,69.2866,1.6645,-1.7778,-1.6502,31.6029,-1.9304,66.4921,0.0000,0.0000,0.0000,0.0000,0.0000,0.0000,0.0000,0.0000,0.0000,5.00,3.00,2.00,0.0654,0.0412,0.0159,0,0.000000
6,42.3800,39.9882,112.1677,-87.3030,0.0240,0.0138,-0.1305,0.0549,0.0316,-0.2991,35.7347,0.7932,69.2818,1.6645,-1.7778,-1.6502,31.6029,-1.9304,66.4921,0.0000,0.0000,0.0000,0.0000,0.0000,0.0000,0.0000,0.0000,0.0000,5.00,3.00,2.00,0.0014,0.0003,0.0170,0,0.000000
6,42.4000,40.0157,112.1835,-87.4525,0.0240,0.0138,-0.1305,0.0549,0.0316,-0.2991,35.7325,0.7949,69.2770,1.6645,-1.7778,-1.6502,31.6029,-1.9304,66.4921,0.0000,0.0000,0.0000,0.0000,0.0000,0.0000,0.0000,0.0000,0.0000,5.00,3.00,2.00,0.0014,0.0003,0.0170,0,0.000000
6,42.4200,40.0432,112.1993,-87.6021,0.0240,0.0138,-0.1305,0.0549,0.0316,-0.2991,35.7302,0.7966,69.2722,1.6645,-1.7778,-1.6502,31.6029,-1.9304,66.4921,0.0000,0.0000,0.0000,0.0000,0.0000,0.0000,0.0000,0.0000,0.0000,5.00,3.00,2.00,0.0014,0.0003,0.0170,0,0.000000
6,42.4400,40.0706,112.2151,-87.7516,0.0240,0.0138,-0.1305,0.0549,0.0316,-0.2991,35.7280,0.7983,69.2674,1.6645,-1.7778,-1.6502,31.6029,-1.9304,66.4921,0.0000,0.0000,0.0000,0.0000,0.0000,0.0000,0.0000,0.0000,0.0000,5.00,3.00,2.00,0.0014,0.0003,0.0170,0,0.000000
6,42.4600,40.0981,112.2309,-87.9011,0.0240,0.0138,-0.1305,-0.3807,0.0269,-0.3260,35.7257,0.8001,69.2626,-0.5604,0.4323,-1.2016,31.6029,-1.9304,66.4921,0.0000,0.0000,0.0000,0.0000,0.0000,0.0000,0.0000,0.0000,0.0000,5.00,3.00,2.00,0.0014,0.0003,0.0170,0,0.000000
6,42.4800,39.9077,112.2443,-88.0642,-0.1661,0.0117,-0.1423,-0.3807,0.0269,-0.3260,35.7148,0.8021,69.2643,-0.5604,0.4323,-1.2016,31.6029,-1.9304,66.4921,0.0000,0.0000,0.0000,0.0000,0.0000,0.0000,0.0000,0.0000,0.0000,5.00,3.00,2.00,0.0690,0.0002,0.0202,0,0.000000
6,42.5000,39.7174,112.2578,-88.2272,-0.1661,0.0117,-0.1423,-0.3807,0.0269,-0.3260,35.7039,0.8041,69.2660,-0.5604,0.4323,-1.2016,31.6029,-1.9304,66.4921,0.0000,0.0000,0.0000,0.0000,0.0000,0.0000,0.0000,0.0000,0.0000,5.00,3.00,2.00,0.0690,0.0002,0.0202,0,0.000000
6,42.5200,39.5270,112.2712,-88.3902,-0.1661,0.0117,-0.1423,-0.3807,0.0269,-0.3260,35.6929,0.8061,69.2676,-0.5604,0.4323,-1.2016,31.6029,-1.9304,66.4921,0.0000,0.0000,0.0000,0.0000,0.0000,0.0000,0.0000,0.0000,0.0000,5.00,3.00,2.00,0.0690,0.0002,0.0202,0,0.000000
6,42.5400,39.3366,112.2846,-88.5532,-0.1661,0.0117,-0.1423,-0.3807,0.0269,-0.3260,35.6820,0.8081,69.2692,-0.5604,0.4323,-1.2016,31.6029,-1.9304,66.4921,0.0000,0.0000,0.0000,0.0000,0.0000,0.0000,0.0000,0.0000,0.0000,5.00,3.00,2.00,0.0690,0.0002,0.0202,0,0.000000
6,42.5600,39.1463,112.2981,-88.7162,-0.1661,0.0117,-0.1423,0.2176,0.0613,-0.9006,35.6711,0.8101,69.2707,-2.7285,0.5016,0.4078,31.6029,-1.9304,66.4921,0.0000,0.0000,0.0000,0.0000,0.0000,0.0000,0.0000,0.0000,0.0000,5.00,3.00,2.00,0.0690,0.0002,0.0202,0,0.000000
6,42.5800,39.2551,112.3287,-89.1665,0.0950,0.0267,-0.3929,0.2176,0.0613,-0.9006,35.6652,0.8158,69.2550,-2.7285,0.5016,0.4078,31.6029,-1.9304,66.4921,0.0000,0.0000,0.0000,0.0000,0.0000,0.0000,0.0000,0.0000,0.0000,5.00,3.00,2.00,0.0225,0.0011,0.1544,0,0.000000
6,42.6000,39.3639,112.3594,-89.6168,0.0950,0.0267,-0.3929,0.2176,0.0613,-0.9006,35.6592,0.8214,69.2392,-2.7285,0.5016,0.4078,31.6029,-1.9304,66.4921,0.0000,0.0000,0.0000,0.0000,0.0000,0.0000,0.0000,0.0000,0.0000,5.00,3.00,2.00,0.0225,0.0011,0.1544,0,0.000000
6,42.6200,39.4727,112.3900,-90.0000,0.0950,0.0267,-0.3344,0.2176,0.0613,-0.9006,35.6546,0.8258,69.2253,-2.7285,0.5016,0.4078,31.6029,-1.9304,66.4921,0.0000,0.0000,0.0000,0.0000,0.0000,0.0000,0.0000,0.0000,0.0000,5.00,3.00,2.00,0.0225,0.0011,0.1119,0,0.000000
6,42.6400,39.5815,112.4206,-90.0000,0.0950,0.0267,0.0000,0.2176,0.0613,-0.9006,35.6592,0.8243,69.2225,-2.7285,0.5016,0.4078,31.6029,-1.9304,66.4921,0.0000,0.0000,0.0000,0.0000,0.0000,0.0000,0.0000,0.0000,0.0000,5.00,3.00,2.00,0.0225,0.0011,0.0000,0,0.000000
6,42.6600,39.6903,112.4513,-90.0000,0.0950,0.0267,0.0000,0.2135,0.6521,-0.4846,35.6637,0.8229,69.2197,-0.3714,0.6385,-2.5505,31.6029,-1.9304,66.4921,0.0000,0.0000,0.0000,0.0000,0.0000,0.0000,0.0000,0.0000,0.0000,5.00,3.00,2.00,0.0225,0.0011,0.0000,0,0.000000
6,42.6800,39.7971,112.7773,-90.0000,0.0932,0.2845,0.0000,0.2135,0.6521,-0.4846,35.6726,0.8070,69.2223,-0.3714,0.6385,-2.5505,31.6029,-1.9304,66.4921,0.0000,0.0000,0.0000,0.0000,0.0000,0.0000,0.0000,0.0000,0.0000,5.00,3.00,2.00,0.0217,0.1214,0.0000,0,0.000000
6,42.7000,39.9038,113.1033,-90.0000,0.0932,0.2845,0.0000,0.2135,0.6521,-0.4846,35.6815,0.7911,69.2248,-0.3714,0.6385,-2.5505,31.6029,-1.9304,66.4921,0.0000,0.0000,0.0000,0.0000,0.0000,0.0000,0.0000,0.0000,0.0000,5.00,3.00,2.00,0.0217,0.1214,0.0000,0,0.000000
6,42.7200,40.0106,113.4294,-90.0000,0.0932,0.2845,0.0000,0.2135,0.6521,-0.4846,35.6903,0.7751,69.2271,-0.3714,0.6385,-2.5505,31.6029,-1.9304,66.4921,0.0000,0.0000,0.0000,0.0000,0.0000,0.0000,0.0000,0.0000,0.0000,5.00,3.00,2.00,0.0217,0.1214,0.0000,0,0.000000
6,42.7400,40.1173,113.7554,-90.0000,0.0932,0.2845,0.0000,0.2135,0.6521,-0.4846,35.6990,0.7591,69.2294,-0.3714,0.6385,-2.5505,31.6029,-1.9304,66.4921,0.0000,0.0000,0.0000,0.0000,0.0000,0.0000,0.0000,0.0000,0.0000,5.00,3.00,2.00,0.0217,0.1214,0.0000,0,0.000000
6,42.7600,40.2241,114.0815,-90.0000,0.0932,0.2845,0.0000,0.1909,-0.0335,-0.0868,35.7077,0.7431,69.2316,2.2009,-3.9888,0.5936,31.6029,-1.9304,66.4921,0.0000,0.0000,0.0000,0.0000,0.0000,0.0000,0.0000,0.0000,0.0000,5.00,3.00,2.00,0.0217,0.1214,0.0000,0,0.000000
6,42.7800,40.3195,114.0647,-90.0000,0.0833,-0.0146,0.0000,0.1909,-0.0335,-0.0868,35.7111,0.7439,69.2283,2.2009,-3.9888,0.5936,31.6029,-1.9304,66.4921,0.0000,0.0000,0.0000,0.0000,0.0000,0.0000,0.0000,0.0000,0.0000,5.00,3.00,2.00,0.0173,0.0003,0.0000,0,0.000000
6,42.8000,40.4149,114.0480,-90.0000,0.0833,-0.0146,0.0000,0.1909,-0.0335,-0.0868,35.7144,0.7447,69.2249,2.2009,-3.9888,0.5936,31.6029,-1.9304,66.4921,0.0000,0.0000,0.0000,0.0000,0.0000,0.0000,0.0000,0.0000,0.0000,5.00,3.00,2.00,0.0173,0.0003,0.0000,0,0.000000
6,42.8200,40.5104,114.0312,-90.0000,0.0833,-0.0146,0.0000,0.1909,-0.0335,-0.0868,35.7177,0.7456,69.2216,2.2009,-3.9888,0.5936,31.6029,-1.9304,66.4921,0.0000,0.0000,0.0000,0.0000,0.0000,0.0000,0.0000,0.0000,0.0000,5.00,3.00,2.00,0.0173,0.0003,0.0000,0,0.000000
6,42.8400,40.6058,114.0144,-90.0000,0.0833,-0.0146,0.0000,0.1909,-0.0335,-0.0868,35.7211,0.7464,69.2183,2.2009,-3.9888,0.5936,31.6029,-1.9304,66.4921,0.0000,0.0000,0.0000,0.0000,0.0000,0.0000,0.0000,0.0000,0.0000,5.00,3.00,2.00,0.0173,0.0003,0.0000,0,0.000000
6,42.8600,40.7012,113.9977,-90.0000,0.0833,-0.0146,0.0000,-0.1544,-0.2366,-0.1376,35.7244,0.7472,69.2149,0.8333,0.2062,-0.8331,31.6029,-1.9304,66.4921,0.0000,0.0000,0.0000,0.0000,0.0000,0.0000,0.0000,0.0000,0.0000,5.00,3.00,2.00,0.0173,0.0003,0.0000,0,0.000000
6,42.8800,40.6240,113.8794,-90.0000,-0.0674,-0.1032,0.0000,-0.1544,-0.2366,-0.1376,35.7198,0.7530,69.2154,0.8333,0.2062,-0.8331,31.6029,-1.9304,66.4921,0.0000,0.0000,0.0000,0.0000,0.0000,0.0000,0.0000,0.0000,0.0000,5.00,3.00,2.00,0.0113,0.0160,0.0000,0,0.000000
6,42.9000,40.5468,113.7610,-90.0000,-0.0674,-0.1033,0.0000,-0.1544,-0.2366,-0.1376,35.7152,0.7588,69.2158,0.8333,0.2062,-0.8331,31.6029,-1.9304,66.4921,0.0000,0.0000,0.0000,0.0000,0.0000,0.0000,0.0000,0.0000,0.0000,5.00,3.00,2.00,0.0113,0.0160,0.0000,0,0.000000
6,42.9200,40.4696,113.6427,-90.0000,-0.0674,-0.1033,0.0000,-0.1544,-0.2366,-0.1376,35.7106,0.7646,69.2163,0.8333,0.2062,-0.8331,31.6029,-1.9304,66.4921,0.0000,0.0000,0.0000,0.0000,0.0000,0.0000,0.0000,0.0000,0.0000,5.00,3.00,2.00,0.0113,0.0160,0.0000,0,0.000000
6,42.9400,40.3924,113.5244,-90.0000,-0.0674,-0.1032,0.0000,-0.1544,-0.2366,-0.1376,35.7059,0.7705,69.2167,0.8333,0.2062,-0.8331,31.6029,-1.9304,66.4921,0.0000,0.0000,0.0000,0.0000,0.0000,0.0000,0.0000,0.0000,0.0000,5.00,3.00,2.00,0.0113,0.0160,0.0000,0,0.000000
6,42.9600,40.3152,113.4061,-90.0000,-0.0674,-0.1033,0.0000,0.2106,0.6533,-0.5338,35.7013,0.7763,69.2171,-1.1539,1.4527,0.1080,31.6029,-1.9304,66.4921,0.0000,0.0000,0.0000,0.0000,0.0000,0.0000,0.0000,0.0000,0.0000,5.00,3.00,2.00,0.0113,0.0160,0.0000,0,0.000000
6,42.9800,40.4205,113.7328,-90.0000,0.0919,0.2851,0.0000,0.2106,0.6533,-0.5338,35.7100,0.7602,69.2194,-1.1539,1.4527,0.1080,31.6029,-1.9304,66.4921,0.0000,0.0000,0.0000,0.0000,0.0000,0.0000,0.0000,0.0000,0.0000,5.00,3.00,2.00,0.0211,0.1219,0.0000,0,0.000000
6,43.0000,40.5258,114.0594,-90.0000,0.0919,0.2851,0.0000,0.2106,0.6533,-0.5338,35.7187,0.7442,69.2216,-1.1539,1.4527,0.1080,31.6029,-1.9304,66.4921,0.0000,0.0000,0.0000,0.0000,0.0000,0.0000,0.0000,0.0000,0.0000,5.00,3.00,2.00,0.0211,0.1219,0.0000,0,0.000000
6,43.0200,40.6312,114.3861,-90.0000,0.0919,0.2851,0.0000,0.2106,0.6533,-0.5338,35.7274,0.7281,69.2237,-1.1539,1.4527,0.1080,31.6029,-1.9304,66.4921,0.0000,0.0000,0.0000,0.0000,0.0000,0.0000,0.0000,0.0000,0.0000,5.00,3.00,2.00,0.0211,0.1219,0.0000,0,0.000000
6,43.0400,40.7365,114.7127,-90.0000,0.0919,0.2851,0.0000,0.2106,0.6533,-0.5338,35.7360,0.7119,69.2257,-1.1539,1.4527,0.1080,31.6029,-1.9304,66.4921,0.0000,0.0000,0.0000,0.0000,0.0000,0.0000,0.0000,0.0000,0.0000,5.00,3.00,2.00,0.0211,0.1219,0.0000,0,0.000000
6,43.0600,40.8418,115.0394,-90.0000,0.0919,0.2851,0.0000,-0.0539,-0.1226,0.3231,35.7445,0.6957,69.2276,2.1603,-4.0272,0.5268,31.6029,-1.9304,66.4921,0.0000,0.0000,0.0000,0.0000,0.0000,0.0000,0.0000,0.0000,0.0000,5.00,3.00,2.00,0.0211,0.1219,0.0000,0,0.000000
6,43.0800,40.8148,114.9781,-89.8385,-0.0235,-0.0535,0.1410,-0.0539,-0.1226,0.3231,35.7465,0.6960,69.2320,2.1603,-4.0272,0.5268,31.6029,-1.9304,66.4921,0.0000,0.0000,0.0000,0.0000,0.0000,0.0000,0.0000,0.0000,0.0000,5.00,3.00,2.00,0.0014,0.0043,0.0199,0,0.000000
6,43.1000,40.7879,114.9168,-89.6769,-0.0235,-0.0535,0.1410,-0.0539,-0.1226,0.3231,35.7485,0.6963,69.2363,2.1603,-4.0272,0.5268,31.6029,-1.9304,66.4921,0.0000,0.0000,0.0000,0.0000,0.0000,0.0000,0.0000,0.0000,0.0000,5.00,3.00,2.00,0.0014,0.0043,0.0199,0,0.000000
6,43.1200,40.7609,114.8555,-89.5154,-0.0235,-0.0535,0.1410,-0.0539,-0.1226,0.3231,35.7505,0.6965,69.2407,2.1603,-4.0272,0.5268,31.6029,-1.9304,66.4921,0.0000,0.0000,0.0000,0.0000,0.0000,0.0000,0.0000,0.0000,0.0000,5.00,3.00,2.00,0.0014,0.0043,0.0199,0,0.000000
6,43.1400,40.7339,114.7942,-89.3538,-0.0235,-0.0535,0.1410,-0.0539,-0.1226,0.3231,35.7524,0.6968,69.2450,2.1603,-4.0272,0.5268,31.6029,-1.9304,66.4921,0.0000,0.0000,0.0000,0.0000,0.0000,0.0000,0.0000,0.0000,0.0000,5.00,3.00,2.00,0.0014,0.0043,0.0199,0,0.000000
6,43.1600,40.7070,114.7329,-89.1923,-0.0235,-0.0535,0.1410,0.4416,0.3104,0.3600,35.7544,0.6970,69.2494,0.4944,0.0668,1.0876,31.6029,-1.9304,66.4921,0.0000,0.0000,0.0000,0.0000,0.0000,0.0000,0.0000,0.0000,0.0000,5.00,3.00,2.00,0.0014,0.0043,0.0199,0,0.000000
6,43.1800,40.9278,114.8880,-89.0123,0.1927,0.1354,0.1571,0.4416,0.3104,0.3600,35.7692,0.6861,69.2496,0.4944,0.0668,1.0876,31.6029,-1.9304,66.4921,0.0000,0.0000,0.0000,0.0000,0.0000,0.0000,0.0000,0.0000,0.0000,5.00,3.00,2.00,0.0928,0.0275,0.0247,0,0.000000
6,43.2000,41.1486,115.0432,-88.8323,0.1927,0.1354,0.1571,0.4416,0.3104,0.3600,35.7841,0.6751,69.2497,0.4944,0.0668,1.0876,31.6029,-1.9304,66.4921,0.0000,0.0000,0.0000,0.0000,0.0000,0.0000,0.0000,0.0000,0.0000,5.00,3.00,2.00,0.0928,0.0275,0.0247,0,0.000000
6,43.2200,41.3694,115.1984,-88.6523,0.1927,0.1354,0.1571,0.4416,0.3104,0.3600,35.7989,0.6641,69.2497,0.4944,0.0668,1.0876,31.6029,-1.9304,66.4921,0.0000,0.0000,0.0000,0.0000,0.0000,0.0000,0.0000,0.0000,0.0000,5.00,3.00,2.00,0.0928,0.0275,0.0247,0,0.000000
6,43.2400,41.5902,115.3536,-88.4722,0.1927,0.1354,0.1571,0.4416,0.3104,0.3600,35.8137,0.6529,69.2496,0.4944,0.0668,1.0876,31.6029,-1.9304,66.4921,0.0000,0.0000,0.0000,0.0000,0.0000,0.0000,0.0000,0.0000,0.0000,5.00,3.00,2.00,0.0928,0.0275,0.0247,0,0.000000
6,43.2600,41.8110,115.5088,-88.2922,0.1927,0.1354,0.1571,-0.1934,0.2218,-0.7336,35.8285,0.6417,69.2493,3.7035,-2.7651,-0.0019,31.6029,-1.9304,66.4921,0.0000,0.0000,0.0000,0.0000,0.0000,0.0000,0.0000,0.0000,0.0000,5.00,3.00,2.00,0.0928,0.0275,0.0247,0,0.000000
6,43.2800,41.7143,115.6198,-88.6590,-0.0844,0.0968,-0.3201,-0.1934,0.2218,-0.7336,35.8175,0.6429,69.2445,3.7035,-2.7651,-0.0019,31.6029,-1.9304,66.4921,0.0000,0.0000,0.0000,0.0000,0.0000,0.0000,0.0000,0.0000,0.0000,5.00,3.00,2.00,0.0178,0.0141,0.1024,0,0.000000
6,43.3000,41.6176,115.7307,-89.0258,-0.0844,0.0968,-0.3201,-0.1934,0.2218,-0.7336,35.8066,0.6439,69.2395,3.7035,-2.7651,-0.0019,31.6029,-1.9304,66.4921,0.0000,0.0000,0.0000,0.0000,0.0000,0.0000,0.0000,0.0000,0.0000,5.00,3.00,2.00,0.0178,0.0141,0.1024,0,0.000000
6,43.3200,41.5209,115.8416,-89.3926,-0.0844,0.0968,-0.3201,-0.1934,0.2218,-0.7336,35.7957,0.6450,69.2346,3.7035,-2.7651,-0.0019,31.6029,-1.9304,66.4921,0.0000,0.0000,0.0000,0.0000,0.0000,0.0000,0.0000,0.0000,0.0000,5.00,3.00,2.00,0.0178,0.0141,0.1024,0,0.000000
6,43.3400,41.4242,115.9525,-89.7593,-0.0844,0.0968,-0.3201,-0.1934,0.2218,-0.7336,35.7848,0.6460,69.2295,3.7035,-2.7651,-0.0019,31.6029,-1.9304,66.4921,0.0000,0.0000,0.0000,0.0000,0.0000,0.0000,0.0000,0.0000,0.0000,5.00,3.00,2.00,0.0178,0.0141,0.1024,0,0.000000
6,43.3600,41.3274,116.0634,-90.0000,-0.0844,0.0968,-0.2100,-0.2396,0.0209,0.2571,35.7769,0.6447,69.2279,-2.5810,0.1480,-1.0719,31.6029,-1.9304,66.4921,0.0000,0.0000,0.0000,0.0000,0.0000,0.0000,0.0000,0.0000,0.0000,5.00,3.00,2.00,0.0178,0.0141,0.0441,0,0.000000
6,43.3800,41.2076,116.0739,-89.8715,-0.1046,0.0091,0.1122,-0.2396,0.0209,0.2571,35.7756,0.6419,69.2355,-2.5810,0.1480,-1.0719,31.6029,-1.9304,66.4921,0.0000,0.0000,0.0000,0.0000,0.0000,0.0000,0.0000,0.0000,0.0000,5.00,3.00,2.00,0.0273,0.0001,0.0126,0,0.000000
6,43.4000,41.0878,116.0843,-89.7429,-0.1046,0.0091,0.1122,-0.2396,0.0209,0.2571,35.7742,0.6391,69.2431,-2.5810,0.1480,-1.0719,31.6029,-1.9304,66.4921,0.0000,0.0000,0.0000,0.0000,0.0000,0.0000,0.0000,0.0000,0.0000,5.00,3.00,2.00,0.0273,0.0001,0.0126,0,0.000000
6,43.4200,40.9680,116.0948,-89.6144,-0.1046,0.0091,0.1122,-0.2396,0.0209,0.2571,35.7729,0.6362,69.2508,-2.5810,0.1480,-1.0719,31.6029,-1.9304,66.4921,0.0000,0.0000,0.0000,0.0000,0.0000,0.0000,0.0000,0.0000,0.0000,5.00,3.00,2.00,0.0273,0.0001,0.0126,0,0.000000
6,43.4400,40.8482,116.1053,-89.4859,-0.1046,0.0091,0.1122,-0.2396,0.0209,0.2571,35.7715,0.6334,69.2584,-2.5810,0.1480,-1.0719,31.6029,-1.9304,66.4921,0.0000,0.0000,0.0000,0.0000,0.0000,0.0000,0.0000,0.0000,0.0000,5.00,3.00,2.00,0.0273,0.0001,0.0126,0,0.000000
6,43.4600,40.7284,116.1157,-89.3574,-0.1046,0.0091,0.1122,-0.2172,-0.1347,0.0090,35.7701,0.6305,69.2660,-0.3368,-0.7088,1.9047,31.6029,-1.9304,66.4921,0.0000,0.0000,0.0000,0.0000,0.0000,0.0000,0.0000,0.0000,0.0000,5.00,3.00,2.00,0.0273,0.0001,0.0126,0,0.000000
6,43.4800,40.6198,116.0484,-89.3528,-0.0948,-0.0588,0.0039,-0.2172,-0.1347,0.0090,35.7652,0.6338,69.2686,-0.3368,-0.7088,1.9047,31.6029,-1.9304,66.4921,0.0000,0.0000,0.0000,0.0000,0.0000,0.0000,0.0000,0.0000,0.0000,5.00,3.00,2.00,0.0224,0.0052,0.0000,0,0.000000
6,43.5000,40.5112,115.9810,-89.3483,-0.0948,-0.0588,0.0039,-0.2172,-0.1347,0.0090,35.7602,0.6372,69.2713,-0.3368,-0.7088,1.9047,31.6029,-1.9304,66.4921,0.0000,0.0000,0.0000,0.0000,0.0000,0.0000,0.0000,0.0000,0.0000,5.00,3.00,2.00,0.0224,0.0052,0.0000,0,0.000000
6,43.5200,40.4026,115.9136,-89.3438,-0.0948,-0.0588,0.0039,-0.2172,-0.1347,0.0090,35.7553,0.6405,69.2739,-0.3368,-0.7088,1.9047,31.6029,-1.9304,66.4921,0.0000,0.0000,0.0000,0.0000,0.0000,0.0000,0.0000,0.0000,0.0000,5.00,3.00,2.00,0.0224,0.0052,0.0000,0,0.000000
6,43.5400,40.2941,115.8463,-89.3393,-0.0948,-0.0588,0.0039,-0.2172,-0.1347,0.0090,35.7503,0.6438,69.2765,-0.3368,-0.7088,1.9047,31.6029,-1.9304,66.4921,0.0000,0.0000,0.0000,0.0000,0.0000,0.0000,0.0000,0.0000,0.0000,5.00,3.00,2.00,0.0224,0.0052,0.0000,0,0.000000
6,43.5600,40.1855,115.7789,-89.3348,-0.0948,-0.0588,0.0039,0.1146,0.0950,-0.5913,35.7454,0.6471,69.2791,-1.2367,0.8280,0.6565,31.6029,-1.9304,66.4921,0.0000,0.0000,0.0000,0.0000,0.0000,0.0000,0.0000,0.0000,0.0000,5.00,3.00,2.00,0.0224,0.0052,0.0000,0,0.000000
6,43.5800,40.2428,115.8264,-89.6304,0.0500,0.0415,-0.2580,0.1146,0.0950,-0.5913,35.7413,0.6500,69.2698,-1.2367,0.8280,0.6565,31.6029,-1.9304,66.4921,0.0000,0.0000,0.0000,0.0000,0.0000,0.0000,0.0000,0.0000,0.0000,5.00,3.00,2.00,0.0063,0.0026,0.0666,0,0.000000
6,43.6000,40.3001,115.8739,-89.9260,0.0500,0.0415,-0.2580,0.1146,0.0950,-0.5913,35.7372,0.6529,69.2605,-1.2367,0.8280,0.6565,31.6029,-1.9304,66.4921,0.0000,0.0000,0.0000,0.0000,0.0000,0.0000,0.0000,0.0000,0.0000,5.00,3.00,2.00,0.0063,0.0026,0.0666,0,0.000000
6,43.6200,40.3574,115.9214,-90.0000,0.0500,0.0415,-0.0645,0.1146,0.0950,-0.5913,35.7383,0.6518,69.2574,-1.2367,0.8280,0.6565,31.6029,-1.9304,66.4921,0.0000,0.0000,0.0000,0.0000,0.0000,0.0000,0.0000,0.0000,0.0000,5.00,3.00,2.00,0.0063,0.0026,0.0042,0,0.000000
6,43.6400,40.4147,115.9689,-90.0000,0.0500,0.0415,0.0000,0.1146,0.0950,-0.5913,35.7411,0.6494,69.2563,-1.2367,0.8280,0.6565,31.6029,-1.9304,66.4921,0.0000,0.0000,0.0000,0.0000,0.0000,0.0000,0.0000,0.0000,0.0000,5.00,3.00,2.00,0.0063,0.0026,0.0000,0,0.000000
6,43.6600,40.4720,116.0165,-90.0000,0.0500,0.0415,0.0000,0.4265,-0.0552,-0.9522,35.7439,0.6470,69.2552,-0.0742,-0.0019,-1.1978,31.6029,-1.9304,66.4921,0.0000,0.0000,0.0000,0.0000,0.0000,0.0000,0.0000,0.0000,0.0000,5.00,3.00,2.00,0.0063,0.0026,0.0000,0,0.000000
6,43.6800,40.6852,115.9889,-90.0000,0.1861,-0.0241,0.0000,0.4265,-0.0552,-0.9522,35.7516,0.6484,69.2478,-0.0742,-0.0019,-1.1978,31.6029,-1.9304,66.4921,0.0000,0.0000,0.0000,0.0000,0.0000,0.0000,0.0000,0.0000,0.0000,5.00,3.00,2.00,0.0866,0.0009,0.0000,0,0.000000
6,43.7000,40.8985,115.9613,-90.0000,0.1861,-0.0241,0.0000,0.4265,-0.0552,-0.9522,35.7593,0.6498,69.2404,-0.0742,-0.0019,-1.1978,31.6029,-1.9304,66.4921,0.0000,0.0000,0.0000,0.0000,0.0000,0.0000,0.0000,0.0000,0.0000,5.00,3.00,2.00,0.0866,0.0009,0.0000,0,0.000000
6,43.7200,41.1117,115.9337,-90.0000,0.1861,-0.0241,0.0000,0.4265,-0.0552,-0.9522,35.7670,0.6512,69.2330,-0.0742,-0.0019,-1.1978,31.6029,-1.9304,66.4921,0.0000,0.0000,0.0000,0.0000,0.0000,0.0000,0.0000,0.0000,0.0000,5.00,3.00,2.00,0.0866,0.0009,0.0000,0,0.000000
6,43.7400,41.3250,115.9061,-90.0000,0.1861,-0.0241,0.0000,0.4265,-0.0552,-0.9522,35.7746,0.6526,69.2255,-0.0742,-0.0019,-1.1978,31.6029,-1.9304,66.4921,0.0000,0.0000,0.0000,0.0000,0.0000,0.0000,0.0000,0.0000,0.0000,5.00,3.00,2.00,0.0866,0.0009,0.0000,0,0.000000
6,43.7600,41.5382,115.8784,-90.0000,0.1861,-0.0241,0.0000,-0.0184,0.3992,0.5071,35.7822,0.6539,69.2181,1.9163,0.3447,-1.8547,31.6029,-1.9304,66.4921,0.0000,0.0000,0.0000,0.0000,0.0000,0.0000,0.0000,0.0000,0.0000,5.00,3.00,2.00,0.0866,0.0009,0.0000,0,0.000000
6,43.7800,41.5290,116.0781,-89.7464,-0.0080,0.1742,0.2213,-0.0184,0.3992,0.5071,35.7907,0.6394,69.2283,1.9163,0.3447,-1.8547,31.6029,-1.9304,66.4921,0.0000,0.0000,0.0000,0.0000,0.0000,0.0000,0.0000,0.0000,0.0000,5.00,3.00,2.00,0.0002,0.0455,0.0490,0,0.000000
6,43.8000,41.5198,116.2776,-89.4929,-0.0080,0.1742,0.2213,-0.0184,0.3992,0.5071,35.7991,0.6248,69.2385,1.9163,0.3447,-1.8547,31.6029,-1.9304,66.4921,0.0000,0.0000,0.0000,0.0000,0.0000,0.0000,0.0000,0.0000,0.0000,5.00,3.00,2.00,0.0002,0.0455,0.0490,0,0.000000
6,43.8200,41.5106,116.4772,-89.2393,-0.0080,0.1742,0.2213,-0.0184,0.3992,0.5071,35.8075,0.6101,69.2487,1.9163,0.3447,-1.8547,31.6029,-1.9304,66.4921,0.0000,0.0000,0.0000,0.0000,0.0000,0.0000,0.0000,0.0000,0.0000,5.00,3.00,2.00,0.0002,0.0455,0.0490,0,0.000000
6,43.8400,41.5015,116.6769,-88.9857,-0.0080,0.1742,0.2213,-0.0184,0.3992,0.5071,35.8158,0.5952,69.2587,1.9163,0.3447,-1.8547,31.6029,-1.9304,66.4921,0.0000,0.0000,0.0000,0.0000,0.0000,0.0000,0.0000,0.0000,0.0000,5.00,3.00,2.00,0.0002,0.0455,0.0490,0,0.000000
6,43.8600,41.4923,116.8765,-88.7322,-0.0080,0.1742,0.2213,0.3110,-0.2620,-0.1672,35.8240,0.5803,69.2687,2.0880,-3.6833,2.5333,31.6029,-1.9304,66.4921,0.0000,0.0000,0.0000,0.0000,0.0000,0.0000,0.0000,0.0000,0.0000,5.00,3.00,2.00,0.0002,0.0455,0.0490,0,0.000000
6,43.8800,41.6478,116.7455,-88.8157,0.1357,-0.1143,-0.0729,0.3110,-0.2620,-0.1672,35.8263,0.5885,69.2593,2.0880,-3.6833,2.5333,31.6029,-1.9304,66.4921,0.0000,0.0000,0.0000,0.0000,0.0000,0.0000,0.0000,0.0000,0.0000,5.00,3.00,2.00,0.0460,0.0196,0.0053,0,0.000000
6,43.9000,41.8033,116.6145,-88.8993,0.1357,-0.1143,-0.0729,0.3110,-0.2620,-0.1672,35.8285,0.5968,69.2499,2.0880,-3.6833,2.5333,31.6029,-1.9304,66.4921,0.0000,0.0000,0.0000,0.0000,0.0000,0.0000,0.0000,0.0000,0.0000,5.00,3.00,2.00,0.0460,0.0196,0.0053,0,0.000000
6,43.9200,41.9588,116.4835,-88.9829,0.1357,-0.1143,-0.0729,0.3110,-0.2620,-0.1672,35.8306,0.6050,69.2405,2.0880,-3.6833,2.5333,31.6029,-1.9304,66.4921,0.0000,0.0000,0.0000,0.0000,0.0000,0.0000,0.0000,0.0000,0.0000,5.00,3.00,2.00,0.0460,0.0196,0.0053,0,0.000000
6,43.9400,42.1143,116.3525,-89.0665,0.1357,-0.1143,-0.0729,0.3110,-0.2620,-0.1672,35.8327,0.6132,69.2311,2.0880,-3.6833,2.5333,31.6029,-1.9304,66.4921,0.0000,0.0000,0.0000,0.0000,0.0000,0.0000,0.0000,0.0000,0.0000,5.00,3.00,2.00,0.0460,0.0196,0.0053,0,0.000000
6,43.9600,42.2697,116.2215,-89.1501,0.1357,-0.1143,-0.0729,0.4964,-0.2900,0.3986,35.8348,0.6214,69.2216,0.5400,2.0560,-2.3575,31.6029,-1.9304,66.4921,0.0000,0.0000,0.0000,0.0000,0.0000,0.0000,0.0000,0.0000,0.0000,5.00,3.00,2.00,0.0460,0.0196,0.0053,0,0.000000
6,43.9800,42.5180,116.0765,-88.9508,0.2166,-0.1265,0.1739,0.4964,-0.2900,0.3986,35.8469,0.6251,69.2163,0.5400,2.0560,-2.3575,31.6029,-1.9304,66.4921,0.0000,0.0000,0.0000,0.0000,0.0000,0.0000,0.0000,0.0000,0.0000,5.00,3.00,2.00,0.1173,0.0240,0.0303,0,0.000000
6,44.0000,42.7662,115.9315,-88.7515,0.2166,-0.1265,0.1739,0.4964,-0.2900,0.3986,35.8591,0.6287,69.2109,0.5400,2.0560,-2.3575,31.6029,-1.9304,66.4921,0.0000,0.0000,0.0000,0.0000,0.0000,0.0000,0.0000,0.0000,0.0000,5.00,3.00,2.00,0.1173,0.0240,0.0303,0,0.000000
6,44.0200,43.0144,115.7865,-88.5522,0.2166,-0.1265,0.1739,0.4964,-0.2900,0.3986,35.8712,0.6324,69.2054,0.5400,2.0560,-2.3575,31.6029,-1.9304,66.4921,0.0000,0.0000,0.0000,0.0000,0.0000,0.0000,0.0000,0.0000,0.0000,5.00,3.00,2.00,0.1173,0.0240,0.0303,0,0.000000
6,44.0400,43.2626,115.6415,-88.3529,0.2166,-0.1265,0.1739,0.4964,-0.2900,0.3986,35.8833,0.6361,69.1998,0.5400,2.0560,-2.3575,31.6029,-1.9304,66.4921,0.0000,0.0000,0.0000,0.0000,0.0000,0.0000,0.0000,0.0000,0.0000,5.00,3.00,2.00,0.1173,0.0240,0.0303,0,0.000000
6,44.0600,43.5109,115.4965,-88.1535,0.2166,-0.1265,0.1739,0.3834,0.1488,-0.2855,35.8953,0.6398,69.1942,3.0270,0.9204,-1.3714,31.6029,-1.9304,66.4921,0.0000,0.0000,0.0000,0.0000,0.0000,0.0000,0.0000,0.0000,0.0000,5.00,3.00,2.00,0.1173,0.0240,0.0303,0,0.000000
6,44.0800,43.7025,115.5709,-88.2963,0.1673,0.0649,-0.1246,0.3834,0.1488,-0.2855,35.8999,0.6387,69.1848,3.0270,0.9204,-1.3714,31.6029,-1.9304,66.4921,0.0000,0.0000,0.0000,0.0000,0.0000,0.0000,0.0000,0.0000,0.0000,5.00,3.00,2.00,0.0700,0.0063,0.0155,0,0.000000
6,44.1000,43.8942,115.6453,-88.4390,0.1673,0.0649,-0.1246,0.3834,0.1488,-0.2855,35.9045,0.6375,69.1755,3.0270,0.9204,-1.3714,31.6029,-1.9304,66.4921,0.0000,0.0000,0.0000,0.0000,0.0000,0.0000,0.0000,0.0000,0.0000,5.00,3.00,2.00,0.0700,0.0063,0.0155,0,0.000000
6,44.1200,44.0859,115.7197,-88.5818,0.1673,0.0649,-0.1246,0.3834,0.1488,-0.2855,35.9089,0.6364,69.1661,3.0270,0.9204,-1.3714,31.6029,-1.9304,66.4921,0.0000,0.0000,0.0000,0.0000,0.0000,0.0000,0.0000,0.0000,0.0000,5.00,3.00,2.00,0.0700,0.0063,0.0155,0,0.000000
6,44.1400,44.2776,115.7942,-88.7245,0.1673,0.0649,-0.1246,0.3834,0.1488,-0.2855,35.9134,0.6352,69.1567,3.0270,0.9204,-1.3714,31.6029,-1.9304,66.4921,0.0000,0.0000,0.0000,0.0000,0.0000,0.0000,0.0000,0.0000,0.0000,5.00,3.00,2.00,0.0699,0.0063,0.0155,0,0.000000
6,44.1600,44.4693,115.8686,-88.8672,0.1673,0.0649,-0.1246,0.0527,-0.1763,0.6664,35.9178,0.6341,69.1474,1.1242,-0.2868,-2.3407,31.6029,-1.9304,66.4921,0.0000,0.0000,0.0000,0.0000,0.0000,0.0000,0.0000,0.0000,0.0000,5.00,3.00,2.00,0.0700,0.0063,0.0155,0,0.000000
6,44.1800,44.4956,115.7804,-88.5340,0.0230,-0.0769,0.2908,0.0527,-0.1763,0.6664,35.9259,0.6324,69.1537,1.1242,-0.2868,-2.3407,31.6029,-1.9304,66.4921,0.0000,0.0000,0.0000,0.0000,0.0000,0.0000,0.0000,0.0000,0.0000,5.00,3.00,2.00,0.0013,0.0089,0.0845,0,0.000000
6,44.2000,44.5220,115.6922,-88.2008,0.0230,-0.0769,0.2908,0.0527,-0.1763,0.6664,35.9340,0.6307,69.1600,1.1242,-0.2868,-2.3407,31.6029,-1.9304,66.4921,0.0000,0.0000,0.0000,0.0000,0.0000,0.0000,0.0000,0.0000,0.0000,5.00,3.00,2.00,0.0013,0.0089,0.0846,0,0.000000
6,44.2200,44.5484,115.6041,-87.8676,0.0230,-0.0769,0.2908,0.0527,-0.1763,0.6664,35.9421,0.6290,69.1663,1.1242,-0.2868,-2.3407,31.6029,-1.9304,66.4921,0.0000,0.0000,0.0000,0.0000,0.0000,0.0000,0.0000,0.0000,0.0000,5.00,3.00,2.00,0.0013,0.0089,0.0846,0,0.000000
6,44.2400,44.5748,115.5159,-87.5344,0.0230,-0.0769,0.2908,0.0527,-0.1763,0.6664,35.9501,0.6272,69.1725,1.1242,-0.2868,-2.3407,31.6029,-1.9304,66.4921,0.0000,0.0000,0.0000,0.0000,0.0000,0.0000,0.0000,0.0000,0.0000,5.00,3.00,2.00,0.0013,0.0089,0.0846,0,0.000000
6,44.2600,44.6011,115.4277,-87.2012,0.0230,-0.0769,0.2908,-0.4839,-0.2524,-0.3664,35.9582,0.6254,69.1788,2.0180,-0.4335,1.5713,31.6029,-1.9304,66.4921,0.0000,0.0000,0.0000,0.0000,0.0000,0.0000,0.0000,0.0000,0.0000,5.00,3.00,2.00,0.0013,0.0089,0.0846,0,0.000000
6,44.2800,44.3592,115.3015,-87.3844,-0.2111,-0.1101,-0.1599,-0.4839,-0.2524,-0.3664,35.9429,0.6354,69.1810,2.0180,-0.4335,1.5713,31.6029,-1.9304,66.4921,0.0000,0.0000,0.0000,0.0000,0.0000,0.0000,0.0000,0.0000,0.0000,5.00,3.00,2.00,0.1114,0.0182,0.0256,0,0.000000
6,44.3000,44.1173,115.1753,-87.5677,-0.2111,-0.1101,-0.1599,-0.4839,-0.2524,-0.3664,35.9277,0.6453,69.1831,2.0180,-0.4335,1.5713,31.6029,-1.9304,66.4921,0.0000,0.0000,0.0000,0.0000,0.0000,0.0000,0.0000,0.0000,0.0000,5.00,3.00,2.00,0.1114,0.0182,0.0256,0,0.000000
6,44.3200,43.8753,115.0491,-87.7509,-0.2111,-0.1101,-0.1599,-0.4839,-0.2524,-0.3664,35.9124,0.6552,69.1851,2.0180,-0.4335,1.5713,31.6029,-1.9304,66.4921,0.0000,0.0000,0.0000,0.0000,0.0000,0.0000,0.0000,0.0000,0.0000,5.00,3.00,2.00,0.1114,0.0182,0.0256,0,0.000000
6,44.3400,43.6334,114.9229,-87.9341,-0.2111,-0.1101,-0.1599,-0.4839,-0.2524,-0.3664,35.8971,0.6650,69.1870,2.0180,-0.4335,1.5713,31.6029,-1.9304,66.4921,0.0000,0.0000,0.0000,0.0000,0.0000,0.0000,0.0000,0.0000,0.0000,5.00,3.00,2.00,0.1114,0.0182,0.0256,0,0.000000
6,44.3600,43.3915,114.7966,-88.1173,-0.2111,-0.1101,-0.1599,0.0869,-0.4658,0.3216,35.8818,0.6747,69.1888,-3.8166,2.4663,0.4990,31.6029,-1.9304,66.4921,0.0000,0.0000,0.0000,0.0000,0.0000,0.0000,0.0000,0.0000,0.0000,5.00,3.00,2.00,0.1114,0.0182,0.0256,0,0.000000
6,44.3800,43.4349,114.5637,-87.9565,0.0379,-0.2033,0.1403,0.0869,-0.4658,0.3216,35.8840,0.6836,69.1879,-3.8166,2.4663,0.4990,31.6029,-1.9304,66.4921,0.0000,0.0000,0.0000,0.0000,0.0000,0.0000,0.0000,0.0000,0.0000,5.00,3.00,2.00,0.0036,0.0620,0.0197,0,0.000000
6,44.4000,43.4783,114.3308,-87.7957,0.0379,-0.2032,0.1403,0.0869,-0.4658,0.3216,35.8862,0.6925,69.1870,-3.8166,2.4663,0.4990,31.6029,-1.9304,66.4921,0.0000,0.0000,0.0000,0.0000,0.0000,0.0000,0.0000,0.0000,0.0000,5.00,3.00,2.00,0.0036,0.0620,0.0197,0,0.000000
6,44.4200,43.5218,114.0979,-87.6349,0.0379,-0.2032,0.1403,0.0869,-0.4658,0.3216,35.8884,0.7015,69.1861,-3.8166,2.4663,0.4990,31.6029,-1.9304,66.4921,0.0000,0.0000,0.0000,0.0000,0.0000,0.0000,0.0000,0.0000,0.0000,5.00,3.00,2.00,0.0036,0.0620,0.0197,0,0.000000
6,44.4400,43.5652,113.8650,-87.4741,0.0379,-0.2032,0.1403,0.0869,-0.4658,0.3216,35.8906,0.7104,69.1851,-3.8166,2.4663,0.4990,31.6029,-1.9304,66.4921,0.0000,0.0000,0.0000,0.0000,0.0000,0.0000,0.0000,0.0000,0.0000,5.00,3.00,2.00,0.0036,0.0620,0.0197,0,0.000000
6,44.4600,43.6087,113.6321,-87.3133,0.0379,-0.2032,0.1403,-0.1949,0.1223,-0.3287,35.8927,0.7194,69.1842,0.5417,2.2314,-0.2300,31.6029,-1.9304,66.4921,0.0000,0.0000,0.0000,0.0000,0.0000,0.0000,0.0000,0.0000,0.0000,5.00,3.00,2.00,0.0036,0.0620,0.0197,0,0.000000
6,44.4800,43.5112,113.6933,-87.4776,-0.0850,0.0534,-0.1434,-0.1949,0.1223,-0.3287,35.8859,0.7192,69.1842,0.5417,2.2314,-0.2300,31.6029,-1.9304,66.4921,0.0000,0.0000,0.0000,0.0000,0.0000,0.0000,0.0000,0.0000,0.0000,5.00,3.00,2.00,0.0181,0.0043,0.0206,0,0.000000
6,44.5000,43.4138,113.7545,-87.6419,-0.0850,0.0534,-0.1434,-0.1949,0.1223,-0.3287,35.8791,0.7190,69.1843,0.5417,2.2314,-0.2300,31.6029,-1.9304,66.4921,0.0000,0.0000,0.0000,0.0000,0.0000,0.0000,0.0000,0.0000,0.0000,5.00,3.00,2.00,0.0181,0.0043,0.0206,0,0.000000
6,44.5200,43.3163,113.8156,-87.8063,-0.0850,0.0534,-0.1434,-0.1949,0.1223,-0.3287,35.8724,0.7188,69.1843,0.5417,2.2314,-0.2300,31.6029,-1.9304,66.4921,0.0000,0.0000,0.0000,0.0000,0.0000,0.0000,0.0000,0.0000,0.0000,5.00,3.00,2.00,0.0181,0.0043,0.0206,0,0.000000
6,44.5400,43.2189,113.8768,-87.9706,-0.0850,0.0534,-0.1434,-0.1949,0.1223,-0.3287,35.8656,0.7186,69.1843,0.5417,2.2314,-0.2300,31.6029,-1.9304,66.4921,0.0000,0.0000,0.0000,0.0000,0.0000,0.0000,0.0000,0.0000,0.0000,5.00,3.00,2.00,0.0181,0.0043,0.0206,0,0.000000
6,44.5600,43.1215,113.9380,-88.1349,-0.0850,0.0534,-0.1434,-0.6227,0.2513,0.0309,35.8589,0.7185,69.1843,-1.6907,-0.0448,0.0053,31.6029,-1.9304,66.4921,0.0000,0.0000,0.0000,0.0000,0.0000,0.0000,0.0000,0.0000,0.0000,5.00,3.00,2.00,0.0181,0.0043,0.0206,0,0.000000
6,44.5800,42.8101,114.0636,-88.1195,-0.2717,0.1096,0.0135,-0.6227,0.2513,0.0309,35.8496,0.7118,69.1974,-1.6907,-0.0448,0.0053,31.6029,-1.9304,66.4921,0.0000,0.0000,0.0000,0.0000,0.0000,0.0000,0.0000,0.0000,0.0000,5.00,3.00,2.00,0.1846,0.0180,0.0002,0,0.000000
6,44.6000,42.4988,114.1893,-88.1040,-0.2717,0.1097,0.0135,-0.6227,0.2513,0.0309,35.8403,0.7052,69.2104,-1.6907,-0.0448,0.0053,31.6029,-1.9304,66.4921,0.0000,0.0000,0.0000,0.0000,0.0000,0.0000,0.0000,0.0000,0.0000,5.00,3.00,2.00,0.1846,0.0180,0.0002,0,0.000000
6,44.6200,42.1874,114.3149,-88.0886,-0.2717,0.1097,0.0135,-0.6227,0.2513,0.0309,35.8308,0.6986,69.2234,-1.6907,-0.0448,0.0053,31.6029,-1.9304,66.4921,0.0000,0.0000,0.0000,0.0000,0.0000,0.0000,0.0000,0.0000,0.0000,5.00,3.00,2.00,0.1846,0.0180,0.0002,0,0.000000
6,44.6400,41.8761,114.4406,-88.0731,-0.2717,0.1097,0.0135,-0.6227,0.2513,0.0309,35.8213,0.6920,69.2364,-1.6907,-0.0448,0.0053,31.6029,-1.9304,66.4921,0.0000,0.0000,0.0000,0.0000,0.0000,0.0000,0.0000,0.0000,0.0000,5.00,3.00,2.00,0.1846,0.0180,0.0002,0,0.000000
6,44.6600,41.5647,114.5663,-88.0576,-0.2717,0.1097,0.0135,-0.2832,0.2528,0.0703,35.8117,0.6853,69.2493,-2.3582,-1.6564,3.2524,31.6029,-1.9304,66.4921,0.0000,0.0000,0.0000,0.0000,0.0000,0.0000,0.0000,0.0000,0.0000,5.00,3.00,2.00,0.1846,0.0180,0.0002,0,0.000000
6,44.6800,41.4231,114.6927,-88.0225,-0.1236,0.1103,0.0307,-0.2832,0.2528,0.0703,35.8089,0.6783,69.2570,-2.3582,-1.6564,3.2524,31.6029,-1.9304,66.4921,0.0000,0.0000,0.0000,0.0000,0.0000,0.0000,0.0000,0.0000,0.0000,5.00,3.00,2.00,0.0382,0.0183,0.0009,0,0.000000
6,44.7000,41.2815,114.8191,-87.9873,-0.1236,0.1103,0.0307,-0.2832,0.2528,0.0703,35.8061,0.6712,69.2647,-2.3582,-1.6564,3.2524,31.6029,-1.9304,66.4921,0.0000,0.0000,0.0000,0.0000,0.0000,0.0000,0.0000,0.0000,0.0000,5.00,3.00,2.00,0.0382,0.0183,0.0009,0,0.000000
6,44.7200,41.1399,114.9455,-87.9522,-0.1236,0.1103,0.0307,-0.2832,0.2528,0.0703,35.8033,0.6642,69.2724,-2.3582,-1.6564,3.2524,31.6029,-1.9304,66.4921,0.0000,0.0000,0.0000,0.0000,0.0000,0.0000,0.0000,0.0000,0.0000,5.00,3.00,2.00,0.0382,0.0183,0.0009,0,0.000000
6,44.7400,40.9983,115.0719,-87.9170,-0.1236,0.1103,0.0307,-0.2832,0.2528,0.0703,35.8004,0.6571,69.2801,-2.3582,-1.6564,3.2524,31.6029,-1.9304,66.4921,0.0000,0.0000,0.0000,0.0000,0.0000,0.0000,0.0000,0.0000,0.0000,5.00,3.00,2.00,0.0382,0.0183,0.0009,0,0.000000
6,44.7600,40.8566,115.1983,-87.8819,-0.1236,0.1103,0.0307,0.3134,-0.2690,0.1014,35.7975,0.6500,69.2877,-0.7105,-1.7677,1.9215,31.6029,-1.9304,66.4921,0.0000,0.0000,0.0000,0.0000,0.0000,0.0000,0.0000,0.0000,0.0000,5.00,3.00,2.00,0.0382,0.0183,0.0009,0,0.000000
6,44.7800,41.0133,115.0638,-87.8312,0.1367,-0.1174,0.0442,0.3134,-0.2690,0.1014,35.8029,0.6559,69.2818,-0.7105,-1.7677,1.9215,31.6029,-1.9304,66.4921,0.0000,0.0000,0.0000,0.0000,0.0000,0.0000,0.0000,0.0000,0.0000,5.00,3.00,2.00,0.0467,0.0207,0.0020,0,0.000000
6,44.8000,41.1700,114.9293,-87.7805,0.1367,-0.1174,0.0442,0.3134,-0.2690,0.1014,35.8083,0.6618,69.2758,-0.7105,-1.7677,1.9215,31.6029,-1.9304,66.4921,0.0000,0.0000,0.0000,0.0000,0.0000,0.0000,0.0000,0.0000,0.0000,5.00,3.00,2.00,0.0467,0.0207,0.0020,0,0.000000
6,44.8200,41.3267,114.7948,-87.7298,0.1367,-0.1174,0.0442,0.3134,-0.2690,0.1014,35.8136,0.6677,69.2698,-0.7105,-1.7677,1.9215,31.6029,-1.9304,66.4921,0.0000,0.0000,0.0000,0.0000,0.0000,0.0000,0.0000,0.0000,0.0000,5.00,3.00,2.00,0.0467,0.0207,0.0020,0,0.000000
6,44.8400,41.4834,114.6603,-87.6791,0.1367,-0.1174,0.0442,0.3134,-0.2690,0.1014,35.8190,0.6737,69.2638,-0.7105,-1.7677,1.9215,31.6029,-1.9304,66.4921,0.0000,0.0000,0.0000,0.0000,0.0000,0.0000,0.0000,0.0000,0.0000,5.00,3.00,2.00,0.0467,0.0207,0.0020,0,0.000000
6,44.8600,41.6401,114.5258,-87.6284,0.1367,-0.1174,0.0442,0.3456,0.1721,-0.3002,35.8243,0.6796,69.2577,1.3395,1.4808,-1.5015,31.6029,-1.9304,66.4921,0.0000,0.0000,0.0000,0.0000,0.0000,0.0000,0.0000,0.0000,0.0000,5.00,3.00,2.00,0.0467,0.0207,0.0020,0,0.000000
6,44.8800,41.8129,114.6119,-87.7785,0.1508,0.0751,-0.1310,0.3456,0.1721,-0.3002,35.8285,0.6780,69.2492,1.3395,1.4808,-1.5015,31.6029,-1.9304,66.4921,0.0000,0.0000,0.0000,0.0000,0.0000,0.0000,0.0000,0.0000,0.0000,5.00,3.00,2.00,0.0569,0.0085,0.0172,0,0.000000
6,44.9000,41.9857,114.6979,-87.9286,0.1508,0.0751,-0.1310,0.3456,0.1721,-0.3002,35.8326,0.6763,69.2406,1.3395,1.4808,-1.5015,31.6029,-1.9304,66.4921,0.0000,0.0000,0.0000,0.0000,0.0000,0.0000,0.0000,0.0000,0.0000,5.00,3.00,2.00,0.0569,0.0085,0.0172,0,0.000000
6,44.9200,42.1586,114.7840,-88.0787,0.1508,0.0751,-0.1310,0.3456,0.1721,-0.3002,35.8367,0.6747,69.2321,1.3395,1.4808,-1.5015,31.6029,-1.9304,66.4921,0.0000,0.0000,0.0000,0.0000,0.0000,0.0000,0.0000,0.0000,0.0000,5.00,3.00,2.00,0.0569,0.0085,0.0172,0,0.000000
6,44.9400,42.3314,114.8701,-88.2288,0.1508,0.0751,-0.1310,0.3456,0.1721,-0.3002,35.8408,0.6730,69.2235,1.3395,1.4808,-1.5015,31.6029,-1.9304,66.4921,0.0000,0.0000,0.0000,0.0000,0.0000,0.0000,0.0000,0.0000,0.0000,5.00,3.00,2.00,0.0569,0.0085,0.0172,0,0.000000
6,44.9600,42.5042,114.9561,-88.3789,0.1508,0.0751,-0.1310,-0.5162,0.3138,0.2699,35.8448,0.6714,69.2149,1.0250,-0.4106,-2.1389,31.6029,-1.9304,66.4921,0.0000,0.0000,0.0000,0.0000,0.0000,0.0000,0.0000,0.0000,0.0000,5.00,3.00,2.00,0.0569,0.0085,0.0172,0,0.000000
6,44.9800,42.2461,115.1130,-88.2440,-0.2252,0.1369,0.1178,-0.5162,0.3138,0.2699,35.8406,0.6610,69.2298,1.0250,-0.4106,-2.1389,31.6029,-1.9304,66.4921,0.0000,0.0000,0.0000,0.0000,0.0000,0.0000,0.0000,0.0000,0.0000,5.00,3.00,2.00,0.1268,0.0281,0.0139,0,0.000000
6,45.0000,41.9880,115.2699,-88.1090,-0.2252,0.1369,0.1178,-0.5162,0.3138,0.2699,35.8363,0.6505,69.2446,1.0250,-0.4106,-2.1389,31.6029,-1.9304,66.4921,0.0000,0.0000,0.0000,0.0000,0.0000,0.0000,0.0000,0.0000,0.0000,5.00,3.00,2.00,0.1268,0.0281,0.0139,0,0.000000
6,45.0200,41.7299,115.4268,-87.9741,-0.2252,0.1369,0.1178,-0.5162,0.3138,0.2699,35.8319,0.6400,69.2594,1.0250,-0.4106,-2.1389,31.6029,-1.9304,66.4921,0.0000,0.0000,0.0000,0.0000,0.0000,0.0000,0.0000,0.0000,0.0000,5.00,3.00,2.00,0.1268,0.0281,0.0139,0,0.000000
6,45.0400,41.4718,115.5837,-87.8391,-0.2252,0.1369,0.1178,-0.5162,0.3138,0.2699,35.8273,0.6295,69.2741,1.0250,-0.4106,-2.1389,31.6029,-1.9304,66.4921,0.0000,0.0000,0.0000,0.0000,0.0000,0.0000,0.0000,0.0000,0.0000,5.00,3.00,2.00,0.1268,0.0281,0.0139,0,0.000000
6,45.0600,41.2137,115.7406,-87.7042,-0.2252,0.1369,0.1178,-0.2464,0.6531,-0.1685,35.8227,0.6189,69.2889,-1.1047,-2.6247,3.6961,31.6029,-1.9304,66.4921,0.0000,0.0000,0.0000,0.0000,0.0000,0.0000,0.0000,0.0000,0.0000,5.00,3.00,2.00,0.1268,0.0281,0.0139,0,0.000000
6,45.0800,41.0905,116.0672,-87.7885,-0.1075,0.2850,-0.0735,-0.2464,0.6531,-0.1685,35.8202,0.6037,69.2957,-1.1047,-2.6247,3.6961,31.6029,-1.9304,66.4921,0.0000,0.0000,0.0000,0.0000,0.0000,0.0000,0.0000,0.0000,0.0000,5.00,3.00,2.00,0.0289,0.1218,0.0054,0,0.000000
6,45.1000,40.9673,116.3938,-87.8728,-0.1075,0.2850,-0.0735,-0.2464,0.6531,-0.1685,35.8177,0.5885,69.3024,-1.1047,-2.6247,3.6961,31.6029,-1.9304,66.4921,0.0000,0.0000,0.0000,0.0000,0.0000,0.0000,0.0000,0.0000,0.0000,5.00,3.00,2.00,0.0289,0.1218,0.0054,0,0.000000
6,45.1200,40.8441,116.7204,-87.9570,-0.1075,0.2850,-0.0735,-0.2464,0.6531,-0.1685,35.8151,0.5734,69.3091,-1.1047,-2.6247,3.6961,31.6029,-1.9304,66.4921,0.0000,0.0000,0.0000,0.0000,0.0000,0.0000,0.0000,0.0000,0.0000,5.00,3.00,2.00,0.0289,0.1218,0.0054,0,0.000000
6,45.1400,40.7209,117.0469,-88.0413,-0.1075,0.2850,-0.0735,-0.2464,0.6531,-0.1685,35.8124,0.5582,69.3157,-1.1047,-2.6247,3.6961,31.6029,-1.9304,66.4921,0.0000,0.0000,0.0000,0.0000,0.0000,0.0000,0.0000,0.0000,0.0000,5.00,3.00,2.00,0.0289,0.1218,0.0054,0,0.000000
6,45.1600,40.5977,117.3735,-88.1256,-0.1075,0.2850,-0.0735,0.2281,-0.3023,-0.2612,35.8097,0.5430,69.3223,-0.6502,-3.7947,1.6705,31.6029,-1.9304,66.4921,0.0000,0.0000,0.0000,0.0000,0.0000,0.0000,0.0000,0.0000,0.0000,5.00,3.00,2.00,0.0289,0.1218,0.0054,0,0.000000
6,45.1800,40.7117,117.2223,-88.2562,0.0995,-0.1319,-0.1140,0.2281,-0.3023,-0.2612,35.8093,0.5534,69.3128,-0.6502,-3.7947,1.6705,31.6029,-1.9304,66.4921,0.0000,0.0000,0.0000,0.0000,0.0000,0.0000,0.0000,0.0000,0.0000,5.00,3.00,2.00,0.0248,0.0261,0.0130,0,0.000000
6,45.2000,40.8258,117.0712,-88.3868,0.0995,-0.1319,-0.1140,0.2281,-0.3023,-0.2612,35.8088,0.5637,69.3033,-0.6502,-3.7947,1.6705,31.6029,-1.9304,66.4921,0.0000,0.0000,0.0000,0.0000,0.0000,0.0000,0.0000,0.0000,0.0000,5.00,3.00,2.00,0.0248,0.0261,0.0130,0,0.000000
6,45.2200,40.9398,116.9200,-88.5174,0.0995,-0.1319,-0.1140,0.2281,-0.3023,-0.2612,35.8083,0.5739,69.2937,-0.6502,-3.7947,1.6705,31.6029,-1.9304,66.4921,0.0000,0.0000,0.0000,0.0000,0.0000,0.0000,0.0000,0.0000,0.0000,5.00,3.00,2.00,0.0248,0.0261,0.0130,0,0.000000
6,45.2400,41.0538,116.7688,-88.6480,0.0995,-0.1319,-0.1140,0.2281,-0.3023,-0.2612,35.8077,0.5842,69.2842,-0.6502,-3.7947,1.6705,31.6029,-1.9304,66.4921,0.0000,0.0000,0.0000,0.0000,0.0000,0.0000,0.0000,0.0000,0.0000,5.00,3.00,2.00,0.0248,0.0261,0.0130,0,0.000000
6,45.2600,41.1679,116.6176,-88.7786,0.0995,-0.1319,-0.1140,-0.0180,0.2931,-0.5108,35.8071,0.5944,69.2746,-0.1276,2.5687,-2.3811,31.6029,-1.9304,66.4921,0.0000,0.0000,0.0000,0.0000,0.0000,0.0000,0.0000,0.0000,0.0000,5.00,3.00,2.00,0.0248,0.0261,0.0130,0,0.000000
6,45.2800,41.1589,116.7642,-89.0340,-0.0079,0.1279,-0.2229,-0.0180,0.2931,-0.5108,35.8027,0.5917,69.2702,-0.1276,2.5687,-2.3811,31.6029,-1.9304,66.4921,0.0000,0.0000,0.0000,0.0000,0.0000,0.0000,0.0000,0.0000,0.0000,5.00,3.00,2.00,0.0002,0.0245,0.0497,0,0.000000
6,45.3000,41.1499,116.9108,-89.2894,-0.0079,0.1279,-0.2229,-0.0180,0.2931,-0.5108,35.7982,0.5891,69.2658,-0.1276,2.5687,-2.3811,31.6029,-1.9304,66.4921,0.0000,0.0000,0.0000,0.0000,0.0000,0.0000,0.0000,0.0000,0.0000,5.00,3.00,2.00,0.0002,0.0245,0.0497,0,0.000000
6,45.3200,41.1409,117.0573,-89.5448,-0.0079,0.1279,-0.2229,-0.0180,0.2931,-0.5108,35.7937,0.5864,69.2614,-0.1276,2.5687,-2.3811,31.6029,-1.9304,66.4921,0.0000,0.0000,0.0000,0.0000,0.0000,0.0000,0.0000,0.0000,0.0000,5.00,3.00,2.00,0.0002,0.0245,0.0497,0,0.000000
6,45.3400,41.1319,117.2039,-89.8002,-0.0079,0.1279,-0.2229,-0.0180,0.2931,-0.5108,35.7892,0.5837,69.2569,-0.1276,2.5687,-2.3811,31.6029,-1.9304,66.4921,0.0000,0.0000,0.0000,0.0000,0.0000,0.0000,0.0000,0.0000,0.0000,5.00,3.00,2.00,0.0002,0.0245,0.0497,0,0.000000
6,45.3600,41.1228,117.3504,-90.0000,-0.0079,0.1279,-0.1743,-0.4123,-0.1729,0.1700,35.7861,0.5801,69.2540,-1.0538,-0.7152,-1.0330,31.6029,-1.9304,66.4921,0.0000,0.0000,0.0000,0.0000,0.0000,0.0000,0.0000,0.0000,0.0000,5.00,3.00,2.00,0.0002,0.0245,0.0304,0,0.000000
6,45.3800,40.9167,117.2639,-89.9150,-0.1799,-0.0755,0.0742,-0.4123,-0.1729,0.1700,35.7791,0.5828,69.2618,-1.0538,-0.7152,-1.0330,31.6029,-1.9304,66.4921,0.0000,0.0000,0.0000,0.0000,0.0000,0.0000,0.0000,0.0000,0.0000,5.00,3.00,2.00,0.0809,0.0085,0.0055,0,0.000000
6,45.4000,40.7105,117.1775,-89.8300,-0.1799,-0.0755,0.0742,-0.4123,-0.1729,0.1700,35.7721,0.5856,69.2697,-1.0538,-0.7152,-1.0330,31.6029,-1.9304,66.4921,0.0000,0.0000,0.0000,0.0000,0.0000,0.0000,0.0000,0.0000,0.0000,5.00,3.00,2.00,0.0809,0.0085,0.0055,0,0.000000
6,45.4200,40.5044,117.0910,-89.7450,-0.1799,-0.0755,0.0742,-0.4123,-0.1729,0.1700,35.7651,0.5884,69.2775,-1.0538,-0.7152,-1.0330,31.6029,-1.9304,66.4921,0.0000,0.0000,0.0000,0.0000,0.0000,0.0000,0.0000,0.0000,0.0000,5.00,3.00,2.00,0.0809,0.0085,0.0055,0,0.000000
6,45.4400,40.2982,117.0045,-89.6600,-0.1799,-0.0755,0.0742,-0.4123,-0.1729,0.1700,35.7580,0.5912,69.2853,-1.0538,-0.7152,-1.0330,31.6029,-1.9304,66.4921,0.0000,0.0000,0.0000,0.0000,0.0000,0.0000,0.0000,0.0000,0.0000,5.00,3.00,2.00,0.0809,0.0085,0.0055,0,0.000000
6,45.4600,40.0920,116.9181,-89.5749,-0.1799,-0.0754,0.0742,0.1443,0.6106,0.2657,35.7510,0.5940,69.2930,-1.7544,0.6975,1.9531,31.6029,-1.9304,66.4921,0.0000,0.0000,0.0000,0.0000,0.0000,0.0000,0.0000,0.0000,0.0000,5.00,3.00,2.00,0.0809,0.0085,0.0055,0,0.000000
6,45.4800,40.1642,117.2233,-89.4421,0.0630,0.2664,0.1159,0.1443,0.6106,0.2657,35.7607,0.5761,69.2989,-1.7544,0.6975,1.9531,31.6029,-1.9304,66.4921,0.0000,0.0000,0.0000,0.0000,0.0000,0.0000,0.0000,0.0000,0.0000,5.00,3.00,2.00,0.0099,0.1065,0.0134,0,0.000000
6,45.5000,40.2364,117.5286,-89.3092,0.0630,0.2664,0.1159,0.1443,0.6106,0.2657,35.7703,0.5580,69.3046,-1.7544,0.6975,1.9531,31.6029,-1.9304,66.4921,0.0000,0.0000,0.0000,0.0000,0.0000,0.0000,0.0000,0.0000,0.0000,5.00,3.00,2.00,0.0099,0.1065,0.0134,0,0.000000
6,45.5200,40.3085,117.8339,-89.1764,0.0630,0.2664,0.1159,0.1443,0.6106,0.2657,35.7799,0.5399,69.3102,-1.7544,0.6975,1.9531,31.6029,-1.9304,66.4921,0.0000,0.0000,0.0000,0.0000,0.0000,0.0000,0.0000,0.0000,0.0000,5.00,3.00,2.00,0.0099,0.1065,0.0134,0,0.000000
6,45.5400,40.3807,118.1392,-89.0436,0.0630,0.2664,0.1159,0.1443,0.6106,0.2657,35.7894,0.5217,69.3157,-1.7544,0.6975,1.9531,31.6029,-1.9304,66.4921,0.0000,0.0000,0.0000,0.0000,0.0000,0.0000,0.0000,0.0000,0.0000,5.00,3.00,2.00,0.0099,0.1065,0.0134,0,0.000000
6,45.5600,40.4529,118.4445,-88.9107,0.0630,0.2664,0.1159,0.3585,0.5014,0.4488,35.7988,0.5033,69.3211,2.3941,-4.5334,1.4015,31.6029,-1.9304,66.4921,0.0000,0.0000,0.0000,0.0000,0.0000,0.0000,0.0000,0.0000,0.0000,5.00,3.00,2.00,0.0099,0.1065,0.0134,0,0.000000
6,45.5800,40.6321,118.6952,-88.6863,0.1564,0.2188,0.1958,0.3585,0.5014,0.4488,35.8139,0.4859,69.3245,2.3941,-4.5334,1.4015,31.6029,-1.9304,66.4921,0.0000,0.0000,0.0000,0.0000,0.0000,0.0000,0.0000,0.0000,0.0000,5.00,3.00,2.00,0.0612,0.0718,0.0384,0,0.000000
6,45.6000,40.8114,118.9459,-88.4619,0.1564,0.2188,0.1958,0.3585,0.5014,0.4488,35.8289,0.4684,69.3277,2.3941,-4.5334,1.4015,31.6029,-1.9304,66.4921,0.0000,0.0000,0.0000,0.0000,0.0000,0.0000,0.0000,0.0000,0.0000,5.00,3.00,2.00,0.0612,0.0718,0.0384,0,0.000000
6,45.6200,40.9906,119.1966,-88.2375,0.1564,0.2188,0.1958,0.3585,0.5014,0.4488,35.8439,0.4507,69.3307,2.3941,-4.5334,1.4015,31.6029,-1.9304,66.4921,0.0000,0.0000,0.0000,0.0000,0.0000,0.0000,0.0000,0.0000,0.0000,5.00,3.00,2.00,0.0612,0.0718,0.0384,0,0.000000
6,45.6400,41.1699,119.4473,-88.0130,0.1564,0.2188,0.1958,0.3585,0.5014,0.4488,35.8589,0.4329,69.3336,2.3941,-4.5334,1.4015,31.6029,-1.9304,66.4921,0.0000,0.0000,0.0000,0.0000,0.0000,0.0000,0.0000,0.0000,0.0000,5.00,3.00,2.00,0.0612,0.0718,0.0384,0,0.000000
6,45.6600,41.3491,119.6980,-87.7886,0.1564,0.2188,0.1958,0.4748,-0.0010,0.0372,35.8738,0.4150,69.3364,3.7458,-4.4174,0.7652,31.6029,-1.9304,66.4921,0.0000,0.0000,0.0000,0.0000,0.0000,0.0000,0.0000,0.0000,0.0000,5.00,3.00,2.00,0.0612,0.0718,0.0384,0,0.000000
6,45.6800,41.5865,119.6975,-87.7700,0.2072,-0.0004,0.0162,0.4748,-0.0010,0.0372,35.8835,0.4146,69.3286,3.7458,-4.4174,0.7652,31.6029,-1.9304,66.4921,0.0000,0.0000,0.0000,0.0000,0.0000,0.0000,0.0000,0.0000,0.0000,5.00,3.00,2.00,0.1073,0.0000,0.0003,0,0.000000
6,45.7000,41.8239,119.6970,-87.7514,0.2072,-0.0004,0.0162,0.4748,-0.0010,0.0372,35.8933,0.4142,69.3208,3.7458,-4.4174,0.7652,31.6029,-1.9304,66.4921,0.0000,0.0000,0.0000,0.0000,0.0000,0.0000,0.0000,0.0000,0.0000,5.00,3.00,2.00,0.1073,0.0000,0.0003,0,0.000000
6,45.7200,42.0613,119.6966,-87.7329,0.2072,-0.0004,0.0162,0.4748,-0.0010,0.0372,35.9030,0.4139,69.3129,3.7458,-4.4174,0.7652,31.6029,-1.9304,66.4921,0.0000,0.0000,0.0000,0.0000,0.0000,0.0000,0.0000,0.0000,0.0000,5.00,3.00,2.00,0.1073,0.0000,0.0003,0,0.000000
6,45.7400,42.2987,119.6961,-87.7143,0.2072,-0.0004,0.0162,0.4748,-0.0010,0.0372,35.9126,0.4135,69.3050,3.7458,-4.4174,0.7652,31.6029,-1.9304,66.4921,0.0000,0.0000,0.0000,0.0000,0.0000,0.0000,0.0000,0.0000,0.0000,5.00,3.00,2.00,0.1073,0.0000,0.0003,0,0.000000
6,45.7600,42.5360,119.6956,-87.6957,0.2072,-0.0004,0.0162,0.1768,-0.5352,-0.6093,35.9223,0.4131,69.2970,2.4256,-0.0931,-1.9684,31.6029,-1.9304,66.4921,0.0000,0.0000,0.0000,0.0000,0.0000,0.0000,0.0000,0.0000,0.0000,5.00,3.00,2.00,0.1073,0.0000,0.0003,0,0.000000
6,45.7800,42.6244,119.4280,-88.0003,0.0771,-0.2336,-0.2659,0.1768,-0.5352,-0.6093,35.9156,0.4336,69.2829,2.4256,-0.0931,-1.9684,31.6029,-1.9304,66.4921,0.0000,0.0000,0.0000,0.0000,0.0000,0.0000,0.0000,0.0000,0.0000,5.00,3.00,2.00,0.0149,0.0818,0.0707,0,0.000000
6,45.8000,42.7128,119.1604,-88.3050,0.0771,-0.2335,-0.2659,0.1768,-0.5352,-0.6093,35.9088,0.4540,69.2687,2.4256,-0.0931,-1.9684,31.6029,-1.9304,66.4921,0.0000,0.0000,0.0000,0.0000,0.0000,0.0000,0.0000,0.0000,0.0000,5.00,3.00,2.00,0.0149,0.0818,0.0707,0,0.000000
6,45.8200,42.8012,118.8927,-88.6097,0.0771,-0.2335,-0.2659,0.1768,-0.5352,-0.6093,35.9018,0.4741,69.2544,2.4256,-0.0931,-1.9684,31.6029,-1.9304,66.4921,0.0000,0.0000,0.0000,0.0000,0.0000,0.0000,0.0000,0.0000,0.0000,5.00,3.00,2.00,0.0149,0.0818,0.0707,0,0.000000
6,45.8400,42.8896,118.6251,-88.9143,0.0771,-0.2336,-0.2659,0.1768,-0.5352,-0.6093,35.8947,0.4941,69.2400,2.4256,-0.0931,-1.9684,31.6029,-1.9304,66.4921,0.0000,0.0000,0.0000,0.0000,0.0000,0.0000,0.0000,0.0000,0.0000,5.00,3.00,2.00,0.0149,0.0818,0.0707,0,0.000000
6,45.8600,42.9780,118.3575,-89.2190,0.0771,-0.2335,-0.2659,-0.3052,-0.3177,0.1144,35.8874,0.5139,69.2255,-1.7441,5.0391,-3.5759,31.6029,-1.9304,66.4921,0.0000,0.0000,0.0000,0.0000,0.0000,0.0000,0.0000,0.0000,0.0000,5.00,3.00,2.00,0.0149,0.0818,0.0707,0,0.000000
6,45.8800,42.8254,118.1987,-89.1618,-0.1332,-0.1386,0.0499,-0.3052,-0.3177,0.1144,35.8811,0.5209,69.2302,-1.7441,5.0391,-3.5759,31.6029,-1.9304,66.4921,0.0000,0.0000,0.0000,0.0000,0.0000,0.0000,0.0000,0.0000,0.0000,5.00,3.00,2.00,0.0443,0.0288,0.0025,0,0.000000
6,45.9000,42.6728,118.0398,-89.1045,-0.1332,-0.1386,0.0499,-0.3052,-0.3177,0.1144,35.8747,0.5280,69.2348,-1.7441,5.0391,-3.5759,31.6029,-1.9304,66.4921,0.0000,0.0000,0.0000,0.0000,0.0000,0.0000,0.0000,0.0000,0.0000,5.00,3.00,2.00,0.0443,0.0288,0.0025,0,0.000000
6,45.9200,42.5202,117.8810,-89.0473,-0.1332,-0.1386,0.0499,-0.3052,-0.3177,0.1144,35.8683,0.5350,69.2394,-1.7441,5.0391,-3.5759,31.6029,-1.9304,66.4921,0.0000,0.0000,0.0000,0.0000,0.0000,0.0000,0.0000,0.0000,0.0000,5.00,3.00,2.00,0.0443,0.0288,0.0025,0,0.000000
6,45.9400,42.3677,117.7222,-88.9901,-0.1332,-0.1386,0.0499,-0.3052,-0.3177,0.1144,35.8619,0.5420,69.2440,-1.7441,5.0391,-3.5759,31.6029,-1.9304,66.4921,0.0000,0.0000,0.0000,0.0000,0.0000,0.0000,0.0000,0.0000,0.0000,5.00,3.00,2.00,0.0443,0.0288,0.0025,0,0.000000
6,45.9600,42.2151,117.5633,-88.9329,-0.1332,-0.1386,0.0499,0.2202,-0.4893,-0.1353,35.8555,0.5490,69.2485,-1.5938,1.7549,1.1528,31.6029,-1.9304,66.4921,0.0000,0.0000,0.0000,0.0000,0.0000,0.0000,0.0000,0.0000,0.0000,5.00,3.00,2.00,0.0443,0.0288,0.0025,0,0.000000
6,45.9800,42.3252,117.3187,-89.0005,0.0961,-0.2135,-0.0591,0.2202,-0.4893,-0.1353,35.8549,0.5628,69.2396,-1.5938,1.7549,1.1528,31.6029,-1.9304,66.4921,0.0000,0.0000,0.0000,0.0000,0.0000,0.0000,0.0000,0.0000,0.0000,5.00,3.00,2.00,0.0231,0.0684,0.0035,0,0.000000
6,46.0000,42.4353,117.0740,-89.0682,0.0961,-0.2135,-0.0590,0.2202,-0.4893,-0.1353,35.8543,0.5766,69.2305,-1.5938,1.7549,1.1528,31.6029,-1.9304,66.4921,0.0000,0.0000,0.0000,0.0000,0.0000,0.0000,0.0000,0.0000,0.0000,5.00,3.00,2.00,0.0231,0.0684,0.0035,0,0.000000
6,46.0200,42.5454,116.8294,-89.1359,0.0961,-0.2135,-0.0591,0.2202,-0.4893,-0.1353,35.8536,0.5903,69.2215,-1.5938,1.7549,1.1528,31.6029,-1.9304,66.4921,0.0000,0.0000,0.0000,0.0000,0.0000,0.0000,0.0000,0.0000,0.0000,5.00,3.00,2.00,0.0231,0.0684,0.0035,0,0.000000
6,46.0400,42.6555,116.5847,-89.2035,0.0961,-0.2135,-0.0591,0.2202,-0.4893,-0.1353,35.8528,0.6040,69.2123,-1.5938,1.7549,1.1528,31.6029,-1.9304,66.4921,0.0000,0.0000,0.0000,0.0000,0.0000,0.0000,0.0000,0.0000,0.0000,5.00,3.00,2.00,0.0231,0.0684,0.0035,0,0.000000
6,46.0600,42.7657,116.3401,-89.2712,0.0961,-0.2135,-0.0590,0.1330,-0.2577,-0.0604,35.8519,0.6176,69.2032,-0.1785,3.4307,-2.2682,31.6029,-1.9304,66.4921,0.0000,0.0000,0.0000,0.0000,0.0000,0.0000,0.0000,0.0000,0.0000,5.00,3.00,2.00,0.0231,0.0684,0.0035,0,0.000000
6,46.0800,42.8322,116.2112,-89.3014,0.0580,-0.1124,-0.0264,0.1330,-0.2577,-0.0604,35.8519,0.6247,69.1982,-0.1785,3.4307,-2.2682,31.6029,-1.9304,66.4921,0.0000,0.0000,0.0000,0.0000,0.0000,0.0000,0.0000,0.0000,0.0000,5.00,3.00,2.00,0.0084,0.0190,0.0007,0,0.000000
6,46.1000,42.8987,116.0824,-89.3316,0.0580,-0.1124,-0.0264,0.1330,-0.2577,-0.0604,35.8519,0.6317,69.1932,-0.1785,3.4307,-2.2682,31.6029,-1.9304,66.4921,0.0000,0.0000,0.0000,0.0000,0.0000,0.0000,0.0000,0.0000,0.0000,5.00,3.00,2.00,0.0084,0.0190,0.0007,0,0.000000
6,46.1200,42.9652,115.9535,-89.3618,0.0580,-0.1125,-0.0264,0.1330,-0.2577,-0.0604,35.8518,0.6388,69.1882,-0.1785,3.4307,-2.2682,31.6029,-1.9304,66.4921,0.0000,0.0000,0.0000,0.0000,0.0000,0.0000,0.0000,0.0000,0.0000,5.00,3.00,2.00,0.0084,0.0190,0.0007,0,0.000000
6,46.1400,43.0317,115.8247,-89.3920,0.0580,-0.1124,-0.0264,0.1330,-0.2577,-0.0604,35.8517,0.6458,69.1832,-0.1785,3.4307,-2.2682,31.6029,-1.9304,66.4921,0.0000,0.0000,0.0000,0.0000,0.0000,0.0000,0.0000,0.0000,0.0000,5.00,3.00,2.00,0.0084,0.0190,0.0007,0,0.000000
6,46.1600,43.0982,115.6958,-89.4222,0.0580,-0.1125,-0.0264,-0.0016,0.1506,0.1011,35.8516,0.6528,69.1782,-0.0187,1.7603,-1.2501,31.6029,-1.9304,66.4921,0.0000,0.0000,0.0000,0.0000,0.0000,0.0000,0.0000,0.0000,0.0000,5.00,3.00,2.00,0.0084,0.0190,0.0007,0,0.000000
6,46.1800,43.0974,115.7711,-89.3717,-0.0007,0.0657,0.0441,-0.0016,0.1506,0.1011,35.8539,0.6481,69.1807,-0.0187,1.7603,-1.2501,31.6029,-1.9304,66.4921,0.0000,0.0000,0.0000,0.0000,0.0000,0.0000,0.0000,0.0000,0.0000,5.00,3.00,2.00,0.0000,0.0065,0.0019,0,0.000000
6,46.2000,43.0966,115.8464,-89.3212,-0.0007,0.0657,0.0441,-0.0016,0.1506,0.1011,35.8561,0.6434,69.1832,-0.0187,1.7603,-1.2501,31.6029,-1.9304,66.4921,0.0000,0.0000,0.0000,0.0000,0.0000,0.0000,0.0000,0.0000,0.0000,5.00,3.00,2.00,0.0000,0.0065,0.0019,0,0.000000
6,46.2200,43.0957,115.9218,-89.2706,-0.0007,0.0657,0.0441,-0.0016,0.1506,0.1011,35.8584,0.6387,69.1857,-0.0187,1.7603,-1.2501,31.6029,-1.9304,66.4921,0.0000,0.0000,0.0000,0.0000,0.0000,0.0000,0.0000,0.0000,0.0000,5.00,3.00,2.00,0.0000,0.0065,0.0019,0,0.000000
6,46.2400,43.0949,115.9971,-89.2201,-0.0007,0.0657,0.0441,-0.0016,0.1506,0.1011,35.8607,0.6340,69.1881,-0.0187,1.7603,-1.2501,31.6029,-1.9304,66.4921,0.0000,0.0000,0.0000,0.0000,0.0000,0.0000,0.0000,0.0000,0.0000,5.00,3.00,2.00,0.0000,0.0065,0.0019,0,0.000000
6,46.2600,43.0941,116.0724,-89.1696,-0.0007,0.0657,0.0441,-0.3164,-0.3158,0.5052,35.8629,0.6293,69.1906,0.5674,-1.1770,0.6218,31.6029,-1.9304,66.4921,0.0000,0.0000,0.0000,0.0000,0.0000,0.0000,0.0000,0.0000,0.0000,5.00,3.00,2.00,0.0000,0.0065,0.0019,0,0.000000
6,46.2800,42.9359,115.9145,-88.9170,-0.1381,-0.1378,0.2204,-0.3164,-0.3158,0.5052,35.8611,0.6327,69.2004,0.5674,-1.1770,0.6218,31.6029,-1.9304,66.4921,0.0000,0.0000,0.0000,0.0000,0.0000,0.0000,0.0000,0.0000,0.0000,5.00,3.00,2.00,0.0477,0.0285,0.0486,0,0.000000
6,46.3000,42.7777,115.7566,-88.6644,-0.1381,-0.1378,0.2204,-0.3164,-0.3158,0.5052,35.8592,0.6360,69.2101,0.5674,-1.1770,0.6218,31.6029,-1.9304,66.4921,0.0000,0.0000,0.0000,0.0000,0.0000,0.0000,0.0000,0.0000,0.0000,5.00,3.00,2.00,0.0477,0.0285,0.0486,0,0.000000
6,46.3200,42.6195,115.5987,-88.4118,-0.1381,-0.1378,0.2204,-0.3164,-0.3158,0.5052,35.8573,0.6394,69.2199,0.5674,-1.1770,0.6218,31.6029,-1.9304,66.4921,0.0000,0.0000,0.0000,0.0000,0.0000,0.0000,0.0000,0.0000,0.0000,5.00,3.00,2.00,0.0477,0.0285,0.0486,0,0.000000
6,46.3400,42.4613,115.4408,-88.1592,-0.1381,-0.1378,0.2204,-0.3164,-0.3158,0.5052,35.8553,0.6427,69.2296,0.5674,-1.1770,0.6218,31.6029,-1.9304,66.4921,0.0000,0.0000,0.0000,0.0000,0.0000,0.0000,0.0000,0.0000,0.0000,5.00,3.00,2.00,0.0477,0.0285,0.0486,0,0.000000
6,46.3600,42.3031,115.2829,-87.9066,-0.1381,-0.1378,0.2204,-0.0549,0.5146,0.0203,35.8533,0.6461,69.2394,-0.4827,0.8411,2.4387,31.6029,-1.9304,66.4921,0.0000,0.0000,0.0000,0.0000,0.0000,0.0000,0.0000,0.0000,0.0000,5.00,3.00,2.00,0.0477,0.0285,0.0486,0,0.000000
6,46.3800,42.2756,115.5402,-87.8965,-0.0240,0.2245,0.0088,-0.0549,0.5146,0.0203,35.8560,0.6328,69.2445,-0.4827,0.8411,2.4387,31.6029,-1.9304,66.4921,0.0000,0.0000,0.0000,0.0000,0.0000,0.0000,0.0000,0.0000,0.0000,5.00,3.00,2.00,0.0014,0.0756,0.0001,0,0.000000
6,46.4000,42.2481,115.7975,-87.8863,-0.0240,0.2245,0.0089,-0.0549,0.5146,0.0203,35.8587,0.6194,69.2495,-0.4827,0.8411,2.4387,31.6029,-1.9304,66.4921,0.0000,0.0000,0.0000,0.0000,0.0000,0.0000,0.0000,0.0000,0.0000,5.00,3.00,2.00,0.0014,0.0756,0.0001,0,0.000000
6,46.4200,42.2207,116.0548,-87.8762,-0.0240,0.2245,0.0089,-0.0549,0.5146,0.0203,35.8614,0.6060,69.2546,-0.4827,0.8411,2.4387,31.6029,-1.9304,66.4921,0.0000,0.0000,0.0000,0.0000,0.0000,0.0000,0.0000,0.0000,0.0000,5.00,3.00,2.00,0.0014,0.0756,0.0001,0,0.000000
6,46.4400,42.1932,116.3121,-87.8661,-0.0240,0.2245,0.0089,-0.0549,0.5146,0.0203,35.8640,0.5926,69.2595,-0.4827,0.8411,2.4387,31.6029,-1.9304,66.4921,0.0000,0.0000,0.0000,0.0000,0.0000,0.0000,0.0000,0.0000,0.0000,5.00,3.00,2.00,0.0014,0.0756,0.0001,0,0.000000
6,46.4600,42.1658,116.5694,-87.8559,-0.0240,0.2245,0.0089,0.2573,-0.0028,-0.0316,35.8665,0.5792,69.2645,0.6626,-3.3468,1.2535,31.6029,-1.9304,66.4921,0.0000,0.0000,0.0000,0.0000,0.0000,0.0000,0.0000,0.0000,0.0000,5.00,3.00,2.00,0.0014,0.0756,0.0001,0,0.000000
6,46.4800,42.2944,116.5681,-87.8717,0.1123,-0.0012,-0.0138,0.2573,-0.0028,-0.0316,35.8710,0.5796,69.2596,0.6626,-3.3468,1.2535,31.6029,-1.9304,66.4921,0.0000,0.0000,0.0000,0.0000,0.0000,0.0000,0.0000,0.0000,0.0000,5.00,3.00,2.00,0.0315,0.0000,0.0002,0,0.000000
6,46.5000,42.4231,116.5666,-87.8875,0.1123,-0.0012,-0.0138,0.2573,-0.0028,-0.0316,35.8755,0.5799,69.2547,0.6626,-3.3468,1.2535,31.6029,-1.9304,66.4921,0.0000,0.0000,0.0000,0.0000,0.0000,0.0000,0.0000,0.0000,0.0000,5.00,3.00,2.00,0.0315,0.0000,0.0002,0,0.000000
6,46.5200,42.5517,116.5653,-87.9033,0.1123,-0.0012,-0.0138,0.2573,-0.0028,-0.0316,35.8800,0.5803,69.2498,0.6626,-3.3468,1.2535,31.6029,-1.9304,66.4921,0.0000,0.0000,0.0000,0.0000,0.0000,0.0000,0.0000,0.0000,0.0000,5.00,3.00,2.00,0.0315,0.0000,0.0002,0,0.000000
6,46.5400,42.6804,116.5639,-87.9191,0.1123,-0.0012,-0.0138,0.2573,-0.0028,-0.0316,35.8845,0.5807,69.2449,0.6626,-3.3468,1.2535,31.6029,-1.9304,66.4921,0.0000,0.0000,0.0000,0.0000,0.0000,0.0000,0.0000,0.0000,0.0000,5.00,3.00,2.00,0.0315,0.0000,0.0002,0,0.000000
6,46.5600,42.8091,116.5625,-87.9349,0.1123,-0.0012,-0.0138,0.2254,0.7829,-0.4460,35.8890,0.5811,69.2399,1.1223,0.0944,-1.2268,31.6029,-1.9304,66.4921,0.0000,0.0000,0.0000,0.0000,0.0000,0.0000,0.0000,0.0000,0.0000,5.00,3.00,2.00,0.0315,0.0000,0.0002,0,0.000000
6,46.5800,42.9218,116.9539,-88.1580,0.0984,0.3416,-0.1946,0.2254,0.7829,-0.4460,35.8930,0.5653,69.2357,1.1223,0.0944,-1.2268,31.6029,-1.9304,66.4921,0.0000,0.0000,0.0000,0.0000,0.0000,0.0000,0.0000,0.0000,0.0000,5.00,3.00,2.00,0.0242,0.1750,0.0379,0,0.000000
6,46.6000,43.0345,117.3453,-88.3810,0.0984,0.3416,-0.1946,0.2254,0.7829,-0.4460,35.8969,0.5495,69.2314,1.1223,0.0944,-1.2268,31.6029,-1.9304,66.4921,0.0000,0.0000,0.0000,0.0000,0.0000,0.0000,0.0000,0.0000,0.0000,5.00,3.00,2.00,0.0242,0.1750,0.0379,0,0.000000
6,46.6200,43.1472,117.7368,-88.6040,0.0984,0.3416,-0.1946,0.2254,0.7829,-0.4460,35.9008,0.5337,69.2271,1.1223,0.0944,-1.2268,31.6029,-1.9304,66.4921,0.0000,0.0000,0.0000,0.0000,0.0000,0.0000,0.0000,0.0000,0.0000,5.00,3.00,2.00,0.0242,0.1750,0.0379,0,0.000000
6,46.6400,43.2599,118.1282,-88.8270,0.0984,0.3416,-0.1946,0.2254,0.7829,-0.4460,35.9045,0.5180,69.2226,1.1223,0.0944,-1.2268,31.6029,-1.9304,66.4921,0.0000,0.0000,0.0000,0.0000,0.0000,0.0000,0.0000,0.0000,0.0000,5.00,3.00,2.00,0.0242,0.1750,0.0379,0,0.000000
6,46.6600,43.3726,118.5196,-89.0500,0.0984,0.3416,-0.1946,0.4357,0.0755,0.1709,35.9083,0.5023,69.2181,0.9645,-3.9408,-1.0910,31.6029,-1.9304,66.4921,0.0000,0.0000,0.0000,0.0000,0.0000,0.0000,0.0000,0.0000,0.0000,5.00,3.00,2.00,0.0242,0.1750,0.0379,0,0.000000
6,46.6800,43.5905,118.5574,-88.9645,0.1901,0.0329,0.0746,0.4357,0.0755,0.1709,35.9189,0.4986,69.2131,0.9645,-3.9408,-1.0910,31.6029,-1.9304,66.4921,0.0000,0.0000,0.0000,0.0000,0.0000,0.0000,0.0000,0.0000,0.0000,5.00,3.00,2.00,0.0904,0.0016,0.0056,0,0.000000
6,46.7000,43.8083,118.5951,-88.8791,0.1901,0.0329,0.0746,0.4357,0.0755,0.1709,35.9296,0.4950,69.2080,0.9645,-3.9408,-1.0910,31.6029,-1.9304,66.4921,0.0000,0.0000,0.0000,0.0000,0.0000,0.0000,0.0000,0.0000,0.0000,5.00,3.00,2.00,0.0904,0.0016,0.0056,0,0.000000
6,46.7200,44.0262,118.6329,-88.7936,0.1901,0.0329,0.0746,0.4357,0.0755,0.1709,35.9402,0.4913,69.2028,0.9645,-3.9408,-1.0910,31.6029,-1.9304,66.4921,0.0000,0.0000,0.0000,0.0000,0.0000,0.0000,0.0000,0.0000,0.0000,5.00,3.00,2.00,0.0904,0.0016,0.0056,0,0.000000
6,46.7400,44.2441,118.6706,-88.7082,0.1901,0.0329,0.0746,0.4357,0.0755,0.1709,35.9508,0.4876,69.1976,0.9645,-3.9408,-1.0910,31.6029,-1.9304,66.4921,0.0000,0.0000,0.0000,0.0000,0.0000,0.0000,0.0000,0.0000,0.0000,5.00,3.00,2.00,0.0904,0.0016,0.0056,0,0.000000
6,46.7600,44.4619,118.7084,-88.6227,0.1901,0.0329,0.0746,0.0386,0.1321,-0.3544,35.9614,0.4839,69.1924,2.6598,-0.9153,-1.2875,31.6029,-1.9304,66.4921,0.0000,0.0000,0.0000,0.0000,0.0000,0.0000,0.0000,0.0000,0.0000,5.00,3.00,2.00,0.0904,0.0016,0.0056,0,0.000000
6,46.7800,44.4812,118.7744,-88.7999,0.0169,0.0577,-0.1546,0.0386,0.1321,-0.3544,35.9586,0.4841,69.1881,2.6598,-0.9153,-1.2875,31.6029,-1.9304,66.4921,0.0000,0.0000,0.0000,0.0000,0.0000,0.0000,0.0000,0.0000,0.0000,5.00,3.00,2.00,0.0007,0.0050,0.0239,0,0.000000
6,46.8000,44.5005,118.8405,-88.9771,0.0168,0.0576,-0.1546,0.0386,0.1321,-0.3544,35.9558,0.4843,69.1838,2.6598,-0.9153,-1.2875,31.6029,-1.9304,66.4921,0.0000,0.0000,0.0000,0.0000,0.0000,0.0000,0.0000,0.0000,0.0000,5.00,3.00,2.00,0.0007,0.0050,0.0239,0,0.000000
6,46.8200,44.5199,118.9066,-89.1543,0.0168,0.0577,-0.1546,0.0386,0.1321,-0.3544,35.9530,0.4844,69.1795,2.6598,-0.9153,-1.2875,31.6029,-1.9304,66.4921,0.0000,0.0000,0.0000,0.0000,0.0000,0.0000,0.0000,0.0000,0.0000,5.00,3.00,2.00,0.0007,0.0050,0.0239,0,0.000000
6,46.8400,44.5392,118.9726,-89.3315,0.0168,0.0577,-0.1546,0.0386,0.1321,-0.3544,35.9502,0.4846,69.1752,2.6598,-0.9153,-1.2875,31.6029,-1.9304,66.4921,0.0000,0.0000,0.0000,0.0000,0.0000,0.0000,0.0000,0.0000,0.0000,5.00,3.00,2.00,0.0007,0.0050,0.0239,0,0.000000
6,46.8600,44.5585,119.0387,-89.5087,0.0168,0.0576,-0.1546,0.1234,0.3732,-0.3624,35.9473,0.4847,69.1709,-0.7059,0.0385,-1.0731,31.6029,-1.9304,66.4921,0.0000,0.0000,0.0000,0.0000,0.0000,0.0000,0.0000,0.0000,0.0000,5.00,3.00,2.00,0.0007,0.0050,0.0239,0,0.000000
6,46.8800,44.6202,119.2253,-89.6899,0.0538,0.1628,-0.1581,0.1234,0.3732,-0.3624,35.9474,0.4788,69.1665,-0.7059,0.0385,-1.0731,31.6029,-1.9304,66.4921,0.0000,0.0000,0.0000,0.0000,0.0000,0.0000,0.0000,0.0000,0.0000,5.00,3.00,2.00,0.0072,0.0398,0.0250,0,0.000000
6,46.9000,44.6819,119.4119,-89.8711,0.0538,0.1628,-0.1581,0.1234,0.3732,-0.3624,35.9475,0.4728,69.1621,-0.7059,0.0385,-1.0731,31.6029,-1.9304,66.4921,0.0000,0.0000,0.0000,0.0000,0.0000,0.0000,0.0000,0.0000,0.0000,5.00,3.00,2.00,0.0072,0.0398,0.0250,0,0.000000
6,46.9200,44.7436,119.5985,-90.0000,0.0538,0.1628,-0.1125,0.1234,0.3732,-0.3624,35.9489,0.4658,69.1589,-0.7059,0.0385,-1.0731,31.6029,-1.9304,66.4921,0.0000,0.0000,0.0000,0.0000,0.0000,0.0000,0.0000,0.0000,0.0000,5.00,3.00,2.00,0.0072,0.0398,0.0127,0,0.000000
6,46.9400,44.8053,119.7851,-90.0000,0.0538,0.1628,0.0000,0.1234,0.3732,-0.3624,35.9534,0.4563,69.1590,-0.7059,0.0385,-1.0731,31.6029,-1.9304,66.4921,0.0000,0.0000,0.0000,0.0000,0.0000,0.0000,0.0000,0.0000,0.0000,5.00,3.00,2.00,0.0072,0.0398,0.0000,0,0.000000
6,46.9600,44.8670,119.9716,-90.0000,0.0538,0.1628,0.0000,-0.2499,-0.4448,-0.5922,35.9579,0.4467,69.1590,0.5268,-1.9002,-0.5928,31.6029,-1.9304,66.4921,0.0000,0.0000,0.0000,0.0000,0.0000,0.0000,0.0000,0.0000,0.0000,5.00,3.00,2.00,0.0072,0.0398,0.0000,0,0.000000
6,46.9800,44.7420,119.7492,-90.0000,-0.1091,-0.1941,0.0000,-0.2499,-0.4448,-0.5922,35.9506,0.4581,69.1608,0.5268,-1.9002,-0.5928,31.6029,-1.9304,66.4921,0.0000,0.0000,0.0000,0.0000,0.0000,0.0000,0.0000,0.0000,0.0000,5.00,3.00,2.00,0.0297,0.0565,0.0000,0,0.000000
6,47.0000,44.6170,119.5268,-90.0000,-0.1091,-0.1941,0.0000,-0.2499,-0.4448,-0.5922,35.9434,0.4695,69.1626,0.5268,-1.9002,-0.5928,31.6029,-1.9304,66.4921,0.0000,0.0000,0.0000,0.0000,0.0000,0.0000,0.0000,0.0000,0.0000,5.00,3.00,2.00,0.0297,0.0565,0.0000,0,0.000000
6,47.0200,44.4921,119.3044,-90.0000,-0.1091,-0.1941,0.0000,-0.2499,-0.4448,-0.5922,35.9361,0.4809,69.1643,0.5268,-1.9002,-0.5928,31.6029,-1.9304,66.4921,0.0000,0.0000,0.0000,0.0000,0.0000,0.0000,0.0000,0.0000,0.0000,5.00,3.00,2.00,0.0297,0.0565,0.0000,0,0.000000
6,47.0400,44.3671,119.0820,-90.0000,-0.1091,-0.1941,0.0000,-0.2499,-0.4448,-0.5922,35.9288,0.4922,69.1660,0.5268,-1.9002,-0.5928,31.6029,-1.9304,66.4921,0.0000,0.0000,0.0000,0.0000,0.0000,0.0000,0.0000,0.0000,0.0000,5.00,3.00,2.00,0.0297,0.0565,0.0000,0,0.000000
6,47.0600,44.2421,118.8596,-90.0000,-0.1091,-0.1941,0.0000,-0.4199,-0.3267,0.2884,35.9214,0.5036,69.1675,-1.8225,2.8420,0.4253,31.6029,-1.9304,66.4921,0.0000,0.0000,0.0000,0.0000,0.0000,0.0000,0.0000,0.0000,0.0000,5.00,3.00,2.00,0.0297,0.0565,0.0000,0,0.000000
6,47.0800,44.0322,118.6962,-89.8558,-0.1832,-0.1426,0.1258,-0.4199,-0.3267,0.2884,35.9152,0.5091,69.1765,-1.8225,2.8420,0.4253,31.6029,-1.9304,66.4921,0.0000,0.0000,0.0000,0.0000,0.0000,0.0000,0.0000,0.0000,0.0000,5.00,3.00,2.00,0.0839,0.0305,0.0158,0,0.000000
6,47.1000,43.8222,118.5329,-89.7116,-0.1832,-0.1426,0.1258,-0.4199,-0.3267,0.2884,35.9090,0.5146,69.1855,-1.8225,2.8420,0.4253,31.6029,-1.9304,66.4921,0.0000,0.0000,0.0000,0.0000,0.0000,0.0000,0.0000,0.0000,0.0000,5.00,3.00,2.00,0.0839,0.0305,0.0158,0,0.000000
6,47.1200,43.6123,118.3695,-89.5674,-0.1832,-0.1425,0.1258,-0.4199,-0.3267,0.2884,35.9027,0.5201,69.1944,-1.8225,2.8420,0.4253,31.6029,-1.9304,66.4921,0.0000,0.0000,0.0000,0.0000,0.0000,0.0000,0.0000,0.0000,0.0000,5.00,3.00,2.00,0.0839,0.0305,0.0158,0,0.000000
6,47.1400,43.4023,118.2062,-89.4233,-0.1832,-0.1425,0.1258,-0.4199,-0.3267,0.2884,35.8964,0.5257,69.2033,-1.8225,2.8420,0.4253,31.6029,-1.9304,66.4921,0.0000,0.0000,0.0000,0.0000,0.0000,0.0000,0.0000,0.0000,0.0000,5.00,3.00,2.00,0.0839,0.0305,0.0158,0,0.000000
6,47.1600,43.1923,118.0429,-89.2791,-0.1832,-0.1426,0.1258,-0.5617,-0.1048,-0.2766,35.8900,0.5312,69.2122,-1.5703,1.3823,2.2335,31.6029,-1.9304,66.4921,0.0000,0.0000,0.0000,0.0000,0.0000,0.0000,0.0000,0.0000,0.0000,5.00,3.00,2.00,0.0839,0.0305,0.0158,0,0.000000
6,47.1800,42.9115,117.9905,-89.4174,-0.2451,-0.0457,-0.1207,-0.5617,-0.1048,-0.2766,35.8755,0.5366,69.2177,-1.5703,1.3823,2.2335,31.6029,-1.9304,66.4921,0.0000,0.0000,0.0000,0.0000,0.0000,0.0000,0.0000,0.0000,0.0000,5.00,3.00,2.00,0.1502,0.0031,0.0146,0,0.000000
6,47.2000,42.6306,117.9381,-89.5557,-0.2451,-0.0457,-0.1207,-0.5617,-0.1048,-0.2766,35.8610,0.5419,69.2231,-1.5703,1.3823,2.2335,31.6029,-1.9304,66.4921,0.0000,0.0000,0.0000,0.0000,0.0000,0.0000,0.0000,0.0000,0.0000,5.00,3.00,2.00,0.1502,0.0031,0.0146,0,0.000000
6,47.2200,42.3498,117.8857,-89.6939,-0.2451,-0.0457,-0.1207,-0.5617,-0.1048,-0.2766,35.8465,0.5472,69.2284,-1.5703,1.3823,2.2335,31.6029,-1.9304,66.4921,0.0000,0.0000,0.0000,0.0000,0.0000,0.0000,0.0000,0.0000,0.0000,5.00,3.00,2.00,0.1502,0.0031,0.0146,0,0.000000
6,47.2400,42.0689,117.8333,-89.8322,-0.2451,-0.0457,-0.1207,-0.5617,-0.1048,-0.2766,35.8320,0.5525,69.2336,-1.5703,1.3823,2.2335,31.6029,-1.9304,66.4921,0.0000,0.0000,0.0000,0.0000,0.0000,0.0000,0.0000,0.0000,0.0000,5.00,3.00,2.00,0.1502,0.0031,0.0146,0,0.000000
6,47.2600,41.7880,117.7809,-89.9705,-0.2451,-0.0457,-0.1207,-0.1309,0.0283,-0.0213,35.8174,0.5578,69.2387,-3.6303,1.3279,1.3245,31.6029,-1.9304,66.4921,0.0000,0.0000,0.0000,0.0000,0.0000,0.0000,0.0000,0.0000,0.0000,5.00,3.00,2.00,0.1502,0.0031,0.0146,0,0.000000
6,47.2800,41.7226,117.7951,-89.9812,-0.0571,0.0124,-0.0093,-0.1309,0.0283,-0.0213,35.8149,0.5572,69.2408,-3.6303,1.3279,1.3245,31.6029,-1.9304,66.4921,0.0000,0.0000,0.0000,0.0000,0.0000,0.0000,0.0000,0.0000,0.0000,5.00,3.00,2.00,0.0082,0.0002,0.0001,0,0.000000
6,47.3000,41.6572,117.8092,-89.9918,-0.0571,0.0123,-0.0093,-0.1309,0.0283,-0.0213,35.8123,0.5567,69.2429,-3.6303,1.3279,1.3245,31.6029,-1.9304,66.4921,0.0000,0.0000,0.0000,0.0000,0.0000,0.0000,0.0000,0.0000,0.0000,5.00,3.00,2.00,0.0082,0.0002,0.0001,0,0.000000
6,47.3200,41.5917,117.8234,-90.0000,-0.0571,0.0124,-0.0072,-0.1309,0.0283,-0.0213,35.8098,0.5562,69.2451,-3.6303,1.3279,1.3245,31.6029,-1.9304,66.4921,0.0000,0.0000,0.0000,0.0000,0.0000,0.0000,0.0000,0.0000,0.0000,5.00,3.00,2.00,0.0082,0.0002,0.0001,0,0.000000
6,47.3400,41.5263,117.8375,-90.0000,-0.0571,0.0123,0.0000,-0.1309,0.0283,-0.0213,35.8075,0.5554,69.2475,-3.6303,1.3279,1.3245,31.6029,-1.9304,66.4921,0.0000,0.0000,0.0000,0.0000,0.0000,0.0000,0.0000,0.0000,0.0000,5.00,3.00,2.00,0.0082,0.0002,0.0000,0,0.000000
6,47.3600,41.4608,117.8517,-90.0000,-0.0571,0.0123,0.0000,0.0908,0.3805,0.7181,35.8052,0.5547,69.2499,-0.6096,-0.1512,0.5611,31.6029,-1.9304,66.4921,0.0000,0.0000,0.0000,0.0000,0.0000,0.0000,0.0000,0.0000,0.0000,5.00,3.00,2.00,0.0082,0.0002,0.0000,0,0.000000
6,47.3800,41.5062,118.0419,-89.6410,0.0396,0.1660,0.3133,0.0908,0.3805,0.7181,35.8178,0.5382,69.2607,-0.6096,-0.1512,0.5611,31.6029,-1.9304,66.4921,0.0000,0.0000,0.0000,0.0000,0.0000,0.0000,0.0000,0.0000,0.0000,5.00,3.00,2.00,0.0039,0.0414,0.0982,0,0.000000
6,47.4000,41.5516,118.2322,-89.2820,0.0396,0.1660,0.3133,0.0908,0.3805,0.7181,35.8303,0.5216,69.2713,-0.6096,-0.1512,0.5611,31.6029,-1.9304,66.4921,0.0000,0.0000,0.0000,0.0000,0.0000,0.0000,0.0000,0.0000,0.0000,5.00,3.00,2.00,0.0039,0.0414,0.0982,0,0.000000
6,47.4200,41.5970,118.4224,-88.9229,0.0396,0.1660,0.3133,0.0908,0.3805,0.7181,35.8427,0.5047,69.2818,-0.6096,-0.1512,0.5611,31.6029,-1.9304,66.4921,0.0000,0.0000,0.0000,0.0000,0.0000,0.0000,0.0000,0.0000,0.0000,5.00,3.00,2.00,0.0039,0.0413,0.0982,0,0.000000
6,47.4400,41.6424,118.6127,-88.5639,0.0396,0.1660,0.3133,0.0908,0.3805,0.7181,35.8551,0.4877,69.2922,-0.6096,-0.1512,0.5611,31.6029,-1.9304,66.4921,0.0000,0.0000,0.0000,0.0000,0.0000,0.0000,0.0000,0.0000,0.0000,5.00,3.00,2.00,0.0039,0.0414,0.0982,0,0.000000
6,47.4600,41.6879,118.8030,-88.2049,0.0396,0.1660,0.3133,0.5787,-0.4727,-0.1468,35.8674,0.4705,69.3025,3.1101,-4.2111,2.6283,31.6029,-1.9304,66.4921,0.0000,0.0000,0.0000,0.0000,0.0000,0.0000,0.0000,0.0000,0.0000,5.00,3.00,2.00,0.0039,0.0414,0.0982,0,0.000000
6,47.4800,41.9772,118.5666,-88.2783,0.2525,-0.2062,-0.0640,0.5787,-0.4727,-0.1468,35.8741,0.4843,69.2875,3.1101,-4.2111,2.6283,31.6029,-1.9304,66.4921,0.0000,0.0000,0.0000,0.0000,0.0000,0.0000,0.0000,0.0000,0.0000,5.00,3.00,2.00,0.1594,0.0638,0.0041,0,0.000000
6,47.5000,42.2665,118.3303,-88.3516,0.2525,-0.2062,-0.0640,0.5787,-0.4727,-0.1468,35.8807,0.4980,69.2724,3.1101,-4.2111,2.6283,31.6029,-1.9304,66.4921,0.0000,0.0000,0.0000,0.0000,0.0000,0.0000,0.0000,0.0000,0.0000,5.00,3.00,2.00,0.1594,0.0638,0.0041,0,0.000000
6,47.5200,42.5559,118.0940,-88.4250,0.2525,-0.2062,-0.0640,0.5787,-0.4727,-0.1468,35.8872,0.5117,69.2572,3.1101,-4.2111,2.6283,31.6029,-1.9304,66.4921,0.0000,0.0000,0.0000,0.0000,0.0000,0.0000,0.0000,0.0000,0.0000,5.00,3.00,2.00,0.1594,0.0638,0.0041,0,0.000000
6,47.5400,42.8452,117.8577,-88.4984,0.2525,-0.2062,-0.0640,0.5787,-0.4727,-0.1468,35.8934,0.5254,69.2420,3.1101,-4.2111,2.6283,31.6029,-1.9304,66.4921,0.0000,0.0000,0.0000,0.0000,0.0000,0.0000,0.0000,0.0000,0.0000,5.00,3.00,2.00,0.1594,0.0638,0.0041,0,0.000000
6,47.5600,43.1345,117.6213,-88.5718,0.2525,-0.2062,-0.0640,-1.0000,0.1354,-0.4998,35.8996,0.5390,69.2268,1.6088,3.4247,-3.7861,31.6029,-1.9304,66.4921,0.0000,0.0000,0.0000,0.0000,0.0000,0.0000,0.0000,0.0000,0.0000,5.00,3.00,2.00,0.1594,0.0638,0.0041,0,0.000000
6,47.5800,42.6345,117.6890,-88.8217,-0.4363,0.0591,-0.2181,-1.0000,0.1354,-0.4998,35.8756,0.5404,69.2387,1.6088,3.4247,-3.7861,31.6029,-1.9304,66.4921,0.0000,0.0000,0.0000,0.0000,0.0000,0.0000,0.0000,0.0000,0.0000,5.00,3.00,2.00,0.4760,0.0052,0.0476,0,0.000000
6,47.6000,42.1345,117.7568,-89.0716,-0.4363,0.0591,-0.2181,-1.0000,0.1354,-0.4998,35.8516,0.5418,69.2504,1.6088,3.4247,-3.7861,31.6029,-1.9304,66.4921,0.0000,0.0000,0.0000,0.0000,0.0000,0.0000,0.0000,0.0000,0.0000,5.00,3.00,2.00,0.4760,0.0052,0.0476,0,0.000000
6,47.6200,41.6345,117.8245,-89.3215,-0.4363,0.0591,-0.2181,-1.0000,0.1354,-0.4998,35.8275,0.5432,69.2618,1.6088,3.4247,-3.7861,31.6029,-1.9304,66.4921,0.0000,0.0000,0.0000,0.0000,0.0000,0.0000,0.0000,0.0000,0.0000,5.00,3.00,2.00,0.4760,0.0052,0.0476,0,0.000000
6,47.6400,41.1345,117.8922,-89.5714,-0.4363,0.0591,-0.2181,-1.0000,0.1354,-0.4998,35.8034,0.5445,69.2729,1.6088,3.4247,-3.7861,31.6029,-1.9304,66.4921,0.0000,0.0000,0.0000,0.0000,0.0000,0.0000,0.0000,0.0000,0.0000,5.00,3.00,2.00,0.4760,0.0052,0.0476,0,0.000000
6,47.6600,40.6345,117.9599,-89.8212,-0.4363,0.0591,-0.2181,-0.6995,-0.2414,0.5078,35.7792,0.5459,69.2838,-6.0219,0.3427,2.8503,31.6029,-1.9304,66.4921,0.0000,0.0000,0.0000,0.0000,0.0000,0.0000,0.0000,0.0000,0.0000,5.00,3.00,2.00,0.4760,0.0052,0.0476,0,0.000000
6,47.6800,40.2848,117.8392,-89.5674,-0.3052,-0.1053,0.2216,-0.6995,-0.2414,0.5078,35.7700,0.5471,69.3005,-6.0219,0.3427,2.8503,31.6029,-1.9304,66.4921,0.0000,0.0000,0.0000,0.0000,0.0000,0.0000,0.0000,0.0000,0.0000,5.00,3.00,2.00,0.2329,0.0166,0.0491,0,0.000000
6,47.7000,39.9350,117.7185,-89.3135,-0.3052,-0.1053,0.2216,-0.6995,-0.2414,0.5078,35.7608,0.5484,69.3171,-6.0219,0.3427,2.8503,31.6029,-1.9304,66.4921,0.0000,0.0000,0.0000,0.0000,0.0000,0.0000,0.0000,0.0000,0.0000,5.00,3.00,2.00,0.2329,0.0166,0.0491,0,0.000000
6,47.7200,39.5853,117.5977,-89.0596,-0.3052,-0.1053,0.2216,-0.6995,-0.2414,0.5078,35.7513,0.5497,69.3337,-6.0219,0.3427,2.8503,31.6029,-1.9304,66.4921,0.0000,0.0000,0.0000,0.0000,0.0000,0.0000,0.0000,0.0000,0.0000,5.00,3.00,2.00,0.2329,0.0166,0.0491,0,0.000000
6,47.7400,39.2355,117.4770,-88.8057,-0.3052,-0.1053,0.2216,-0.6995,-0.2414,0.5078,35.7418,0.5510,69.3503,-6.0219,0.3427,2.8503,31.6029,-1.9304,66.4921,0.0000,0.0000,0.0000,0.0000,0.0000,0.0000,0.0000,0.0000,0.0000,5.00,3.00,2.00,0.2329,0.0166,0.0491,0,0.000000
6,47.7600,38.8858,117.3563,-88.5518,-0.3052,-0.1054,0.2216,0.1672,-0.1827,-0.1272,35.7321,0.5522,69.3668,-2.3539,0.3186,4.1504,31.6029,-1.9304,66.4921,0.0000,0.0000,0.0000,0.0000,0.0000,0.0000,0.0000,0.0000,0.0000,5.00,3.00,2.00,0.2329,0.0167,0.0491,0,0.000000
6,47.7800,38.9693,117.2650,-88.6154,0.0729,-0.0797,-0.0555,0.1672,-0.1827,-0.1272,35.7329,0.5582,69.3610,-2.3539,0.3186,4.1504,31.6029,-1.9304,66.4921,0.0000,0.0000,0.0000,0.0000,0.0000,0.0000,0.0000,0.0000,0.0000,5.00,3.00,2.00,0.0133,0.0095,0.0031,0,0.000000
6,47.8000,39.0529,117.1736,-88.6790,0.0729,-0.0797,-0.0555,0.1672,-0.1827,-0.1272,35.7337,0.5641,69.3552,-2.3539,0.3186,4.1504,31.6029,-1.9304,66.4921,0.0000,0.0000,0.0000,0.0000,0.0000,0.0000,0.0000,0.0000,0.0000,5.00,3.00,2.00,0.0133,0.0095,0.0031,0,0.000000
6,47.8200,39.1365,117.0822,-88.7425,0.0729,-0.0797,-0.0555,0.1672,-0.1827,-0.1272,35.7345,0.5700,69.3494,-2.3539,0.3186,4.1504,31.6029,-1.9304,66.4921,0.0000,0.0000,0.0000,0.0000,0.0000,0.0000,0.0000,0.0000,0.0000,5.00,3.00,2.00,0.0133,0.0095,0.0031,0,0.000000
6,47.8400,39.2201,116.9908,-88.8061,0.0729,-0.0797,-0.0555,0.1672,-0.1827,-0.1272,35.7353,0.5758,69.3436,-2.3539,0.3186,4.1504,31.6029,-1.9304,66.4921,0.0000,0.0000,0.0000,0.0000,0.0000,0.0000,0.0000,0.0000,0.0000,5.00,3.00,2.00,0.0133,0.0095,0.0031,0,0.000000
6,47.8600,39.3037,116.8995,-88.8697,0.0729,-0.0797,-0.0555,-0.2630,-0.2139,0.2839,35.7360,0.5817,69.3378,0.1978,1.4745,-1.4519,31.6029,-1.9304,66.4921,0.0000,0.0000,0.0000,0.0000,0.0000,0.0000,0.0000,0.0000,0.0000,5.00,3.00,2.00,0.0133,0.0095,0.0031,0,0.000000
6,47.8800,39.1722,116.7925,-88.7278,-0.1148,-0.0933,0.1239,-0.2630,-0.2139,0.2839,35.7327,0.5845,69.3443,0.1978,1.4745,-1.4519,31.6029,-1.9304,66.4921,0.0000,0.0000,0.0000,0.0000,0.0000,0.0000,0.0000,0.0000,0.0000,5.00,3.00,2.00,0.0329,0.0131,0.0153,0,0.000000
6,47.9000,39.0407,116.6856,-88.5858,-0.1148,-0.0933,0.1239,-0.2630,-0.2139,0.2839,35.7294,0.5872,69.3508,0.1978,1.4745,-1.4519,31.6029,-1.9304,66.4921,0.0000,0.0000,0.0000,0.0000,0.0000,0.0000,0.0000,0.0000,0.0000,5.00,3.00,2.00,0.0329,0.0131,0.0153,0,0.000000
6,47.9200,38.9092,116.5786,-88.4439,-0.1148,-0.0933,0.1239,-0.2630,-0.2139,0.2839,35.7260,0.5900,69.3574,0.1978,1.4745,-1.4519,31.6029,-1.9304,66.4921,0.0000,0.0000,0.0000,0.0000,0.0000,0.0000,0.0000,0.0000,0.0000,5.00,3.00,2.00,0.0329,0.0131,0.0153,0,0.000000
6,47.9400,38.7777,116.4717,-88.3020,-0.1148,-0.0933,0.1239,-0.2630,-0.2139,0.2839,35.7226,0.5928,69.3639,0.1978,1.4745,-1.4519,31.6029,-1.9304,66.4921,0.0000,0.0000,0.0000,0.0000,0.0000,0.0000,0.0000,0.0000,0.0000,5.00,3.00,2.00,0.0329,0.0131,0.0153,0,0.000000
6,47.9600,38.6462,116.3648,-88.1600,-0.1148,-0.0933,0.1239,-0.1655,-0.2467,-0.1354,35.7192,0.5955,69.3704,-0.8400,0.6914,1.6338,31.6029,-1.9304,66.4921,0.0000,0.0000,0.0000,0.0000,0.0000,0.0000,0.0000,0.0000,0.0000,5.00,3.00,2.00,0.0329,0.0131,0.0153,0,0.000000
6,47.9800,38.5634,116.2414,-88.2277,-0.0722,-0.1076,-0.0591,-0.1655,-0.2467,-0.1354,35.7129,0.6032,69.3693,-0.8400,0.6914,1.6338,31.6029,-1.9304,66.4921,0.0000,0.0000,0.0000,0.0000,0.0000,0.0000,0.0000,0.0000,0.0000,5.00,3.00,2.00,0.0130,0.0174,0.0035,0,0.000000
6,48.0000,38.4807,116.1180,-88.2954,-0.0722,-0.1077,-0.0591,-0.1655,-0.2467,-0.1354,35.7066,0.6107,69.3681,-0.8400,0.6914,1.6338,31.6029,-1.9304,66.4921,0.0000,0.0000,0.0000,0.0000,0.0000,0.0000,0.0000,0.0000,0.0000,5.00,3.00,2.00,0.0130,0.0174,0.0035,0,0.000000
6,48.0200,38.3979,115.9947,-88.3631,-0.0722,-0.1076,-0.0591,-0.1655,-0.2467,-0.1354,35.7002,0.6183,69.3669,-0.8400,0.6914,1.6338,31.6029,-1.9304,66.4921,0.0000,0.0000,0.0000,0.0000,0.0000,0.0000,0.0000,0.0000,0.0000,5.00,3.00,2.00,0.0130,0.0174,0.0035,0,0.000000
6,48.0400,38.3152,115.8714,-88.4308,-0.0722,-0.1076,-0.0591,-0.1655,-0.2467,-0.1354,35.6939,0.6259,69.3657,-0.8400,0.6914,1.6338,31.6029,-1.9304,66.4921,0.0000,0.0000,0.0000,0.0000,0.0000,0.0000,0.0000,0.0000,0.0000,5.00,3.00,2.00,0.0130,0.0174,0.0035,0,0.000000
6,48.0600,38.2324,115.7480,-88.4985,-0.0722,-0.1076,-0.0591,-0.1845,-0.2541,0.2163,35.6875,0.6334,69.3644,-1.5863,1.8922,-0.2998,31.6029,-1.9304,66.4921,0.0000,0.0000,0.0000,0.0000,0.0000,0.0000,0.0000,0.0000,0.0000,5.00,3.00,2.00,0.0130,0.0174,0.0035,0,0.000000
6,48.0800,38.1402,115.6210,-88.3903,-0.0805,-0.1109,0.0944,-0.1845,-0.2541,0.2163,35.6846,0.6379,69.3683,-1.5863,1.8922,-0.2998,31.6029,-1.9304,66.4921,0.0000,0.0000,0.0000,0.0000,0.0000,0.0000,0.0000,0.0000,0.0000,5.00,3.00,2.00,0.0162,0.0184,0.0089,0,0.000000
6,48.1000,38.0479,115.4939,-88.2822,-0.0805,-0.1109,0.0944,-0.1845,-0.2541,0.2163,35.6817,0.6423,69.3723,-1.5863,1.8922,-0.2998,31.6029,-1.9304,66.4921,0.0000,0.0000,0.0000,0.0000,0.0000,0.0000,0.0000,0.0000,0.0000,5.00,3.00,2.00,0.0162,0.0184,0.0089,0,0.000000
6,48.1200,37.9557,115.3669,-88.1740,-0.0805,-0.1109,0.0944,-0.1845,-0.2541,0.2163,35.6788,0.6468,69.3762,-1.5863,1.8922,-0.2998,31.6029,-1.9304,66.4921,0.0000,0.0000,0.0000,0.0000,0.0000,0.0000,0.0000,0.0000,0.0000,5.00,3.00,2.00,0.0162,0.0184,0.0089,0,0.000000
6,48.1400,37.8634,115.2399,-88.0658,-0.0805,-0.1109,0.0944,-0.1845,-0.2541,0.2163,35.6759,0.6513,69.3800,-1.5863,1.8922,-0.2998,31.6029,-1.9304,66.4921,0.0000,0.0000,0.0000,0.0000,0.0000,0.0000,0.0000,0.0000,0.0000,5.00,3.00,2.00,0.0162,0.0184,0.0089,0,0.000000
6,48.1600,37.7712,115.1129,-87.9577,-0.0805,-0.1109,0.0944,0.2771,0.1725,-0.0770,35.6730,0.6557,69.3839,-0.7278,1.1168,0.9747,31.6029,-1.9304,66.4921,0.0000,0.0000,0.0000,0.0000,0.0000,0.0000,0.0000,0.0000,0.0000,5.00,3.00,2.00,0.0162,0.0184,0.0089,0,0.000000
6,48.1800,37.9097,115.1991,-87.9962,0.1209,0.0753,-0.0336,0.2771,0.1725,-0.0770,35.6788,0.6520,69.3799,-0.7278,1.1168,0.9747,31.6029,-1.9304,66.4921,0.0000,0.0000,0.0000,0.0000,0.0000,0.0000,0.0000,0.0000,0.0000,5.00,3.00,2.00,0.0365,0.0085,0.0011,0,0.000000
6,48.2000,38.0482,115.2854,-88.0347,0.1209,0.0753,-0.0336,0.2771,0.1725,-0.0770,35.6846,0.6484,69.3759,-0.7278,1.1168,0.9747,31.6029,-1.9304,66.4921,0.0000,0.0000,0.0000,0.0000,0.0000,0.0000,0.0000,0.0000,0.0000,5.00,3.00,2.00,0.0365,0.0085,0.0011,0,0.000000
6,48.2200,38.1867,115.3716,-88.0731,0.1209,0.0753,-0.0336,0.2771,0.1725,-0.0770,35.6904,0.6447,69.3718,-0.7278,1.1168,0.9747,31.6029,-1.9304,66.4921,0.0000,0.0000,0.0000,0.0000,0.0000,0.0000,0.0000,0.0000,0.0000,5.00,3.00,2.00,0.0365,0.0085,0.0011,0,0.000000
6,48.2400,38.3253,115.4579,-88.1116,0.1209,0.0753,-0.0336,0.2771,0.1725,-0.0770,35.6962,0.6410,69.3678,-0.7278,1.1168,0.9747,31.6029,-1.9304,66.4921,0.0000,0.0000,0.0000,0.0000,0.0000,0.0000,0.0000,0.0000,0.0000,5.00,3.00,2.00,0.0365,0.0085,0.0011,0,0.000000
6,48.2600,38.4638,115.5441,-88.1501,0.1209,0.0753,-0.0336,-0.1060,0.2703,0.0506,35.7019,0.6373,69.3637,1.4486,-0.9208,-1.0128,31.6029,-1.9304,66.4921,0.0000,0.0000,0.0000,0.0000,0.0000,0.0000,0.0000,0.0000,0.0000,5.00,3.00,2.00,0.0365,0.0085,0.0011,0,0.000000
6,48.2800,38.4108,115.6793,-88.1248,-0.0463,0.1179,0.0221,-0.1060,0.2703,0.0506,35.7021,0.6299,69.3682,1.4486,-0.9208,-1.0128,31.6029,-1.9304,66.4921,0.0000,0.0000,0.0000,0.0000,0.0000,0.0000,0.0000,0.0000,0.0000,5.00,3.00,2.00,0.0053,0.0209,0.0005,0,0.000000
6,48.3000,38.3578,115.8144,-88.0995,-0.0463,0.1179,0.0221,-0.1060,0.2703,0.0506,35.7022,0.6226,69.3727,1.4486,-0.9208,-1.0128,31.6029,-1.9304,66.4921,0.0000,0.0000,0.0000,0.0000,0.0000,0.0000,0.0000,0.0000,0.0000,5.00,3.00,2.00,0.0053,0.0209,0.0005,0,0.000000
6,48.3200,38.3048,115.9496,-88.0742,-0.0463,0.1179,0.0221,-0.1060,0.2703,0.0506,35.7023,0.6152,69.3773,1.4486,-0.9208,-1.0128,31.6029,-1.9304,66.4921,0.0000,0.0000,0.0000,0.0000,0.0000,0.0000,0.0000,0.0000,0.0000,5.00,3.00,2.00,0.0053,0.0209,0.0005,0,0.000000
6,48.3400,38.2518,116.0847,-88.0489,-0.0463,0.1179,0.0221,-0.1060,0.2703,0.0506,35.7024,0.6078,69.3818,1.4486,-0.9208,-1.0128,31.6029,-1.9304,66.4921,0.0000,0.0000,0.0000,0.0000,0.0000,0.0000,0.0000,0.0000,0.0000,5.00,3.00,2.00,0.0053,0.0209,0.0005,0,0.000000
6,48.3600,38.1988,116.2198,-88.0236,-0.0463,0.1179,0.0221,0.0793,-0.3107,-0.5447,35.7025,0.6004,69.3862,0.0290,-1.8469,1.1288,31.6029,-1.9304,66.4921,0.0000,0.0000,0.0000,0.0000,0.0000,0.0000,0.0000,0.0000,0.0000,5.00,3.00,2.00,0.0054,0.0209,0.0005,0,0.000000
6,48.3800,38.2384,116.0645,-88.2960,0.0346,-0.1356,-0.2377,0.0793,-0.3107,-0.5447,35.6962,0.6135,69.3749,0.0290,-1.8469,1.1288,31.6029,-1.9304,66.4921,0.0000,0.0000,0.0000,0.0000,0.0000,0.0000,0.0000,0.0000,0.0000,5.00,3.00,2.00,0.0030,0.0276,0.0565,0,0.000000
6,48.4000,38.2781,115.9091,-88.5684,0.0346,-0.1356,-0.2377,0.0793,-0.3107,-0.5447,35.6898,0.6265,69.3636,0.0290,-1.8469,1.1288,31.6029,-1.9304,66.4921,0.0000,0.0000,0.0000,0.0000,0.0000,0.0000,0.0000,0.0000,0.0000,5.00,3.00,2.00,0.0030,0.0276,0.0565,0,0.000000
6,48.4200,38.3178,115.7538,-88.8407,0.0346,-0.1356,-0.2377,0.0793,-0.3107,-0.5447,35.6834,0.6394,69.3522,0.0290,-1.8469,1.1288,31.6029,-1.9304,66.4921,0.0000,0.0000,0.0000,0.0000,0.0000,0.0000,0.0000,0.0000,0.0000,5.00,3.00,2.00,0.0030,0.0276,0.0565,0,0.000000
6,48.4400,38.3574,115.5984,-89.1131,0.0346,-0.1356,-0.2377,0.0793,-0.3107,-0.5447,35.6769,0.6522,69.3407,0.0290,-1.8469,1.1288,31.6029,-1.9304,66.4921,0.0000,0.0000,0.0000,0.0000,0.0000,0.0000,0.0000,0.0000,0.0000,5.00,3.00,2.00,0.0030,0.0276,0.0565,0,0.000000
6,48.4600,38.3971,115.4431,-89.3855,0.0346,-0.1356,-0.2377,-0.0111,0.2642,-0.0380,35.6703,0.6649,69.3292,-1.6109,3.2243,-2.8515,31.6029,-1.9304,66.4921,0.0000,0.0000,0.0000,0.0000,0.0000,0.0000,0.0000,0.0000,0.0000,5.00,3.00,2.00,0.0030,0.0276,0.0565,0,0.000000
6,48.4800,38.3915,115.5752,-89.4044,-0.0048,0.1153,-0.0166,-0.0111,0.2642,-0.0380,35.6713,0.6586,69.3310,-1.6109,3.2243,-2.8515,31.6029,-1.9304,66.4921,0.0000,0.0000,0.0000,0.0000,0.0000,0.0000,0.0000,0.0000,0.0000,5.00,3.00,2.00,0.0001,0.0199,0.0003,0,0.000000
6,48.5000,38.3860,115.7073,-89.4234,-0.0048,0.1153,-0.0166,-0.0111,0.2642,-0.0380,35.6724,0.6523,69.3328,-1.6109,3.2243,-2.8515,31.6029,-1.9304,66.4921,0.0000,0.0000,0.0000,0.0000,0.0000,0.0000,0.0000,0.0000,0.0000,5.00,3.00,2.00,0.0001,0.0199,0.0003,0,0.000000
6,48.5200,38.3804,115.8394,-89.4424,-0.0048,0.1153,-0.0166,-0.0111,0.2642,-0.0380,35.6734,0.6460,69.3345,-1.6109,3.2243,-2.8515,31.6029,-1.9304,66.4921,0.0000,0.0000,0.0000,0.0000,0.0000,0.0000,0.0000,0.0000,0.0000,5.00,3.00,2.00,0.0001,0.0199,0.0003,0,0.000000
6,48.5400,38.3749,115.9716,-89.4614,-0.0048,0.1153,-0.0166,-0.0111,0.2642,-0.0380,35.6745,0.6397,69.3363,-1.6109,3.2243,-2.8515,31.6029,-1.9304,66.4921,0.0000,0.0000,0.0000,0.0000,0.0000,0.0000,0.0000,0.0000,0.0000,5.00,3.00,2.00,0.0001,0.0199,0.0003,0,0.000000
6,48.5600,38.3694,116.1037,-89.4804,-0.0048,0.1153,-0.0166,-0.3695,-0.0619,-0.3055,35.6755,0.6334,69.3380,0.2609,-1.5749,0.4417,31.6029,-1.9304,66.4921,0.0000,0.0000,0.0000,0.0000,0.0000,0.0000,0.0000,0.0000,0.0000,5.00,3.00,2.00,0.0001,0.0199,0.0003,0,0.000000
6,48.5800,38.1846,116.0727,-89.6331,-0.1612,-0.0270,-0.1333,-0.3695,-0.0619,-0.3055,35.6644,0.6377,69.3390,0.2609,-1.5749,0.4417,31.6029,-1.9304,66.4921,0.0000,0.0000,0.0000,0.0000,0.0000,0.0000,0.0000,0.0000,0.0000,5.00,3.00,2.00,0.0650,0.0011,0.0178,0,0.000000
6,48.6000,37.9998,116.0417,-89.7858,-0.1612,-0.0270,-0.1333,-0.3695,-0.0619,-0.3055,35.6533,0.6420,69.3399,0.2609,-1.5749,0.4417,31.6029,-1.9304,66.4921,0.0000,0.0000,0.0000,0.0000,0.0000,0.0000,0.0000,0.0000,0.0000,5.00,3.00,2.00,0.0650,0.0011,0.0178,0,0.000000
6,48.6200,37.8150,116.0108,-89.9386,-0.1612,-0.0270,-0.1333,-0.3695,-0.0619,-0.3055,35.6422,0.6462,69.3407,0.2609,-1.5749,0.4417,31.6029,-1.9304,66.4921,0.0000,0.0000,0.0000,0.0000,0.0000,0.0000,0.0000,0.0000,0.0000,5.00,3.00,2.00,0.0650,0.0011,0.0178,0,0.000000
6,48.6400,37.6303,115.9798,-90.0000,-0.1612,-0.0270,-0.0536,-0.3695,-0.0619,-0.3055,35.6332,0.6489,69.3441,0.2609,-1.5749,0.4417,31.6029,-1.9304,66.4921,0.0000,0.0000,0.0000,0.0000,0.0000,0.0000,0.0000,0.0000,0.0000,5.00,3.00,2.00,0.0650,0.0011,0.0029,0,0.000000
6,48.6600,37.4455,115.9488,-90.0000,-0.1612,-0.0270,0.0000,-0.0219,-0.1302,0.0523,35.6254,0.6504,69.3492,-2.5030,0.8531,0.5562,31.6029,-1.9304,66.4921,0.0000,0.0000,0.0000,0.0000,0.0000,0.0000,0.0000,0.0000,0.0000,5.00,3.00,2.00,0.0650,0.0011,0.0000,0,0.000000
6,48.6800,37.4346,115.8837,-89.9739,-0.0096,-0.0568,0.0228,-0.0219,-0.1302,0.0523,35.6248,0.6532,69.3492,-2.5030,0.8531,0.5562,31.6029,-1.9304,66.4921,0.0000,0.0000,0.0000,0.0000,0.0000,0.0000,0.0000,0.0000,0.0000,5.00,3.00,2.00,0.0002,0.0048,0.0005,0,0.000000
6,48.7000,37.4236,115.8186,-89.9477,-0.0096,-0.0568,0.0228,-0.0219,-0.1302,0.0523,35.6241,0.6560,69.3492,-2.5030,0.8531,0.5562,31.6029,-1.9304,66.4921,0.0000,0.0000,0.0000,0.0000,0.0000,0.0000,0.0000,0.0000,0.0000,5.00,3.00,2.00,0.0002,0.0048,0.0005,0,0.000000
6,48.7200,37.4126,115.7534,-89.9216,-0.0096,-0.0568,0.0228,-0.0219,-0.1302,0.0523,35.6234,0.6588,69.3492,-2.5030,0.8531,0.5562,31.6029,-1.9304,66.4921,0.0000,0.0000,0.0000,0.0000,0.0000,0.0000,0.0000,0.0000,0.0000,5.00,3.00,2.00,0.0002,0.0048,0.0005,0,0.000000
6,48.7400,37.4017,115.6883,-89.8954,-0.0096,-0.0568,0.0228,-0.0219,-0.1302,0.0523,35.6227,0.6616,69.3492,-2.5030,0.8531,0.5562,31.6029,-1.9304,66.4921,0.0000,0.0000,0.0000,0.0000,0.0000,0.0000,0.0000,0.0000,0.0000,5.00,3.00,2.00,0.0002,0.0048,0.0005,0,0.000000
6,48.7600,37.3907,115.6232,-89.8692,-0.0096,-0.0568,0.0228,0.1471,-0.0182,-0.0964,35.6221,0.6644,69.3492,-0.1694,0.6979,0.0038,31.6029,-1.9304,66.4921,0.0000,0.0000,0.0000,0.0000,0.0000,0.0000,0.0000,0.0000,0.0000,5.00,3.00,2.00,0.0002,0.0048,0.0005,0,0.000000
6,48.7800,37.4643,115.6141,-89.9174,0.0642,-0.0079,-0.0421,0.1471,-0.0182,-0.0964,35.6238,0.6657,69.3455,-0.1694,0.6979,0.0038,31.6029,-1.9304,66.4921,0.0000,0.0000,0.0000,0.0000,0.0000,0.0000,0.0000,0.0000,0.0000,5.00,3.00,2.00,0.0103,0.0001,0.0018,0,0.000000
6,48.8000,37.5379,115.6050,-89.9656,0.0642,-0.0079,-0.0421,0.1471,-0.0182,-0.0964,35.6255,0.6670,69.3417,-0.1694,0.6979,0.0038,31.6029,-1.9304,66.4921,0.0000,0.0000,0.0000,0.0000,0.0000,0.0000,0.0000,0.0000,0.0000,5.00,3.00,2.00,0.0103,0.0001,0.0018,0,0.000000
6,48.8200,37.6114,115.5959,-90.0000,0.0642,-0.0079,-0.0300,0.1471,-0.0182,-0.0964,35.6275,0.6680,69.3383,-0.1694,0.6979,0.0038,31.6029,-1.9304,66.4921,0.0000,0.0000,0.0000,0.0000,0.0000,0.0000,0.0000,0.0000,0.0000,5.00,3.00,2.00,0.0103,0.0001,0.0009,0,0.000000
6,48.8400,37.6850,115.5868,-90.0000,0.0642,-0.0079,0.0000,0.1471,-0.0182,-0.0964,35.6303,0.6685,69.3359,-0.1694,0.6979,0.0038,31.6029,-1.9304,66.4921,0.0000,0.0000,0.0000,0.0000,0.0000,0.0000,0.0000,0.0000,0.0000,5.00,3.00,2.00,0.0103,0.0001,0.0000,0,0.000000
6,48.8600,37.7586,115.5777,-90.0000,0.0642,-0.0079,0.0000,-0.5577,0.4518,-0.0580,35.6331,0.6689,69.3335,0.5529,0.2278,-0.7858,31.6029,-1.9304,66.4921,0.0000,0.0000,0.0000,0.0000,0.0000,0.0000,0.0000,0.0000,0.0000,5.00,3.00,2.00,0.0103,0.0001,0.0000,0,0.000000
6,48.8800,37.4798,115.8036,-90.0000,-0.2433,0.1971,0.0000,-0.5577,0.4518,-0.0580,35.6250,0.6577,69.3457,0.5529,0.2278,-0.7858,31.6029,-1.9304,66.4921,0.0000,0.0000,0.0000,0.0000,0.0000,0.0000,0.0000,0.0000,0.0000,5.00,3.00,2.00,0.1480,0.0583,0.0000,0,0.000000
6,48.9000,37.2009,116.0295,-90.0000,-0.2433,0.1971,0.0000,-0.5577,0.4518,-0.0580,35.6167,0.6464,69.3579,0.5529,0.2278,-0.7858,31.6029,-1.9304,66.4921,0.0000,0.0000,0.0000,0.0000,0.0000,0.0000,0.0000,0.0000,0.0000,5.00,3.00,2.00,0.1480,0.0583,0.0000,0,0.000000
6,48.9200,36.9221,116.2553,-90.0000,-0.2433,0.1971,0.0000,-0.5577,0.4518,-0.0580,35.6084,0.6351,69.3700,0.5529,0.2278,-0.7858,31.6029,-1.9304,66.4921,0.0000,0.0000,0.0000,0.0000,0.0000,0.0000,0.0000,0.0000,0.0000,5.00,3.00,2.00,0.1480,0.0583,0.0000,0,0.000000
6,48.9400,36.6433,116.4812,-90.0000,-0.2433,0.1971,0.0000,-0.5577,0.4518,-0.0580,35.5999,0.6238,69.3820,0.5529,0.2278,-0.7858,31.6029,-1.9304,66.4921,0.0000,0.0000,0.0000,0.0000,0.0000,0.0000,0.0000,0.0000,0.0000,5.00,3.00,2.00,0.1480,0.0583,0.0000,0,0.000000
6,48.9600,36.3644,116.7071,-90.0000,-0.2433,0.1971,0.0000,0.3474,0.3428,0.2037,35.5914,0.6124,69.3940,-2.0870,-2.8250,3.0228,31.6029,-1.9304,66.4921,0.0000,0.0000,0.0000,0.0000,0.0000,0.0000,0.0000,0.0000,0.0000,5.00,3.00,2.00,0.1480,0.0583,0.0000,0,0.000000
6,48.9800,36.5381,116.8785,-89.8982,0.1516,0.1496,0.0889,0.3474,0.3428,0.2037,35.6026,0.6020,69.3945,-2.0870,-2.8250,3.0228,31.6029,-1.9304,66.4921,0.0000,0.0000,0.0000,0.0000,0.0000,0.0000,0.0000,0.0000,0.0000,5.00,3.00,2.00,0.0574,0.0336,0.0079,0,0.000000
6,49.0000,36.7118,117.0499,-89.7963,0.1516,0.1496,0.0889,0.3474,0.3428,0.2037,35.6138,0.5915,69.3949,-2.0870,-2.8250,3.0228,31.6029,-1.9304,66.4921,0.0000,0.0000,0.0000,0.0000,0.0000,0.0000,0.0000,0.0000,0.0000,5.00,3.00,2.00,0.0574,0.0336,0.0079,0,0.000000
6,49.0200,36.8855,117.2213,-89.6945,0.1516,0.1496,0.0889,0.3474,0.3428,0.2037,35.6250,0.5809,69.3952,-2.0870,-2.8250,3.0228,31.6029,-1.9304,66.4921,0.0000,0.0000,0.0000,0.0000,0.0000,0.0000,0.0000,0.0000,0.0000,5.00,3.00,2.00,0.0574,0.0336,0.0079,0,0.000000
6,49.0400,37.0592,117.3926,-89.5927,0.1516,0.1496,0.0889,0.3474,0.3428,0.2037,35.6363,0.5703,69.3955,-2.0870,-2.8250,3.0228,31.6029,-1.9304,66.4921,0.0000,0.0000,0.0000,0.0000,0.0000,0.0000,0.0000,0.0000,0.0000,5.00,3.00,2.00,0.0574,0.0336,0.0079,0,0.000000
6,49.0600,37.2328,117.5640,-89.4909,0.1516,0.1496,0.0889,-0.2537,0.1912,0.2689,35.6475,0.5597,69.3957,2.8038,-2.6383,0.0851,31.6029,-1.9304,66.4921,0.0000,0.0000,0.0000,0.0000,0.0000,0.0000,0.0000,0.0000,0.0000,5.00,3.00,2.00,0.0574,0.0336,0.0079,0,0.000000
6,49.0800,37.1060,117.6596,-89.3564,-0.1107,0.0834,0.1173,-0.2537,0.1912,0.2689,35.6463,0.5522,69.4048,2.8038,-2.6383,0.0851,31.6029,-1.9304,66.4921,0.0000,0.0000,0.0000,0.0000,0.0000,0.0000,0.0000,0.0000,0.0000,5.00,3.00,2.00,0.0306,0.0104,0.0138,0,0.000000
6,49.1000,36.9791,117.7552,-89.2220,-0.1107,0.0834,0.1173,-0.2537,0.1912,0.2689,35.6451,0.5448,69.4140,2.8038,-2.6383,0.0851,31.6029,-1.9304,66.4921,0.0000,0.0000,0.0000,0.0000,0.0000,0.0000,0.0000,0.0000,0.0000,5.00,3.00,2.00,0.0306,0.0104,0.0138,0,0.000000
6,49.1200,36.8523,117.8508,-89.0875,-0.1107,0.0834,0.1173,-0.2537,0.1912,0.2689,35.6438,0.5373,69.4231,2.8038,-2.6383,0.0851,31.6029,-1.9304,66.4921,0.0000,0.0000,0.0000,0.0000,0.0000,0.0000,0.0000,0.0000,0.0000,5.00,3.00,2.00,0.0306,0.0104,0.0138,0,0.000000
6,49.1400,36.7254,117.9464,-88.9530,-0.1107,0.0834,0.1173,-0.2537,0.1912,0.2689,35.6425,0.5298,69.4322,2.8038,-2.6383,0.0851,31.6029,-1.9304,66.4921,0.0000,0.0000,0.0000,0.0000,0.0000,0.0000,0.0000,0.0000,0.0000,5.00,3.00,2.00,0.0306,0.0104,0.0138,0,0.000000
6,49.1600,36.5986,118.0419,-88.8186,-0.1107,0.0834,0.1173,-0.2794,0.2224,-0.0230,35.6412,0.5222,69.4414,-0.3122,-1.8725,2.2839,31.6029,-1.9304,66.4921,0.0000,0.0000,0.0000,0.0000,0.0000,0.0000,0.0000,0.0000,0.0000,5.00,3.00,2.00,0.0306,0.0104,0.0138,0,0.000000
6,49.1800,36.4589,118.1532,-88.8301,-0.1219,0.0971,-0.0100,-0.2794,0.2224,-0.0230,35.6364,0.5167,69.4470,-0.3122,-1.8725,2.2839,31.6029,-1.9304,66.4921,0.0000,0.0000,0.0000,0.0000,0.0000,0.0000,0.0000,0.0000,0.0000,5.00,3.00,2.00,0.0372,0.0141,0.0001,0,0.000000
6,49.2000,36.3192,118.2644,-88.8416,-0.1219,0.0971,-0.0100,-0.2794,0.2224,-0.0230,35.6316,0.5112,69.4525,-0.3122,-1.8725,2.2839,31.6029,-1.9304,66.4921,0.0000,0.0000,0.0000,0.0000,0.0000,0.0000,0.0000,0.0000,0.0000,5.00,3.00,2.00,0.0372,0.0141,0.0001,0,0.000000
6,49.2200,36.1794,118.3756,-88.8531,-0.1219,0.0970,-0.0100,-0.2794,0.2224,-0.0230,35.6267,0.5057,69.4581,-0.3122,-1.8725,2.2839,31.6029,-1.9304,66.4921,0.0000,0.0000,0.0000,0.0000,0.0000,0.0000,0.0000,0.0000,0.0000,5.00,3.00,2.00,0.0372,0.0141,0.0001,0,0.000000
6,49.2400,36.0397,118.4868,-88.8646,-0.1219,0.0971,-0.0100,-0.2794,0.2224,-0.0230,35.6219,0.5002,69.4636,-0.3122,-1.8725,2.2839,31.6029,-1.9304,66.4921,0.0000,0.0000,0.0000,0.0000,0.0000,0.0000,0.0000,0.0000,0.0000,5.00,3.00,2.00,0.0372,0.0141,0.0001,0,0.000000
6,49.2600,35.9000,118.5980,-88.8760,-0.1219,0.0971,-0.0100,0.0701,0.4388,-0.1423,35.6170,0.4947,69.4691,-1.2117,-1.3744,1.3882,31.6029,-1.9304,66.4921,0.0000,0.0000,0.0000,0.0000,0.0000,0.0000,0.0000,0.0000,0.0000,5.00,3.00,2.00,0.0372,0.0141,0.0001,0,0.000000
6,49.2800,35.9350,118.8175,-88.9472,0.0306,0.1915,-0.0621,0.0701,0.4388,-0.1423,35.6193,0.4849,69.4692,-1.2117,-1.3744,1.3882,31.6029,-1.9304,66.4921,0.0000,0.0000,0.0000,0.0000,0.0000,0.0000,0.0000,0.0000,0.0000,5.00,3.00,2.00,0.0023,0.0550,0.0039,0,0.000000
6,49.3000,35.9701,119.0369,-89.0183,0.0306,0.1915,-0.0621,0.0701,0.4388,-0.1423,35.6215,0.4750,69.4693,-1.2117,-1.3744,1.3882,31.6029,-1.9304,66.4921,0.0000,0.0000,0.0000,0.0000,0.0000,0.0000,0.0000,0.0000,0.0000,5.00,3.00,2.00,0.0023,0.0550,0.0039,0,0.000000
6,49.3200,36.0051,119.2563,-89.0895,0.0306,0.1915,-0.0621,0.0701,0.4388,-0.1423,35.6238,0.4651,69.4693,-1.2117,-1.3744,1.3882,31.6029,-1.9304,66.4921,0.0000,0.0000,0.0000,0.0000,0.0000,0.0000,0.0000,0.0000,0.0000,5.00,3.00,2.00,0.0023,0.0550,0.0039,0,0.000000
6,49.3400,36.0401,119.4757,-89.1606,0.0306,0.1915,-0.0621,0.0701,0.4388,-0.1423,35.6260,0.4552,69.4693,-1.2117,-1.3744,1.3882,31.6029,-1.9304,66.4921,0.0000,0.0000,0.0000,0.0000,0.0000,0.0000,0.0000,0.0000,0.0000,5.00,3.00,2.00,0.0023,0.0550,0.0039,0,0.000000
6,49.3600,36.0752,119.6951,-89.2318,0.0306,0.1915,-0.0621,0.8456,-0.0858,0.0056,35.6282,0.4453,69.4693,0.5634,-2.4708,0.0065,31.6029,-1.9304,66.4921,0.0000,0.0000,0.0000,0.0000,0.0000,0.0000,0.0000,0.0000,0.0000,5.00,3.00,2.00,0.0023,0.0550,0.0039,0,0.000000
6,49.3800,36.4980,119.6523,-89.2290,0.3690,-0.0374,0.0024,0.8456,-0.0858,0.0056,35.6455,0.4475,69.4558,0.5634,-2.4708,0.0065,31.6029,-1.9304,66.4921,0.0000,0.0000,0.0000,0.0000,0.0000,0.0000,0.0000,0.0000,0.0000,5.00,3.00,2.00,0.3403,0.0021,0.0000,0,0.000000
6,49.4000,36.9208,119.6094,-89.2262,0.3690,-0.0374,0.0024,0.8456,-0.0858,0.0056,35.6626,0.4496,69.4423,0.5634,-2.4708,0.0065,31.6029,-1.9304,66.4921,0.0000,0.0000,0.0000,0.0000,0.0000,0.0000,0.0000,0.0000,0.0000,5.00,3.00,2.00,0.3403,0.0021,0.0000,0,0.000000
6,49.4200,37.3435,119.5665,-89.2234,0.3690,-0.0374,0.0024,0.8456,-0.0858,0.0056,35.6796,0.4518,69.4286,0.5634,-2.4708,0.0065,31.6029,-1.9304,66.4921,0.0000,0.0000,0.0000,0.0000,0.0000,0.0000,0.0000,0.0000,0.0000,5.00,3.00,2.00,0.3403,0.0021,0.0000,0,0.000000
6,49.4400,37.7663,119.5236,-89.2206,0.3690,-0.0374,0.0024,0.8456,-0.0858,0.0056,35.6965,0.4540,69.4148,0.5634,-2.4708,0.0065,31.6029,-1.9304,66.4921,0.0000,0.0000,0.0000,0.0000,0.0000,0.0000,0.0000,0.0000,0.0000,5.00,3.00,2.00,0.3403,0.0021,0.0000,0,0.000000
6,49.4600,38.1891,119.4807,-89.2178,0.3690,-0.0374,0.0024,0.2052,0.5146,-0.7080,35.7133,0.4561,69.4008,4.2551,0.5395,-3.4218,31.6029,-1.9304,66.4921,0.0000,0.0000,0.0000,0.0000,0.0000,0.0000,0.0000,0.0000,0.0000,5.00,3.00,2.00,0.3403,0.0021,0.0000,0,0.000000
6,49.4800,38.2918,119.7380,-89.5719,0.0896,0.2245,-0.3089,0.2052,0.5146,-0.7080,35.7126,0.4500,69.3913,4.2551,0.5395,-3.4218,31.6029,-1.9304,66.4921,0.0000,0.0000,0.0000,0.0000,0.0000,0.0000,0.0000,0.0000,0.0000,5.00,3.00,2.00,0.0200,0.0756,0.0954,0,0.000000
6,49.5000,38.3944,119.9953,-89.9259,0.0896,0.2246,-0.3089,0.2052,0.5146,-0.7080,35.7118,0.4440,69.3818,4.2551,0.5395,-3.4218,31.6029,-1.9304,66.4921,0.0000,0.0000,0.0000,0.0000,0.0000,0.0000,0.0000,0.0000,0.0000,5.00,3.00,2.00,0.0201,0.0756,0.0954,0,0.000000
6,49.5200,38.4970,120.2526,-90.0000,0.0896,0.2246,-0.0647,0.2052,0.5146,-0.7080,35.7170,0.4323,69.3799,4.2551,0.5395,-3.4218,31.6029,-1.9304,66.4921,0.0000,0.0000,0.0000,0.0000,0.0000,0.0000,0.0000,0.0000,0.0000,5.00,3.00,2.00,0.0201,0.0756,0.0042,0,0.000000
6,49.5400,38.5996,120.5099,-90.0000,0.0896,0.2245,0.0000,0.2052,0.5146,-0.7080,35.7238,0.4191,69.3800,4.2551,0.5395,-3.4218,31.6029,-1.9304,66.4921,0.0000,0.0000,0.0000,0.0000,0.0000,0.0000,0.0000,0.0000,0.0000,5.00,3.00,2.00,0.0201,0.0756,0.0000,0,0.000000
6,49.5600,38.7022,120.7673,-90.0000,0.0896,0.2246,0.0000,0.0969,0.5352,0.1805,35.7306,0.4058,69.3800,0.8610,-2.5149,-1.0426,31.6029,-1.9304,66.4921,0.0000,0.0000,0.0000,0.0000,0.0000,0.0000,0.0000,0.0000,0.0000,5.00,3.00,2.00,0.0201,0.0756,0.0000,0,0.000000
6,49.5800,38.7507,121.0348,-89.9097,0.0423,0.2335,0.0788,0.0969,0.5352,0.1805,35.7372,0.3901,69.3842,0.8610,-2.5149,-1.0426,31.6029,-1.9304,66.4921,0.0000,0.0000,0.0000,0.0000,0.0000,0.0000,0.0000,0.0000,0.0000,5.00,3.00,2.00,0.0045,0.0818,0.0062,0,0.000000
6,49.6000,38.7991,121.3024,-89.8195,0.0423,0.2335,0.0788,0.0969,0.5352,0.1805,35.7438,0.3744,69.3884,0.8610,-2.5149,-1.0426,31.6029,-1.9304,66.4921,0.0000,0.0000,0.0000,0.0000,0.0000,0.0000,0.0000,0.0000,0.0000,5.00,3.00,2.00,0.0045,0.0818,0.0062,0,0.000000
6,49.6200,38.8475,121.5700,-89.7292,0.0423,0.2335,0.0788,0.0969,0.5352,0.1805,35.7503,0.3586,69.3925,0.8610,-2.5149,-1.0426,31.6029,-1.9304,66.4921,0.0000,0.0000,0.0000,0.0000,0.0000,0.0000,0.0000,0.0000,0.0000,5.00,3.00,2.00,0.0045,0.0818,0.0062,0,0.000000
6,49.6400,38.8960,121.8376,-89.6389,0.0423,0.2335,0.0788,0.0969,0.5352,0.1805,35.7568,0.3428,69.3966,0.8610,-2.5149,-1.0426,31.6029,-1.9304,66.4921,0.0000,0.0000,0.0000,0.0000,0.0000,0.0000,0.0000,0.0000,0.0000,5.00,3.00,2.00,0.0045,0.0818,0.0062,0,0.000000
6,49.6600,38.9444,122.1051,-89.5487,0.0423,0.2335,0.0788,0.0082,-0.2207,-0.5335,35.7632,0.3269,69.4005,1.6319,-3.9459,1.0265,31.6029,-1.9304,66.4921,0.0000,0.0000,0.0000,0.0000,0.0000,0.0000,0.0000,0.0000,0.0000,5.00,3.00,2.00,0.0045,0.0818,0.0062,0,0.000000
6,49.6800,38.9485,121.9948,-89.8154,0.0036,-0.0963,-0.2328,0.0082,-0.2207,-0.5335,35.7566,0.3384,69.3920,1.6319,-3.9459,1.0265,31.6029,-1.9304,66.4921,0.0000,0.0000,0.0000,0.0000,0.0000,0.0000,0.0000,0.0000,0.0000,5.00,3.00,2.00,0.0000,0.0139,0.0542,0,0.000000
6,49.7000,38.9526,121.8845,-90.0000,0.0036,-0.0963,-0.1611,0.0082,-0.2207,-0.5335,35.7517,0.3481,69.3856,1.6319,-3.9459,1.0265,31.6029,-1.9304,66.4921,0.0000,0.0000,0.0000,0.0000,0.0000,0.0000,0.0000,0.0000,0.0000,5.00,3.00,2.00,0.0000,0.0139,0.0260,0,0.000000
6,49.7200,38.9567,121.7741,-90.0000,0.0036,-0.0963,0.0000,0.0082,-0.2207,-0.5335,35.7508,0.3538,69.3842,1.6319,-3.9459,1.0265,31.6029,-1.9304,66.4921,0.0000,0.0000,0.0000,0.0000,0.0000,0.0000,0.0000,0.0000,0.0000,5.00,3.00,2.00,0.0000,0.0139,0.0000,0,0.000000
6,49.7400,38.9608,121.6638,-90.0000,0.0036,-0.0963,0.0000,0.0082,-0.2207,-0.5335,35.7499,0.3595,69.3827,1.6319,-3.9459,1.0265,31.6029,-1.9304,66.4921,0.0000,0.0000,0.0000,0.0000,0.0000,0.0000,0.0000,0.0000,0.0000,5.00,3.00,2.00,0.0000,0.0139,0.0000,0,0.000000
6,49.7600,38.9649,121.5534,-90.0000,0.0036,-0.0963,0.0000,0.4699,-0.2246,-0.2787,35.7490,0.3652,69.3813,-0.7097,1.9167,-0.9621,31.6029,-1.9304,66.4921,0.0000,0.0000,0.0000,0.0000,0.0000,0.0000,0.0000,0.0000,0.0000,5.00,3.00,2.00,0.0000,0.0139,0.0000,0,0.000000
6,49.7800,39.1998,121.4411,-90.0000,0.2050,-0.0980,0.0000,0.4699,-0.2246,-0.2787,35.7573,0.3710,69.3722,-0.7097,1.9167,-0.9621,31.6029,-1.9304,66.4921,0.0000,0.0000,0.0000,0.0000,0.0000,0.0000,0.0000,0.0000,0.0000,5.00,3.00,2.00,0.1051,0.0144,0.0000,0,0.000000
6,49.8000,39.4347,121.3288,-90.0000,0.2050,-0.0980,0.0000,0.4699,-0.2246,-0.2787,35.7656,0.3768,69.3632,-0.7097,1.9167,-0.9621,31.6029,-1.9304,66.4921,0.0000,0.0000,0.0000,0.0000,0.0000,0.0000,0.0000,0.0000,0.0000,5.00,3.00,2.00,0.1051,0.0144,0.0000,0,0.000000
6,49.8200,39.6697,121.2165,-90.0000,0.2050,-0.0980,0.0000,0.4699,-0.2246,-0.2787,35.7738,0.3826,69.3541,-0.7097,1.9167,-0.9621,31.6029,-1.9304,66.4921,0.0000,0.0000,0.0000,0.0000,0.0000,0.0000,0.0000,0.0000,0.0000,5.00,3.00,2.00,0.1051,0.0144,0.0000,0,0.000000
6,49.8400,39.9046,121.1043,-90.0000,0.2050,-0.0980,0.0000,0.4699,-0.2246,-0.2787,35.7820,0.3884,69.3449,-0.7097,1.9167,-0.9621,31.6029,-1.9304,66.4921,0.0000,0.0000,0.0000,0.0000,0.0000,0.0000,0.0000,0.0000,0.0000,5.00,3.00,2.00,0.1051,0.0144,0.0000,0,0.000000
6,49.8600,40.1395,120.9920,-90.0000,0.2050,-0.0980,0.0000,-0.5574,-0.1150,0.5152,35.7901,0.3942,69.3357,2.0550,1.4501,-2.2762,31.6029,-1.9304,66.4921,0.0000,0.0000,0.0000,0.0000,0.0000,0.0000,0.0000,0.0000,0.0000,5.00,3.00,2.00,0.1051,0.0144,0.0000,0,0.000000
6,49.8800,39.8609,120.9345,-89.7424,-0.2432,-0.0502,0.2248,-0.5574,-0.1150,0.5152,35.7842,0.3918,69.3511,2.0550,1.4501,-2.2762,31.6029,-1.9304,66.4921,0.0000,0.0000,0.0000,0.0000,0.0000,0.0000,0.0000,0.0000,0.0000,5.00,3.00,2.00,0.1479,0.0038,0.0505,0,0.000000
6,49.9000,39.5822,120.8769,-89.4848,-0.2432,-0.0502,0.2248,-0.5574,-0.1150,0.5152,35.7782,0.3894,69.3665,2.0550,1.4501,-2.2762,31.6029,-1.9304,66.4921,0.0000,0.0000,0.0000,0.0000,0.0000,0.0000,0.0000,0.0000,0.0000,5.00,3.00,2.00,0.1479,0.0038,0.0505,0,0.000000
6,49.9200,39.3035,120.8194,-89.2272,-0.2432,-0.0502,0.2248,-0.5574,-0.1150,0.5152,35.7721,0.3870,69.3818,2.0550,1.4501,-2.2762,31.6029,-1.9304,66.4921,0.0000,0.0000,0.0000,0.0000,0.0000,0.0000,0.0000,0.0000,0.0000,5.00,3.00,2.00,0.1479,0.0038,0.0505,0,0.000000
6,49.9400,39.0248,120.7619,-88.9696,-0.2432,-0.0502,0.2248,-0.5574,-0.1150,0.5152,35.7658,0.3845,69.3971,2.0550,1.4501,-2.2762,31.6029,-1.9304,66.4921,0.0000,0.0000,0.0000,0.0000,0.0000,0.0000,0.0000,0.0000,0.0000,5.00,3.00,2.00,0.1479,0.0038,0.0505,0,0.000000
6,49.9600,38.7462,120.7044,-88.7121,-0.2432,-0.0502,0.2248,0.2006,0.5713,0.2614,35.7595,0.3820,69.4124,-1.5308,-0.6123,3.8330,31.6029,-1.9304,66.4921,0.0000,0.0000,0.0000,0.0000,0.0000,0.0000,0.0000,0.0000,0.0000,5.00,3.00,2.00,0.1479,0.0038,0.0505,0,0.000000
6,49.9800,38.8465,120.9900,-88.5814,0.0875,0.2493,0.1140,0.2006,0.5713,0.2614,35.7692,0.3642,69.4161,-1.5308,-0.6123,3.8330,31.6029,-1.9304,66.4921,0.0000,0.0000,0.0000,0.0000,0.0000,0.0000,0.0000,0.0000,0.0000,5.00,3.00,2.00,0.0192,0.0932,0.0130,0,0.000000
6,50.0000,38.9467,121.2757,-88.4507,0.0875,0.2493,0.1140,0.2006,0.5713,0.2614,35.7789,0.3464,69.4197,-1.5308,-0.6123,3.8330,31.6029,-1.9304,66.4921,0.0000,0.0000,0.0000,0.0000,0.0000,0.0000,0.0000,0.0000,0.0000,5.00,3.00,2.00,0.0192,0.0932,0.0130,0,0.000000
6,50.0200,39.0470,121.5613,-88.3200,0.0875,0.2493,0.1140,0.2006,0.5713,0.2614,35.7885,0.3285,69.4232,-1.5308,-0.6123,3.8330,31.6029,-1.9304,66.4921,0.0000,0.0000,0.0000,0.0000,0.0000,0.0000,0.0000,0.0000,0.0000,5.00,3.00,2.00,0.0192,0.0932,0.0130,0,0.000000
6,50.0400,39.1473,121.8469,-88.1893,0.0875,0.2493,0.1140,0.2006,0.5713,0.2614,35.7980,0.3105,69.4265,-1.5308,-0.6123,3.8330,31.6029,-1.9304,66.4921,0.0000,0.0000,0.0000,0.0000,0.0000,0.0000,0.0000,0.0000,0.0000,5.00,3.00,2.00,0.0192,0.0932,0.0130,0,0.000000
6,50.0600,39.2476,122.1326,-88.0586,0.0875,0.2493,0.1140,0.6158,-0.1373,-0.8032,35.8075,0.2924,69.4298,2.4027,-4.4793,0.8698,31.6029,-1.9304,66.4921,0.0000,0.0000,0.0000,0.0000,0.0000,0.0000,0.0000,0.0000,0.0000,5.00,3.00,2.00,0.0192,0.0932,0.0130,0,0.000000
6,50.0800,39.5555,122.0639,-88.4602,0.2687,-0.0599,-0.3505,0.6158,-0.1373,-0.8032,35.8109,0.3051,69.4083,2.4027,-4.4793,0.8698,31.6029,-1.9304,66.4921,0.0000,0.0000,0.0000,0.0000,0.0000,0.0000,0.0000,0.0000,0.0000,5.00,3.00,2.00,0.1805,0.0054,0.1228,0,0.000000
6,50.1000,39.8634,121.9953,-88.8618,0.2687,-0.0599,-0.3505,0.6158,-0.1373,-0.8032,35.8141,0.3176,69.3867,2.4027,-4.4793,0.8698,31.6029,-1.9304,66.4921,0.0000,0.0000,0.0000,0.0000,0.0000,0.0000,0.0000,0.0000,0.0000,5.00,3.00,2.00,0.1805,0.0054,0.1228,0,0.000000
6,50.1200,40.1713,121.9266,-89.2634,0.2687,-0.0599,-0.3505,0.6158,-0.1373,-0.8032,35.8171,0.3300,69.3651,2.4027,-4.4793,0.8698,31.6029,-1.9304,66.4921,0.0000,0.0000,0.0000,0.0000,0.0000,0.0000,0.0000,0.0000,0.0000,5.00,3.00,2.00,0.1805,0.0054,0.1228,0,0.000000
6,50.1400,40.4792,121.8580,-89.6650,0.2687,-0.0599,-0.3505,0.6158,-0.1373,-0.8032,35.8198,0.3423,69.3435,2.4027,-4.4793,0.8698,31.6029,-1.9304,66.4921,0.0000,0.0000,0.0000,0.0000,0.0000,0.0000,0.0000,0.0000,0.0000,5.00,3.00,2.00,0.1805,0.0054,0.1228,0,0.000000
6,50.1600,40.7871,121.7893,-90.0000,0.2687,-0.0599,-0.2923,-0.3666,0.2001,-0.0655,35.8237,0.3530,69.3236,0.8097,3.0310,-5.3097,31.6029,-1.9304,66.4921,0.0000,0.0000,0.0000,0.0000,0.0000,0.0000,0.0000,0.0000,0.0000,5.00,3.00,2.00,0.1805,0.0054,0.0855,0,0.000000
6,50.1800,40.6038,121.8893,-90.0000,-0.1599,0.0873,0.0000,-0.3666,0.2001,-0.0655,35.8175,0.3478,69.3309,0.8097,3.0310,-5.3097,31.6029,-1.9304,66.4921,0.0000,0.0000,0.0000,0.0000,0.0000,0.0000,0.0000,0.0000,0.0000,5.00,3.00,2.00,0.0640,0.0114,0.0000,0,0.000000
6,50.2000,40.4205,121.9894,-90.0000,-0.1599,0.0873,0.0000,-0.3666,0.2001,-0.0655,35.8113,0.3427,69.3383,0.8097,3.0310,-5.3097,31.6029,-1.9304,66.4921,0.0000,0.0000,0.0000,0.0000,0.0000,0.0000,0.0000,0.0000,0.0000,5.00,3.00,2.00,0.0640,0.0114,0.0000,0,0.000000
6,50.2200,40.2373,122.0894,-90.0000,-0.1599,0.0873,0.0000,-0.3666,0.2001,-0.0655,35.8050,0.3375,69.3456,0.8097,3.0310,-5.3097,31.6029,-1.9304,66.4921,0.0000,0.0000,0.0000,0.0000,0.0000,0.0000,0.0000,0.0000,0.0000,5.00,3.00,2.00,0.0640,0.0114,0.0000,0,0.000000
6,50.2400,40.0540,122.1894,-90.0000,-0.1599,0.0873,0.0000,-0.3666,0.2001,-0.0655,35.7987,0.3323,69.3529,0.8097,3.0310,-5.3097,31.6029,-1.9304,66.4921,0.0000,0.0000,0.0000,0.0000,0.0000,0.0000,0.0000,0.0000,0.0000,5.00,3.00,2.00,0.0640,0.0114,0.0000,0,0.000000
6,50.2600,39.8707,122.2895,-90.0000,-0.1599,0.0873,0.0000,0.1814,-0.3347,0.3247,35.7924,0.3271,69.3601,-1.5656,-1.2971,1.8269,31.6029,-1.9304,66.4921,0.0000,0.0000,0.0000,0.0000,0.0000,0.0000,0.0000,0.0000,0.0000,5.00,3.00,2.00,0.0640,0.0114,0.0000,0,0.000000
6,50.2800,39.9614,122.1221,-89.8377,0.0791,-0.1461,0.1417,0.1814,-0.3347,0.3247,35.7980,0.3323,69.3594,-1.5656,-1.2971,1.8269,31.6029,-1.9304,66.4921,0.0000,0.0000,0.0000,0.0000,0.0000,0.0000,0.0000,0.0000,0.0000,5.00,3.00,2.00,0.0157,0.0320,0.0201,0,0.000000
6,50.3000,40.0521,121.9548,-89.6753,0.0791,-0.1461,0.1417,0.1814,-0.3347,0.3247,35.8035,0.3375,69.3587,-1.5656,-1.2971,1.8269,31.6029,-1.9304,66.4921,0.0000,0.0000,0.0000,0.0000,0.0000,0.0000,0.0000,0.0000,0.0000,5.00,3.00,2.00,0.0157,0.0320,0.0201,0,0.000000
6,50.3200,40.1428,121.7874,-89.5130,0.0791,-0.1461,0.1417,0.1814,-0.3347,0.3247,35.8091,0.3427,69.3580,-1.5656,-1.2971,1.8269,31.6029,-1.9304,66.4921,0.0000,0.0000,0.0000,0.0000,0.0000,0.0000,0.0000,0.0000,0.0000,5.00,3.00,2.00,0.0157,0.0320,0.0201,0,0.000000
6,50.3400,40.2335,121.6200,-89.3507,0.0792,-0.1461,0.1417,0.1814,-0.3347,0.3247,35.8146,0.3479,69.3572,-1.5656,-1.2971,1.8269,31.6029,-1.9304,66.4921,0.0000,0.0000,0.0000,0.0000,0.0000,0.0000,0.0000,0.0000,0.0000,5.00,3.00,2.00,0.0157,0.0320,0.0201,0,0.000000
6,50.3600,40.3242,121.4526,-89.1883,0.0791,-0.1461,0.1417,-0.3607,0.3450,-0.1453,35.8201,0.3531,69.3564,1.3859,1.3030,-0.1862,31.6029,-1.9304,66.4921,0.0000,0.0000,0.0000,0.0000,0.0000,0.0000,0.0000,0.0000,0.0000,5.00,3.00,2.00,0.0157,0.0320,0.0201,0,0.000000
6,50.3800,40.1438,121.6251,-89.2610,-0.1574,0.1505,-0.0634,-0.3607,0.3450,-0.1453,35.8131,0.3457,69.3626,1.3859,1.3030,-0.1862,31.6029,-1.9304,66.4921,0.0000,0.0000,0.0000,0.0000,0.0000,0.0000,0.0000,0.0000,0.0000,5.00,3.00,2.00,0.0619,0.0340,0.0040,0,0.000000
6,50.4000,39.9635,121.7976,-89.3336,-0.1574,0.1505,-0.0634,-0.3607,0.3450,-0.1453,35.8060,0.3383,69.3688,1.3859,1.3030,-0.1862,31.6029,-1.9304,66.4921,0.0000,0.0000,0.0000,0.0000,0.0000,0.0000,0.0000,0.0000,0.0000,5.00,3.00,2.00,0.0619,0.0340,0.0040,0,0.000000
6,50.4200,39.7832,121.9701,-89.4063,-0.1574,0.1505,-0.0634,-0.3607,0.3450,-0.1453,35.7988,0.3309,69.3749,1.3859,1.3030,-0.1862,31.6029,-1.9304,66.4921,0.0000,0.0000,0.0000,0.0000,0.0000,0.0000,0.0000,0.0000,0.0000,5.00,3.00,2.00,0.0619,0.0340,0.0040,0,0.000000
6,50.4400,39.6028,122.1425,-89.4789,-0.1574,0.1505,-0.0634,-0.3607,0.3450,-0.1453,35.7916,0.3234,69.3810,1.3859,1.3030,-0.1862,31.6029,-1.9304,66.4921,0.0000,0.0000,0.0000,0.0000,0.0000,0.0000,0.0000,0.0000,0.0000,5.00,3.00,2.00,0.0619,0.0340,0.0040,0,0.000000
6,50.4600,39.4225,122.3150,-89.5516,-0.1574,0.1505,-0.0634,0.2469,-0.0244,-0.2162,35.7844,0.3160,69.3871,-1.7851,-1.8564,1.5339,31.6029,-1.9304,66.4921,0.0000,0.0000,0.0000,0.0000,0.0000,0.0000,0.0000,0.0000,0.0000,5.00,3.00,2.00,0.0619,0.0340,0.0040,0,0.000000
6,50.4800,39.5459,122.3028,-89.6597,0.1077,-0.0107,-0.0943,0.2469,-0.0244,-0.2162,35.7870,0.3190,69.3800,-1.7851,-1.8564,1.5339,31.6029,-1.9304,66.4921,0.0000,0.0000,0.0000,0.0000,0.0000,0.0000,0.0000,0.0000,0.0000,5.00,3.00,2.00,0.0290,0.0002,0.0089,0,0.000000
6,50.5000,39.6694,122.2906,-89.7678,0.1077,-0.0107,-0.0943,0.2469,-0.0244,-0.2162,35.7895,0.3220,69.3729,-1.7851,-1.8564,1.5339,31.6029,-1.9304,66.4921,0.0000,0.0000,0.0000,0.0000,0.0000,0.0000,0.0000,0.0000,0.0000,5.00,3.00,2.00,0.0290,0.0002,0.0089,0,0.000000
6,50.5200,39.7928,122.2784,-89.8759,0.1077,-0.0107,-0.0943,0.2469,-0.0244,-0.2162,35.7919,0.3250,69.3659,-1.7851,-1.8564,1.5339,31.6029,-1.9304,66.4921,0.0000,0.0000,0.0000,0.0000,0.0000,0.0000,0.0000,0.0000,0.0000,5.00,3.00,2.00,0.0290,0.0002,0.0089,0,0.000000
6,50.5400,39.9163,122.2662,-89.9840,0.1077,-0.0106,-0.0943,0.2469,-0.0244,-0.2162,35.7944,0.3279,69.3588,-1.7851,-1.8564,1.5339,31.6029,-1.9304,66.4921,0.0000,0.0000,0.0000,0.0000,0.0000,0.0000,0.0000,0.0000,0.0000,5.00,3.00,2.00,0.0290,0.0002,0.0089,0,0.000000
6,50.5600,40.0397,122.2540,-90.0000,0.1077,-0.0106,-0.0140,0.2191,-0.2356,-0.2073,35.7988,0.3289,69.3541,0.7183,0.6456,-1.6495,31.6029,-1.9304,66.4921,0.0000,0.0000,0.0000,0.0000,0.0000,0.0000,0.0000,0.0000,0.0000,5.00,3.00,2.00,0.0290,0.0002,0.0002,0,0.000000
6,50.5800,40.1493,122.1361,-90.0000,0.0956,-0.1028,0.0000,0.2191,-0.2356,-0.2073,35.8020,0.3350,69.3491,0.7183,0.6456,-1.6495,31.6029,-1.9304,66.4921,0.0000,0.0000,0.0000,0.0000,0.0000,0.0000,0.0000,0.0000,0.0000,5.00,3.00,2.00,0.0229,0.0159,0.0000,0,0.000000
6,50.6000,40.2589,122.0183,-90.0000,0.0956,-0.1028,0.0000,0.2191,-0.2356,-0.2073,35.8052,0.3412,69.3440,0.7183,0.6456,-1.6495,31.6029,-1.9304,66.4921,0.0000,0.0000,0.0000,0.0000,0.0000,0.0000,0.0000,0.0000,0.0000,5.00,3.00,2.00,0.0229,0.0159,0.0000,0,0.000000
6,50.6200,40.3684,121.9005,-90.0000,0.0956,-0.1028,0.0000,0.2191,-0.2356,-0.2073,35.8084,0.3473,69.3390,0.7183,0.6456,-1.6495,31.6029,-1.9304,66.4921,0.0000,0.0000,0.0000,0.0000,0.0000,0.0000,0.0000,0.0000,0.0000,5.00,3.00,2.00,0.0229,0.0159,0.0000,0,0.000000
6,50.6400,40.4780,121.7827,-90.0000,0.0956,-0.1028,0.0000,0.2191,-0.2356,-0.2073,35.8115,0.3534,69.3339,0.7183,0.6456,-1.6495,31.6029,-1.9304,66.4921,0.0000,0.0000,0.0000,0.0000,0.0000,0.0000,0.0000,0.0000,0.0000,5.00,3.00,2.00,0.0229,0.0159,0.0000,0,0.000000
6,50.6600,40.5876,121.6649,-90.0000,0.0956,-0.1028,0.0000,-0.1248,-0.0200,0.2488,35.8146,0.3595,69.3289,0.7919,1.5270,-1.2619,31.6029,-1.9304,66.4921,0.0000,0.0000,0.0000,0.0000,0.0000,0.0000,0.0000,0.0000,0.0000,5.00,3.00,2.00,0.0229,0.0159,0.0000,0,0.000000
6,50.6800,40.5252,121.6549,-89.8756,-0.0544,-0.0087,0.1085,-0.1248,-0.0200,0.2488,35.8149,0.3573,69.3341,0.7919,1.5270,-1.2619,31.6029,-1.9304,66.4921,0.0000,0.0000,0.0000,0.0000,0.0000,0.0000,0.0000,0.0000,0.0000,5.00,3.00,2.00,0.0074,0.0001,0.0118,0,0.000000
6,50.7000,40.4628,121.6449,-89.7513,-0.0544,-0.0087,0.1085,-0.1248,-0.0200,0.2488,35.8151,0.3552,69.3393,0.7919,1.5270,-1.2619,31.6029,-1.9304,66.4921,0.0000,0.0000,0.0000,0.0000,0.0000,0.0000,0.0000,0.0000,0.0000,5.00,3.00,2.00,0.0074,0.0001,0.0118,0,0.000000
6,50.7200,40.4004,121.6348,-89.6269,-0.0544,-0.0087,0.1085,-0.1248,-0.0200,0.2488,35.8153,0.3531,69.3446,0.7919,1.5270,-1.2619,31.6029,-1.9304,66.4921,0.0000,0.0000,0.0000,0.0000,0.0000,0.0000,0.0000,0.0000,0.0000,5.00,3.00,2.00,0.0074,0.0001,0.0118,0,0.000000
6,50.7400,40.3380,121.6249,-89.5025,-0.0544,-0.0087,0.1085,-0.1248,-0.0200,0.2488,35.8155,0.3509,69.3498,0.7919,1.5270,-1.2619,31.6029,-1.9304,66.4921,0.0000,0.0000,0.0000,0.0000,0.0000,0.0000,0.0000,0.0000,0.0000,5.00,3.00,2.00,0.0074,0.0001,0.0118,0,0.000000
6,50.7600,40.2756,121.6149,-89.3781,-0.0544,-0.0087,0.1085,-0.0198,0.9305,0.3156,35.8156,0.3488,69.3550,0.0496,-0.5347,1.3069,31.6029,-1.9304,66.4921,0.0000,0.0000,0.0000,0.0000,0.0000,0.0000,0.0000,0.0000,0.0000,5.00,3.00,2.00,0.0074,0.0001,0.0118,0,0.000000
6,50.7800,40.2657,122.0801,-89.2203,-0.0086,0.4060,0.1377,-0.0198,0.9305,0.3156,35.8233,0.3210,69.3648,0.0496,-0.5347,1.3069,31.6029,-1.9304,66.4921,0.0000,0.0000,0.0000,0.0000,0.0000,0.0000,0.0000,0.0000,0.0000,5.00,3.00,2.00,0.0002,0.2473,0.0190,0,0.000000
6,50.8000,40.2558,122.5453,-89.0625,-0.0086,0.4060,0.1377,-0.0198,0.9305,0.3156,35.8307,0.2932,69.3744,0.0496,-0.5347,1.3069,31.6029,-1.9304,66.4921,0.0000,0.0000,0.0000,0.0000,0.0000,0.0000,0.0000,0.0000,0.0000,5.00,3.00,2.00,0.0002,0.2473,0.0190,0,0.000000
6,50.8200,40.2459,123.0106,-88.9047,-0.0086,0.4060,0.1377,-0.0198,0.9305,0.3156,35.8380,0.2651,69.3838,0.0496,-0.5347,1.3069,31.6029,-1.9304,66.4921,0.0000,0.0000,0.0000,0.0000,0.0000,0.0000,0.0000,0.0000,0.0000,5.00,3.00,2.00,0.0002,0.2473,0.0190,0,0.000000
6,50.8400,40.2360,123.4758,-88.7469,-0.0086,0.4060,0.1377,-0.0198,0.9305,0.3156,35.8451,0.2369,69.3930,0.0496,-0.5347,1.3069,31.6029,-1.9304,66.4921,0.0000,0.0000,0.0000,0.0000,0.0000,0.0000,0.0000,0.0000,0.0000,5.00,3.00,2.00,0.0002,0.2472,0.0190,0,0.000000
6,50.8600,40.2261,123.9411,-88.5891,-0.0086,0.4060,0.1377,0.8439,-0.2294,-0.4089,35.8520,0.2086,69.4020,1.8175,-7.0098,2.3495,31.6029,-1.9304,66.4921,0.0000,0.0000,0.0000,0.0000,0.0000,0.0000,0.0000,0.0000,0.0000,5.00,3.00,2.00,0.0002,0.2473,0.0190,0,0.000000
6,50.8800,40.6480,123.8264,-88.7936,0.3682,-0.1001,-0.1784,0.8439,-0.2294,-0.4089,35.8637,0.2194,69.3812,1.8175,-7.0098,2.3495,31.6029,-1.9304,66.4921,0.0000,0.0000,0.0000,0.0000,0.0000,0.0000,0.0000,0.0000,0.0000,5.00,3.00,2.00,0.3390,0.0150,0.0318,0,0.000000
6,50.9000,41.0700,123.7117,-88.9980,0.3682,-0.1001,-0.1784,0.8439,-0.2294,-0.4089,35.8752,0.2302,69.3603,1.8175,-7.0098,2.3495,31.6029,-1.9304,66.4921,0.0000,0.0000,0.0000,0.0000,0.0000,0.0000,0.0000,0.0000,0.0000,5.00,3.00,2.00,0.3390,0.0150,0.0318,0,0.000000
6,50.9200,41.4920,123.5971,-89.2025,0.3682,-0.1001,-0.1784,0.8439,-0.2294,-0.4089,35.8864,0.2410,69.3394,1.8175,-7.0098,2.3495,31.6029,-1.9304,66.4921,0.0000,0.0000,0.0000,0.0000,0.0000,0.0000,0.0000,0.0000,0.0000,5.00,3.00,2.00,0.3390,0.0150,0.0318,0,0.000000
6,50.9400,41.9139,123.4824,-89.4069,0.3682,-0.1001,-0.1784,0.8439,-0.2294,-0.4089,35.8974,0.2516,69.3183,1.8175,-7.0098,2.3495,31.6029,-1.9304,66.4921,0.0000,0.0000,0.0000,0.0000,0.0000,0.0000,0.0000,0.0000,0.0000,5.00,3.00,2.00,0.3390,0.0150,0.0318,0,0.000000
6,50.9600,42.3359,123.3677,-89.6114,0.3682,-0.1001,-0.1784,-0.2469,0.1029,-0.0578,35.9082,0.2623,69.2972,2.8107,2.6844,-5.2395,31.6029,-1.9304,66.4921,0.0000,0.0000,0.0000,0.0000,0.0000,0.0000,0.0000,0.0000,0.0000,5.00,3.00,2.00,0.3390,0.0150,0.0318,0,0.000000
6,50.9800,42.2124,123.4192,-89.6403,-0.1077,0.0449,-0.0252,-0.2469,0.1029,-0.0578,35.9032,0.2602,69.3014,2.8107,2.6844,-5.2395,31.6029,-1.9304,66.4921,0.0000,0.0000,0.0000,0.0000,0.0000,0.0000,0.0000,0.0000,0.0000,5.00,3.00,2.00,0.0290,0.0030,0.0006,0,0.000000
6,51.0000,42.0890,123.4706,-89.6692,-0.1077,0.0449,-0.0252,-0.2469,0.1029,-0.0578,35.8983,0.2582,69.3055,2.8107,2.6844,-5.2395,31.6029,-1.9304,66.4921,0.0000,0.0000,0.0000,0.0000,0.0000,0.0000,0.0000,0.0000,0.0000,5.00,3.00,2.00,0.0290,0.0030,0.0006,0,0.000000
6,51.0200,41.9655,123.5221,-89.6981,-0.1077,0.0449,-0.0252,-0.2469,0.1029,-0.0578,35.8933,0.2561,69.3096,2.8107,2.6844,-5.2395,31.6029,-1.9304,66.4921,0.0000,0.0000,0.0000,0.0000,0.0000,0.0000,0.0000,0.0000,0.0000,5.00,3.00,2.00,0.0290,0.0030,0.0006,0,0.000000
6,51.0400,41.8421,123.5735,-89.7270,-0.1077,0.0449,-0.0252,-0.2469,0.1029,-0.0578,35.8883,0.2541,69.3138,2.8107,2.6844,-5.2395,31.6029,-1.9304,66.4921,0.0000,0.0000,0.0000,0.0000,0.0000,0.0000,0.0000,0.0000,0.0000,5.00,3.00,2.00,0.0290,0.0030,0.0006,0,0.000000
6,51.0600,41.7186,123.6250,-89.7559,-0.1077,0.0449,-0.0252,-0.3790,0.2831,-0.0416,35.8833,0.2520,69.3179,-1.2459,-0.5118,1.0338,31.6029,-1.9304,66.4921,0.0000,0.0000,0.0000,0.0000,0.0000,0.0000,0.0000,0.0000,0.0000,5.00,3.00,2.00,0.0290,0.0030,0.0006,0,0.000000
6,51.0800,41.5291,123.7666,-89.7767,-0.1654,0.1235,-0.0181,-0.3790,0.2831,-0.0416,35.8767,0.2451,69.3254,-1.2459,-0.5118,1.0338,31.6029,-1.9304,66.4921,0.0000,0.0000,0.0000,0.0000,0.0000,0.0000,0.0000,0.0000,0.0000,5.00,3.00,2.00,0.0684,0.0229,0.0003,0,0.000000
6,51.1000,41.3396,123.9081,-89.7975,-0.1654,0.1235,-0.0181,-0.3790,0.2831,-0.0416,35.8700,0.2381,69.3329,-1.2459,-0.5118,1.0338,31.6029,-1.9304,66.4921,0.0000,0.0000,0.0000,0.0000,0.0000,0.0000,0.0000,0.0000,0.0000,5.00,3.00,2.00,0.0684,0.0229,0.0003,0,0.000000
6,51.1200,41.1501,124.0497,-89.8183,-0.1654,0.1235,-0.0181,-0.3790,0.2831,-0.0416,35.8633,0.2312,69.3403,-1.2459,-0.5118,1.0338,31.6029,-1.9304,66.4921,0.0000,0.0000,0.0000,0.0000,0.0000,0.0000,0.0000,0.0000,0.0000,5.00,3.00,2.00,0.0684,0.0229,0.0003,0,0.000000
6,51.1400,40.9606,124.1913,-89.8391,-0.1654,0.1235,-0.0181,-0.3790,0.2831,-0.0416,35.8566,0.2242,69.3478,-1.2459,-0.5118,1.0338,31.6029,-1.9304,66.4921,0.0000,0.0000,0.0000,0.0000,0.0000,0.0000,0.0000,0.0000,0.0000,5.00,3.00,2.00,0.0684,0.0229,0.0003,0,0.000000
6,51.1600,40.7711,124.3328,-89.8599,-0.1654,0.1235,-0.0181,-0.0126,-0.3514,0.2481,35.8499,0.2173,69.3551,-1.6716,-1.7388,1.8635,31.6029,-1.9304,66.4921,0.0000,0.0000,0.0000,0.0000,0.0000,0.0000,0.0000,0.0000,0.0000,5.00,3.00,2.00,0.0684,0.0229,0.0003,0,0.000000
6,51.1800,40.7649,124.1571,-89.7358,-0.0055,-0.1533,0.1082,-0.0126,-0.3514,0.2481,35.8508,0.2236,69.3567,-1.6716,-1.7388,1.8635,31.6029,-1.9304,66.4921,0.0000,0.0000,0.0000,0.0000,0.0000,0.0000,0.0000,0.0000,0.0000,5.00,3.00,2.00,0.0001,0.0353,0.0117,0,0.000000
6,51.2000,40.7586,123.9814,-89.6118,-0.0055,-0.1533,0.1082,-0.0126,-0.3514,0.2481,35.8517,0.2300,69.3583,-1.6716,-1.7388,1.8635,31.6029,-1.9304,66.4921,0.0000,0.0000,0.0000,0.0000,0.0000,0.0000,0.0000,0.0000,0.0000,5.00,3.00,2.00,0.0001,0.0353,0.0117,0,0.000000
6,51.2200,40.7523,123.8058,-89.4877,-0.0055,-0.1533,0.1082,-0.0126,-0.3514,0.2481,35.8527,0.2365,69.3599,-1.6716,-1.7388,1.8635,31.6029,-1.9304,66.4921,0.0000,0.0000,0.0000,0.0000,0.0000,0.0000,0.0000,0.0000,0.0000,5.00,3.00,2.00,0.0001,0.0353,0.0117,0,0.000000
6,51.2400,40.7460,123.6301,-89.3637,-0.0055,-0.1533,0.1082,-0.0126,-0.3514,0.2481,35.8536,0.2429,69.3615,-1.6716,-1.7388,1.8635,31.6029,-1.9304,66.4921,0.0000,0.0000,0.0000,0.0000,0.0000,0.0000,0.0000,0.0000,0.0000,5.00,3.00,2.00,0.0001,0.0353,0.0117,0,0.000000
6,51.2600,40.7398,123.4544,-89.2397,-0.0055,-0.1533,0.1082,-0.5111,0.0147,0.1439,35.8545,0.2493,69.3630,0.2308,1.6032,0.3937,31.6029,-1.9304,66.4921,0.0000,0.0000,0.0000,0.0000,0.0000,0.0000,0.0000,0.0000,0.0000,5.00,3.00,2.00,0.0001,0.0353,0.0117,0,0.000000
6,51.2800,40.4842,123.4617,-89.1677,-0.2230,0.0064,0.0628,-0.5111,0.0147,0.1439,35.8459,0.2473,69.3737,0.2308,1.6032,0.3937,31.6029,-1.9304,66.4921,0.0000,0.0000,0.0000,0.0000,0.0000,0.0000,0.0000,0.0000,0.0000,5.00,3.00,2.00,0.1243,0.0001,0.0039,0,0.000000
6,51.3000,40.2287,123.4691,-89.0957,-0.2230,0.0064,0.0628,-0.5111,0.0147,0.1439,35.8372,0.2453,69.3843,0.2308,1.6032,0.3937,31.6029,-1.9304,66.4921,0.0000,0.0000,0.0000,0.0000,0.0000,0.0000,0.0000,0.0000,0.0000,5.00,3.00,2.00,0.1243,0.0001,0.0039,0,0.000000
6,51.3200,39.9731,123.4764,-89.0238,-0.2230,0.0064,0.0628,-0.5111,0.0147,0.1439,35.8285,0.2432,69.3949,0.2308,1.6032,0.3937,31.6029,-1.9304,66.4921,0.0000,0.0000,0.0000,0.0000,0.0000,0.0000,0.0000,0.0000,0.0000,5.00,3.00,2.00,0.1243,0.0001,0.0039,0,0.000000
6,51.3400,39.7176,123.4838,-88.9518,-0.2230,0.0064,0.0628,-0.5111,0.0147,0.1439,35.8197,0.2412,69.4055,0.2308,1.6032,0.3937,31.6029,-1.9304,66.4921,0.0000,0.0000,0.0000,0.0000,0.0000,0.0000,0.0000,0.0000,0.0000,5.00,3.00,2.00,0.1243,0.0001,0.0039,0,0.000000
6,51.3600,39.4621,123.4911,-88.8799,-0.2230,0.0064,0.0628,-0.0324,-0.3233,-0.1283,35.8109,0.2392,69.4160,-2.1769,-0.5077,2.6493,31.6029,-1.9304,66.4921,0.0000,0.0000,0.0000,0.0000,0.0000,0.0000,0.0000,0.0000,0.0000,5.00,3.00,2.00,0.1243,0.0001,0.0039,0,0.000000
6,51.3800,39.4459,123.3295,-88.9440,-0.0141,-0.1411,-0.0560,-0.0324,-0.3233,-0.1283,35.8075,0.2492,69.4132,-2.1769,-0.5077,2.6493,31.6029,-1.9304,66.4921,0.0000,0.0000,0.0000,0.0000,0.0000,0.0000,0.0000,0.0000,0.0000,5.00,3.00,2.00,0.0005,0.0298,0.0031,0,0.000000
6,51.4000,39.4297,123.1678,-89.0082,-0.0141,-0.1411,-0.0560,-0.0324,-0.3233,-0.1283,35.8041,0.2592,69.4104,-2.1769,-0.5077,2.6493,31.6029,-1.9304,66.4921,0.0000,0.0000,0.0000,0.0000,0.0000,0.0000,0.0000,0.0000,0.0000,5.00,3.00,2.00,0.0005,0.0299,0.0031,0,0.000000
6,51.4200,39.4135,123.0062,-89.0724,-0.0141,-0.1411,-0.0560,-0.0324,-0.3233,-0.1283,35.8006,0.2691,69.4075,-2.1769,-0.5077,2.6493,31.6029,-1.9304,66.4921,0.0000,0.0000,0.0000,0.0000,0.0000,0.0000,0.0000,0.0000,0.0000,5.00,3.00,2.00,0.0005,0.0299,0.0031,0,0.000000
6,51.4400,39.3973,122.8445,-89.1365,-0.0141,-0.1411,-0.0560,-0.0324,-0.3233,-0.1283,35.7972,0.2791,69.4047,-2.1769,-0.5077,2.6493,31.6029,-1.9304,66.4921,0.0000,0.0000,0.0000,0.0000,0.0000,0.0000,0.0000,0.0000,0.0000,5.00,3.00,2.00,0.0005,0.0299,0.0031,0,0.000000
6,51.4600,39.3811,122.6829,-89.2007,-0.0141,-0.1411,-0.0560,-0.6752,0.1446,0.7127,35.7937,0.2890,69.4018,-0.8617,2.4924,-0.7122,31.6029,-1.9304,66.4921,0.0000,0.0000,0.0000,0.0000,0.0000,0.0000,0.0000,0.0000,0.0000,5.00,3.00,2.00,0.0005,0.0299,0.0031,0,0.000000
6,51.4800,39.0435,122.7552,-88.8443,-0.2946,0.0631,0.3110,-0.6752,0.1446,0.7127,35.7882,0.2772,69.4231,-0.8617,2.4924,-0.7122,31.6029,-1.9304,66.4921,0.0000,0.0000,0.0000,0.0000,0.0000,0.0000,0.0000,0.0000,0.0000,5.00,3.00,2.00,0.2170,0.0060,0.0967,0,0.000000
6,51.5000,38.7059,122.8275,-88.4879,-0.2946,0.0631,0.3110,-0.6752,0.1446,0.7127,35.7824,0.2653,69.4443,-0.8617,2.4924,-0.7122,31.6029,-1.9304,66.4921,0.0000,0.0000,0.0000,0.0000,0.0000,0.0000,0.0000,0.0000,0.0000,5.00,3.00,2.00,0.2170,0.0060,0.0967,0,0.000000
6,51.5200,38.3683,122.8998,-88.1316,-0.2946,0.0631,0.3110,-0.6752,0.1446,0.7127,35.7764,0.2533,69.4655,-0.8617,2.4924,-0.7122,31.6029,-1.9304,66.4921,0.0000,0.0000,0.0000,0.0000,0.0000,0.0000,0.0000,0.0000,0.0000,5.00,3.00,2.00,0.2170,0.0060,0.0967,0,0.000000
6,51.5400,38.0307,122.9721,-87.7752,-0.2946,0.0631,0.3110,-0.6752,0.1446,0.7127,35.7701,0.2412,69.4867,-0.8617,2.4924,-0.7122,31.6029,-1.9304,66.4921,0.0000,0.0000,0.0000,0.0000,0.0000,0.0000,0.0000,0.0000,0.0000,5.00,3.00,2.00,0.2170,0.0060,0.0967,0,0.000000
6,51.5600,37.6931,123.0444,-87.4188,-0.2946,0.0631,0.3110,0.1895,0.3924,-0.7493,35.7637,0.2290,69.5078,-1.5017,-3.0003,5.3028,31.6029,-1.9304,66.4921,0.0000,0.0000,0.0000,0.0000,0.0000,0.0000,0.0000,0.0000,0.0000,5.00,3.00,2.00,0.2170,0.0060,0.0967,0,0.000000
6,51.5800,37.7878,123.2406,-87.7935,0.0827,0.1712,-0.3270,0.1895,0.3924,-0.7493,35.7617,0.2273,69.4970,-1.5017,-3.0003,5.3028,31.6029,-1.9304,66.4921,0.0000,0.0000,0.0000,0.0000,0.0000,0.0000,0.0000,0.0000,0.0000,5.00,3.00,2.00,0.0171,0.0440,0.1069,0,0.000000
6,51.6000,37.8826,123.4368,-88.1682,0.0827,0.1712,-0.3270,0.1895,0.3924,-0.7493,35.7597,0.2256,69.4862,-1.5017,-3.0003,5.3028,31.6029,-1.9304,66.4921,0.0000,0.0000,0.0000,0.0000,0.0000,0.0000,0.0000,0.0000,0.0000,5.00,3.00,2.00,0.0171,0.0440,0.1069,0,0.000000
6,51.6200,37.9773,123.6330,-88.5428,0.0827,0.1712,-0.3270,0.1895,0.3924,-0.7493,35.7577,0.2239,69.4754,-1.5017,-3.0003,5.3028,31.6029,-1.9304,66.4921,0.0000,0.0000,0.0000,0.0000,0.0000,0.0000,0.0000,0.0000,0.0000,5.00,3.00,2.00,0.0171,0.0440,0.1069,0,0.000000
6,51.6400,38.0721,123.8291,-88.9175,0.0827,0.1712,-0.3270,0.1895,0.3924,-0.7493,35.7556,0.2221,69.4646,-1.5017,-3.0003,5.3028,31.6029,-1.9304,66.4921,0.0000,0.0000,0.0000,0.0000,0.0000,0.0000,0.0000,0.0000,0.0000,5.00,3.00,2.00,0.0171,0.0440,0.1069,0,0.000000
6,51.6600,38.1669,124.0253,-89.2922,0.0827,0.1712,-0.3270,-0.6388,0.1110,-0.0361,35.7535,0.2204,69.4537,-0.5095,-0.4294,-2.7039,31.6029,-1.9304,66.4921,0.0000,0.0000,0.0000,0.0000,0.0000,0.0000,0.0000,0.0000,0.0000,5.00,3.00,2.00,0.0171,0.0440,0.1069,0,0.000000
6,51.6800,37.8475,124.0808,-89.3102,-0.2787,0.0484,-0.0157,-0.6388,0.1110,-0.0361,35.7403,0.2179,69.4642,-0.5095,-0.4294,-2.7039,31.6029,-1.9304,66.4921,0.0000,0.0000,0.0000,0.0000,0.0000,0.0000,0.0000,0.0000,0.0000,5.00,3.00,2.00,0.1942,0.0035,0.0002,0,0.000000
6,51.7000,37.5280,124.1364,-89.3283,-0.2787,0.0484,-0.0158,-0.6388,0.1110,-0.0361,35.7270,0.2154,69.4746,-0.5095,-0.4294,-2.7039,31.6029,-1.9304,66.4921,0.0000,0.0000,0.0000,0.0000,0.0000,0.0000,0.0000,0.0000,0.0000,5.00,3.00,2.00,0.1942,0.0035,0.0002,0,0.000000
6,51.7200,37.2086,124.1919,-89.3463,-0.2787,0.0484,-0.0158,-0.6388,0.1110,-0.0361,35.7137,0.2129,69.4850,-0.5095,-0.4294,-2.7039,31.6029,-1.9304,66.4921,0.0000,0.0000,0.0000,0.0000,0.0000,0.0000,0.0000,0.0000,0.0000,5.00,3.00,2.00,0.1942,0.0035,0.0002,0,0.000000
6,51.7400,36.8892,124.2474,-89.3644,-0.2787,0.0484,-0.0158,-0.6388,0.1110,-0.0361,35.7003,0.2104,69.4952,-0.5095,-0.4294,-2.7039,31.6029,-1.9304,66.4921,0.0000,0.0000,0.0000,0.0000,0.0000,0.0000,0.0000,0.0000,0.0000,5.00,3.00,2.00,0.1942,0.0035,0.0002,0,0.000000
6,51.7600,36.5698,124.3029,-89.3824,-0.2787,0.0484,-0.0158,0.3400,-0.0565,-0.5387,35.6869,0.2078,69.5054,-3.3304,-0.6283,2.5822,31.6029,-1.9304,66.4921,0.0000,0.0000,0.0000,0.0000,0.0000,0.0000,0.0000,0.0000,0.0000,5.00,3.00,2.00,0.1942,0.0035,0.0002,0,0.000000
6,51.7800,36.7398,124.2746,-89.6517,0.1483,-0.0247,-0.2350,0.3400,-0.0565,-0.5387,35.6885,0.2155,69.4926,-3.3304,-0.6283,2.5822,31.6029,-1.9304,66.4921,0.0000,0.0000,0.0000,0.0000,0.0000,0.0000,0.0000,0.0000,0.0000,5.00,3.00,2.00,0.0550,0.0009,0.0552,0,0.000000
6,51.8000,36.9098,124.2464,-89.9211,0.1484,-0.0247,-0.2350,0.3400,-0.0565,-0.5387,35.6900,0.2232,69.4797,-3.3304,-0.6283,2.5822,31.6029,-1.9304,66.4921,0.0000,0.0000,0.0000,0.0000,0.0000,0.0000,0.0000,0.0000,0.0000,5.00,3.00,2.00,0.0550,0.0009,0.0552,0,0.000000
6,51.8200,37.0798,124.2181,-90.0000,0.1483,-0.0247,-0.0689,0.3400,-0.0565,-0.5387,35.6954,0.2265,69.4720,-3.3304,-0.6283,2.5822,31.6029,-1.9304,66.4921,0.0000,0.0000,0.0000,0.0000,0.0000,0.0000,0.0000,0.0000,0.0000,5.00,3.00,2.00,0.0550,0.0009,0.0047,0,0.000000
6,51.8400,37.2498,124.1899,-90.0000,0.1483,-0.0247,0.0000,0.3400,-0.0565,-0.5387,35.7022,0.2279,69.4663,-3.3304,-0.6283,2.5822,31.6029,-1.9304,66.4921,0.0000,0.0000,0.0000,0.0000,0.0000,0.0000,0.0000,0.0000,0.0000,5.00,3.00,2.00,0.0550,0.0009,0.0000,0,0.000000
6,51.8600,37.4198,124.1616,-90.0000,0.1483,-0.0247,0.0000,-0.0054,-0.2809,-0.0760,35.7091,0.2294,69.4606,1.1110,1.0787,-2.2388,31.6029,-1.9304,66.4921,0.0000,0.0000,0.0000,0.0000,0.0000,0.0000,0.0000,0.0000,0.0000,5.00,3.00,2.00,0.0550,0.0009,0.0000,0,0.000000
6,51.8800,37.4171,124.0211,-90.0000,-0.0023,-0.1226,0.0000,-0.0054,-0.2809,-0.0760,35.7078,0.2368,69.4592,1.1110,1.0787,-2.2388,31.6029,-1.9304,66.4921,0.0000,0.0000,0.0000,0.0000,0.0000,0.0000,0.0000,0.0000,0.0000,5.00,3.00,2.00,0.0000,0.0225,0.0000,0,0.000000
6,51.9000,37.4144,123.8807,-90.0000,-0.0024,-0.1226,0.0000,-0.0054,-0.2809,-0.0760,35.7066,0.2441,69.4578,1.1110,1.0787,-2.2388,31.6029,-1.9304,66.4921,0.0000,0.0000,0.0000,0.0000,0.0000,0.0000,0.0000,0.0000,0.0000,5.00,3.00,2.00,0.0000,0.0225,0.0000,0,0.000000
6,51.9200,37.4117,123.7402,-90.0000,-0.0024,-0.1226,0.0000,-0.0054,-0.2809,-0.0760,35.7053,0.2515,69.4564,1.1110,1.0787,-2.2388,31.6029,-1.9304,66.4921,0.0000,0.0000,0.0000,0.0000,0.0000,0.0000,0.0000,0.0000,0.0000,5.00,3.00,2.00,0.0000,0.0225,0.0000,0,0.000000
6,51.9400,37.4090,123.5998,-90.0000,-0.0023,-0.1226,0.0000,-0.0054,-0.2809,-0.0760,35.7040,0.2588,69.4549,1.1110,1.0787,-2.2388,31.6029,-1.9304,66.4921,0.0000,0.0000,0.0000,0.0000,0.0000,0.0000,0.0000,0.0000,0.0000,5.00,3.00,2.00,0.0000,0.0225,0.0000,0,0.000000
6,51.9600,37.4063,123.4593,-90.0000,-0.0024,-0.1226,0.0000,0.0437,-0.0122,0.0788,35.7027,0.2662,69.4535,-0.3178,1.8368,-0.3578,31.6029,-1.9304,66.4921,0.0000,0.0000,0.0000,0.0000,0.0000,0.0000,0.0000,0.0000,0.0000,5.00,3.00,2.00,0.0000,0.0225,0.0000,0,0.000000
6,51.9800,37.4282,123.4532,-89.9606,0.0190,-0.0053,0.0344,0.0437,-0.0122,0.0788,35.7044,0.2656,69.4538,-0.3178,1.8368,-0.3578,31.6029,-1.9304,66.4921,0.0000,0.0000,0.0000,0.0000,0.0000,0.0000,0.0000,0.0000,0.0000,5.00,3.00,2.00,0.0009,0.0000,0.0012,0,0.000000
6,52.0000,37.4500,123.4471,-89.9212,0.0190,-0.0053,0.0344,0.0437,-0.0122,0.0788,35.7061,0.2650,69.4540,-0.3178,1.8368,-0.3578,31.6029,-1.9304,66.4921,0.0000,0.0000,0.0000,0.0000,0.0000,0.0000,0.0000,0.0000,0.0000,5.00,3.00,2.00,0.0009,0.0000,0.0012,0,0.000000
6,52.0200,37.4718,123.4410,-89.8819,0.0190,-0.0053,0.0344,0.0437,-0.0122,0.0788,35.7077,0.2645,69.4543,-0.3178,1.8368,-0.3578,31.6029,-1.9304,66.4921,0.0000,0.0000,0.0000,0.0000,0.0000,0.0000,0.0000,0.0000,0.0000,5.00,3.00,2.00,0.0009,0.0000,0.0012,0,0.000000
6,52.0400,37.4937,123.4349,-89.8425,0.0190,-0.0053,0.0344,0.0437,-0.0122,0.0788,35.7094,0.2639,69.4546,-0.3178,1.8368,-0.3578,31.6029,-1.9304,66.4921,0.0000,0.0000,0.0000,0.0000,0.0000,0.0000,0.0000,0.0000,0.0000,5.00,3.00,2.00,0.0009,0.0000,0.0012,0,0.000000
6,52.0600,37.5155,123.4289,-89.8031,0.0190,-0.0053,0.0344,-0.6312,-0.3038,-0.0217,35.7110,0.2634,69.4549,0.4152,-0.1402,0.0729,31.6029,-1.9304,66.4921,0.0000,0.0000,0.0000,0.0000,0.0000,0.0000,0.0000,0.0000,0.0000,5.00,3.00,2.00,0.0009,0.0000,0.0012,0,0.000000
6,52.0800,37.1999,123.2770,-89.8139,-0.2754,-0.1326,-0.0095,-0.6312,-0.3038,-0.0217,35.6964,0.2715,69.4630,0.4152,-0.1402,0.0729,31.6029,-1.9304,66.4921,0.0000,0.0000,0.0000,0.0000,0.0000,0.0000,0.0000,0.0000,0.0000,5.00,3.00,2.00,0.1896,0.0264,0.0001,0,0.000000
6,52.1000,36.8843,123.1251,-89.8248,-0.2754,-0.1325,-0.0095,-0.6312,-0.3038,-0.0217,35.6817,0.2797,69.4709,0.4152,-0.1402,0.0729,31.6029,-1.9304,66.4921,0.0000,0.0000,0.0000,0.0000,0.0000,0.0000,0.0000,0.0000,0.0000,5.00,3.00,2.00,0.1896,0.0264,0.0001,0,0.000000
6,52.1200,36.5687,122.9732,-89.8356,-0.2754,-0.1325,-0.0095,-0.6312,-0.3038,-0.0217,35.6670,0.2879,69.4787,0.4152,-0.1402,0.0729,31.6029,-1.9304,66.4921,0.0000,0.0000,0.0000,0.0000,0.0000,0.0000,0.0000,0.0000,0.0000,5.00,3.00,2.00,0.1896,0.0264,0.0001,0,0.000000
6,52.1400,36.2531,122.8213,-89.8465,-0.2754,-0.1325,-0.0095,-0.6312,-0.3038,-0.0217,35.6522,0.2961,69.4865,0.4152,-0.1402,0.0729,31.6029,-1.9304,66.4921,0.0000,0.0000,0.0000,0.0000,0.0000,0.0000,0.0000,0.0000,0.0000,5.00,3.00,2.00,0.1896,0.0264,0.0001,0,0.000000
6,52.1600,35.9375,122.6694,-89.8573,-0.2754,-0.1326,-0.0095,-0.3203,-0.0560,-0.2344,35.6374,0.3042,69.4941,-3.6797,2.0431,1.9581,31.6029,-1.9304,66.4921,0.0000,0.0000,0.0000,0.0000,0.0000,0.0000,0.0000,0.0000,0.0000,5.00,3.00,2.00,0.1896,0.0264,0.0001,0,0.000000
6,52.1800,35.7774,122.6414,-89.9745,-0.1397,-0.0244,-0.1023,-0.3203,-0.0560,-0.2344,35.6281,0.3082,69.4954,-3.6797,2.0431,1.9581,31.6029,-1.9304,66.4921,0.0000,0.0000,0.0000,0.0000,0.0000,0.0000,0.0000,0.0000,0.0000,5.00,3.00,2.00,0.0488,0.0009,0.0105,0,0.000000
6,52.2000,35.6173,122.6134,-90.0000,-0.1397,-0.0244,-0.0222,-0.3203,-0.0560,-0.2344,35.6206,0.3102,69.4992,-3.6797,2.0431,1.9581,31.6029,-1.9304,66.4921,0.0000,0.0000,0.0000,0.0000,0.0000,0.0000,0.0000,0.0000,0.0000,5.00,3.00,2.00,0.0488,0.0009,0.0005,0,0.000000
6,52.2200,35.4571,122.5854,-90.0000,-0.1397,-0.0244,0.0000,-0.3203,-0.0560,-0.2344,35.6136,0.3117,69.5037,-3.6797,2.0431,1.9581,31.6029,-1.9304,66.4921,0.0000,0.0000,0.0000,0.0000,0.0000,0.0000,0.0000,0.0000,0.0000,5.00,3.00,2.00,0.0488,0.0009,0.0000,0,0.000000
6,52.2400,35.2970,122.5574,-90.0000,-0.1397,-0.0244,0.0000,-0.3203,-0.0560,-0.2344,35.6066,0.3132,69.5082,-3.6797,2.0431,1.9581,31.6029,-1.9304,66.4921,0.0000,0.0000,0.0000,0.0000,0.0000,0.0000,0.0000,0.0000,0.0000,5.00,3.00,2.00,0.0488,0.0009,0.0000,0,0.000000
6,52.2600,35.1368,122.5294,-90.0000,-0.1397,-0.0244,0.0000,-0.3777,0.4067,-0.1595,35.5995,0.3146,69.5127,-1.8965,0.5200,0.9300,31.6029,-1.9304,66.4921,0.0000,0.0000,0.0000,0.0000,0.0000,0.0000,0.0000,0.0000,0.0000,5.00,3.00,2.00,0.0488,0.0009,0.0000,0,0.000000
6,52.2800,34.9480,122.7327,-90.0000,-0.1648,0.1775,0.0000,-0.3777,0.4067,-0.1595,35.5932,0.3040,69.5208,-1.8965,0.5200,0.9300,31.6029,-1.9304,66.4921,0.0000,0.0000,0.0000,0.0000,0.0000,0.0000,0.0000,0.0000,0.0000,5.00,3.00,2.00,0.0679,0.0472,0.0000,0,0.000000
6,52.3000,34.7592,122.9361,-90.0000,-0.1648,0.1775,0.0000,-0.3777,0.4067,-0.1595,35.5868,0.2934,69.5288,-1.8965,0.5200,0.9300,31.6029,-1.9304,66.4921,0.0000,0.0000,0.0000,0.0000,0.0000,0.0000,0.0000,0.0000,0.0000,5.00,3.00,2.00,0.0679,0.0472,0.0000,0,0.000000
6,52.3200,34.5704,123.1395,-90.0000,-0.1648,0.1775,0.0000,-0.3777,0.4067,-0.1595,35.5804,0.2828,69.5368,-1.8965,0.5200,0.9300,31.6029,-1.9304,66.4921,0.0000,0.0000,0.0000,0.0000,0.0000,0.0000,0.0000,0.0000,0.0000,5.00,3.00,2.00,0.0679,0.0472,0.0000,0,0.000000
6,52.3400,34.3815,123.3428,-90.0000,-0.1648,0.1775,0.0000,-0.3777,0.4067,-0.1595,35.5739,0.2722,69.5447,-1.8965,0.5200,0.9300,31.6029,-1.9304,66.4921,0.0000,0.0000,0.0000,0.0000,0.0000,0.0000,0.0000,0.0000,0.0000,5.00,3.00,2.00,0.0679,0.0472,0.0000,0,0.000000
6,52.3600,34.1927,123.5462,-90.0000,-0.1648,0.1775,0.0000,-0.3042,-0.2963,-0.3373,35.5673,0.2616,69.5526,-1.6104,-2.6499,1.9970,31.6029,-1.9304,66.4921,0.0000,0.0000,0.0000,0.0000,0.0000,0.0000,0.0000,0.0000,0.0000,5.00,3.00,2.00,0.0679,0.0472,0.0000,0,0.000000
6,52.3800,34.0406,123.3981,-90.0000,-0.1327,-0.1293,0.0000,-0.3042,-0.2963,-0.3373,35.5596,0.2694,69.5554,-1.6104,-2.6499,1.9970,31.6029,-1.9304,66.4921,0.0000,0.0000,0.0000,0.0000,0.0000,0.0000,0.0000,0.0000,0.0000,5.00,3.00,2.00,0.0440,0.0251,0.0000,0,0.000000
6,52.4000,33.8885,123.2500,-90.0000,-0.1327,-0.1293,0.0000,-0.3042,-0.2963,-0.3373,35.5518,0.2771,69.5581,-1.6104,-2.6499,1.9970,31.6029,-1.9304,66.4921,0.0000,0.0000,0.0000,0.0000,0.0000,0.0000,0.0000,0.0000,0.0000,5.00,3.00,2.00,0.0440,0.0251,0.0000,0,0.000000
6,52.4200,33.7364,123.1018,-90.0000,-0.1327,-0.1293,0.0000,-0.3042,-0.2963,-0.3373,35.5441,0.2848,69.5607,-1.6104,-2.6499,1.9970,31.6029,-1.9304,66.4921,0.0000,0.0000,0.0000,0.0000,0.0000,0.0000,0.0000,0.0000,0.0000,5.00,3.00,2.00,0.0440,0.0251,0.0000,0,0.000000
6,52.4400,33.5843,122.9537,-90.0000,-0.1327,-0.1293,0.0000,-0.3042,-0.2963,-0.3373,35.5363,0.2925,69.5634,-1.6104,-2.6499,1.9970,31.6029,-1.9304,66.4921,0.0000,0.0000,0.0000,0.0000,0.0000,0.0000,0.0000,0.0000,0.0000,5.00,3.00,2.00,0.0440,0.0251,0.0000,0,0.000000
6,52.4600,33.4322,122.8056,-90.0000,-0.1327,-0.1293,0.0000,-0.3047,-0.6105,0.0921,35.5285,0.3002,69.5660,-1.9394,1.9313,0.6680,31.6029,-1.9304,66.4921,0.0000,0.0000,0.0000,0.0000,0.0000,0.0000,0.0000,0.0000,0.0000,5.00,3.00,2.00,0.0440,0.0251,0.0000,0,0.000000
6,52.4800,33.2799,122.5003,-89.9540,-0.1330,-0.2664,0.0402,-0.3047,-0.6105,0.0921,35.5203,0.3151,69.5679,-1.9394,1.9313,0.6680,31.6029,-1.9304,66.4921,0.0000,0.0000,0.0000,0.0000,0.0000,0.0000,0.0000,0.0000,0.0000,5.00,3.00,2.00,0.0442,0.1065,0.0016,0,0.000000
6,52.5000,33.1275,122.1951,-89.9079,-0.1330,-0.2664,0.0402,-0.3047,-0.6105,0.0921,35.5120,0.3300,69.5698,-1.9394,1.9313,0.6680,31.6029,-1.9304,66.4921,0.0000,0.0000,0.0000,0.0000,0.0000,0.0000,0.0000,0.0000,0.0000,5.00,3.00,2.00,0.0442,0.1065,0.0016,0,0.000000
6,52.5200,32.9751,121.8898,-89.8619,-0.1330,-0.2664,0.0402,-0.3047,-0.6105,0.0921,35.5037,0.3449,69.5715,-1.9394,1.9313,0.6680,31.6029,-1.9304,66.4921,0.0000,0.0000,0.0000,0.0000,0.0000,0.0000,0.0000,0.0000,0.0000,5.00,3.00,2.00,0.0442,0.1065,0.0016,0,0.000000
6,52.5400,32.8227,121.5845,-89.8159,-0.1330,-0.2664,0.0402,-0.3047,-0.6105,0.0921,35.4954,0.3597,69.5732,-1.9394,1.9313,0.6680,31.6029,-1.9304,66.4921,0.0000,0.0000,0.0000,0.0000,0.0000,0.0000,0.0000,0.0000,0.0000,5.00,3.00,2.00,0.0442,0.1065,0.0016,0,0.000000
6,52.5600,32.6704,121.2792,-89.7699,-0.1330,-0.2664,0.0402,-0.0524,-0.1666,0.1505,35.4870,0.3746,69.5748,-2.0739,3.7159,0.4398,31.6029,-1.9304,66.4921,0.0000,0.0000,0.0000,0.0000,0.0000,0.0000,0.0000,0.0000,0.0000,5.00,3.00,2.00,0.0442,0.1065,0.0016,0,0.000000
6,52.5800,32.6442,121.1959,-89.6946,-0.0229,-0.0727,0.0657,-0.0524,-0.1666,0.1505,35.4866,0.3773,69.5766,-2.0739,3.7159,0.4398,31.6029,-1.9304,66.4921,0.0000,0.0000,0.0000,0.0000,0.0000,0.0000,0.0000,0.0000,0.0000,5.00,3.00,2.00,0.0013,0.0079,0.0043,0,0.000000
6,52.6000,32.6180,121.1126,-89.6193,-0.0229,-0.0727,0.0657,-0.0524,-0.1666,0.1505,35.4861,0.3800,69.5784,-2.0739,3.7159,0.4398,31.6029,-1.9304,66.4921,0.0000,0.0000,0.0000,0.0000,0.0000,0.0000,0.0000,0.0000,0.0000,5.00,3.00,2.00,0.0013,0.0079,0.0043,0,0.000000
6,52.6200,32.5918,121.0293,-89.5441,-0.0229,-0.0727,0.0657,-0.0524,-0.1666,0.1505,35.4857,0.3828,69.5802,-2.0739,3.7159,0.4398,31.6029,-1.9304,66.4921,0.0000,0.0000,0.0000,0.0000,0.0000,0.0000,0.0000,0.0000,0.0000,5.00,3.00,2.00,0.0013,0.0079,0.0043,0,0.000000
6,52.6400,32.5656,120.9459,-89.4688,-0.0229,-0.0727,0.0657,-0.0524,-0.1666,0.1505,35.4852,0.3855,69.5820,-2.0739,3.7159,0.4398,31.6029,-1.9304,66.4921,0.0000,0.0000,0.0000,0.0000,0.0000,0.0000,0.0000,0.0000,0.0000,5.00,3.00,2.00,0.0013,0.0079,0.0043,0,0.000000
6,52.6600,32.5394,120.8626,-89.3935,-0.0229,-0.0727,0.0657,-0.0708,0.4371,0.3866,35.4847,0.3882,69.5838,-0.1154,0.6831,0.4498,31.6029,-1.9304,66.4921,0.0000,0.0000,0.0000,0.0000,0.0000,0.0000,0.0000,0.0000,0.0000,5.00,3.00,2.00,0.0013,0.0079,0.0043,0,0.000000
6,52.6800,32.5040,121.0812,-89.2002,-0.0309,0.1907,0.1687,-0.0708,0.4371,0.3866,35.4886,0.3728,69.5933,-0.1154,0.6831,0.4498,31.6029,-1.9304,66.4921,0.0000,0.0000,0.0000,0.0000,0.0000,0.0000,0.0000,0.0000,0.0000,5.00,3.00,2.00,0.0024,0.0546,0.0285,0,0.000000
6,52.7000,32.4686,121.2997,-89.0069,-0.0309,0.1907,0.1687,-0.0708,0.4371,0.3866,35.4924,0.3572,69.6027,-0.1154,0.6831,0.4498,31.6029,-1.9304,66.4921,0.0000,0.0000,0.0000,0.0000,0.0000,0.0000,0.0000,0.0000,0.0000,5.00,3.00,2.00,0.0024,0.0546,0.0285,0,0.000000
6,52.7200,32.4332,121.5183,-88.8136,-0.0309,0.1907,0.1687,-0.0708,0.4371,0.3866,35.4962,0.3416,69.6121,-0.1154,0.6831,0.4498,31.6029,-1.9304,66.4921,0.0000,0.0000,0.0000,0.0000,0.0000,0.0000,0.0000,0.0000,0.0000,5.00,3.00,2.00,0.0024,0.0546,0.0285,0,0.000000
6,52.7400,32.3978,121.7368,-88.6203,-0.0309,0.1907,0.1687,-0.0708,0.4371,0.3866,35.4999,0.3259,69.6214,-0.1154,0.6831,0.4498,31.6029,-1.9304,66.4921,0.0000,0.0000,0.0000,0.0000,0.0000,0.0000,0.0000,0.0000,0.0000,5.00,3.00,2.00,0.0024,0.0546,0.0285,0,0.000000
6,52.7600,32.3624,121.9554,-88.4270,-0.0309,0.1907,0.1687,-0.1062,0.1480,-0.1006,35.5036,0.3101,69.6307,0.9424,-3.9086,2.3457,31.6029,-1.9304,66.4921,0.0000,0.0000,0.0000,0.0000,0.0000,0.0000,0.0000,0.0000,0.0000,5.00,3.00,2.00,0.0024,0.0546,0.0285,0,0.000000
6,52.7800,32.3093,122.0294,-88.4773,-0.0463,0.0646,-0.0439,-0.1062,0.1480,-0.1006,35.5009,0.3073,69.6317,0.9424,-3.9086,2.3457,31.6029,-1.9304,66.4921,0.0000,0.0000,0.0000,0.0000,0.0000,0.0000,0.0000,0.0000,0.0000,5.00,3.00,2.00,0.0054,0.0063,0.0019,0,0.000000
6,52.8000,32.2562,122.1033,-88.5276,-0.0463,0.0646,-0.0439,-0.1062,0.1480,-0.1006,35.4982,0.3045,69.6326,0.9424,-3.9086,2.3457,31.6029,-1.9304,66.4921,0.0000,0.0000,0.0000,0.0000,0.0000,0.0000,0.0000,0.0000,0.0000,5.00,3.00,2.00,0.0054,0.0063,0.0019,0,0.000000
6,52.8200,32.2031,122.1773,-88.5779,-0.0463,0.0646,-0.0439,-0.1062,0.1480,-0.1006,35.4955,0.3017,69.6336,0.9424,-3.9086,2.3457,31.6029,-1.9304,66.4921,0.0000,0.0000,0.0000,0.0000,0.0000,0.0000,0.0000,0.0000,0.0000,5.00,3.00,2.00,0.0054,0.0063,0.0019,0,0.000000
6,52.8400,32.1500,122.2513,-88.6282,-0.0463,0.0646,-0.0439,-0.1062,0.1480,-0.1006,35.4928,0.2989,69.6346,0.9424,-3.9086,2.3457,31.6029,-1.9304,66.4921,0.0000,0.0000,0.0000,0.0000,0.0000,0.0000,0.0000,0.0000,0.0000,5.00,3.00,2.00,0.0054,0.0063,0.0019,0,0.000000
6,52.8600,32.0970,122.3253,-88.6785,-0.0463,0.0646,-0.0439,-0.2264,0.0724,-0.0340,35.4901,0.2962,69.6355,-0.6742,-0.6945,0.2430,31.6029,-1.9304,66.4921,0.0000,0.0000,0.0000,0.0000,0.0000,0.0000,0.0000,0.0000,0.0000,5.00,3.00,2.00,0.0054,0.0063,0.0019,0,0.000000
6,52.8800,31.9838,122.3615,-88.6955,-0.0988,0.0316,-0.0148,-0.2264,0.0724,-0.0340,35.4850,0.2946,69.6387,-0.6742,-0.6945,0.2430,31.6029,-1.9304,66.4921,0.0000,0.0000,0.0000,0.0000,0.0000,0.0000,0.0000,0.0000,0.0000,5.00,3.00,2.00,0.0244,0.0015,0.0002,0,0.000000
6,52.9000,31.8706,122.3977,-88.7125,-0.0988,0.0316,-0.0148,-0.2264,0.0724,-0.0340,35.4799,0.2931,69.6418,-0.6742,-0.6945,0.2430,31.6029,-1.9304,66.4921,0.0000,0.0000,0.0000,0.0000,0.0000,0.0000,0.0000,0.0000,0.0000,5.00,3.00,2.00,0.0244,0.0015,0.0002,0,0.000000
6,52.9200,31.7574,122.4339,-88.7295,-0.0988,0.0316,-0.0148,-0.2264,0.0724,-0.0340,35.4748,0.2916,69.6449,-0.6742,-0.6945,0.2430,31.6029,-1.9304,66.4921,0.0000,0.0000,0.0000,0.0000,0.0000,0.0000,0.0000,0.0000,0.0000,5.00,3.00,2.00,0.0244,0.0015,0.0002,0,0.000000
6,52.9400,31.6442,122.4701,-88.7465,-0.0988,0.0316,-0.0148,-0.2264,0.0724,-0.0340,35.4697,0.2901,69.6480,-0.6742,-0.6945,0.2430,31.6029,-1.9304,66.4921,0.0000,0.0000,0.0000,0.0000,0.0000,0.0000,0.0000,0.0000,0.0000,5.00,3.00,2.00,0.0244,0.0015,0.0002,0,0.000000
6,52.9600,31.5311,122.5063,-88.7636,-0.0988,0.0316,-0.0148,0.8195,0.2515,0.2714,35.4646,0.2885,69.6510,-1.2743,-0.3819,0.7755,31.6029,-1.9304,66.4921,0.0000,0.0000,0.0000,0.0000,0.0000,0.0000,0.0000,0.0000,0.0000,5.00,3.00,2.00,0.0244,0.0015,0.0002,0,0.000000
6,52.9800,31.9408,122.6321,-88.6279,0.3576,0.1098,0.1184,0.8195,0.2515,0.2714,35.4863,0.2788,69.6450,-1.2743,-0.3819,0.7755,31.6029,-1.9304,66.4921,0.0000,0.0000,0.0000,0.0000,0.0000,0.0000,0.0000,0.0000,0.0000,5.00,3.00,2.00,0.3197,0.0181,0.0140,0,0.000000
6,53.0000,32.3506,122.7578,-88.4922,0.3576,0.1097,0.1184,0.8195,0.2515,0.2714,35.5080,0.2691,69.6389,-1.2743,-0.3819,0.7755,31.6029,-1.9304,66.4921,0.0000,0.0000,0.0000,0.0000,0.0000,0.0000,0.0000,0.0000,0.0000,5.00,3.00,2.00,0.3197,0.0181,0.0140,0,0.000000
6,53.0200,32.7604,122.8836,-88.3565,0.3576,0.1098,0.1184,0.8195,0.2515,0.2714,35.5297,0.2593,69.6325,-1.2743,-0.3819,0.7755,31.6029,-1.9304,66.4921,0.0000,0.0000,0.0000,0.0000,0.0000,0.0000,0.0000,0.0000,0.0000,5.00,3.00,2.00,0.3197,0.0181,0.0140,0,0.000000
6,53.0400,33.1701,123.0094,-88.2208,0.3576,0.1097,0.1184,0.8195,0.2515,0.2714,35.5514,0.2496,69.6258,-1.2743,-0.3819,0.7755,31.6029,-1.9304,66.4921,0.0000,0.0000,0.0000,0.0000,0.0000,0.0000,0.0000,0.0000,0.0000,5.00,3.00,2.00,0.3197,0.0181,0.0140,0,0.000000
6,53.0600,33.5799,123.1351,-88.0851,0.3576,0.1097,0.1184,0.3721,-0.1626,-0.2870,35.5730,0.2397,69.6190,5.4178,-2.4400,-1.6014,31.6029,-1.9304,66.4921,0.0000,0.0000,0.0000,0.0000,0.0000,0.0000,0.0000,0.0000,0.0000,5.00,3.00,2.00,0.3197,0.0181,0.0140,0,0.000000
6,53.0800,33.7659,123.0538,-88.2286,0.1623,-0.0709,-0.1252,0.3721,-0.1626,-0.2870,35.5780,0.2474,69.6087,5.4178,-2.4400,-1.6014,31.6029,-1.9304,66.4921,0.0000,0.0000,0.0000,0.0000,0.0000,0.0000,0.0000,0.0000,0.0000,5.00,3.00,2.00,0.0659,0.0075,0.0157,0,0.000000
6,53.1000,33.9519,122.9725,-88.3721,0.1623,-0.0709,-0.1252,0.3721,-0.1626,-0.2870,35.5829,0.2550,69.5983,5.4178,-2.4400,-1.6014,31.6029,-1.9304,66.4921,0.0000,0.0000,0.0000,0.0000,0.0000,0.0000,0.0000,0.0000,0.0000,5.00,3.00,2.00,0.0659,0.0075,0.0157,0,0.000000
6,53.1200,34.1380,122.8912,-88.5156,0.1623,-0.0710,-0.1252,0.3721,-0.1626,-0.2870,35.5878,0.2626,69.5879,5.4178,-2.4400,-1.6014,31.6029,-1.9304,66.4921,0.0000,0.0000,0.0000,0.0000,0.0000,0.0000,0.0000,0.0000,0.0000,5.00,3.00,2.00,0.0659,0.0076,0.0157,0,0.000000
6,53.1400,34.3240,122.8099,-88.6591,0.1623,-0.0709,-0.1252,0.3721,-0.1626,-0.2870,35.5926,0.2701,69.5774,5.4178,-2.4400,-1.6014,31.6029,-1.9304,66.4921,0.0000,0.0000,0.0000,0.0000,0.0000,0.0000,0.0000,0.0000,0.0000,5.00,3.00,2.00,0.0659,0.0075,0.0157,0,0.000000
6,53.1600,34.5100,122.7286,-88.8026,0.1623,-0.0710,-0.1252,0.0886,-0.1471,-0.2640,35.5973,0.2777,69.5670,1.2173,1.8978,-2.6012,31.6029,-1.9304,66.4921,0.0000,0.0000,0.0000,0.0000,0.0000,0.0000,0.0000,0.0000,0.0000,5.00,3.00,2.00,0.0659,0.0076,0.0157,0,0.000000
6,53.1800,34.5543,122.6551,-88.9346,0.0387,-0.0642,-0.1152,0.0886,-0.1471,-0.2640,35.5961,0.2845,69.5612,1.2173,1.8978,-2.6012,31.6029,-1.9304,66.4921,0.0000,0.0000,0.0000,0.0000,0.0000,0.0000,0.0000,0.0000,0.0000,5.00,3.00,2.00,0.0037,0.0062,0.0133,0,0.000000
6,53.2000,34.5986,122.5815,-89.0666,0.0387,-0.0642,-0.1152,0.0886,-0.1471,-0.2640,35.5949,0.2913,69.5553,1.2173,1.8978,-2.6012,31.6029,-1.9304,66.4921,0.0000,0.0000,0.0000,0.0000,0.0000,0.0000,0.0000,0.0000,0.0000,5.00,3.00,2.00,0.0037,0.0062,0.0133,0,0.000000
6,53.2200,34.6429,122.5080,-89.1986,0.0387,-0.0642,-0.1152,0.0886,-0.1471,-0.2640,35.5937,0.2981,69.5495,1.2173,1.8978,-2.6012,31.6029,-1.9304,66.4921,0.0000,0.0000,0.0000,0.0000,0.0000,0.0000,0.0000,0.0000,0.0000,5.00,3.00,2.00,0.0037,0.0062,0.0133,0,0.000000
6,53.2400,34.6873,122.4344,-89.3305,0.0387,-0.0642,-0.1152,0.0886,-0.1471,-0.2640,35.5925,0.3049,69.5436,1.2173,1.8978,-2.6012,31.6029,-1.9304,66.4921,0.0000,0.0000,0.0000,0.0000,0.0000,0.0000,0.0000,0.0000,0.0000,5.00,3.00,2.00,0.0037,0.0062,0.0133,0,0.000000
6,53.2600,34.7316,122.3608,-89.4625,0.0387,-0.0642,-0.1152,-0.1547,0.5839,0.1476,35.5912,0.3117,69.5377,-0.3038,1.6996,-1.4637,31.6029,-1.9304,66.4921,0.0000,0.0000,0.0000,0.0000,0.0000,0.0000,0.0000,0.0000,0.0000,5.00,3.00,2.00,0.0037,0.0062,0.0133,0,0.000000
6,53.2800,34.6542,122.6528,-89.3887,-0.0675,0.2548,0.0644,-0.1547,0.5839,0.1476,35.5917,0.2948,69.5456,-0.3038,1.6996,-1.4637,31.6029,-1.9304,66.4921,0.0000,0.0000,0.0000,0.0000,0.0000,0.0000,0.0000,0.0000,0.0000,5.00,3.00,2.00,0.0114,0.0974,0.0041,0,0.000000
6,53.3000,34.5769,122.9447,-89.3150,-0.0675,0.2548,0.0644,-0.1547,0.5839,0.1476,35.5922,0.2778,69.5533,-0.3038,1.6996,-1.4637,31.6029,-1.9304,66.4921,0.0000,0.0000,0.0000,0.0000,0.0000,0.0000,0.0000,0.0000,0.0000,5.00,3.00,2.00,0.0114,0.0974,0.0041,0,0.000000
6,53.3200,34.4996,123.2366,-89.2412,-0.0675,0.2548,0.0644,-0.1547,0.5839,0.1476,35.5925,0.2608,69.5610,-0.3038,1.6996,-1.4637,31.6029,-1.9304,66.4921,0.0000,0.0000,0.0000,0.0000,0.0000,0.0000,0.0000,0.0000,0.0000,5.00,3.00,2.00,0.0114,0.0974,0.0041,0,0.000000
6,53.3400,34.4223,123.5286,-89.1674,-0.0675,0.2548,0.0644,-0.1547,0.5839,0.1476,35.5928,0.2438,69.5687,-0.3038,1.6996,-1.4637,31.6029,-1.9304,66.4921,0.0000,0.0000,0.0000,0.0000,0.0000,0.0000,0.0000,0.0000,0.0000,5.00,3.00,2.00,0.0114,0.0974,0.0041,0,0.000000
6,53.3600,34.3449,123.8205,-89.0936,-0.0675,0.2548,0.0644,-0.0333,0.1735,0.3611,35.5931,0.2267,69.5762,0.0916,-4.2505,1.9249,31.6029,-1.9304,66.4921,0.0000,0.0000,0.0000,0.0000,0.0000,0.0000,0.0000,0.0000,0.0000,5.00,3.00,2.00,0.0114,0.0974,0.0041,0,0.000000
6,53.3800,34.3283,123.9073,-88.9130,-0.0145,0.0757,0.1575,-0.0333,0.1735,0.3611,35.5964,0.2179,69.5826,0.0916,-4.2505,1.9249,31.6029,-1.9304,66.4921,0.0000,0.0000,0.0000,0.0000,0.0000,0.0000,0.0000,0.0000,0.0000,5.00,3.00,2.00,0.0005,0.0086,0.0248,0,0.000000
6,53.4000,34.3116,123.9941,-88.7325,-0.0145,0.0757,0.1575,-0.0333,0.1735,0.3611,35.5996,0.2091,69.5889,0.0916,-4.2505,1.9249,31.6029,-1.9304,66.4921,0.0000,0.0000,0.0000,0.0000,0.0000,0.0000,0.0000,0.0000,0.0000,5.00,3.00,2.00,0.0005,0.0086,0.0248,0,0.000000
6,53.4200,34.2950,124.0808,-88.5520,-0.0145,0.0757,0.1575,-0.0333,0.1735,0.3611,35.6029,0.2003,69.5953,0.0916,-4.2505,1.9249,31.6029,-1.9304,66.4921,0.0000,0.0000,0.0000,0.0000,0.0000,0.0000,0.0000,0.0000,0.0000,5.00,3.00,2.00,0.0005,0.0086,0.0248,0,0.000000
6,53.4400,34.2783,124.1676,-88.3715,-0.0145,0.0757,0.1575,-0.0333,0.1735,0.3611,35.6061,0.1914,69.6016,0.0916,-4.2505,1.9249,31.6029,-1.9304,66.4921,0.0000,0.0000,0.0000,0.0000,0.0000,0.0000,0.0000,0.0000,0.0000,5.00,3.00,2.00,0.0005,0.0086,0.0248,0,0.000000
6,53.4600,34.2617,124.2543,-88.1909,-0.0145,0.0757,0.1575,-0.0836,0.1843,-0.1319,35.6093,0.1825,69.6079,0.8116,-2.2086,1.5820,31.6029,-1.9304,66.4921,0.0000,0.0000,0.0000,0.0000,0.0000,0.0000,0.0000,0.0000,0.0000,5.00,3.00,2.00,0.0005,0.0086,0.0248,0,0.000000
6,53.4800,34.2199,124.3465,-88.2569,-0.0365,0.0804,-0.0576,-0.0836,0.1843,-0.1319,35.6069,0.1791,69.6083,0.8116,-2.2086,1.5820,31.6029,-1.9304,66.4921,0.0000,0.0000,0.0000,0.0000,0.0000,0.0000,0.0000,0.0000,0.0000,5.00,3.00,2.00,0.0033,0.0097,0.0033,0,0.000000
6,53.5000,34.1781,124.4387,-88.3229,-0.0365,0.0804,-0.0576,-0.0836,0.1843,-0.1319,35.6045,0.1758,69.6087,0.8116,-2.2086,1.5820,31.6029,-1.9304,66.4921,0.0000,0.0000,0.0000,0.0000,0.0000,0.0000,0.0000,0.0000,0.0000,5.00,3.00,2.00,0.0033,0.0097,0.0033,0,0.000000
6,53.5200,34.1363,124.5308,-88.3888,-0.0365,0.0804,-0.0576,-0.0836,0.1843,-0.1319,35.6020,0.1724,69.6091,0.8116,-2.2086,1.5820,31.6029,-1.9304,66.4921,0.0000,0.0000,0.0000,0.0000,0.0000,0.0000,0.0000,0.0000,0.0000,5.00,3.00,2.00,0.0033,0.0097,0.0033,0,0.000000
6,53.5400,34.0945,124.6230,-88.4548,-0.0365,0.0804,-0.0576,-0.0836,0.1843,-0.1319,35.5996,0.1691,69.6095,0.8116,-2.2086,1.5820,31.6029,-1.9304,66.4921,0.0000,0.0000,0.0000,0.0000,0.0000,0.0000,0.0000,0.0000,0.0000,5.00,3.00,2.00,0.0033,0.0097,0.0033,0,0.000000
6,53.5600,34.0527,124.7151,-88.5208,-0.0365,0.0804,-0.0576,-0.3522,-0.1218,0.3786,35.5972,0.1657,69.6099,-0.6050,-0.8379,0.1026,31.6029,-1.9304,66.4921,0.0000,0.0000,0.0000,0.0000,0.0000,0.0000,0.0000,0.0000,0.0000,5.00,3.00,2.00,0.0033,0.0097,0.0033,0,0.000000
6,53.5800,33.8766,124.6542,-88.3315,-0.1537,-0.0531,0.1652,-0.3522,-0.1218,0.3786,35.5924,0.1645,69.6197,-0.6050,-0.8379,0.1026,31.6029,-1.9304,66.4921,0.0000,0.0000,0.0000,0.0000,0.0000,0.0000,0.0000,0.0000,0.0000,5.00,3.00,2.00,0.0590,0.0042,0.0273,0,0.000000
6,53.6000,33.7005,124.5933,-88.1422,-0.1537,-0.0532,0.1652,-0.3522,-0.1218,0.3786,35.5876,0.1632,69.6294,-0.6050,-0.8379,0.1026,31.6029,-1.9304,66.4921,0.0000,0.0000,0.0000,0.0000,0.0000,0.0000,0.0000,0.0000,0.0000,5.00,3.00,2.00,0.0590,0.0042,0.0273,0,0.000000
6,53.6200,33.5244,124.5324,-87.9529,-0.1537,-0.0531,0.1652,-0.3522,-0.1218,0.3786,35.5827,0.1619,69.6391,-0.6050,-0.8379,0.1026,31.6029,-1.9304,66.4921,0.0000,0.0000,0.0000,0.0000,0.0000,0.0000,0.0000,0.0000,0.0000,5.00,3.00,2.00,0.0590,0.0042,0.0273,0,0.000000
6,53.6400,33.3484,124.4715,-87.7636,-0.1537,-0.0532,0.1652,-0.3522,-0.1218,0.3786,35.5778,0.1606,69.6489,-0.6050,-0.8379,0.1026,31.6029,-1.9304,66.4921,0.0000,0.0000,0.0000,0.0000,0.0000,0.0000,0.0000,0.0000,0.0000,5.00,3.00,2.00,0.0590,0.0042,0.0273,0,0.000000
6,53.6600,33.1723,124.4106,-87.5743,-0.1537,-0.0532,0.1652,0.2441,-0.0135,0.5408,35.5729,0.1593,69.6586,-1.2163,-0.3212,2.4323,31.6029,-1.9304,66.4921,0.0000,0.0000,0.0000,0.0000,0.0000,0.0000,0.0000,0.0000,0.0000,5.00,3.00,2.00,0.0590,0.0042,0.0273,0,0.000000
6,53.6800,33.2943,124.4039,-87.3039,0.1065,-0.0059,0.2360,0.2441,-0.0135,0.5408,35.5831,0.1531,69.6622,-1.2163,-0.3212,2.4323,31.6029,-1.9304,66.4921,0.0000,0.0000,0.0000,0.0000,0.0000,0.0000,0.0000,0.0000,0.0000,5.00,3.00,2.00,0.0284,0.0001,0.0557,0,0.000000
6,53.7000,33.4164,124.3971,-87.0335,0.1065,-0.0059,0.2360,0.2441,-0.0135,0.5408,35.5934,0.1469,69.6657,-1.2163,-0.3212,2.4323,31.6029,-1.9304,66.4921,0.0000,0.0000,0.0000,0.0000,0.0000,0.0000,0.0000,0.0000,0.0000,5.00,3.00,2.00,0.0284,0.0001,0.0557,0,0.000000
6,53.7200,33.5384,124.3904,-86.7631,0.1065,-0.0059,0.2360,0.2441,-0.0135,0.5408,35.6036,0.1406,69.6693,-1.2163,-0.3212,2.4323,31.6029,-1.9304,66.4921,0.0000,0.0000,0.0000,0.0000,0.0000,0.0000,0.0000,0.0000,0.0000,5.00,3.00,2.00,0.0284,0.0001,0.0557,0,0.000000
6,53.7400,33.6605,124.3837,-86.4927,0.1065,-0.0059,0.2360,0.2441,-0.0135,0.5408,35.6139,0.1343,69.6727,-1.2163,-0.3212,2.4323,31.6029,-1.9304,66.4921,0.0000,0.0000,0.0000,0.0000,0.0000,0.0000,0.0000,0.0000,0.0000,5.00,3.00,2.00,0.0284,0.0001,0.0557,0,0.000000
6,53.7600,33.7825,124.3769,-86.2222,0.1065,-0.0059,0.2360,0.2498,-0.2548,-0.5057,35.6241,0.1279,69.6761,2.5637,-1.5708,0.8785,31.6029,-1.9304,66.4921,0.0000,0.0000,0.0000,0.0000,0.0000,0.0000,0.0000,0.0000,0.0000,5.00,3.00,2.00,0.0284,0.0001,0.0557,0,0.000000
6,53.7800,33.9074,124.2496,-86.4751,0.1090,-0.1112,-0.2207,0.2498,-0.2548,-0.5057,35.6245,0.1411,69.6644,2.5637,-1.5708,0.8785,31.6029,-1.9304,66.4921,0.0000,0.0000,0.0000,0.0000,0.0000,0.0000,0.0000,0.0000,0.0000,5.00,3.00,2.00,0.0297,0.0185,0.0487,0,0.000000
6,53.8000,34.0323,124.1222,-86.7280,0.1090,-0.1112,-0.2207,0.2498,-0.2548,-0.5057,35.6247,0.1543,69.6527,2.5637,-1.5708,0.8785,31.6029,-1.9304,66.4921,0.0000,0.0000,0.0000,0.0000,0.0000,0.0000,0.0000,0.0000,0.0000,5.00,3.00,2.00,0.0297,0.0185,0.0487,0,0.000000
6,53.8200,34.1572,123.9948,-86.9809,0.1090,-0.1112,-0.2207,0.2498,-0.2548,-0.5057,35.6249,0.1673,69.6409,2.5637,-1.5708,0.8785,31.6029,-1.9304,66.4921,0.0000,0.0000,0.0000,0.0000,0.0000,0.0000,0.0000,0.0000,0.0000,5.00,3.00,2.00,0.0297,0.0185,0.0487,0,0.000000
6,53.8400,34.2821,123.8674,-87.2337,0.1090,-0.1112,-0.2207,0.2498,-0.2548,-0.5057,35.6250,0.1803,69.6290,2.5637,-1.5708,0.8785,31.6029,-1.9304,66.4921,0.0000,0.0000,0.0000,0.0000,0.0000,0.0000,0.0000,0.0000,0.0000,5.00,3.00,2.00,0.0297,0.0185,0.0487,0,0.000000
6,53.8600,34.4070,123.7400,-87.4866,0.1090,-0.1112,-0.2207,-0.3424,0.0448,-0.0716,35.6250,0.1933,69.6171,0.0452,3.2688,-2.9507,31.6029,-1.9304,66.4921,0.0000,0.0000,0.0000,0.0000,0.0000,0.0000,0.0000,0.0000,0.0000,5.00,3.00,2.00,0.0297,0.0185,0.0487,0,0.000000
6,53.8800,34.2358,123.7624,-87.5224,-0.1494,0.0196,-0.0312,-0.3424,0.0448,-0.0716,35.6170,0.1929,69.6216,0.0452,3.2688,-2.9507,31.6029,-1.9304,66.4921,0.0000,0.0000,0.0000,0.0000,0.0000,0.0000,0.0000,0.0000,0.0000,5.00,3.00,2.00,0.0558,0.0006,0.0010,0,0.000000
6,53.9000,34.0646,123.7848,-87.5582,-0.1494,0.0196,-0.0312,-0.3424,0.0448,-0.0716,35.6088,0.1926,69.6260,0.0452,3.2688,-2.9507,31.6029,-1.9304,66.4921,0.0000,0.0000,0.0000,0.0000,0.0000,0.0000,0.0000,0.0000,0.0000,5.00,3.00,2.00,0.0558,0.0006,0.0010,0,0.000000
6,53.9200,33.8933,123.8073,-87.5940,-0.1494,0.0196,-0.0312,-0.3424,0.0448,-0.0716,35.6007,0.1922,69.6304,0.0452,3.2688,-2.9507,31.6029,-1.9304,66.4921,0.0000,0.0000,0.0000,0.0000,0.0000,0.0000,0.0000,0.0000,0.0000,5.00,3.00,2.00,0.0558,0.0006,0.0010,0,0.000000
6,53.9400,33.7221,123.8297,-87.6298,-0.1494,0.0196,-0.0312,-0.3424,0.0448,-0.0716,35.5926,0.1919,69.6348,0.0452,3.2688,-2.9507,31.6029,-1.9304,66.4921,0.0000,0.0000,0.0000,0.0000,0.0000,0.0000,0.0000,0.0000,0.0000,5.00,3.00,2.00,0.0558,0.0006,0.0010,0,0.000000
6,53.9600,33.5509,123.8520,-87.6656,-0.1494,0.0195,-0.0312,0.1924,0.1487,0.4469,35.5845,0.1915,69.6391,-2.0296,-0.0871,1.1013,31.6029,-1.9304,66.4921,0.0000,0.0000,0.0000,0.0000,0.0000,0.0000,0.0000,0.0000,0.0000,5.00,3.00,2.00,0.0558,0.0006,0.0010,0,0.000000
6,53.9800,33.6471,123.9264,-87.4421,0.0839,0.0649,0.1950,0.1924,0.1487,0.4469,35.5933,0.1822,69.6431,-2.0296,-0.0871,1.1013,31.6029,-1.9304,66.4921,0.0000,0.0000,0.0000,0.0000,0.0000,0.0000,0.0000,0.0000,0.0000,5.00,3.00,2.00,0.0176,0.0063,0.0380,0,0.000000
6,54.0000,33.7433,124.0007,-87.2187,0.0839,0.0649,0.1950,0.1924,0.1487,0.4469,35.6021,0.1728,69.6470,-2.0296,-0.0871,1.1013,31.6029,-1.9304,66.4921,0.0000,0.0000,0.0000,0.0000,0.0000,0.0000,0.0000,0.0000,0.0000,5.00,3.00,2.00,0.0176,0.0063,0.0380,0,0.000000
6,54.0200,33.8395,124.0751,-86.9952,0.0839,0.0649,0.1950,0.1924,0.1487,0.4469,35.6110,0.1633,69.6509,-2.0296,-0.0871,1.1013,31.6029,-1.9304,66.4921,0.0000,0.0000,0.0000,0.0000,0.0000,0.0000,0.0000,0.0000,0.0000,5.00,3.00,2.00,0.0176,0.0063,0.0380,0,0.000000
6,54.0400,33.9357,124.1495,-86.7718,0.0839,0.0649,0.1950,0.1924,0.1487,0.4469,35.6198,0.1539,69.6547,-2.0296,-0.0871,1.1013,31.6029,-1.9304,66.4921,0.0000,0.0000,0.0000,0.0000,0.0000,0.0000,0.0000,0.0000,0.0000,5.00,3.00,2.00,0.0176,0.0063,0.0380,0,0.000000
6,54.0600,34.0319,124.2238,-86.5483,0.0839,0.0649,0.1950,-0.1278,0.5927,0.1480,35.6286,0.1443,69.6584,2.2085,-2.3599,0.9647,31.6029,-1.9304,66.4921,0.0000,0.0000,0.0000,0.0000,0.0000,0.0000,0.0000,0.0000,0.0000,5.00,3.00,2.00,0.0176,0.0063,0.0380,0,0.000000
6,54.0800,33.9680,124.5201,-86.4743,-0.0558,0.2586,0.0646,-0.1278,0.5927,0.1480,35.6290,0.1264,69.6652,2.2085,-2.3599,0.9647,31.6029,-1.9304,66.4921,0.0000,0.0000,0.0000,0.0000,0.0000,0.0000,0.0000,0.0000,0.0000,5.00,3.00,2.00,0.0078,0.1003,0.0042,0,0.000000
6,54.1000,33.9040,124.8165,-86.4003,-0.0558,0.2586,0.0646,-0.1278,0.5927,0.1480,35.6293,0.1084,69.6719,2.2085,-2.3599,0.9647,31.6029,-1.9304,66.4921,0.0000,0.0000,0.0000,0.0000,0.0000,0.0000,0.0000,0.0000,0.0000,5.00,3.00,2.00,0.0078,0.1003,0.0042,0,0.000000
6,54.1200,33.8401,125.1128,-86.3263,-0.0558,0.2586,0.0646,-0.1278,0.5927,0.1480,35.6295,0.0903,69.6785,2.2085,-2.3599,0.9647,31.6029,-1.9304,66.4921,0.0000,0.0000,0.0000,0.0000,0.0000,0.0000,0.0000,0.0000,0.0000,5.00,3.00,2.00,0.0078,0.1003,0.0042,0,0.000000
6,54.1400,33.7762,125.4091,-86.2523,-0.0558,0.2586,0.0646,-0.1278,0.5927,0.1480,35.6296,0.0722,69.6850,2.2085,-2.3599,0.9647,31.6029,-1.9304,66.4921,0.0000,0.0000,0.0000,0.0000,0.0000,0.0000,0.0000,0.0000,0.0000,5.00,3.00,2.00,0.0078,0.1003,0.0042,0,0.000000
6,54.1600,33.7123,125.7055,-86.1783,-0.0558,0.2586,0.0646,0.6260,0.2591,0.3183,35.6297,0.0541,69.6914,0.0547,-4.5128,1.6476,31.6029,-1.9304,66.4921,0.0000,0.0000,0.0000,0.0000,0.0000,0.0000,0.0000,0.0000,0.0000,5.00,3.00,2.00,0.0078,0.1003,0.0042,0,0.000000
6,54.1800,34.0253,125.8350,-86.0191,0.2731,0.1131,0.1389,0.6260,0.2591,0.3183,35.6475,0.0429,69.6870,0.0547,-4.5128,1.6476,31.6029,-1.9304,66.4921,0.0000,0.0000,0.0000,0.0000,0.0000,0.0000,0.0000,0.0000,0.0000,5.00,3.00,2.00,0.1865,0.0192,0.0193,0,0.000000
6,54.2000,34.3383,125.9646,-85.8600,0.2731,0.1131,0.1389,0.6260,0.2591,0.3183,35.6652,0.0316,69.6825,0.0547,-4.5128,1.6476,31.6029,-1.9304,66.4921,0.0000,0.0000,0.0000,0.0000,0.0000,0.0000,0.0000,0.0000,0.0000,5.00,3.00,2.00,0.1865,0.0192,0.0193,0,0.000000
6,54.2200,34.6513,126.0941,-85.7008,0.2731,0.1131,0.1389,0.6260,0.2591,0.3183,35.6829,0.0203,69.6778,0.0547,-4.5128,1.6476,31.6029,-1.9304,66.4921,0.0000,0.0000,0.0000,0.0000,0.0000,0.0000,0.0000,0.0000,0.0000,5.00,3.00,2.00,0.1865,0.0192,0.0193,0,0.000000
6,54.2400,34.9643,126.2237,-85.5416,0.2731,0.1131,0.1389,0.6260,0.2591,0.3183,35.7006,0.0090,69.6729,0.0547,-4.5128,1.6476,31.6029,-1.9304,66.4921,0.0000,0.0000,0.0000,0.0000,0.0000,0.0000,0.0000,0.0000,0.0000,5.00,3.00,2.00,0.1865,0.0192,0.0193,0,0.000000
6,54.2600,35.2772,126.3533,-85.3824,0.2731,0.1131,0.1389,0.2363,0.5088,-0.2110,35.7183,-0.0024,69.6679,4.4281,-2.8242,-1.1730,31.6029,-1.9304,66.4921,0.0000,0.0000,0.0000,0.0000,0.0000,0.0000,0.0000,0.0000,0.0000,5.00,3.00,2.00,0.1865,0.0192,0.0193,0,0.000000
6,54.2800,35.3954,126.6077,-85.4880,0.1031,0.2220,-0.0921,0.2363,0.5088,-0.2110,35.7231,-0.0137,69.6634,4.4281,-2.8242,-1.1730,31.6029,-1.9304,66.4921,0.0000,0.0000,0.0000,0.0000,0.0000,0.0000,0.0000,0.0000,0.0000,5.00,3.00,2.00,0.0266,0.0739,0.0085,0,0.000000
6,54.3000,35.5136,126.8621,-85.5935,0.1031,0.2220,-0.0921,0.2363,0.5088,-0.2110,35.7279,-0.0250,69.6588,4.4281,-2.8242,-1.1730,31.6029,-1.9304,66.4921,0.0000,0.0000,0.0000,0.0000,0.0000,0.0000,0.0000,0.0000,0.0000,5.00,3.00,2.00,0.0266,0.0739,0.0085,0,0.000000
6,54.3200,35.6317,127.1165,-85.6990,0.1031,0.2220,-0.0921,0.2363,0.5088,-0.2110,35.7326,-0.0363,69.6542,4.4281,-2.8242,-1.1730,31.6029,-1.9304,66.4921,0.0000,0.0000,0.0000,0.0000,0.0000,0.0000,0.0000,0.0000,0.0000,5.00,3.00,2.00,0.0266,0.0739,0.0085,0,0.000000
6,54.3400,35.7499,127.3709,-85.8045,0.1031,0.2220,-0.0921,0.2363,0.5088,-0.2110,35.7374,-0.0475,69.6496,4.4281,-2.8242,-1.1730,31.6029,-1.9304,66.4921,0.0000,0.0000,0.0000,0.0000,0.0000,0.0000,0.0000,0.0000,0.0000,5.00,3.00,2.00,0.0266,0.0739,0.0085,0,0.000000
6,54.3600,35.8681,127.6254,-85.9101,0.1031,0.2220,-0.0921,-0.3300,0.5935,-0.1708,35.7420,-0.0588,69.6449,1.1875,-2.8172,-1.1505,31.6029,-1.9304,66.4921,0.0000,0.0000,0.0000,0.0000,0.0000,0.0000,0.0000,0.0000,0.0000,5.00,3.00,2.00,0.0266,0.0739,0.0085,0,0.000000
6,54.3800,35.7031,127.9221,-85.9955,-0.1440,0.2590,-0.0745,-0.3300,0.5935,-0.1708,35.7345,-0.0729,69.6501,1.1875,-2.8172,-1.1505,31.6029,-1.9304,66.4921,0.0000,0.0000,0.0000,0.0000,0.0000,0.0000,0.0000,0.0000,0.0000,5.00,3.00,2.00,0.0518,0.1006,0.0056,0,0.000000
6,54.4000,35.5381,128.2189,-86.0809,-0.1440,0.2590,-0.0745,-0.3300,0.5935,-0.1708,35.7270,-0.0870,69.6552,1.1875,-2.8172,-1.1505,31.6029,-1.9304,66.4921,0.0000,0.0000,0.0000,0.0000,0.0000,0.0000,0.0000,0.0000,0.0000,5.00,3.00,2.00,0.0518,0.1006,0.0056,0,0.000000
6,54.4200,35.3731,128.5157,-86.1663,-0.1440,0.2590,-0.0745,-0.3300,0.5935,-0.1708,35.7194,-0.1011,69.6603,1.1875,-2.8172,-1.1505,31.6029,-1.9304,66.4921,0.0000,0.0000,0.0000,0.0000,0.0000,0.0000,0.0000,0.0000,0.0000,5.00,3.00,2.00,0.0518,0.1006,0.0056,0,0.000000
6,54.4400,35.2082,128.8125,-86.2517,-0.1440,0.2590,-0.0745,-0.3300,0.5935,-0.1708,35.7117,-0.1152,69.6653,1.1875,-2.8172,-1.1505,31.6029,-1.9304,66.4921,0.0000,0.0000,0.0000,0.0000,0.0000,0.0000,0.0000,0.0000,0.0000,5.00,3.00,2.00,0.0518,0.1006,0.0056,0,0.000000
6,54.4600,35.0432,129.1093,-86.3371,-0.1440,0.2590,-0.0745,-0.0360,0.1010,0.3191,35.7040,-0.1292,69.6702,-1.9007,-3.5234,1.2630,31.6029,-1.9304,66.4921,0.0000,0.0000,0.0000,0.0000,0.0000,0.0000,0.0000,0.0000,0.0000,5.00,3.00,2.00,0.0518,0.1006,0.0056,0,0.000000
6,54.4800,35.0252,129.1598,-86.1776,-0.0157,0.0441,0.1393,-0.0360,0.1010,0.3191,35.7061,-0.1364,69.6749,-1.9007,-3.5234,1.2630,31.6029,-1.9304,66.4921,0.0000,0.0000,0.0000,0.0000,0.0000,0.0000,0.0000,0.0000,0.0000,5.00,3.00,2.00,0.0006,0.0029,0.0194,0,0.000000
6,54.5000,35.0072,129.2103,-86.0180,-0.0157,0.0441,0.1393,-0.0360,0.1010,0.3191,35.7082,-0.1436,69.6796,-1.9007,-3.5234,1.2630,31.6029,-1.9304,66.4921,0.0000,0.0000,0.0000,0.0000,0.0000,0.0000,0.0000,0.0000,0.0000,5.00,3.00,2.00,0.0006,0.0029,0.0194,0,0.000000
6,54.5200,34.9893,129.2608,-85.8584,-0.0157,0.0441,0.1393,-0.0360,0.1010,0.3191,35.7103,-0.1508,69.6843,-1.9007,-3.5234,1.2630,31.6029,-1.9304,66.4921,0.0000,0.0000,0.0000,0.0000,0.0000,0.0000,0.0000,0.0000,0.0000,5.00,3.00,2.00,0.0006,0.0029,0.0194,0,0.000000
6,54.5400,34.9713,129.3113,-85.6988,-0.0157,0.0441,0.1393,-0.0360,0.1010,0.3191,35.7123,-0.1581,69.6890,-1.9007,-3.5234,1.2630,31.6029,-1.9304,66.4921,0.0000,0.0000,0.0000,0.0000,0.0000,0.0000,0.0000,0.0000,0.0000,5.00,3.00,2.00,0.0006,0.0029,0.0194,0,0.000000
6,54.5600,34.9533,129.3618,-85.5393,-0.0157,0.0441,0.1393,0.1703,-0.2674,-0.0456,35.7144,-0.1653,69.6936,0.5167,-1.8059,1.1726,31.6029,-1.9304,66.4921,0.0000,0.0000,0.0000,0.0000,0.0000,0.0000,0.0000,0.0000,0.0000,5.00,3.00,2.00,0.0006,0.0029,0.0194,0,0.000000
6,54.5800,35.0385,129.2281,-85.5621,0.0743,-0.1167,-0.0199,0.1703,-0.2674,-0.0456,35.7174,-0.1573,69.6897,0.5167,-1.8059,1.1726,31.6029,-1.9304,66.4921,0.0000,0.0000,0.0000,0.0000,0.0000,0.0000,0.0000,0.0000,0.0000,5.00,3.00,2.00,0.0138,0.0204,0.0004,0,0.000000
6,54.6000,35.1237,129.0944,-85.5848,0.0743,-0.1167,-0.0199,0.1703,-0.2674,-0.0456,35.7204,-0.1492,69.6857,0.5167,-1.8059,1.1726,31.6029,-1.9304,66.4921,0.0000,0.0000,0.0000,0.0000,0.0000,0.0000,0.0000,0.0000,0.0000,5.00,3.00,2.00,0.0138,0.0204,0.0004,0,0.000000
6,54.6200,35.2088,128.9607,-85.6076,0.0743,-0.1167,-0.0199,0.1703,-0.2674,-0.0456,35.7233,-0.1411,69.6817,0.5167,-1.8059,1.1726,31.6029,-1.9304,66.4921,0.0000,0.0000,0.0000,0.0000,0.0000,0.0000,0.0000,0.0000,0.0000,5.00,3.00,2.00,0.0138,0.0204,0.0004,0,0.000000
6,54.6400,35.2940,128.8270,-85.6304,0.0743,-0.1167,-0.0199,0.1703,-0.2674,-0.0456,35.7263,-0.1330,69.6776,0.5167,-1.8059,1.1726,31.6029,-1.9304,66.4921,0.0000,0.0000,0.0000,0.0000,0.0000,0.0000,0.0000,0.0000,0.0000,5.00,3.00,2.00,0.0138,0.0204,0.0004,0,0.000000
6,54.6600,35.3792,128.6933,-85.6532,0.0743,-0.1167,-0.0199,-0.1681,-0.1311,-0.1420,35.7292,-0.1250,69.6736,0.7435,2.0186,-1.0025,31.6029,-1.9304,66.4921,0.0000,0.0000,0.0000,0.0000,0.0000,0.0000,0.0000,0.0000,0.0000,5.00,3.00,2.00,0.0138,0.0204,0.0004,0,0.000000
6,54.6800,35.2951,128.6278,-85.7242,-0.0733,-0.0572,-0.0620,-0.1681,-0.1311,-0.1420,35.7239,-0.1194,69.6742,0.7435,2.0186,-1.0025,31.6029,-1.9304,66.4921,0.0000,0.0000,0.0000,0.0000,0.0000,0.0000,0.0000,0.0000,0.0000,5.00,3.00,2.00,0.0134,0.0049,0.0038,0,0.000000
6,54.7000,35.2111,128.5623,-85.7952,-0.0733,-0.0572,-0.0619,-0.1681,-0.1311,-0.1420,35.7186,-0.1138,69.6748,0.7435,2.0186,-1.0025,31.6029,-1.9304,66.4921,0.0000,0.0000,0.0000,0.0000,0.0000,0.0000,0.0000,0.0000,0.0000,5.00,3.00,2.00,0.0134,0.0049,0.0038,0,0.000000
6,54.7200,35.1271,128.4967,-85.8662,-0.0733,-0.0572,-0.0620,-0.1681,-0.1311,-0.1420,35.7133,-0.1082,69.6753,0.7435,2.0186,-1.0025,31.6029,-1.9304,66.4921,0.0000,0.0000,0.0000,0.0000,0.0000,0.0000,0.0000,0.0000,0.0000,5.00,3.00,2.00,0.0134,0.0049,0.0038,0,0.000000
6,54.7400,35.0430,128.4312,-85.9371,-0.0733,-0.0572,-0.0620,-0.1681,-0.1311,-0.1420,35.7080,-0.1026,69.6759,0.7435,2.0186,-1.0025,31.6029,-1.9304,66.4921,0.0000,0.0000,0.0000,0.0000,0.0000,0.0000,0.0000,0.0000,0.0000,5.00,3.00,2.00,0.0134,0.0049,0.0038,0,0.000000
6,54.7600,34.9590,128.3657,-86.0081,-0.0733,-0.0572,-0.0620,-0.2077,0.0726,0.1064,35.7027,-0.0971,69.6764,-1.3256,1.3949,0.1423,31.6029,-1.9304,66.4921,0.0000,0.0000,0.0000,0.0000,0.0000,0.0000,0.0000,0.0000,0.0000,5.00,3.00,2.00,0.0134,0.0049,0.0038,0,0.000000
6,54.7800,34.8551,128.4020,-85.9549,-0.0906,0.0317,0.0464,-0.2077,0.0726,0.1064,35.6991,-0.1005,69.6812,-1.3256,1.3949,0.1423,31.6029,-1.9304,66.4921,0.0000,0.0000,0.0000,0.0000,0.0000,0.0000,0.0000,0.0000,0.0000,5.00,3.00,2.00,0.0205,0.0015,0.0022,0,0.000000
6,54.8000,34.7513,128.4383,-85.9018,-0.0906,0.0317,0.0464,-0.2077,0.0726,0.1064,35.6954,-0.1040,69.6860,-1.3256,1.3949,0.1423,31.6029,-1.9304,66.4921,0.0000,0.0000,0.0000,0.0000,0.0000,0.0000,0.0000,0.0000,0.0000,5.00,3.00,2.00,0.0205,0.0015,0.0022,0,0.000000
6,54.8200,34.6474,128.4746,-85.8486,-0.0906,0.0317,0.0464,-0.2077,0.0726,0.1064,35.6917,-0.1075,69.6909,-1.3256,1.3949,0.1423,31.6029,-1.9304,66.4921,0.0000,0.0000,0.0000,0.0000,0.0000,0.0000,0.0000,0.0000,0.0000,5.00,3.00,2.00,0.0205,0.0015,0.0022,0,0.000000
6,54.8400,34.5436,128.5110,-85.7954,-0.0906,0.0317,0.0464,-0.2077,0.0726,0.1064,35.6880,-0.1109,69.6956,-1.3256,1.3949,0.1423,31.6029,-1.9304,66.4921,0.0000,0.0000,0.0000,0.0000,0.0000,0.0000,0.0000,0.0000,0.0000,5.00,3.00,2.00,0.0205,0.0015,0.0022,0,0.000000
6,54.8600,34.4397,128.5473,-85.7422,-0.0906,0.0317,0.0464,-0.2945,0.0192,0.1812,35.6843,-0.1144,69.7004,-0.9199,-0.8667,1.2001,31.6029,-1.9304,66.4921,0.0000,0.0000,0.0000,0.0000,0.0000,0.0000,0.0000,0.0000,0.0000,5.00,3.00,2.00,0.0205,0.0015,0.0022,0,0.000000
6,54.8800,34.2925,128.5569,-85.6516,-0.1285,0.0084,0.0791,-0.2945,0.0192,0.1812,35.6791,-0.1174,69.7073,-0.9199,-0.8667,1.2001,31.6029,-1.9304,66.4921,0.0000,0.0000,0.0000,0.0000,0.0000,0.0000,0.0000,0.0000,0.0000,5.00,3.00,2.00,0.0413,0.0001,0.0063,0,0.000000
6,54.9000,34.1453,128.5665,-85.5610,-0.1285,0.0084,0.0791,-0.2945,0.0192,0.1812,35.6739,-0.1205,69.7142,-0.9199,-0.8667,1.2001,31.6029,-1.9304,66.4921,0.0000,0.0000,0.0000,0.0000,0.0000,0.0000,0.0000,0.0000,0.0000,5.00,3.00,2.00,0.0413,0.0001,0.0063,0,0.000000
6,54.9200,33.9981,128.5761,-85.4704,-0.1285,0.0084,0.0791,-0.2945,0.0192,0.1812,35.6686,-0.1235,69.7210,-0.9199,-0.8667,1.2001,31.6029,-1.9304,66.4921,0.0000,0.0000,0.0000,0.0000,0.0000,0.0000,0.0000,0.0000,0.0000,5.00,3.00,2.00,0.0413,0.0001,0.0063,0,0.000000
6,54.9400,33.8508,128.5857,-85.3798,-0.1285,0.0084,0.0791,-0.2945,0.0192,0.1812,35.6634,-0.1265,69.7279,-0.9199,-0.8667,1.2001,31.6029,-1.9304,66.4921,0.0000,0.0000,0.0000,0.0000,0.0000,0.0000,0.0000,0.0000,0.0000,5.00,3.00,2.00,0.0413,0.0001,0.0063,0,0.000000
6,54.9600,33.7036,128.5954,-85.2893,-0.1285,0.0084,0.0791,-0.0439,0.1354,-0.0546,35.6581,-0.1296,69.7347,-1.3124,-0.7584,1.7155,31.6029,-1.9304,66.4921,0.0000,0.0000,0.0000,0.0000,0.0000,0.0000,0.0000,0.0000,0.0000,5.00,3.00,2.00,0.0413,0.0001,0.0063,0,0.000000
6,54.9800,33.6816,128.6631,-85.3165,-0.0192,0.0591,-0.0238,-0.0439,0.1354,-0.0546,35.6569,-0.1326,69.7351,-1.3124,-0.7584,1.7155,31.6029,-1.9304,66.4921,0.0000,0.0000,0.0000,0.0000,0.0000,0.0000,0.0000,0.0000,0.0000,5.00,3.00,2.00,0.0009,0.0052,0.0006,0,0.000000
6,55.0000,33.6597,128.7308,-85.3438,-0.0192,0.0591,-0.0238,-0.0439,0.1354,-0.0546,35.6557,-0.1356,69.7355,-1.3124,-0.7584,1.7155,31.6029,-1.9304,66.4921,0.0000,0.0000,0.0000,0.0000,0.0000,0.0000,0.0000,0.0000,0.0000,5.00,3.00,2.00,0.0009,0.0052,0.0006,0,0.000000
6,55.0200,33.6377,128.7985,-85.3711,-0.0192,0.0591,-0.0238,-0.0439,0.1354,-0.0546,35.6544,-0.1386,69.7359,-1.3124,-0.7584,1.7155,31.6029,-1.9304,66.4921,0.0000,0.0000,0.0000,0.0000,0.0000,0.0000,0.0000,0.0000,0.0000,5.00,3.00,2.00,0.0009,0.0052,0.0006,0,0.000000
6,55.0400,33.6157,128.8662,-85.3984,-0.0192,0.0591,-0.0238,-0.0439,0.1354,-0.0546,35.6532,-0.1417,69.7363,-1.3124,-0.7584,1.7155,31.6029,-1.9304,66.4921,0.0000,0.0000,0.0000,0.0000,0.0000,0.0000,0.0000,0.0000,0.0000,5.00,3.00,2.00,0.0009,0.0052,0.0006,0,0.000000
6,55.0600,33.5938,128.9339,-85.4257,-0.0192,0.0591,-0.0238,-0.4482,-0.0188,-0.0060,35.6520,-0.1447,69.7367,-0.3014,-0.7545,0.0996,31.6029,-1.9304,66.4921,0.0000,0.0000,0.0000,0.0000,0.0000,0.0000,0.0000,0.0000,0.0000,5.00,3.00,2.00,0.0009,0.0052,0.0006,0,0.000000
6,55.0800,33.3697,128.9245,-85.4287,-0.1956,-0.0082,-0.0026,-0.4482,-0.0188,-0.0060,35.6415,-0.1441,69.7435,-0.3014,-0.7545,0.0996,31.6029,-1.9304,66.4921,0.0000,0.0000,0.0000,0.0000,0.0000,0.0000,0.0000,0.0000,0.0000,5.00,3.00,2.00,0.0956,0.0001,0.0000,0,0.000000
6,55.1000,33.1456,128.9151,-85.4317,-0.1956,-0.0082,-0.0026,-0.4482,-0.0188,-0.0060,35.6310,-0.1435,69.7502,-0.3014,-0.7545,0.0996,31.6029,-1.9304,66.4921,0.0000,0.0000,0.0000,0.0000,0.0000,0.0000,0.0000,0.0000,0.0000,5.00,3.00,2.00,0.0956,0.0001,0.0000,0,0.000000
6,55.1200,32.9215,128.9057,-85.4347,-0.1956,-0.0082,-0.0026,-0.4482,-0.0188,-0.0060,35.6205,-0.1428,69.7569,-0.3014,-0.7545,0.0996,31.6029,-1.9304,66.4921,0.0000,0.0000,0.0000,0.0000,0.0000,0.0000,0.0000,0.0000,0.0000,5.00,3.00,2.00,0.0956,0.0001,0.0000,0,0.000000
6,55.1400,32.6974,128.8963,-85.4377,-0.1956,-0.0082,-0.0026,-0.4482,-0.0188,-0.0060,35.6099,-0.1422,69.7635,-0.3014,-0.7545,0.0996,31.6029,-1.9304,66.4921,0.0000,0.0000,0.0000,0.0000,0.0000,0.0000,0.0000,0.0000,0.0000,5.00,3.00,2.00,0.0956,0.0001,0.0000,0,0.000000
6,55.1600,32.4733,128.8869,-85.4407,-0.1956,-0.0082,-0.0026,-0.3794,-0.4981,0.0823,35.5993,-0.1416,69.7701,-2.6382,0.1518,1.6701,31.6029,-1.9304,66.4921,0.0000,0.0000,0.0000,0.0000,0.0000,0.0000,0.0000,0.0000,0.0000,5.00,3.00,2.00,0.0956,0.0001,0.0000,0,0.000000
6,55.1800,32.2836,128.6379,-85.3995,-0.1656,-0.2173,0.0359,-0.3794,-0.4981,0.0823,35.5901,-0.1289,69.7754,-2.6382,0.1518,1.6701,31.6029,-1.9304,66.4921,0.0000,0.0000,0.0000,0.0000,0.0000,0.0000,0.0000,0.0000,0.0000,5.00,3.00,2.00,0.0685,0.0708,0.0013,0,0.000000
6,55.2000,32.0939,128.3889,-85.3584,-0.1656,-0.2173,0.0359,-0.3794,-0.4981,0.0823,35.5808,-0.1162,69.7805,-2.6382,0.1518,1.6701,31.6029,-1.9304,66.4921,0.0000,0.0000,0.0000,0.0000,0.0000,0.0000,0.0000,0.0000,0.0000,5.00,3.00,2.00,0.0685,0.0708,0.0013,0,0.000000
6,55.2200,31.9041,128.1398,-85.3172,-0.1656,-0.2173,0.0359,-0.3794,-0.4981,0.0823,35.5715,-0.1034,69.7856,-2.6382,0.1518,1.6701,31.6029,-1.9304,66.4921,0.0000,0.0000,0.0000,0.0000,0.0000,0.0000,0.0000,0.0000,0.0000,5.00,3.00,2.00,0.0685,0.0708,0.0013,0,0.000000
6,55.2400,31.7144,127.8908,-85.2760,-0.1656,-0.2173,0.0359,-0.3794,-0.4981,0.0823,35.5622,-0.0907,69.7906,-2.6382,0.1518,1.6701,31.6029,-1.9304,66.4921,0.0000,0.0000,0.0000,0.0000,0.0000,0.0000,0.0000,0.0000,0.0000,5.00,3.00,2.00,0.0685,0.0708,0.0013,0,0.000000
6,55.2600,31.5247,127.6418,-85.2349,-0.1656,-0.2173,0.0359,-0.1810,-0.0386,0.1488,35.5528,-0.0779,69.7955,-2.3212,3.1846,1.2711,31.6029,-1.9304,66.4921,0.0000,0.0000,0.0000,0.0000,0.0000,0.0000,0.0000,0.0000,0.0000,5.00,3.00,2.00,0.0685,0.0708,0.0013,0,0.000000
6,55.2800,31.4342,127.6225,-85.1605,-0.0790,-0.0168,0.0649,-0.1810,-0.0386,0.1488,35.5496,-0.0789,69.7999,-2.3212,3.1846,1.2711,31.6029,-1.9304,66.4921,0.0000,0.0000,0.0000,0.0000,0.0000,0.0000,0.0000,0.0000,0.0000,5.00,3.00,2.00,0.0156,0.0004,0.0042,0,0.000000
6,55.3000,31.3437,127.6032,-85.0861,-0.0790,-0.0168,0.0649,-0.1810,-0.0386,0.1488,35.5464,-0.0798,69.8043,-2.3212,3.1846,1.2711,31.6029,-1.9304,66.4921,0.0000,0.0000,0.0000,0.0000,0.0000,0.0000,0.0000,0.0000,0.0000,5.00,3.00,2.00,0.0156,0.0004,0.0042,0,0.000000
6,55.3200,31.2532,127.5839,-85.0117,-0.0790,-0.0168,0.0649,-0.1810,-0.0386,0.1488,35.5432,-0.0808,69.8087,-2.3212,3.1846,1.2711,31.6029,-1.9304,66.4921,0.0000,0.0000,0.0000,0.0000,0.0000,0.0000,0.0000,0.0000,0.0000,5.00,3.00,2.00,0.0156,0.0004,0.0042,0,0.000000
6,55.3400,31.1627,127.5646,-84.9373,-0.0790,-0.0168,0.0649,-0.1810,-0.0386,0.1488,35.5399,-0.0818,69.8131,-2.3212,3.1846,1.2711,31.6029,-1.9304,66.4921,0.0000,0.0000,0.0000,0.0000,0.0000,0.0000,0.0000,0.0000,0.0000,5.00,3.00,2.00,0.0156,0.0004,0.0042,0,0.000000
6,55.3600,31.0722,127.5453,-84.8629,-0.0790,-0.0168,0.0649,-0.1221,-0.4347,0.3289,35.5366,-0.0827,69.8175,-0.8101,-0.2391,1.0956,31.6029,-1.9304,66.4921,0.0000,0.0000,0.0000,0.0000,0.0000,0.0000,0.0000,0.0000,0.0000,5.00,3.00,2.00,0.0156,0.0004,0.0042,0,0.000000
6,55.3800,31.0111,127.3280,-84.6985,-0.0533,-0.1897,0.1435,-0.1221,-0.4347,0.3289,35.5354,-0.0751,69.8219,-0.8101,-0.2391,1.0956,31.6029,-1.9304,66.4921,0.0000,0.0000,0.0000,0.0000,0.0000,0.0000,0.0000,0.0000,0.0000,5.00,3.00,2.00,0.0071,0.0540,0.0206,0,0.000000
6,55.4000,30.9501,127.1106,-84.5340,-0.0533,-0.1897,0.1435,-0.1221,-0.4347,0.3289,35.5340,-0.0674,69.8264,-0.8101,-0.2391,1.0956,31.6029,-1.9304,66.4921,0.0000,0.0000,0.0000,0.0000,0.0000,0.0000,0.0000,0.0000,0.0000,5.00,3.00,2.00,0.0071,0.0540,0.0206,0,0.000000
6,55.4200,30.8890,126.8932,-84.3695,-0.0533,-0.1897,0.1435,-0.1221,-0.4347,0.3289,35.5327,-0.0597,69.8308,-0.8101,-0.2391,1.0956,31.6029,-1.9304,66.4921,0.0000,0.0000,0.0000,0.0000,0.0000,0.0000,0.0000,0.0000,0.0000,5.00,3.00,2.00,0.0071,0.0540,0.0206,0,0.000000
6,55.4400,30.8280,126.6759,-84.2050,-0.0533,-0.1897,0.1435,-0.1221,-0.4347,0.3289,35.5314,-0.0520,69.8352,-0.8101,-0.2391,1.0956,31.6029,-1.9304,66.4921,0.0000,0.0000,0.0000,0.0000,0.0000,0.0000,0.0000,0.0000,0.0000,5.00,3.00,2.00,0.0071,0.0540,0.0206,0,0.000000
6,55.4600,30.7669,126.4585,-84.0406,-0.0533,-0.1897,0.1435,-0.0724,0.2965,-0.1092,35.5300,-0.0443,69.8396,-0.3321,1.9193,1.1086,31.6029,-1.9304,66.4921,0.0000,0.0000,0.0000,0.0000,0.0000,0.0000,0.0000,0.0000,0.0000,5.00,3.00,2.00,0.0071,0.0540,0.0206,0,0.000000
6,55.4800,30.7307,126.6068,-84.0951,-0.0316,0.1294,-0.0476,-0.0724,0.2965,-0.1092,35.5281,-0.0512,69.8403,-0.3321,1.9193,1.1086,31.6029,-1.9304,66.4921,0.0000,0.0000,0.0000,0.0000,0.0000,0.0000,0.0000,0.0000,0.0000,5.00,3.00,2.00,0.0025,0.0251,0.0023,0,0.000000
6,55.5000,30.6945,126.7550,-84.1497,-0.0316,0.1294,-0.0476,-0.0724,0.2965,-0.1092,35.5261,-0.0580,69.8410,-0.3321,1.9193,1.1086,31.6029,-1.9304,66.4921,0.0000,0.0000,0.0000,0.0000,0.0000,0.0000,0.0000,0.0000,0.0000,5.00,3.00,2.00,0.0025,0.0251,0.0023,0,0.000000
6,55.5200,30.6583,126.9032,-84.2043,-0.0316,0.1294,-0.0476,-0.0724,0.2965,-0.1092,35.5242,-0.0648,69.8417,-0.3321,1.9193,1.1086,31.6029,-1.9304,66.4921,0.0000,0.0000,0.0000,0.0000,0.0000,0.0000,0.0000,0.0000,0.0000,5.00,3.00,2.00,0.0025,0.0251,0.0023,0,0.000000
6,55.5400,30.6221,127.0515,-84.2589,-0.0316,0.1294,-0.0476,-0.0724,0.2965,-0.1092,35.5222,-0.0716,69.8424,-0.3321,1.9193,1.1086,31.6029,-1.9304,66.4921,0.0000,0.0000,0.0000,0.0000,0.0000,0.0000,0.0000,0.0000,0.0000,5.00,3.00,2.00,0.0025,0.0251,0.0023,0,0.000000
6,55.5600,30.5859,127.1997,-84.3135,-0.0316,0.1294,-0.0476,-0.1579,0.4119,0.4651,35.5202,-0.0784,69.8431,-0.4887,-1.7056,0.1713,31.6029,-1.9304,66.4921,0.0000,0.0000,0.0000,0.0000,0.0000,0.0000,0.0000,0.0000,0.0000,5.00,3.00,2.00,0.0025,0.0251,0.0023,0,0.000000
6,55.5800,30.5069,127.4056,-84.0810,-0.0689,0.1797,0.2029,-0.1579,0.4119,0.4651,35.5207,-0.0964,69.8526,-0.4887,-1.7056,0.1713,31.6029,-1.9304,66.4921,0.0000,0.0000,0.0000,0.0000,0.0000,0.0000,0.0000,0.0000,0.0000,5.00,3.00,2.00,0.0119,0.0484,0.0412,0,0.000000
6,55.6000,30.4280,127.6116,-83.8484,-0.0689,0.1797,0.2029,-0.1579,0.4119,0.4651,35.5211,-0.1145,69.8620,-0.4887,-1.7056,0.1713,31.6029,-1.9304,66.4921,0.0000,0.0000,0.0000,0.0000,0.0000,0.0000,0.0000,0.0000,0.0000,5.00,3.00,2.00,0.0119,0.0484,0.0412,0,0.000000
6,55.6200,30.3490,127.8175,-83.6158,-0.0689,0.1797,0.2029,-0.1579,0.4119,0.4651,35.5214,-0.1326,69.8714,-0.4887,-1.7056,0.1713,31.6029,-1.9304,66.4921,0.0000,0.0000,0.0000,0.0000,0.0000,0.0000,0.0000,0.0000,0.0000,5.00,3.00,2.00,0.0119,0.0484,0.0412,0,0.000000
6,55.6400,30.2700,128.0234,-83.3833,-0.0689,0.1797,0.2029,-0.1579,0.4119,0.4651,35.5216,-0.1509,69.8806,-0.4887,-1.7056,0.1713,31.6029,-1.9304,66.4921,0.0000,0.0000,0.0000,0.0000,0.0000,0.0000,0.0000,0.0000,0.0000,5.00,3.00,2.00,0.0119,0.0484,0.0412,0,0.000000
6,55.6600,30.1911,128.2293,-83.1507,-0.0689,0.1797,0.2029,0.0588,-0.4317,0.0642,35.5218,-0.1692,69.8898,0.0784,-4.5369,2.3365,31.6029,-1.9304,66.4921,0.0000,0.0000,0.0000,0.0000,0.0000,0.0000,0.0000,0.0000,0.0000,5.00,3.00,2.00,0.0119,0.0484,0.0412,0,0.000000
6,55.6800,30.2205,128.0135,-83.1186,0.0257,-0.1884,0.0280,0.0588,-0.4317,0.0642,35.5230,-0.1578,69.8885,0.0784,-4.5369,2.3365,31.6029,-1.9304,66.4921,0.0000,0.0000,0.0000,0.0000,0.0000,0.0000,0.0000,0.0000,0.0000,5.00,3.00,2.00,0.0016,0.0532,0.0008,0,0.000000
6,55.7000,30.2499,127.7976,-83.0866,0.0257,-0.1884,0.0280,0.0588,-0.4317,0.0642,35.5242,-0.1465,69.8873,0.0784,-4.5369,2.3365,31.6029,-1.9304,66.4921,0.0000,0.0000,0.0000,0.0000,0.0000,0.0000,0.0000,0.0000,0.0000,5.00,3.00,2.00,0.0016,0.0532,0.0008,0,0.000000
6,55.7200,30.2793,127.5817,-83.0545,0.0257,-0.1884,0.0280,0.0588,-0.4317,0.0642,35.5254,-0.1351,69.8859,0.0784,-4.5369,2.3365,31.6029,-1.9304,66.4921,0.0000,0.0000,0.0000,0.0000,0.0000,0.0000,0.0000,0.0000,0.0000,5.00,3.00,2.00,0.0016,0.0532,0.0008,0,0.000000
6,55.7400,30.3088,127.3659,-83.0224,0.0257,-0.1884,0.0280,0.0588,-0.4317,0.0642,35.5265,-0.1238,69.8846,0.0784,-4.5369,2.3365,31.6029,-1.9304,66.4921,0.0000,0.0000,0.0000,0.0000,0.0000,0.0000,0.0000,0.0000,0.0000,5.00,3.00,2.00,0.0016,0.0532,0.0008,0,0.000000
6,55.7600,30.3382,127.1500,-82.9903,0.0257,-0.1884,0.0280,-0.1293,-0.2177,-0.1664,35.5276,-0.1125,69.8832,0.2920,2.8367,-0.3277,31.6029,-1.9304,66.4921,0.0000,0.0000,0.0000,0.0000,0.0000,0.0000,0.0000,0.0000,0.0000,5.00,3.00,2.00,0.0016,0.0532,0.0008,0,0.000000
6,55.7800,30.2735,127.0412,-83.0735,-0.0564,-0.0950,-0.0726,-0.1293,-0.2177,-0.1664,35.5229,-0.1039,69.8823,0.2920,2.8367,-0.3277,31.6029,-1.9304,66.4921,0.0000,0.0000,0.0000,0.0000,0.0000,0.0000,0.0000,0.0000,0.0000,5.00,3.00,2.00,0.0080,0.0135,0.0053,0,0.000000
6,55.8000,30.2089,126.9323,-83.1567,-0.0564,-0.0950,-0.0726,-0.1293,-0.2177,-0.1664,35.5181,-0.0954,69.8813,0.2920,2.8367,-0.3277,31.6029,-1.9304,66.4921,0.0000,0.0000,0.0000,0.0000,0.0000,0.0000,0.0000,0.0000,0.0000,5.00,3.00,2.00,0.0080,0.0135,0.0053,0,0.000000
6,55.8200,30.1442,126.8234,-83.2399,-0.0564,-0.0950,-0.0726,-0.1293,-0.2177,-0.1664,35.5132,-0.0870,69.8804,0.2920,2.8367,-0.3277,31.6029,-1.9304,66.4921,0.0000,0.0000,0.0000,0.0000,0.0000,0.0000,0.0000,0.0000,0.0000,5.00,3.00,2.00,0.0080,0.0135,0.0053,0,0.000000
6,55.8400,30.0795,126.7146,-83.3231,-0.0564,-0.0950,-0.0726,-0.1293,-0.2177,-0.1664,35.5084,-0.0785,69.8794,0.2920,2.8367,-0.3277,31.6029,-1.9304,66.4921,0.0000,0.0000,0.0000,0.0000,0.0000,0.0000,0.0000,0.0000,0.0000,5.00,3.00,2.00,0.0080,0.0135,0.0053,0,0.000000
6,55.8600,30.0149,126.6057,-83.4064,-0.0564,-0.0950,-0.0726,-0.4341,-0.1333,-0.1370,35.5036,-0.0700,69.8783,-1.2014,2.1211,-0.2460,31.6029,-1.9304,66.4921,0.0000,0.0000,0.0000,0.0000,0.0000,0.0000,0.0000,0.0000,0.0000,5.00,3.00,2.00,0.0080,0.0135,0.0053,0,0.000000
6,55.8800,29.7978,126.5391,-83.4749,-0.1894,-0.0582,-0.0598,-0.4341,-0.1333,-0.1370,35.4917,-0.0644,69.8822,-1.2014,2.1211,-0.2460,31.6029,-1.9304,66.4921,0.0000,0.0000,0.0000,0.0000,0.0000,0.0000,0.0000,0.0000,0.0000,5.00,3.00,2.00,0.0897,0.0051,0.0036,0,0.000000
6,55.9000,29.5808,126.4724,-83.5434,-0.1894,-0.0582,-0.0598,-0.4341,-0.1333,-0.1370,35.4798,-0.0587,69.8860,-1.2014,2.1211,-0.2460,31.6029,-1.9304,66.4921,0.0000,0.0000,0.0000,0.0000,0.0000,0.0000,0.0000,0.0000,0.0000,5.00,3.00,2.00,0.0897,0.0051,0.0036,0,0.000000
6,55.9200,29.3638,126.4057,-83.6119,-0.1894,-0.0582,-0.0598,-0.4341,-0.1333,-0.1370,35.4679,-0.0531,69.8898,-1.2014,2.1211,-0.2460,31.6029,-1.9304,66.4921,0.0000,0.0000,0.0000,0.0000,0.0000,0.0000,0.0000,0.0000,0.0000,5.00,3.00,2.00,0.0897,0.0051,0.0036,0,0.000000
6,55.9400,29.1467,126.3391,-83.6804,-0.1894,-0.0582,-0.0598,-0.4341,-0.1333,-0.1370,35.4560,-0.0475,69.8935,-1.2014,2.1211,-0.2460,31.6029,-1.9304,66.4921,0.0000,0.0000,0.0000,0.0000,0.0000,0.0000,0.0000,0.0000,0.0000,5.00,3.00,2.00,0.0897,0.0051,0.0036,0,0.000000
6,55.9600,28.9297,126.2724,-83.7489,-0.1894,-0.0582,-0.0598,0.4801,-0.2391,0.0323,35.4440,-0.0418,69.8972,-2.9795,1.4098,0.9430,31.6029,-1.9304,66.4921,0.0000,0.0000,0.0000,0.0000,0.0000,0.0000,0.0000,0.0000,0.0000,5.00,3.00,2.00,0.0897,0.0051,0.0036,0,0.000000
6,55.9800,29.1698,126.1529,-83.7327,0.2095,-0.1043,0.0141,0.4801,-0.2391,0.0323,35.4556,-0.0356,69.8901,-2.9795,1.4098,0.9430,31.6029,-1.9304,66.4921,0.0000,0.0000,0.0000,0.0000,0.0000,0.0000,0.0000,0.0000,0.0000,5.00,3.00,2.00,0.1097,0.0163,0.0002,0,0.000000
6,56.0000,29.4098,126.0334,-83.7166,0.2095,-0.1043,0.0141,0.4801,-0.2391,0.0323,35.4671,-0.0293,69.8830,-2.9795,1.4098,0.9430,31.6029,-1.9304,66.4921,0.0000,0.0000,0.0000,0.0000,0.0000,0.0000,0.0000,0.0000,0.0000,5.00,3.00,2.00,0.1097,0.0163,0.0002,0,0.000000
6,56.0200,29.6499,125.9138,-83.7004,0.2095,-0.1043,0.0141,0.4801,-0.2391,0.0323,35.4785,-0.0230,69.8759,-2.9795,1.4098,0.9430,31.6029,-1.9304,66.4921,0.0000,0.0000,0.0000,0.0000,0.0000,0.0000,0.0000,0.0000,0.0000,5.00,3.00,2.00,0.1097,0.0163,0.0002,0,0.000000
6,56.0400,29.8899,125.7943,-83.6842,0.2095,-0.1043,0.0141,0.4801,-0.2391,0.0323,35.4899,-0.0167,69.8687,-2.9795,1.4098,0.9430,31.6029,-1.9304,66.4921,0.0000,0.0000,0.0000,0.0000,0.0000,0.0000,0.0000,0.0000,0.0000,5.00,3.00,2.00,0.1097,0.0163,0.0002,0,0.000000
6,56.0600,30.1300,125.6748,-83.6681,0.2095,-0.1043,0.0141,0.2045,0.0250,-0.5101,35.5013,-0.0104,69.8614,2.8654,1.5702,-1.7868,31.6029,-1.9304,66.4921,0.0000,0.0000,0.0000,0.0000,0.0000,0.0000,0.0000,0.0000,0.0000,5.00,3.00,2.00,0.1097,0.0163,0.0002,0,0.000000
6,56.0800,30.2322,125.6873,-83.9231,0.0892,0.0109,-0.2226,0.2045,0.0250,-0.5101,35.5025,-0.0043,69.8520,2.8654,1.5702,-1.7868,31.6029,-1.9304,66.4921,0.0000,0.0000,0.0000,0.0000,0.0000,0.0000,0.0000,0.0000,0.0000,5.00,3.00,2.00,0.0199,0.0002,0.0495,0,0.000000
6,56.1000,30.3345,125.6998,-84.1782,0.0892,0.0109,-0.2226,0.2045,0.0250,-0.5101,35.5036,0.0019,69.8426,2.8654,1.5702,-1.7868,31.6029,-1.9304,66.4921,0.0000,0.0000,0.0000,0.0000,0.0000,0.0000,0.0000,0.0000,0.0000,5.00,3.00,2.00,0.0199,0.0002,0.0495,0,0.000000
6,56.1200,30.4368,125.7122,-84.4332,0.0892,0.0109,-0.2226,0.2045,0.0250,-0.5101,35.5047,0.0080,69.8331,2.8654,1.5702,-1.7868,31.6029,-1.9304,66.4921,0.0000,0.0000,0.0000,0.0000,0.0000,0.0000,0.0000,0.0000,0.0000,5.00,3.00,2.00,0.0199,0.0002,0.0495,0,0.000000
6,56.1400,30.5390,125.7247,-84.6882,0.0892,0.0109,-0.2226,0.2045,0.0250,-0.5101,35.5057,0.0141,69.8237,2.8654,1.5702,-1.7868,31.6029,-1.9304,66.4921,0.0000,0.0000,0.0000,0.0000,0.0000,0.0000,0.0000,0.0000,0.0000,5.00,3.00,2.00,0.0199,0.0002,0.0495,0,0.000000
6,56.1600,30.6413,125.7372,-84.9433,0.0892,0.0109,-0.2226,-0.4594,0.6284,-0.1078,35.5067,0.0201,69.8142,0.2697,1.5288,-2.3636,31.6029,-1.9304,66.4921,0.0000,0.0000,0.0000,0.0000,0.0000,0.0000,0.0000,0.0000,0.0000,5.00,3.00,2.00,0.0199,0.0002,0.0495,0,0.000000
6,56.1800,30.4116,126.0514,-84.9972,-0.2005,0.2742,-0.0470,-0.4594,0.6284,-0.1078,35.4964,0.0041,69.8218,0.2697,1.5288,-2.3636,31.6029,-1.9304,66.4921,0.0000,0.0000,0.0000,0.0000,0.0000,0.0000,0.0000,0.0000,0.0000,5.00,3.00,2.00,0.1005,0.1128,0.0022,0,0.000000
6,56.2000,30.1819,126.3655,-85.0511,-0.2005,0.2742,-0.0470,-0.4594,0.6284,-0.1078,35.4860,-0.0119,69.8293,0.2697,1.5288,-2.3636,31.6029,-1.9304,66.4921,0.0000,0.0000,0.0000,0.0000,0.0000,0.0000,0.0000,0.0000,0.0000,5.00,3.00,2.00,0.1005,0.1127,0.0022,0,0.000000
6,56.2200,29.9522,126.6797,-85.1050,-0.2005,0.2742,-0.0470,-0.4594,0.6284,-0.1078,35.4756,-0.0279,69.8367,0.2697,1.5288,-2.3636,31.6029,-1.9304,66.4921,0.0000,0.0000,0.0000,0.0000,0.0000,0.0000,0.0000,0.0000,0.0000,5.00,3.00,2.00,0.1005,0.1128,0.0022,0,0.000000
6,56.2400,29.7225,126.9939,-85.1589,-0.2005,0.2742,-0.0470,-0.4594,0.6284,-0.1078,35.4650,-0.0439,69.8440,0.2697,1.5288,-2.3636,31.6029,-1.9304,66.4921,0.0000,0.0000,0.0000,0.0000,0.0000,0.0000,0.0000,0.0000,0.0000,5.00,3.00,2.00,0.1005,0.1128,0.0022,0,0.000000
6,56.2600,29.4928,127.3081,-85.2128,-0.2005,0.2742,-0.0470,0.0569,-0.0566,-0.2302,35.4544,-0.0600,69.8512,-2.6161,-4.0058,1.8517,31.6029,-1.9304,66.4921,0.0000,0.0000,0.0000,0.0000,0.0000,0.0000,0.0000,0.0000,0.0000,5.00,3.00,2.00,0.1005,0.1128,0.0022,0,0.000000
6,56.2800,29.5212,127.2798,-85.3278,0.0248,-0.0247,-0.1004,0.0569,-0.0566,-0.2302,35.4540,-0.0553,69.8472,-2.6161,-4.0058,1.8517,31.6029,-1.9304,66.4921,0.0000,0.0000,0.0000,0.0000,0.0000,0.0000,0.0000,0.0000,0.0000,5.00,3.00,2.00,0.0015,0.0009,0.0101,0,0.000000
6,56.3000,29.5497,127.2515,-85.4429,0.0248,-0.0247,-0.1004,0.0569,-0.0566,-0.2302,35.4535,-0.0506,69.8432,-2.6161,-4.0058,1.8517,31.6029,-1.9304,66.4921,0.0000,0.0000,0.0000,0.0000,0.0000,0.0000,0.0000,0.0000,0.0000,5.00,3.00,2.00,0.0015,0.0009,0.0101,0,0.000000
6,56.3200,29.5781,127.2233,-85.5580,0.0248,-0.0247,-0.1004,0.0569,-0.0566,-0.2302,35.4531,-0.0459,69.8392,-2.6161,-4.0058,1.8517,31.6029,-1.9304,66.4921,0.0000,0.0000,0.0000,0.0000,0.0000,0.0000,0.0000,0.0000,0.0000,5.00,3.00,2.00,0.0015,0.0009,0.0101,0,0.000000
6,56.3400,29.6065,127.1950,-85.6731,0.0248,-0.0247,-0.1004,0.0569,-0.0566,-0.2302,35.4526,-0.0413,69.8352,-2.6161,-4.0058,1.8517,31.6029,-1.9304,66.4921,0.0000,0.0000,0.0000,0.0000,0.0000,0.0000,0.0000,0.0000,0.0000,5.00,3.00,2.00,0.0015,0.0009,0.0101,0,0.000000
6,56.3600,29.6350,127.1667,-85.7882,0.0248,-0.0247,-0.1004,-0.7272,-0.2974,0.1980,35.4521,-0.0367,69.8312,-0.1141,1.1658,-1.0006,31.6029,-1.9304,66.4921,0.0000,0.0000,0.0000,0.0000,0.0000,0.0000,0.0000,0.0000,0.0000,5.00,3.00,2.00,0.0015,0.0009,0.0101,0,0.000000
6,56.3800,29.2714,127.0180,-85.6892,-0.3173,-0.1298,0.0864,-0.7272,-0.2974,0.1980,35.4354,-0.0311,69.8426,-0.1141,1.1658,-1.0006,31.6029,-1.9304,66.4921,0.0000,0.0000,0.0000,0.0000,0.0000,0.0000,0.0000,0.0000,0.0000,5.00,3.00,2.00,0.2517,0.0253,0.0075,0,0.000000
6,56.4000,28.9078,126.8693,-85.5901,-0.3173,-0.1297,0.0864,-0.7272,-0.2974,0.1980,35.4187,-0.0255,69.8538,-0.1141,1.1658,-1.0006,31.6029,-1.9304,66.4921,0.0000,0.0000,0.0000,0.0000,0.0000,0.0000,0.0000,0.0000,0.0000,5.00,3.00,2.00,0.2517,0.0253,0.0075,0,0.000000
6,56.4200,28.5441,126.7206,-85.4911,-0.3173,-0.1298,0.0864,-0.7272,-0.2974,0.1980,35.4018,-0.0199,69.8650,-0.1141,1.1658,-1.0006,31.6029,-1.9304,66.4921,0.0000,0.0000,0.0000,0.0000,0.0000,0.0000,0.0000,0.0000,0.0000,5.00,3.00,2.00,0.2517,0.0253,0.0075,0,0.000000
6,56.4400,28.1805,126.5719,-85.3921,-0.3173,-0.1297,0.0864,-0.7272,-0.2974,0.1980,35.3849,-0.0143,69.8761,-0.1141,1.1658,-1.0006,31.6029,-1.9304,66.4921,0.0000,0.0000,0.0000,0.0000,0.0000,0.0000,0.0000,0.0000,0.0000,5.00,3.00,2.00,0.2517,0.0253,0.0075,0,0.000000
6,56.4600,27.8169,126.4233,-85.2931,-0.3173,-0.1297,0.0864,-0.0895,0.8548,-0.2007,35.3679,-0.0087,69.8870,-4.2120,1.3994,2.7897,31.6029,-1.9304,66.4921,0.0000,0.0000,0.0000,0.0000,0.0000,0.0000,0.0000,0.0000,0.0000,5.00,3.00,2.00,0.2517,0.0253,0.0075,0,0.000000
6,56.4800,27.7722,126.8507,-85.3934,-0.0390,0.3730,-0.0876,-0.0895,0.8548,-0.2007,35.3660,-0.0297,69.8888,-4.2120,1.3994,2.7897,31.6029,-1.9304,66.4921,0.0000,0.0000,0.0000,0.0000,0.0000,0.0000,0.0000,0.0000,0.0000,5.00,3.00,2.00,0.0038,0.2087,0.0077,0,0.000000
6,56.5000,27.7275,127.2781,-85.4937,-0.0390,0.3730,-0.0875,-0.0895,0.8548,-0.2007,35.3641,-0.0507,69.8905,-4.2120,1.3994,2.7897,31.6029,-1.9304,66.4921,0.0000,0.0000,0.0000,0.0000,0.0000,0.0000,0.0000,0.0000,0.0000,5.00,3.00,2.00,0.0038,0.2087,0.0077,0,0.000000
6,56.5200,27.6827,127.7054,-85.5941,-0.0390,0.3730,-0.0876,-0.0895,0.8548,-0.2007,35.3622,-0.0717,69.8921,-4.2120,1.3994,2.7897,31.6029,-1.9304,66.4921,0.0000,0.0000,0.0000,0.0000,0.0000,0.0000,0.0000,0.0000,0.0000,5.00,3.00,2.00,0.0038,0.2087,0.0077,0,0.000000
6,56.5400,27.6380,128.1328,-85.6944,-0.0390,0.3730,-0.0875,-0.0895,0.8548,-0.2007,35.3601,-0.0927,69.8936,-4.2120,1.3994,2.7897,31.6029,-1.9304,66.4921,0.0000,0.0000,0.0000,0.0000,0.0000,0.0000,0.0000,0.0000,0.0000,5.00,3.00,2.00,0.0038,0.2087,0.0077,0,0.000000
6,56.5600,27.5933,128.5602,-85.7947,-0.0390,0.3730,-0.0876,-0.6455,0.4512,-0.0790,35.3580,-0.1137,69.8949,-0.4929,-5.2512,0.3967,31.6029,-1.9304,66.4921,0.0000,0.0000,0.0000,0.0000,0.0000,0.0000,0.0000,0.0000,0.0000,5.00,3.00,2.00,0.0038,0.2086,0.0077,0,0.000000
6,56.5800,27.2705,128.7858,-85.8342,-0.2816,0.1969,-0.0345,-0.6455,0.4512,-0.0790,35.3423,-0.1251,69.9036,-0.4929,-5.2512,0.3967,31.6029,-1.9304,66.4921,0.0000,0.0000,0.0000,0.0000,0.0000,0.0000,0.0000,0.0000,0.0000,5.00,3.00,2.00,0.1983,0.0581,0.0012,0,0.000000
6,56.6000,26.9478,129.0114,-85.8737,-0.2816,0.1969,-0.0345,-0.6455,0.4512,-0.0790,35.3266,-0.1366,69.9121,-0.4929,-5.2512,0.3967,31.6029,-1.9304,66.4921,0.0000,0.0000,0.0000,0.0000,0.0000,0.0000,0.0000,0.0000,0.0000,5.00,3.00,2.00,0.1983,0.0581,0.0012,0,0.000000
6,56.6200,26.6251,129.2371,-85.9132,-0.2816,0.1969,-0.0345,-0.6455,0.4512,-0.0790,35.3107,-0.1480,69.9205,-0.4929,-5.2512,0.3967,31.6029,-1.9304,66.4921,0.0000,0.0000,0.0000,0.0000,0.0000,0.0000,0.0000,0.0000,0.0000,5.00,3.00,2.00,0.1983,0.0582,0.0012,0,0.000000
6,56.6400,26.3023,129.4627,-85.9527,-0.2816,0.1969,-0.0345,-0.6455,0.4512,-0.0790,35.2948,-0.1594,69.9288,-0.4929,-5.2512,0.3967,31.6029,-1.9304,66.4921,0.0000,0.0000,0.0000,0.0000,0.0000,0.0000,0.0000,0.0000,0.0000,5.00,3.00,2.00,0.1983,0.0581,0.0012,0,0.000000
6,56.6600,25.9796,129.6883,-85.9922,-0.2816,0.1969,-0.0345,-0.4851,0.0142,-0.4119,35.2789,-0.1709,69.9369,-3.9574,-2.8584,2.0996,31.6029,-1.9304,66.4921,0.0000,0.0000,0.0000,0.0000,0.0000,0.0000,0.0000,0.0000,0.0000,5.00,3.00,2.00,0.1983,0.0581,0.0012,0,0.000000
6,56.6800,25.7371,129.6954,-86.1981,-0.2117,0.0062,-0.1797,-0.4851,0.0142,-0.4119,35.2642,-0.1655,69.9374,-3.9574,-2.8584,2.0996,31.6029,-1.9304,66.4921,0.0000,0.0000,0.0000,0.0000,0.0000,0.0000,0.0000,0.0000,0.0000,5.00,3.00,2.00,0.1120,0.0001,0.0323,0,0.000000
6,56.7000,25.4945,129.7025,-86.4040,-0.2117,0.0062,-0.1797,-0.4851,0.0142,-0.4119,35.2495,-0.1602,69.9378,-3.9574,-2.8584,2.0996,31.6029,-1.9304,66.4921,0.0000,0.0000,0.0000,0.0000,0.0000,0.0000,0.0000,0.0000,0.0000,5.00,3.00,2.00,0.1120,0.0001,0.0323,0,0.000000
6,56.7200,25.2519,129.7096,-86.6100,-0.2117,0.0062,-0.1797,-0.4851,0.0142,-0.4119,35.2348,-0.1549,69.9381,-3.9574,-2.8584,2.0996,31.6029,-1.9304,66.4921,0.0000,0.0000,0.0000,0.0000,0.0000,0.0000,0.0000,0.0000,0.0000,5.00,3.00,2.00,0.1120,0.0001,0.0323,0,0.000000
6,56.7400,25.0094,129.7167,-86.8159,-0.2117,0.0062,-0.1797,-0.4851,0.0142,-0.4119,35.2201,-0.1496,69.9383,-3.9574,-2.8584,2.0996,31.6029,-1.9304,66.4921,0.0000,0.0000,0.0000,0.0000,0.0000,0.0000,0.0000,0.0000,0.0000,5.00,3.00,2.00,0.1120,0.0001,0.0323,0,0.000000
6,56.7600,24.7668,129.7239,-87.0218,-0.2117,0.0062,-0.1797,0.8582,0.1446,0.0269,35.2054,-0.1444,69.9385,-3.6726,1.3252,0.0774,31.6029,-1.9304,66.4921,0.0000,0.0000,0.0000,0.0000,0.0000,0.0000,0.0000,0.0000,0.0000,5.00,3.00,2.00,0.1120,0.0001,0.0323,0,0.000000
6,56.7800,25.1959,129.7961,-87.0084,0.3745,0.0631,0.0118,0.8582,0.1446,0.0269,35.2272,-0.1487,69.9293,-3.6726,1.3252,0.0774,31.6029,-1.9304,66.4921,0.0000,0.0000,0.0000,0.0000,0.0000,0.0000,0.0000,0.0000,0.0000,5.00,3.00,2.00,0.3506,0.0060,0.0001,0,0.000000
6,56.8000,25.6250,129.8684,-86.9949,0.3745,0.0631,0.0118,0.8582,0.1446,0.0269,35.2489,-0.1530,69.9199,-3.6726,1.3252,0.0774,31.6029,-1.9304,66.4921,0.0000,0.0000,0.0000,0.0000,0.0000,0.0000,0.0000,0.0000,0.0000,5.00,3.00,2.00,0.3506,0.0060,0.0001,0,0.000000
6,56.8200,26.0541,129.9407,-86.9814,0.3745,0.0631,0.0118,0.8582,0.1446,0.0269,35.2705,-0.1574,69.9104,-3.6726,1.3252,0.0774,31.6029,-1.9304,66.4921,0.0000,0.0000,0.0000,0.0000,0.0000,0.0000,0.0000,0.0000,0.0000,5.00,3.00,2.00,0.3506,0.0060,0.0001,0,0.000000
6,56.8400,26.4833,130.0130,-86.9680,0.3745,0.0631,0.0118,0.8582,0.1446,0.0269,35.2921,-0.1617,69.9008,-3.6726,1.3252,0.0774,31.6029,-1.9304,66.4921,0.0000,0.0000,0.0000,0.0000,0.0000,0.0000,0.0000,0.0000,0.0000,5.00,3.00,2.00,0.3506,0.0060,0.0001,0,0.000000
6,56.8600,26.9124,130.0853,-86.9545,0.3745,0.0631,0.0118,0.3599,-0.3147,0.1022,35.3136,-0.1661,69.8909,5.4094,-1.0873,-2.3777,31.6029,-1.9304,66.4921,0.0000,0.0000,0.0000,0.0000,0.0000,0.0000,0.0000,0.0000,0.0000,5.00,3.00,2.00,0.3506,0.0060,0.0001,0,0.000000
6,56.8800,27.0923,129.9279,-86.9033,0.1570,-0.1373,0.0446,0.3599,-0.3147,0.1022,35.3227,-0.1588,69.8868,5.4094,-1.0873,-2.3777,31.6029,-1.9304,66.4921,0.0000,0.0000,0.0000,0.0000,0.0000,0.0000,0.0000,0.0000,0.0000,5.00,3.00,2.00,0.0616,0.0283,0.0020,0,0.000000
6,56.9000,27.2723,129.7706,-86.8522,0.1570,-0.1373,0.0446,0.3599,-0.3147,0.1022,35.3317,-0.1516,69.8827,5.4094,-1.0873,-2.3777,31.6029,-1.9304,66.4921,0.0000,0.0000,0.0000,0.0000,0.0000,0.0000,0.0000,0.0000,0.0000,5.00,3.00,2.00,0.0616,0.0283,0.0020,0,0.000000
6,56.9200,27.4522,129.6132,-86.8011,0.1570,-0.1373,0.0446,0.3599,-0.3147,0.1022,35.3407,-0.1443,69.8786,5.4094,-1.0873,-2.3777,31.6029,-1.9304,66.4921,0.0000,0.0000,0.0000,0.0000,0.0000,0.0000,0.0000,0.0000,0.0000,5.00,3.00,2.00,0.0616,0.0283,0.0020,0,0.000000
6,56.9400,27.6321,129.4559,-86.7500,0.1570,-0.1373,0.0446,0.3599,-0.3147,0.1022,35.3497,-0.1370,69.8744,5.4094,-1.0873,-2.3777,31.6029,-1.9304,66.4921,0.0000,0.0000,0.0000,0.0000,0.0000,0.0000,0.0000,0.0000,0.0000,5.00,3.00,2.00,0.0616,0.0283,0.0020,0,0.000000
6,56.9600,27.8121,129.2985,-86.6989,0.1570,-0.1373,0.0446,-0.1555,0.1386,0.0307,35.3587,-0.1298,69.8702,2.2547,1.8165,-1.0368,31.6029,-1.9304,66.4921,0.0000,0.0000,0.0000,0.0000,0.0000,0.0000,0.0000,0.0000,0.0000,5.00,3.00,2.00,0.0616,0.0283,0.0020,0,0.000000
6,56.9800,27.7344,129.3678,-86.6835,-0.0678,0.0605,0.0134,-0.1555,0.1386,0.0307,35.3554,-0.1340,69.8730,2.2547,1.8165,-1.0368,31.6029,-1.9304,66.4921,0.0000,0.0000,0.0000,0.0000,0.0000,0.0000,0.0000,0.0000,0.0000,5.00,3.00,2.00,0.0115,0.0055,0.0002,0,0.000000
6,57.0000,27.6566,129.4371,-86.6681,-0.0678,0.0605,0.0134,-0.1555,0.1386,0.0307,35.3520,-0.1383,69.8758,2.2547,1.8165,-1.0368,31.6029,-1.9304,66.4921,0.0000,0.0000,0.0000,0.0000,0.0000,0.0000,0.0000,0.0000,0.0000,5.00,3.00,2.00,0.0115,0.0055,0.0002,0,0.000000
6,57.0200,27.5789,129.5063,-86.6528,-0.0678,0.0604,0.0134,-0.1555,0.1386,0.0307,35.3486,-0.1425,69.8786,2.2547,1.8165,-1.0368,31.6029,-1.9304,66.4921,0.0000,0.0000,0.0000,0.0000,0.0000,0.0000,0.0000,0.0000,0.0000,5.00,3.00,2.00,0.0115,0.0055,0.0002,0,0.000000
6,57.0400,27.5011,129.5756,-86.6374,-0.0678,0.0605,0.0134,-0.1555,0.1386,0.0307,35.3452,-0.1467,69.8814,2.2547,1.8165,-1.0368,31.6029,-1.9304,66.4921,0.0000,0.0000,0.0000,0.0000,0.0000,0.0000,0.0000,0.0000,0.0000,5.00,3.00,2.00,0.0115,0.0055,0.0002,0,0.000000
6,57.0600,27.4234,129.6449,-86.6220,-0.0678,0.0605,0.0134,0.0334,-0.0260,-0.0467,35.3419,-0.1510,69.8842,-0.8425,-1.0609,0.7027,31.6029,-1.9304,66.4921,0.0000,0.0000,0.0000,0.0000,0.0000,0.0000,0.0000,0.0000,0.0000,5.00,3.00,2.00,0.0115,0.0055,0.0002,0,0.000000
6,57.0800,27.4401,129.6319,-86.6454,0.0146,-0.0113,-0.0204,0.0334,-0.0260,-0.0467,35.3423,-0.1496,69.8831,-0.8425,-1.0609,0.7027,31.6029,-1.9304,66.4921,0.0000,0.0000,0.0000,0.0000,0.0000,0.0000,0.0000,0.0000,0.0000,5.00,3.00,2.00,0.0005,0.0002,0.0004,0,0.000000
6,57.1000,27.4568,129.6189,-86.6687,0.0146,-0.0113,-0.0204,0.0334,-0.0260,-0.0467,35.3428,-0.1483,69.8820,-0.8425,-1.0609,0.7027,31.6029,-1.9304,66.4921,0.0000,0.0000,0.0000,0.0000,0.0000,0.0000,0.0000,0.0000,0.0000,5.00,3.00,2.00,0.0005,0.0002,0.0004,0,0.000000
6,57.1200,27.4735,129.6059,-86.6920,0.0146,-0.0113,-0.0204,0.0334,-0.0260,-0.0467,35.3432,-0.1469,69.8809,-0.8425,-1.0609,0.7027,31.6029,-1.9304,66.4921,0.0000,0.0000,0.0000,0.0000,0.0000,0.0000,0.0000,0.0000,0.0000,5.00,3.00,2.00,0.0005,0.0002,0.0004,0,0.000000
6,57.1400,27.4902,129.5929,-86.7154,0.0146,-0.0113,-0.0204,0.0334,-0.0260,-0.0467,35.3437,-0.1455,69.8798,-0.8425,-1.0609,0.7027,31.6029,-1.9304,66.4921,0.0000,0.0000,0.0000,0.0000,0.0000,0.0000,0.0000,0.0000,0.0000,5.00,3.00,2.00,0.0005,0.0002,0.0004,0,0.000000
6,57.1600,27.5069,129.5799,-86.7387,0.0146,-0.0113,-0.0204,-0.1212,-0.4622,0.3483,35.3442,-0.1442,69.8786,0.1148,0.3398,-0.2785,31.6029,-1.9304,66.4921,0.0000,0.0000,0.0000,0.0000,0.0000,0.0000,0.0000,0.0000,0.0000,5.00,3.00,2.00,0.0005,0.0002,0.0004,0,0.000000
6,57.1800,27.4463,129.3488,-86.5646,-0.0529,-0.2017,0.1520,-0.1212,-0.4622,0.3483,35.3428,-0.1362,69.8834,0.1148,0.3398,-0.2785,31.6029,-1.9304,66.4921,0.0000,0.0000,0.0000,0.0000,0.0000,0.0000,0.0000,0.0000,0.0000,5.00,3.00,2.00,0.0070,0.0610,0.0231,0,0.000000
6,57.2000,27.3857,129.1177,-86.3904,-0.0529,-0.2017,0.1520,-0.1212,-0.4622,0.3483,35.3415,-0.1282,69.8881,0.1148,0.3398,-0.2785,31.6029,-1.9304,66.4921,0.0000,0.0000,0.0000,0.0000,0.0000,0.0000,0.0000,0.0000,0.0000,5.00,3.00,2.00,0.0070,0.0610,0.0231,0,0.000000
6,57.2200,27.3251,128.8867,-86.2163,-0.0529,-0.2017,0.1520,-0.1212,-0.4622,0.3483,35.3402,-0.1202,69.8928,0.1148,0.3398,-0.2785,31.6029,-1.9304,66.4921,0.0000,0.0000,0.0000,0.0000,0.0000,0.0000,0.0000,0.0000,0.0000,5.00,3.00,2.00,0.0070,0.0610,0.0231,0,0.000000
6,57.2400,27.2645,128.6556,-86.0421,-0.0529,-0.2016,0.1520,-0.1212,-0.4622,0.3483,35.3388,-0.1122,69.8974,0.1148,0.3398,-0.2785,31.6029,-1.9304,66.4921,0.0000,0.0000,0.0000,0.0000,0.0000,0.0000,0.0000,0.0000,0.0000,5.00,3.00,2.00,0.0070,0.0610,0.0231,0,0.000000
6,57.2600,27.2039,128.4245,-85.8680,-0.0529,-0.2017,0.1520,-0.0354,0.6955,0.1000,35.3374,-0.1042,69.9020,-0.3382,2.0017,1.1688,31.6029,-1.9304,66.4921,0.0000,0.0000,0.0000,0.0000,0.0000,0.0000,0.0000,0.0000,0.0000,5.00,3.00,2.00,0.0070,0.0610,0.0231,0,0.000000
6,57.2800,27.1862,128.7722,-85.8180,-0.0154,0.3034,0.0436,-0.0354,0.6955,0.1000,35.3383,-0.1248,69.9060,-0.3382,2.0017,1.1688,31.6029,-1.9304,66.4921,0.0000,0.0000,0.0000,0.0000,0.0000,0.0000,0.0000,0.0000,0.0000,5.00,3.00,2.00,0.0006,0.1381,0.0019,0,0.000000
6,57.3000,27.1685,129.1199,-85.7680,-0.0154,0.3034,0.0436,-0.0354,0.6955,0.1000,35.3392,-0.1455,69.9099,-0.3382,2.0017,1.1688,31.6029,-1.9304,66.4921,0.0000,0.0000,0.0000,0.0000,0.0000,0.0000,0.0000,0.0000,0.0000,5.00,3.00,2.00,0.0006,0.1381,0.0019,0,0.000000
6,57.3200,27.1508,129.4677,-85.7179,-0.0154,0.3034,0.0436,-0.0354,0.6955,0.1000,35.3401,-0.1662,69.9137,-0.3382,2.0017,1.1688,31.6029,-1.9304,66.4921,0.0000,0.0000,0.0000,0.0000,0.0000,0.0000,0.0000,0.0000,0.0000,5.00,3.00,2.00,0.0006,0.1381,0.0019,0,0.000000
6,57.3400,27.1331,129.8154,-85.6679,-0.0154,0.3034,0.0436,-0.0354,0.6955,0.1000,35.3408,-0.1870,69.9174,-0.3382,2.0017,1.1688,31.6029,-1.9304,66.4921,0.0000,0.0000,0.0000,0.0000,0.0000,0.0000,0.0000,0.0000,0.0000,5.00,3.00,2.00,0.0006,0.1381,0.0019,0,0.000000
6,57.3600,27.1154,130.1631,-85.6179,-0.0154,0.3034,0.0436,-0.0021,0.0713,-0.3685,35.3415,-0.2078,69.9209,0.2073,-5.1824,0.9434,31.6029,-1.9304,66.4921,0.0000,0.0000,0.0000,0.0000,0.0000,0.0000,0.0000,0.0000,0.0000,5.00,3.00,2.00,0.0006,0.1381,0.0019,0,0.000000
6,57.3800,27.1144,130.1988,-85.8022,-0.0009,0.0311,-0.1608,-0.0021,0.0713,-0.3685,35.3392,-0.2046,69.9164,0.2073,-5.1824,0.9434,31.6029,-1.9304,66.4921,0.0000,0.0000,0.0000,0.0000,0.0000,0.0000,0.0000,0.0000,0.0000,5.00,3.00,2.00,0.0000,0.0015,0.0258,0,0.000000
6,57.4000,27.1134,130.2344,-85.9864,-0.0009,0.0311,-0.1608,-0.0021,0.0713,-0.3685,35.3368,-0.2014,69.9118,0.2073,-5.1824,0.9434,31.6029,-1.9304,66.4921,0.0000,0.0000,0.0000,0.0000,0.0000,0.0000,0.0000,0.0000,0.0000,5.00,3.00,2.00,0.0000,0.0015,0.0259,0,0.000000
6,57.4200,27.1124,130.2701,-86.1707,-0.0009,0.0311,-0.1608,-0.0021,0.0713,-0.3685,35.3344,-0.1982,69.9073,0.2073,-5.1824,0.9434,31.6029,-1.9304,66.4921,0.0000,0.0000,0.0000,0.0000,0.0000,0.0000,0.0000,0.0000,0.0000,5.00,3.00,2.00,0.0000,0.0015,0.0259,0,0.000000
6,57.4400,27.1113,130.3058,-86.3549,-0.0009,0.0311,-0.1608,-0.0021,0.0713,-0.3685,35.3320,-0.1950,69.9027,0.2073,-5.1824,0.9434,31.6029,-1.9304,66.4921,0.0000,0.0000,0.0000,0.0000,0.0000,0.0000,0.0000,0.0000,0.0000,5.00,3.00,2.00,0.0000,0.0015,0.0259,0,0.000000
6,57.4600,27.1103,130.3415,-86.5392,-0.0009,0.0311,-0.1608,0.1327,-0.2835,0.1633,35.3296,-0.1918,69.8982,-0.5974,0.8011,-1.1356,31.6029,-1.9304,66.4921,0.0000,0.0000,0.0000,0.0000,0.0000,0.0000,0.0000,0.0000,0.0000,5.00,3.00,2.00,0.0000,0.0015,0.0259,0,0.000000
6,57.4800,27.1766,130.1997,-86.4575,0.0579,-0.1237,0.0713,0.1327,-0.2835,0.1633,35.3336,-0.1862,69.8979,-0.5974,0.8011,-1.1356,31.6029,-1.9304,66.4921,0.0000,0.0000,0.0000,0.0000,0.0000,0.0000,0.0000,0.0000,0.0000,5.00,3.00,2.00,0.0084,0.0229,0.0051,0,0.000000
6,57.5000,27.2430,130.0580,-86.3759,0.0579,-0.1237,0.0712,0.1327,-0.2835,0.1633,35.3375,-0.1807,69.8976,-0.5974,0.8011,-1.1356,31.6029,-1.9304,66.4921,0.0000,0.0000,0.0000,0.0000,0.0000,0.0000,0.0000,0.0000,0.0000,5.00,3.00,2.00,0.0084,0.0229,0.0051,0,0.000000
6,57.5200,27.3093,129.9162,-86.2942,0.0579,-0.1237,0.0712,0.1327,-0.2835,0.1633,35.3415,-0.1751,69.8972,-0.5974,0.8011,-1.1356,31.6029,-1.9304,66.4921,0.0000,0.0000,0.0000,0.0000,0.0000,0.0000,0.0000,0.0000,0.0000,5.00,3.00,2.00,0.0084,0.0229,0.0051,0,0.000000
6,57.5400,27.3756,129.7745,-86.2126,0.0579,-0.1237,0.0712,0.1327,-0.2835,0.1633,35.3454,-0.1695,69.8969,-0.5974,0.8011,-1.1356,31.6029,-1.9304,66.4921,0.0000,0.0000,0.0000,0.0000,0.0000,0.0000,0.0000,0.0000,0.0000,5.00,3.00,2.00,0.0084,0.0229,0.0051,0,0.000000
6,57.5600,27.4420,129.6328,-86.1310,0.0579,-0.1237,0.0712,0.2607,-0.4357,0.4961,35.3494,-0.1639,69.8965,0.9901,1.3937,-0.0843,31.6029,-1.9304,66.4921,0.0000,0.0000,0.0000,0.0000,0.0000,0.0000,0.0000,0.0000,0.0000,5.00,3.00,2.00,0.0084,0.0229,0.0051,0,0.000000
6,57.5800,27.5723,129.4149,-85.8829,0.1137,-0.1901,0.2165,0.2607,-0.4357,0.4961,35.3585,-0.1587,69.8984,0.9901,1.3937,-0.0843,31.6029,-1.9304,66.4921,0.0000,0.0000,0.0000,0.0000,0.0000,0.0000,0.0000,0.0000,0.0000,5.00,3.00,2.00,0.0323,0.0542,0.0469,0,0.000000
6,57.6000,27.7026,129.1971,-85.6348,0.1137,-0.1901,0.2165,0.2607,-0.4357,0.4961,35.3676,-0.1535,69.9002,0.9901,1.3937,-0.0843,31.6029,-1.9304,66.4921,0.0000,0.0000,0.0000,0.0000,0.0000,0.0000,0.0000,0.0000,0.0000,5.00,3.00,2.00,0.0323,0.0542,0.0469,0,0.000000
6,57.6200,27.8330,128.9793,-85.3868,0.1137,-0.1901,0.2165,0.2607,-0.4357,0.4961,35.3768,-0.1483,69.9019,0.9901,1.3937,-0.0843,31.6029,-1.9304,66.4921,0.0000,0.0000,0.0000,0.0000,0.0000,0.0000,0.0000,0.0000,0.0000,5.00,3.00,2.00,0.0323,0.0542,0.0469,0,0.000000
6,57.6400,27.9633,128.7614,-85.1387,0.1137,-0.1901,0.2165,0.2607,-0.4357,0.4961,35.3859,-0.1430,69.9036,0.9901,1.3937,-0.0843,31.6029,-1.9304,66.4921,0.0000,0.0000,0.0000,0.0000,0.0000,0.0000,0.0000,0.0000,0.0000,5.00,3.00,2.00,0.0323,0.0542,0.0469,0,0.000000
6,57.6600,28.0936,128.5436,-84.8906,0.1137,-0.1901,0.2165,-0.3863,-0.1034,0.4182,35.3951,-0.1378,69.9053,2.2833,1.3071,0.4406,31.6029,-1.9304,66.4921,0.0000,0.0000,0.0000,0.0000,0.0000,0.0000,0.0000,0.0000,0.0000,5.00,3.00,2.00,0.0323,0.0542,0.0469,0,0.000000
6,57.6800,27.9005,128.4919,-84.6815,-0.1685,-0.0451,0.1825,-0.3863,-0.1034,0.4182,35.3882,-0.1407,69.9155,2.2833,1.3071,0.4406,31.6029,-1.9304,66.4921,0.0000,0.0000,0.0000,0.0000,0.0000,0.0000,0.0000,0.0000,0.0000,5.00,3.00,2.00,0.0710,0.0031,0.0333,0,0.000000
6,57.7000,27.7074,128.4402,-84.4724,-0.1685,-0.0451,0.1825,-0.3863,-0.1034,0.4182,35.3813,-0.1437,69.9256,2.2833,1.3071,0.4406,31.6029,-1.9304,66.4921,0.0000,0.0000,0.0000,0.0000,0.0000,0.0000,0.0000,0.0000,0.0000,5.00,3.00,2.00,0.0710,0.0031,0.0333,0,0.000000
6,57.7200,27.5142,128.3885,-84.2633,-0.1685,-0.0451,0.1825,-0.3863,-0.1034,0.4182,35.3743,-0.1466,69.9357,2.2833,1.3071,0.4406,31.6029,-1.9304,66.4921,0.0000,0.0000,0.0000,0.0000,0.0000,0.0000,0.0000,0.0000,0.0000,5.00,3.00,2.00,0.0710,0.0031,0.0333,0,0.000000
6,57.7400,27.3211,128.3368,-84.0542,-0.1685,-0.0451,0.1825,-0.3863,-0.1034,0.4182,35.3673,-0.1496,69.9458,2.2833,1.3071,0.4406,31.6029,-1.9304,66.4921,0.0000,0.0000,0.0000,0.0000,0.0000,0.0000,0.0000,0.0000,0.0000,5.00,3.00,2.00,0.0710,0.0031,0.0333,0,0.000000
6,57.7600,27.1279,128.2850,-83.8451,-0.1685,-0.0451,0.1825,0.3055,0.6180,0.0764,35.3602,-0.1526,69.9558,-1.7420,-0.7413,2.5261,31.6029,-1.9304,66.4921,0.0000,0.0000,0.0000,0.0000,0.0000,0.0000,0.0000,0.0000,0.0000,5.00,3.00,2.00,0.0710,0.0031,0.0333,0,0.000000
6,57.7800,27.2807,128.5940,-83.8069,0.1333,0.2696,0.0333,0.3055,0.6180,0.0764,35.3693,-0.1711,69.9546,-1.7420,-0.7413,2.5261,31.6029,-1.9304,66.4921,0.0000,0.0000,0.0000,0.0000,0.0000,0.0000,0.0000,0.0000,0.0000,5.00,3.00,2.00,0.0444,0.1091,0.0011,0,0.000000
6,57.8000,27.4335,128.9030,-83.7687,0.1333,0.2697,0.0333,0.3055,0.6180,0.0764,35.3783,-0.1897,69.9533,-1.7420,-0.7413,2.5261,31.6029,-1.9304,66.4921,0.0000,0.0000,0.0000,0.0000,0.0000,0.0000,0.0000,0.0000,0.0000,5.00,3.00,2.00,0.0444,0.1091,0.0011,0,0.000000
6,57.8200,27.5863,129.2120,-83.7305,0.1333,0.2696,0.0333,0.3055,0.6180,0.0764,35.3873,-0.2083,69.9518,-1.7420,-0.7413,2.5261,31.6029,-1.9304,66.4921,0.0000,0.0000,0.0000,0.0000,0.0000,0.0000,0.0000,0.0000,0.0000,5.00,3.00,2.00,0.0444,0.1091,0.0011,0,0.000000
6,57.8400,27.7390,129.5210,-83.6923,0.1333,0.2697,0.0333,0.3055,0.6180,0.0764,35.3963,-0.2269,69.9503,-1.7420,-0.7413,2.5261,31.6029,-1.9304,66.4921,0.0000,0.0000,0.0000,0.0000,0.0000,0.0000,0.0000,0.0000,0.0000,5.00,3.00,2.00,0.0444,0.1091,0.0011,0,0.000000
6,57.8600,27.8918,129.8300,-83.6541,0.1333,0.2696,0.0333,-0.2538,-0.2100,0.4714,35.4052,-0.2455,69.9486,2.2486,-4.6459,-0.3616,31.6029,-1.9304,66.4921,0.0000,0.0000,0.0000,0.0000,0.0000,0.0000,0.0000,0.0000,0.0000,5.00,3.00,2.00,0.0444,0.1091,0.0011,0,0.000000
6,57.8800,27.7649,129.7250,-83.4184,-0.1107,-0.0916,0.2057,-0.2538,-0.2100,0.4714,35.4017,-0.2464,69.9573,2.2486,-4.6459,-0.3616,31.6029,-1.9304,66.4921,0.0000,0.0000,0.0000,0.0000,0.0000,0.0000,0.0000,0.0000,0.0000,5.00,3.00,2.00,0.0307,0.0126,0.0423,0,0.000000
6,57.9000,27.6380,129.6200,-83.1827,-0.1107,-0.0916,0.2057,-0.2538,-0.2100,0.4714,35.3981,-0.2473,69.9660,2.2486,-4.6459,-0.3616,31.6029,-1.9304,66.4921,0.0000,0.0000,0.0000,0.0000,0.0000,0.0000,0.0000,0.0000,0.0000,5.00,3.00,2.00,0.0307,0.0126,0.0423,0,0.000000
6,57.9200,27.5111,129.5150,-82.9470,-0.1107,-0.0916,0.2057,-0.2538,-0.2100,0.4714,35.3945,-0.2483,69.9747,2.2486,-4.6459,-0.3616,31.6029,-1.9304,66.4921,0.0000,0.0000,0.0000,0.0000,0.0000,0.0000,0.0000,0.0000,0.0000,5.00,3.00,2.00,0.0307,0.0126,0.0423,0,0.000000
6,57.9400,27.3842,129.4101,-82.7112,-0.1107,-0.0916,0.2057,-0.2538,-0.2100,0.4714,35.3908,-0.2492,69.9834,2.2486,-4.6459,-0.3616,31.6029,-1.9304,66.4921,0.0000,0.0000,0.0000,0.0000,0.0000,0.0000,0.0000,0.0000,0.0000,5.00,3.00,2.00,0.0307,0.0126,0.0423,0,0.000000
6,57.9600,27.2574,129.3051,-82.4755,-0.1107,-0.0916,0.2057,-0.2702,-0.0039,-0.1760,35.3871,-0.2501,69.9921,-0.9035,-0.2312,2.1744,31.6029,-1.9304,66.4921,0.0000,0.0000,0.0000,0.0000,0.0000,0.0000,0.0000,0.0000,0.0000,5.00,3.00,2.00,0.0307,0.0126,0.0423,0,0.000000
6,57.9800,27.1223,129.3031,-82.5635,-0.1179,-0.0017,-0.0768,-0.2702,-0.0039,-0.1760,35.3791,-0.2474,69.9934,-0.9035,-0.2312,2.1744,31.6029,-1.9304,66.4921,0.0000,0.0000,0.0000,0.0000,0.0000,0.0000,0.0000,0.0000,0.0000,5.00,3.00,2.00,0.0347,0.0000,0.0059,0,0.000000
6,58.0000,26.9872,129.3012,-82.6515,-0.1179,-0.0017,-0.0768,-0.2702,-0.0039,-0.1760,35.3711,-0.2447,69.9948,-0.9035,-0.2312,2.1744,31.6029,-1.9304,66.4921,0.0000,0.0000,0.0000,0.0000,0.0000,0.0000,0.0000,0.0000,0.0000,5.00,3.00,2.00,0.0347,0.0000,0.0059,0,0.000000
6,58.0200,26.8521,129.2992,-82.7396,-0.1179,-0.0017,-0.0768,-0.2702,-0.0039,-0.1760,35.3631,-0.2420,69.9961,-0.9035,-0.2312,2.1744,31.6029,-1.9304,66.4921,0.0000,0.0000,0.0000,0.0000,0.0000,0.0000,0.0000,0.0000,0.0000,5.00,3.00,2.00,0.0347,0.0000,0.0059,0,0.000000
6,58.0400,26.7170,129.2973,-82.8276,-0.1179,-0.0017,-0.0768,-0.2702,-0.0039,-0.1760,35.3551,-0.2393,69.9974,-0.9035,-0.2312,2.1744,31.6029,-1.9304,66.4921,0.0000,0.0000,0.0000,0.0000,0.0000,0.0000,0.0000,0.0000,0.0000,5.00,3.00,2.00,0.0347,0.0000,0.0059,0,0.000000
6,58.0600,26.5820,129.2953,-82.9156,-0.1179,-0.0017,-0.0768,-0.2143,0.2160,-0.6719,35.3472,-0.2367,69.9986,-1.9979,0.6737,0.3265,31.6029,-1.9304,66.4921,0.0000,0.0000,0.0000,0.0000,0.0000,0.0000,0.0000,0.0000,0.0000,5.00,3.00,2.00,0.0347,0.0000,0.0059,0,0.000000
6,58.0800,26.4748,129.4034,-83.2516,-0.0935,0.0943,-0.2932,-0.2143,0.2160,-0.6719,35.3378,-0.2330,69.9934,-1.9979,0.6737,0.3265,31.6029,-1.9304,66.4921,0.0000,0.0000,0.0000,0.0000,0.0000,0.0000,0.0000,0.0000,0.0000,5.00,3.00,2.00,0.0219,0.0133,0.0860,0,0.000000
6,58.1000,26.3677,129.5114,-83.5875,-0.0935,0.0943,-0.2932,-0.2143,0.2160,-0.6719,35.3284,-0.2294,69.9882,-1.9979,0.6737,0.3265,31.6029,-1.9304,66.4921,0.0000,0.0000,0.0000,0.0000,0.0000,0.0000,0.0000,0.0000,0.0000,5.00,3.00,2.00,0.0219,0.0133,0.0860,0,0.000000
6,58.1200,26.2606,129.6194,-83.9235,-0.0935,0.0943,-0.2932,-0.2143,0.2160,-0.6719,35.3190,-0.2258,69.9829,-1.9979,0.6737,0.3265,31.6029,-1.9304,66.4921,0.0000,0.0000,0.0000,0.0000,0.0000,0.0000,0.0000,0.0000,0.0000,5.00,3.00,2.00,0.0219,0.0133,0.0860,0,0.000000
6,58.1400,26.1534,129.7274,-84.2595,-0.0935,0.0943,-0.2932,-0.2143,0.2160,-0.6719,35.3096,-0.2222,69.9776,-1.9979,0.6737,0.3265,31.6029,-1.9304,66.4921,0.0000,0.0000,0.0000,0.0000,0.0000,0.0000,0.0000,0.0000,0.0000,5.00,3.00,2.00,0.0219,0.0133,0.0860,0,0.000000
6,58.1600,26.0463,129.8354,-84.5955,-0.0935,0.0943,-0.2932,-0.0698,-0.3806,0.1138,35.3003,-0.2186,69.9722,-2.3447,0.9031,-1.3187,31.6029,-1.9304,66.4921,0.0000,0.0000,0.0000,0.0000,0.0000,0.0000,0.0000,0.0000,0.0000,5.00,3.00,2.00,0.0219,0.0133,0.0860,0,0.000000
6,58.1800,26.0114,129.6451,-84.5385,-0.0304,-0.1661,0.0497,-0.0698,-0.3806,0.1138,35.2987,-0.2095,69.9736,-2.3447,0.9031,-1.3187,31.6029,-1.9304,66.4921,0.0000,0.0000,0.0000,0.0000,0.0000,0.0000,0.0000,0.0000,0.0000,5.00,3.00,2.00,0.0023,0.0414,0.0025,0,0.000000
6,58.2000,25.9766,129.4548,-84.4816,-0.0304,-0.1661,0.0497,-0.0698,-0.3806,0.1138,35.2972,-0.2004,69.9750,-2.3447,0.9031,-1.3187,31.6029,-1.9304,66.4921,0.0000,0.0000,0.0000,0.0000,0.0000,0.0000,0.0000,0.0000,0.0000,5.00,3.00,2.00,0.0023,0.0414,0.0025,0,0.000000
6,58.2200,25.9417,129.2645,-84.4247,-0.0304,-0.1661,0.0497,-0.0698,-0.3806,0.1138,35.2957,-0.1914,69.9763,-2.3447,0.9031,-1.3187,31.6029,-1.9304,66.4921,0.0000,0.0000,0.0000,0.0000,0.0000,0.0000,0.0000,0.0000,0.0000,5.00,3.00,2.00,0.0023,0.0414,0.0025,0,0.000000
6,58.2400,25.9068,129.0742,-84.3678,-0.0304,-0.1661,0.0497,-0.0698,-0.3806,0.1138,35.2941,-0.1823,69.9776,-2.3447,0.9031,-1.3187,31.6029,-1.9304,66.4921,0.0000,0.0000,0.0000,0.0000,0.0000,0.0000,0.0000,0.0000,0.0000,5.00,3.00,2.00,0.0023,0.0414,0.0025,0,0.000000
6,58.2600,25.8719,128.8840,-84.3109,-0.0304,-0.1661,0.0497,0.0425,-0.2165,0.0039,35.2926,-0.1732,69.9788,-0.3845,2.2714,0.3307,31.6029,-1.9304,66.4921,0.0000,0.0000,0.0000,0.0000,0.0000,0.0000,0.0000,0.0000,0.0000,5.00,3.00,2.00,0.0023,0.0414,0.0025,0,0.000000
6,58.2800,25.8932,128.7757,-84.3089,0.0185,-0.0945,0.0017,0.0425,-0.2165,0.0039,35.2934,-0.1671,69.9778,-0.3845,2.2714,0.3307,31.6029,-1.9304,66.4921,0.0000,0.0000,0.0000,0.0000,0.0000,0.0000,0.0000,0.0000,0.0000,5.00,3.00,2.00,0.0009,0.0134,0.0000,0,0.000000
6,58.3000,25.9144,128.6675,-84.3070,0.0185,-0.0945,0.0017,0.0425,-0.2165,0.0039,35.2942,-0.1611,69.9767,-0.3845,2.2714,0.3307,31.6029,-1.9304,66.4921,0.0000,0.0000,0.0000,0.0000,0.0000,0.0000,0.0000,0.0000,0.0000,5.00,3.00,2.00,0.0009,0.0134,0.0000,0,0.000000
6,58.3200,25.9357,128.5592,-84.3051,0.0185,-0.0945,0.0017,0.0425,-0.2165,0.0039,35.2950,-0.1551,69.9756,-0.3845,2.2714,0.3307,31.6029,-1.9304,66.4921,0.0000,0.0000,0.0000,0.0000,0.0000,0.0000,0.0000,0.0000,0.0000,5.00,3.00,2.00,0.0009,0.0134,0.0000,0,0.000000
6,58.3400,25.9569,128.4510,-84.3031,0.0185,-0.0945,0.0017,0.0425,-0.2165,0.0039,35.2958,-0.1490,69.9745,-0.3845,2.2714,0.3307,31.6029,-1.9304,66.4921,0.0000,0.0000,0.0000,0.0000,0.0000,0.0000,0.0000,0.0000,0.0000,5.00,3.00,2.00,0.0009,0.0134,0.0000,0,0.000000
6,58.3600,25.9782,128.3427,-84.3012,0.0185,-0.0944,0.0017,0.1950,-0.1191,-0.0297,35.2965,-0.1430,69.9733,0.1980,1.5090,-0.2762,31.6029,-1.9304,66.4921,0.0000,0.0000,0.0000,0.0000,0.0000,0.0000,0.0000,0.0000,0.0000,5.00,3.00,2.00,0.0009,0.0134,0.0000,0,0.000000
6,58.3800,26.0757,128.2831,-84.3160,0.0851,-0.0520,-0.0130,0.1950,-0.1191,-0.0297,35.3011,-0.1392,69.9702,0.1980,1.5090,-0.2762,31.6029,-1.9304,66.4921,0.0000,0.0000,0.0000,0.0000,0.0000,0.0000,0.0000,0.0000,0.0000,5.00,3.00,2.00,0.0181,0.0041,0.0002,0,0.000000
6,58.4000,26.1732,128.2236,-84.3309,0.0851,-0.0520,-0.0130,0.1950,-0.1191,-0.0297,35.3056,-0.1355,69.9670,0.1980,1.5090,-0.2762,31.6029,-1.9304,66.4921,0.0000,0.0000,0.0000,0.0000,0.0000,0.0000,0.0000,0.0000,0.0000,5.00,3.00,2.00,0.0181,0.0041,0.0002,0,0.000000
6,58.4200,26.2707,128.1640,-84.3458,0.0851,-0.0520,-0.0130,0.1950,-0.1191,-0.0297,35.3102,-0.1317,69.9638,0.1980,1.5090,-0.2762,31.6029,-1.9304,66.4921,0.0000,0.0000,0.0000,0.0000,0.0000,0.0000,0.0000,0.0000,0.0000,5.00,3.00,2.00,0.0181,0.0041,0.0002,0,0.000000
6,58.4400,26.3682,128.1044,-84.3606,0.0851,-0.0520,-0.0130,0.1950,-0.1191,-0.0297,35.3147,-0.1279,69.9606,0.1980,1.5090,-0.2762,31.6029,-1.9304,66.4921,0.0000,0.0000,0.0000,0.0000,0.0000,0.0000,0.0000,0.0000,0.0000,5.00,3.00,2.00,0.0181,0.0041,0.0002,0,0.000000
6,58.4600,26.4658,128.0449,-84.3755,0.0851,-0.0520,-0.0130,0.0840,-0.2343,-0.0168,35.3192,-0.1242,69.9574,1.1358,0.9410,-0.7946,31.6029,-1.9304,66.4921,0.0000,0.0000,0.0000,0.0000,0.0000,0.0000,0.0000,0.0000,0.0000,5.00,3.00,2.00,0.0181,0.0041,0.0002,0,0.000000
6,58.4800,26.5078,127.9277,-84.3839,0.0367,-0.1022,-0.0073,0.0840,-0.2343,-0.0168,35.3209,-0.1174,69.9554,1.1358,0.9410,-0.7946,31.6029,-1.9304,66.4921,0.0000,0.0000,0.0000,0.0000,0.0000,0.0000,0.0000,0.0000,0.0000,5.00,3.00,2.00,0.0034,0.0157,0.0001,0,0.000000
6,58.5000,26.5498,127.8105,-84.3923,0.0367,-0.1022,-0.0073,0.0840,-0.2343,-0.0168,35.3225,-0.1105,69.9534,1.1358,0.9410,-0.7946,31.6029,-1.9304,66.4921,0.0000,0.0000,0.0000,0.0000,0.0000,0.0000,0.0000,0.0000,0.0000,5.00,3.00,2.00,0.0034,0.0157,0.0001,0,0.000000
6,58.5200,26.5918,127.6934,-84.4006,0.0367,-0.1022,-0.0073,0.0840,-0.2343,-0.0168,35.3241,-0.1037,69.9513,1.1358,0.9410,-0.7946,31.6029,-1.9304,66.4921,0.0000,0.0000,0.0000,0.0000,0.0000,0.0000,0.0000,0.0000,0.0000,5.00,3.00,2.00,0.0034,0.0157,0.0001,0,0.000000
6,58.5400,26.6338,127.5762,-84.4090,0.0367,-0.1022,-0.0073,0.0840,-0.2343,-0.0168,35.3257,-0.0969,69.9493,1.1358,0.9410,-0.7946,31.6029,-1.9304,66.4921,0.0000,0.0000,0.0000,0.0000,0.0000,0.0000,0.0000,0.0000,0.0000,5.00,3.00,2.00,0.0034,0.0157,0.0001,0,0.000000
6,58.5600,26.6758,127.4591,-84.4174,0.0367,-0.1022,-0.0073,-0.3006,0.4061,0.2550,35.3273,-0.0901,69.9472,0.4028,1.7018,-0.5127,31.6029,-1.9304,66.4921,0.0000,0.0000,0.0000,0.0000,0.0000,0.0000,0.0000,0.0000,0.0000,5.00,3.00,2.00,0.0034,0.0157,0.0001,0,0.000000
6,58.5800,26.5255,127.6621,-84.2900,-0.1311,0.1772,0.1112,-0.3006,0.4061,0.2550,35.3221,-0.1051,69.9557,0.4028,1.7018,-0.5127,31.6029,-1.9304,66.4921,0.0000,0.0000,0.0000,0.0000,0.0000,0.0000,0.0000,0.0000,0.0000,5.00,3.00,2.00,0.0430,0.0471,0.0124,0,0.000000
6,58.6000,26.3753,127.8651,-84.1625,-0.1311,0.1772,0.1112,-0.3006,0.4061,0.2550,35.3169,-0.1200,69.9641,0.4028,1.7018,-0.5127,31.6029,-1.9304,66.4921,0.0000,0.0000,0.0000,0.0000,0.0000,0.0000,0.0000,0.0000,0.0000,5.00,3.00,2.00,0.0430,0.0471,0.0124,0,0.000000
6,58.6200,26.2250,128.0681,-84.0350,-0.1311,0.1772,0.1112,-0.3006,0.4061,0.2550,35.3116,-0.1350,69.9725,0.4028,1.7018,-0.5127,31.6029,-1.9304,66.4921,0.0000,0.0000,0.0000,0.0000,0.0000,0.0000,0.0000,0.0000,0.0000,5.00,3.00,2.00,0.0430,0.0471,0.0124,0,0.000000
6,58.6400,26.0747,128.2712,-83.9075,-0.1311,0.1772,0.1113,-0.3006,0.4061,0.2550,35.3062,-0.1500,69.9807,0.4028,1.7018,-0.5127,31.6029,-1.9304,66.4921,0.0000,0.0000,0.0000,0.0000,0.0000,0.0000,0.0000,0.0000,0.0000,5.00,3.00,2.00,0.0430,0.0471,0.0124,0,0.000000
6,58.6600,25.9244,128.4742,-83.7800,-0.1311,0.1772,0.1112,0.2517,0.1798,0.2089,35.3008,-0.1651,69.9890,-1.3268,-3.7495,2.0889,31.6029,-1.9304,66.4921,0.0000,0.0000,0.0000,0.0000,0.0000,0.0000,0.0000,0.0000,0.0000,5.00,3.00,2.00,0.0430,0.0471,0.0124,0,0.000000
6,58.6800,26.0503,128.5641,-83.6756,0.1098,0.0784,0.0912,0.2517,0.1798,0.2089,35.3087,-0.1732,69.9890,-1.3268,-3.7495,2.0889,31.6029,-1.9304,66.4921,0.0000,0.0000,0.0000,0.0000,0.0000,0.0000,0.0000,0.0000,0.0000,5.00,3.00,2.00,0.0302,0.0092,0.0083,0,0.000000
6,58.7000,26.1761,128.6540,-83.5711,0.1098,0.0784,0.0912,0.2517,0.1798,0.2089,35.3167,-0.1812,69.9891,-1.3268,-3.7495,2.0889,31.6029,-1.9304,66.4921,0.0000,0.0000,0.0000,0.0000,0.0000,0.0000,0.0000,0.0000,0.0000,5.00,3.00,2.00,0.0302,0.0092,0.0083,0,0.000000
6,58.7200,26.3020,128.7439,-83.4666,0.1098,0.0784,0.0912,0.2517,0.1798,0.2089,35.3246,-0.1893,69.9891,-1.3268,-3.7495,2.0889,31.6029,-1.9304,66.4921,0.0000,0.0000,0.0000,0.0000,0.0000,0.0000,0.0000,0.0000,0.0000,5.00,3.00,2.00,0.0302,0.0092,0.0083,0,0.000000
6,58.7400,26.4279,128.8338,-83.3622,0.1098,0.0785,0.0912,0.2517,0.1798,0.2089,35.3326,-0.1974,69.9890,-1.3268,-3.7495,2.0889,31.6029,-1.9304,66.4921,0.0000,0.0000,0.0000,0.0000,0.0000,0.0000,0.0000,0.0000,0.0000,5.00,3.00,2.00,0.0302,0.0092,0.0083,0,0.000000
6,58.7600,26.5537,128.9237,-83.2577,0.1098,0.0784,0.0912,0.2337,-0.1600,-0.2797,35.3405,-0.2056,69.9890,1.9880,-2.0218,0.0000,31.6029,-1.9304,66.4921,0.0000,0.0000,0.0000,0.0000,0.0000,0.0000,0.0000,0.0000,0.0000,5.00,3.00,2.00,0.0302,0.0092,0.0083,0,0.000000
6,58.7800,26.6706,128.8437,-83.3975,0.1020,-0.0698,-0.1220,0.2337,-0.1600,-0.2797,35.3445,-0.1970,69.9820,1.9880,-2.0218,0.0000,31.6029,-1.9304,66.4921,0.0000,0.0000,0.0000,0.0000,0.0000,0.0000,0.0000,0.0000,0.0000,5.00,3.00,2.00,0.0260,0.0073,0.0149,0,0.000000
6,58.8000,26.7875,128.7637,-83.5374,0.1020,-0.0698,-0.1220,0.2337,-0.1600,-0.2797,35.3484,-0.1884,69.9751,1.9880,-2.0218,0.0000,31.6029,-1.9304,66.4921,0.0000,0.0000,0.0000,0.0000,0.0000,0.0000,0.0000,0.0000,0.0000,5.00,3.00,2.00,0.0260,0.0073,0.0149,0,0.000000
6,58.8200,26.9044,128.6837,-83.6772,0.1020,-0.0698,-0.1220,0.2337,-0.1600,-0.2797,35.3523,-0.1799,69.9681,1.9880,-2.0218,0.0000,31.6029,-1.9304,66.4921,0.0000,0.0000,0.0000,0.0000,0.0000,0.0000,0.0000,0.0000,0.0000,5.00,3.00,2.00,0.0260,0.0073,0.0149,0,0.000000
6,58.8400,27.0212,128.6037,-83.8170,0.1020,-0.0698,-0.1220,0.2337,-0.1600,-0.2797,35.3562,-0.1714,69.9611,1.9880,-2.0218,0.0000,31.6029,-1.9304,66.4921,0.0000,0.0000,0.0000,0.0000,0.0000,0.0000,0.0000,0.0000,0.0000,5.00,3.00,2.00,0.0260,0.0073,0.0149,0,0.000000
6,58.8600,27.1381,128.5237,-83.9569,0.1020,-0.0698,-0.1220,0.0408,0.0493,0.0635,35.3600,-0.1629,69.9541,0.9718,2.1331,-1.7441,31.6029,-1.9304,66.4921,0.0000,0.0000,0.0000,0.0000,0.0000,0.0000,0.0000,0.0000,0.0000,5.00,3.00,2.00,0.0260,0.0073,0.0149,0,0.000000
6,58.8800,27.1585,128.5483,-83.9251,0.0178,0.0215,0.0277,0.0408,0.0493,0.0635,35.3615,-0.1652,69.9545,0.9718,2.1331,-1.7441,31.6029,-1.9304,66.4921,0.0000,0.0000,0.0000,0.0000,0.0000,0.0000,0.0000,0.0000,0.0000,5.00,3.00,2.00,0.0008,0.0007,0.0008,0,0.000000
6,58.9000,27.1789,128.5730,-83.8933,0.0178,0.0215,0.0277,0.0408,0.0493,0.0635,35.3630,-0.1675,69.9549,0.9718,2.1331,-1.7441,31.6029,-1.9304,66.4921,0.0000,0.0000,0.0000,0.0000,0.0000,0.0000,0.0000,0.0000,0.0000,5.00,3.00,2.00,0.0008,0.0007,0.0008,0,0.000000
6,58.9200,27.1993,128.5977,-83.8616,0.0178,0.0215,0.0277,0.0408,0.0493,0.0635,35.3645,-0.1698,69.9554,0.9718,2.1331,-1.7441,31.6029,-1.9304,66.4921,0.0000,0.0000,0.0000,0.0000,0.0000,0.0000,0.0000,0.0000,0.0000,5.00,3.00,2.00,0.0008,0.0007,0.0008,0,0.000000
6,58.9400,27.2197,128.6223,-83.8298,0.0178,0.0215,0.0277,0.0408,0.0493,0.0635,35.3660,-0.1721,69.9558,0.9718,2.1331,-1.7441,31.6029,-1.9304,66.4921,0.0000,0.0000,0.0000,0.0000,0.0000,0.0000,0.0000,0.0000,0.0000,5.00,3.00,2.00,0.0008,0.0007,0.0008,0,0.000000
6,58.9600,27.2401,128.6470,-83.7981,0.0178,0.0215,0.0277,0.5438,0.3453,-0.1014,35.3675,-0.1744,69.9562,0.3780,-0.5740,0.1057,31.6029,-1.9304,66.4921,0.0000,0.0000,0.0000,0.0000,0.0000,0.0000,0.0000,0.0000,0.0000,5.00,3.00,2.00,0.0008,0.0007,0.0008,0,0.000000
6,58.9800,27.5120,128.8197,-83.8488,0.2373,0.1507,-0.0443,0.5438,0.3453,-0.1014,35.3810,-0.1827,69.9488,0.3780,-0.5740,0.1057,31.6029,-1.9304,66.4921,0.0000,0.0000,0.0000,0.0000,0.0000,0.0000,0.0000,0.0000,0.0000,5.00,3.00,2.00,0.1408,0.0341,0.0020,0,0.000000
6,59.0000,27.7839,128.9923,-83.8995,0.2373,0.1507,-0.0442,0.5438,0.3453,-0.1014,35.3944,-0.1910,69.9413,0.3780,-0.5740,0.1057,31.6029,-1.9304,66.4921,0.0000,0.0000,0.0000,0.0000,0.0000,0.0000,0.0000,0.0000,0.0000,5.00,3.00,2.00,0.1408,0.0341,0.0020,0,0.000000
6,59.0200,28.0558,129.1650,-83.9502,0.2373,0.1507,-0.0443,0.5438,0.3453,-0.1014,35.4078,-0.1993,69.9337,0.3780,-0.5740,0.1057,31.6029,-1.9304,66.4921,0.0000,0.0000,0.0000,0.0000,0.0000,0.0000,0.0000,0.0000,0.0000,5.00,3.00,2.00,0.1408,0.0341,0.0020,0,0.000000
6,59.0400,28.3277,129.3377,-84.0009,0.2373,0.1507,-0.0443,0.5438,0.3453,-0.1014,35.4211,-0.2076,69.9260,0.3780,-0.5740,0.1057,31.6029,-1.9304,66.4921,0.0000,0.0000,0.0000,0.0000,0.0000,0.0000,0.0000,0.0000,0.0000,5.00,3.00,2.00,0.1408,0.0341,0.0020,0,0.000000
6,59.0600,28.5996,129.5103,-84.0516,0.2373,0.1507,-0.0442,-0.3189,-0.2313,0.2047,35.4344,-0.2159,69.9183,3.3434,-2.0763,-1.8940,31.6029,-1.9304,66.4921,0.0000,0.0000,0.0000,0.0000,0.0000,0.0000,0.0000,0.0000,0.0000,5.00,3.00,2.00,0.1408,0.0341,0.0020,0,0.000000
6,59.0800,28.4402,129.3947,-83.9492,-0.1392,-0.1009,0.0893,-0.3189,-0.2313,0.2047,35.4276,-0.2123,69.9246,3.3434,-2.0763,-1.8940,31.6029,-1.9304,66.4921,0.0000,0.0000,0.0000,0.0000,0.0000,0.0000,0.0000,0.0000,0.0000,5.00,3.00,2.00,0.0484,0.0153,0.0080,0,0.000000
6,59.1000,28.2807,129.2791,-83.8469,-0.1391,-0.1009,0.0893,-0.3189,-0.2313,0.2047,35.4207,-0.2087,69.9309,3.3434,-2.0763,-1.8940,31.6029,-1.9304,66.4921,0.0000,0.0000,0.0000,0.0000,0.0000,0.0000,0.0000,0.0000,0.0000,5.00,3.00,2.00,0.0484,0.0153,0.0080,0,0.000000
6,59.1200,28.1213,129.1635,-83.7445,-0.1391,-0.1009,0.0893,-0.3189,-0.2313,0.2047,35.4138,-0.2051,69.9371,3.3434,-2.0763,-1.8940,31.6029,-1.9304,66.4921,0.0000,0.0000,0.0000,0.0000,0.0000,0.0000,0.0000,0.0000,0.0000,5.00,3.00,2.00,0.0484,0.0153,0.0080,0,0.000000
6,59.1400,27.9618,129.0478,-83.6421,-0.1391,-0.1009,0.0893,-0.3189,-0.2313,0.2047,35.4069,-0.2015,69.9433,3.3434,-2.0763,-1.8940,31.6029,-1.9304,66.4921,0.0000,0.0000,0.0000,0.0000,0.0000,0.0000,0.0000,0.0000,0.0000,5.00,3.00,2.00,0.0484,0.0153,0.0080,0,0.000000
6,59.1600,27.8024,128.9322,-83.5397,-0.1391,-0.1009,0.0893,-0.5976,-0.2806,0.0228,35.3999,-0.1979,69.9495,-1.7225,0.8994,1.5614,31.6029,-1.9304,66.4921,0.0000,0.0000,0.0000,0.0000,0.0000,0.0000,0.0000,0.0000,0.0000,5.00,3.00,2.00,0.0484,0.0153,0.0080,0,0.000000
6,59.1800,27.5035,128.7919,-83.5284,-0.2608,-0.1224,0.0099,-0.5976,-0.2806,0.0228,35.3847,-0.1903,69.9570,-1.7225,0.8994,1.5614,31.6029,-1.9304,66.4921,0.0000,0.0000,0.0000,0.0000,0.0000,0.0000,0.0000,0.0000,0.0000,5.00,3.00,2.00,0.1700,0.0225,0.0001,0,0.000000
6,59.2000,27.2047,128.6516,-83.5170,-0.2608,-0.1224,0.0099,-0.5976,-0.2806,0.0228,35.3694,-0.1827,69.9643,-1.7225,0.8994,1.5614,31.6029,-1.9304,66.4921,0.0000,0.0000,0.0000,0.0000,0.0000,0.0000,0.0000,0.0000,0.0000,5.00,3.00,2.00,0.1700,0.0225,0.0001,0,0.000000
6,59.2200,26.9059,128.5113,-83.5056,-0.2608,-0.1224,0.0099,-0.5976,-0.2806,0.0228,35.3541,-0.1750,69.9715,-1.7225,0.8994,1.5614,31.6029,-1.9304,66.4921,0.0000,0.0000,0.0000,0.0000,0.0000,0.0000,0.0000,0.0000,0.0000,5.00,3.00,2.00,0.1700,0.0225,0.0001,0,0.000000
6,59.2400,26.6071,128.3710,-83.4942,-0.2608,-0.1224,0.0099,-0.5976,-0.2806,0.0228,35.3387,-0.1674,69.9786,-1.7225,0.8994,1.5614,31.6029,-1.9304,66.4921,0.0000,0.0000,0.0000,0.0000,0.0000,0.0000,0.0000,0.0000,0.0000,5.00,3.00,2.00,0.1700,0.0225,0.0001,0,0.000000
6,59.2600,26.3083,128.2307,-83.4828,-0.2608,-0.1224,0.0099,-0.1637,0.3806,-0.7853,35.3233,-0.1598,69.9857,-3.8301,1.9062,1.8059,31.6029,-1.9304,66.4921,0.0000,0.0000,0.0000,0.0000,0.0000,0.0000,0.0000,0.0000,0.0000,5.00,3.00,2.00,0.1700,0.0225,0.0001,0,0.000000
6,59.2800,26.2265,128.4210,-83.8755,-0.0714,0.1661,-0.3427,-0.1637,0.3806,-0.7853,35.3147,-0.1594,69.9787,-3.8301,1.9062,1.8059,31.6029,-1.9304,66.4921,0.0000,0.0000,0.0000,0.0000,0.0000,0.0000,0.0000,0.0000,0.0000,5.00,3.00,2.00,0.0128,0.0414,0.1174,0,0.000000
6,59.3000,26.1446,128.6112,-84.2681,-0.0714,0.1660,-0.3427,-0.1637,0.3806,-0.7853,35.3061,-0.1590,69.9717,-3.8301,1.9062,1.8059,31.6029,-1.9304,66.4921,0.0000,0.0000,0.0000,0.0000,0.0000,0.0000,0.0000,0.0000,0.0000,5.00,3.00,2.00,0.0128,0.0414,0.1174,0,0.000000
6,59.3200,26.0628,128.8015,-84.6608,-0.0714,0.1660,-0.3427,-0.1637,0.3806,-0.7853,35.2976,-0.1587,69.9646,-3.8301,1.9062,1.8059,31.6029,-1.9304,66.4921,0.0000,0.0000,0.0000,0.0000,0.0000,0.0000,0.0000,0.0000,0.0000,5.00,3.00,2.00,0.0128,0.0414,0.1174,0,0.000000
6,59.3400,25.9809,128.9918,-85.0534,-0.0714,0.1660,-0.3427,-0.1637,0.3806,-0.7853,35.2890,-0.1583,69.9575,-3.8301,1.9062,1.8059,31.6029,-1.9304,66.4921,0.0000,0.0000,0.0000,0.0000,0.0000,0.0000,0.0000,0.0000,0.0000,5.00,3.00,2.00,0.0128,0.0414,0.1174,0,0.000000
6,59.3600,25.8991,129.1821,-85.4461,-0.0714,0.1660,-0.3427,0.3688,0.4670,0.3670,35.2804,-0.1579,69.9503,-2.1469,0.0930,-1.7681,31.6029,-1.9304,66.4921,0.0000,0.0000,0.0000,0.0000,0.0000,0.0000,0.0000,0.0000,0.0000,5.00,3.00,2.00,0.0128,0.0414,0.1174,0,0.000000
6,59.3800,26.0835,129.4155,-85.2626,0.1609,0.2037,0.1602,0.3688,0.4670,0.3670,35.2926,-0.1761,69.9519,-2.1469,0.0930,-1.7681,31.6029,-1.9304,66.4921,0.0000,0.0000,0.0000,0.0000,0.0000,0.0000,0.0000,0.0000,0.0000,5.00,3.00,2.00,0.0647,0.0623,0.0256,0,0.000000
6,59.4000,26.2679,129.6490,-85.0791,0.1609,0.2038,0.1601,0.3688,0.4670,0.3670,35.3049,-0.1943,69.9534,-2.1469,0.0930,-1.7681,31.6029,-1.9304,66.4921,0.0000,0.0000,0.0000,0.0000,0.0000,0.0000,0.0000,0.0000,0.0000,5.00,3.00,2.00,0.0648,0.0623,0.0256,0,0.000000
6,59.4200,26.4523,129.8825,-84.8955,0.1609,0.2038,0.1602,0.3688,0.4670,0.3670,35.3171,-0.2127,69.9547,-2.1469,0.0930,-1.7681,31.6029,-1.9304,66.4921,0.0000,0.0000,0.0000,0.0000,0.0000,0.0000,0.0000,0.0000,0.0000,5.00,3.00,2.00,0.0648,0.0623,0.0257,0,0.000000
6,59.4400,26.6367,130.1160,-84.7120,0.1609,0.2038,0.1601,0.3688,0.4670,0.3670,35.3292,-0.2310,69.9559,-2.1469,0.0930,-1.7681,31.6029,-1.9304,66.4921,0.0000,0.0000,0.0000,0.0000,0.0000,0.0000,0.0000,0.0000,0.0000,5.00,3.00,2.00,0.0647,0.0623,0.0256,0,0.000000
6,59.4600,26.8212,130.3495,-84.5285,0.1609,0.2038,0.1602,0.7233,0.2043,0.0933,35.3413,-0.2495,69.9569,3.0470,-4.5768,0.3300,31.6029,-1.9304,66.4921,0.0000,0.0000,0.0000,0.0000,0.0000,0.0000,0.0000,0.0000,0.0000,5.00,3.00,2.00,0.0648,0.0623,0.0256,0,0.000000
6,59.4800,27.1828,130.4516,-84.4819,0.3156,0.0891,0.0407,0.7233,0.2043,0.0933,35.3603,-0.2566,69.9492,3.0470,-4.5768,0.3300,31.6029,-1.9304,66.4921,0.0000,0.0000,0.0000,0.0000,0.0000,0.0000,0.0000,0.0000,0.0000,5.00,3.00,2.00,0.2490,0.0119,0.0017,0,0.000000
6,59.5000,27.5444,130.5538,-84.4352,0.3156,0.0891,0.0407,0.7233,0.2043,0.0933,35.3793,-0.2637,69.9415,3.0470,-4.5768,0.3300,31.6029,-1.9304,66.4921,0.0000,0.0000,0.0000,0.0000,0.0000,0.0000,0.0000,0.0000,0.0000,5.00,3.00,2.00,0.2490,0.0119,0.0017,0,0.000000
6,59.5200,27.9060,130.6559,-84.3886,0.3156,0.0891,0.0407,0.7233,0.2043,0.0933,35.3981,-0.2708,69.9335,3.0470,-4.5768,0.3300,31.6029,-1.9304,66.4921,0.0000,0.0000,0.0000,0.0000,0.0000,0.0000,0.0000,0.0000,0.0000,5.00,3.00,2.00,0.2490,0.0119,0.0017,0,0.000000
6,59.5400,28.2677,130.7581,-84.3420,0.3156,0.0891,0.0407,0.7233,0.2043,0.0933,35.4170,-0.2779,69.9255,3.0470,-4.5768,0.3300,31.6029,-1.9304,66.4921,0.0000,0.0000,0.0000,0.0000,0.0000,0.0000,0.0000,0.0000,0.0000,5.00,3.00,2.00,0.2490,0.0119,0.0017,0,0.000000
6,59.5600,28.6293,130.8602,-84.2953,0.3156,0.0891,0.0407,-0.1598,-0.3131,0.2505,35.4357,-0.2851,69.9173,4.7201,-1.7803,-1.9802,31.6029,-1.9304,66.4921,0.0000,0.0000,0.0000,0.0000,0.0000,0.0000,0.0000,0.0000,0.0000,5.00,3.00,2.00,0.2490,0.0119,0.0017,0,0.000000
6,59.5800,28.5494,130.7036,-84.1701,-0.0697,-0.1366,0.1093,-0.1598,-0.3131,0.2505,35.4331,-0.2799,69.9219,4.7201,-1.7803,-1.9802,31.6029,-1.9304,66.4921,0.0000,0.0000,0.0000,0.0000,0.0000,0.0000,0.0000,0.0000,0.0000,5.00,3.00,2.00,0.0122,0.0280,0.0119,0,0.000000
6,59.6000,28.4695,130.5471,-84.0449,-0.0697,-0.1366,0.1093,-0.1598,-0.3131,0.2505,35.4305,-0.2747,69.9265,4.7201,-1.7803,-1.9802,31.6029,-1.9304,66.4921,0.0000,0.0000,0.0000,0.0000,0.0000,0.0000,0.0000,0.0000,0.0000,5.00,3.00,2.00,0.0122,0.0280,0.0119,0,0.000000
6,59.6200,28.3895,130.3905,-83.9196,-0.0697,-0.1366,0.1093,-0.1598,-0.3131,0.2505,35.4278,-0.2695,69.9311,4.7201,-1.7803,-1.9802,31.6029,-1.9304,66.4921,0.0000,0.0000,0.0000,0.0000,0.0000,0.0000,0.0000,0.0000,0.0000,5.00,3.00,2.00,0.0122,0.0280,0.0119,0,0.000000
6,59.6400,28.3096,130.2340,-83.7944,-0.0697,-0.1366,0.1093,-0.1598,-0.3131,0.2505,35.4252,-0.2643,69.9357,4.7201,-1.7803,-1.9802,31.6029,-1.9304,66.4921,0.0000,0.0000,0.0000,0.0000,0.0000,0.0000,0.0000,0.0000,0.0000,5.00,3.00,2.00,0.0122,0.0280,0.0119,0,0.000000
6,59.6600,28.2297,130.0774,-83.6692,-0.0697,-0.1366,0.1093,-0.5282,0.1586,-0.2018,35.4225,-0.2591,69.9403,-0.6639,1.2984,1.1490,31.6029,-1.9304,66.4921,0.0000,0.0000,0.0000,0.0000,0.0000,0.0000,0.0000,0.0000,0.0000,5.00,3.00,2.00,0.0122,0.0280,0.0119,0,0.000000
6,59.6800,27.9656,130.1567,-83.7701,-0.2304,0.0692,-0.0881,-0.5282,0.1586,-0.2018,35.4081,-0.2606,69.9452,-0.6639,1.2984,1.1490,31.6029,-1.9304,66.4921,0.0000,0.0000,0.0000,0.0000,0.0000,0.0000,0.0000,0.0000,0.0000,5.00,3.00,2.00,0.1328,0.0072,0.0078,0,0.000000
6,59.7000,27.7016,130.2360,-83.8710,-0.2305,0.0692,-0.0881,-0.5282,0.1586,-0.2018,35.3937,-0.2622,69.9500,-0.6639,1.2984,1.1490,31.6029,-1.9304,66.4921,0.0000,0.0000,0.0000,0.0000,0.0000,0.0000,0.0000,0.0000,0.0000,5.00,3.00,2.00,0.1328,0.0072,0.0078,0,0.000000
6,59.7200,27.4375,130.3153,-83.9719,-0.2305,0.0692,-0.0881,-0.5282,0.1586,-0.2018,35.3794,-0.2637,69.9547,-0.6639,1.2984,1.1490,31.6029,-1.9304,66.4921,0.0000,0.0000,0.0000,0.0000,0.0000,0.0000,0.0000,0.0000,0.0000,5.00,3.00,2.00,0.1328,0.0072,0.0078,0,0.000000
6,59.7400,27.1734,130.3946,-84.0728,-0.2304,0.0692,-0.0881,-0.5282,0.1586,-0.2018,35.3650,-0.2653,69.9594,-0.6639,1.2984,1.1490,31.6029,-1.9304,66.4921,0.0000,0.0000,0.0000,0.0000,0.0000,0.0000,0.0000,0.0000,0.0000,5.00,3.00,2.00,0.1328,0.0072,0.0078,0,0.000000
6,59.7600,26.9093,130.4739,-84.1737,-0.2305,0.0692,-0.0881,-0.4656,0.1205,-0.3071,35.3505,-0.2668,69.9640,-3.5961,-0.3849,1.1883,31.6029,-1.9304,66.4921,0.0000,0.0000,0.0000,0.0000,0.0000,0.0000,0.0000,0.0000,0.0000,5.00,3.00,2.00,0.1328,0.0072,0.0078,0,0.000000
6,59.7800,26.6765,130.5341,-84.3273,-0.2032,0.0526,-0.1340,-0.4656,0.1205,-0.3071,35.3370,-0.2657,69.9664,-3.5961,-0.3849,1.1883,31.6029,-1.9304,66.4921,0.0000,0.0000,0.0000,0.0000,0.0000,0.0000,0.0000,0.0000,0.0000,5.00,3.00,2.00,0.1032,0.0041,0.0180,0,0.000000
6,59.8000,26.4437,130.5943,-84.4808,-0.2032,0.0526,-0.1340,-0.4656,0.1205,-0.3071,35.3235,-0.2646,69.9687,-3.5961,-0.3849,1.1883,31.6029,-1.9304,66.4921,0.0000,0.0000,0.0000,0.0000,0.0000,0.0000,0.0000,0.0000,0.0000,5.00,3.00,2.00,0.1032,0.0041,0.0180,0,0.000000
6,59.8200,26.2109,130.6546,-84.6344,-0.2032,0.0526,-0.1340,-0.4656,0.1205,-0.3071,35.3099,-0.2636,69.9709,-3.5961,-0.3849,1.1883,31.6029,-1.9304,66.4921,0.0000,0.0000,0.0000,0.0000,0.0000,0.0000,0.0000,0.0000,0.0000,5.00,3.00,2.00,0.1032,0.0041,0.0180,0,0.000000
6,59.8400,25.9781,130.7148,-84.7880,-0.2032,0.0526,-0.1340,-0.4656,0.1205,-0.3071,35.2964,-0.2625,69.9730,-3.5961,-0.3849,1.1883,31.6029,-1.9304,66.4921,0.0000,0.0000,0.0000,0.0000,0.0000,0.0000,0.0000,0.0000,0.0000,5.00,3.00,2.00,0.1032,0.0041,0.0180,0,0.000000
6,59.8600,25.7453,130.7751,-84.9415,-0.2032,0.0526,-0.1340,0.4528,-0.1307,0.0394,35.2828,-0.2614,69.9751,-3.3850,0.2682,0.5535,31.6029,-1.9304,66.4921,0.0000,0.0000,0.0000,0.0000,0.0000,0.0000,0.0000,0.0000,0.0000,5.00,3.00,2.00,0.1032,0.0041,0.0180,0,0.000000
6,59.8800,25.9717,130.7097,-84.9218,0.1976,-0.0570,0.0172,0.4528,-0.1307,0.0394,35.2944,-0.2583,69.9698,-3.3850,0.2682,0.5535,31.6029,-1.9304,66.4921,0.0000,0.0000,0.0000,0.0000,0.0000,0.0000,0.0000,0.0000,0.0000,5.00,3.00,2.00,0.0976,0.0049,0.0003,0,0.000000
6,59.9000,26.1981,130.6443,-84.9021,0.1976,-0.0571,0.0172,0.4528,-0.1307,0.0394,35.3059,-0.2552,69.9644,-3.3850,0.2682,0.5535,31.6029,-1.9304,66.4921,0.0000,0.0000,0.0000,0.0000,0.0000,0.0000,0.0000,0.0000,0.0000,5.00,3.00,2.00,0.0976,0.0049,0.0003,0,0.000000
6,59.9200,26.4245,130.5790,-84.8824,0.1976,-0.0570,0.0172,0.4528,-0.1307,0.0394,35.3174,-0.2521,69.9590,-3.3850,0.2682,0.5535,31.6029,-1.9304,66.4921,0.0000,0.0000,0.0000,0.0000,0.0000,0.0000,0.0000,0.0000,0.0000,5.00,3.00,2.00,0.0976,0.0049,0.0003,0,0.000000
6,59.9400,26.6509,130.5136,-84.8627,0.1976,-0.0571,0.0172,0.4528,-0.1307,0.0394,35.3289,-0.2490,69.9535,-3.3850,0.2682,0.5535,31.6029,-1.9304,66.4921,0.0000,0.0000,0.0000,0.0000,0.0000,0.0000,0.0000,0.0000,0.0000,5.00,3.00,2.00,0.0976,0.0049,0.0003,0,0.000000
6,59.9600,26.8773,130.4482,-84.8430,0.1976,-0.0570,0.0172,0.5493,0.0128,-0.4010,35.3404,-0.2459,69.9480,2.8767,0.7755,-1.3561,31.6029,-1.9304,66.4921,0.0000,0.0000,0.0000,0.0000,0.0000,0.0000,0.0000,0.0000,0.0000,5.00,3.00,2.00,0.0976,0.0049,0.0003,0,0.000000
6,59.9800,27.1519,130.4546,-85.0435,0.2397,0.0056,-0.1750,0.5493,0.0128,-0.4010,35.3515,-0.2405,69.9360,2.8767,0.7755,-1.3561,31.6029,-1.9304,66.4921,0.0000,0.0000,0.0000,0.0000,0.0000,0.0000,0.0000,0.0000,0.0000,5.00,3.00,2.00,0.1436,0.0000,0.0306,0,0.000000
6,60.0000,27.4266,130.4610,-85.2440,0.2397,0.0056,-0.1750,0.5493,0.0128,-0.4010,35.3626,-0.2351,69.9239,2.8767,0.7755,-1.3561,31.6029,-1.9304,66.4921,0.0000,0.0000,0.0000,0.0000,0.0000,0.0000,0.0000,0.0000,0.0000,5.00,3.00,2.00,0.1436,0.0000,0.0306,0,0.000000
6,60.0200,27.7012,130.4674,-85.4445,0.2397,0.0056,-0.1750,0.5493,0.0128,-0.4010,35.3736,-0.2297,69.9117,2.8767,0.7755,-1.3561,31.6029,-1.9304,66.4921,0.0000,0.0000,0.0000,0.0000,0.0000,0.0000,0.0000,0.0000,0.0000,5.00,3.00,2.00,0.1436,0.0000,0.0306,0,0.000000
