Episode,Timestamp,Base_Angle,Shoulder_Angle,Elbow_Angle,Base_Velocity,Shoulder_Velocity,Elbow_Velocity,Base_Control,Shoulder_Control,Elbow_Control,Magnet_Pos_X,Magnet_Pos_Y,Magnet_Pos_Z,Magnet_Vel_X,Magnet_Vel_Y,Magnet_Vel_Z,Box_Pos_X,Box_Pos_Y,Box_Pos_Z,Box_Vel_X,Box_Vel_Y,Box_Vel_Z,Base_Torque_Nm,Shoulder_Torque_Nm,Elbow_Torque_Nm,Base_Power_W,Shoulder_Power_W,Elbow_Power_W,Base_Mass_kg,Shoulder_Mass_kg,Elbow_Mass_kg,Base_KE_J,Shoulder_KE_J,Elbow_KE_J,Box_Attached,Energy_Step_J
26,0.0200,0.0000,45.0000,-30.0000,0.0000,0.0000,0.0000,0.0000,-1.0000,-1.0000,3.3409,-53.0943,-3.9111,0.0000,0.0000,0.0000,-0.2847,-1.7843,-3.3470,0.0000,-0.1942,0.0000,0.0000,0.0000,0.0000,0.0000,0.0000,0.0000,5.00,3.00,2.00,0.0000,0.0000,0.0000,0,0.000000
26,0.0200,0.0000,45.0000,-30.0000,0.0000,0.0000,0.0000,0.0000,-1.0000,-1.0000,3.3557,-53.7344,-3.9384,0.0000,0.0000,0.0000,2.8070,-1.7843,-1.5448,0.0000,-0.1942,0.0000,0.0000,0.0000,0.0000,0.0000,0.0000,0.0000,5.00,3.00,2.00,0.0000,0.0000,0.0000,0,0.000000
26,0.0200,0.0000,45.0000,-30.0000,0.0000,0.0000,0.0000,0.0000,-1.0000,-1.0000,3.3705,-54.3785,-3.9656,0.7398,-32.2048,-1.3622,0.9518,-1.7843,-2.6599,0.0000,-0.1942,0.0000,0.0000,0.0000,0.0000,0.0000,0.0000,0.0000,5.00,3.00,2.00,0.0000,0.0000,0.0000,0,0.000000
27,0.0200,0.0000,45.0000,-30.0000,0.0000,0.0000,0.0000,0.0000,-1.0000,-1.0000,3.3853,-55.0265,-3.9929,0.0000,0.0000,0.0000,1.7063,-1.7843,-1.6137,0.0000,-0.1942,0.0000,0.0000,0.0000,0.0000,0.0000,0.0000,0.0000,5.00,3.00,2.00,0.0000,0.0000,0.0000,0,0.000000
27,0.0200,0.0000,45.0000,-30.0000,0.0000,0.0000,0.0000,0.0000,-1.0000,-1.0000,3.4001,-55.6785,-4.0201,0.0000,0.0000,0.0000,-0.3962,-1.7843,1.9244,0.0000,-0.1942,0.0000,0.0000,0.0000,0.0000,0.0000,0.0000,0.0000,5.00,3.00,2.00,0.0000,0.0000,0.0000,0,0.000000
27,0.0200,0.0000,45.0000,-30.0000,0.0000,0.0000,0.0000,0.0000,-1.0000,-1.0000,3.4149,-56.3343,-4.0474,0.0000,0.0000,0.0000,-2.0201,-1.7843,-1.3034,0.0000,-0.1942,0.0000,0.0000,0.0000,0.0000,0.0000,0.0000,0.0000,5.00,3.00,2.00,0.0000,0.0000,0.0000,0,0.000000
27,0.0200,0.0000,45.0000,-30.0000,0.0000,0.0000,0.0000,0.0000,-1.0000,-1.0000,3.4297,-56.9941,-4.0746,0.0000,0.0000,0.0000,-1.3214,-1.7843,1.3158,0.0000,-0.1942,0.0000,0.0000,0.0000,0.0000,0.0000,0.0000,0.0000,5.00,3.00,2.00,0.0000,0.0000,0.0000,0,0.000000
27,0.0200,0.0000,45.0000,-30.0000,0.0000,0.0000,0.0000,0.0000,-1.0000,-1.0000,3.4445,-57.6578,-4.1019,0.7398,-33.1858,-1.3622,-3.5309,-1.7843,-0.6026,0.0000,-0.1942,0.0000,0.0000,0.0000,0.0000,0.0000,0.0000,0.0000,5.00,3.00,2.00,0.0000,0.0000,0.0000,0,0.000000
28,0.0200,0.0000,45.0000,-30.0000,0.0000,0.0000,0.0000,0.0000,-1.0000,-1.0000,3.4593,-58.3255,-4.1291,0.0000,0.0000,0.0000,1.6711,-1.7843,-0.2954,0.0000,-0.1942,0.0000,0.0000,0.0000,0.0000,0.0000,0.0000,0.0000,5.00,3.00,2.00,0.0000,0.0000,0.0000,0,0.000000
28,0.0200,0.0000,45.0000,-30.0000,0.0000,0.0000,0.0000,0.0000,-1.0000,-1.0000,3.4741,-58.9970,-4.1564,0.0000,0.0000,0.0000,-2.1805,-1.7843,-0.0364,0.0000,-0.1942,0.0000,0.0000,0.0000,0.0000,0.0000,0.0000,0.0000,5.00,3.00,2.00,0.0000,0.0000,0.0000,0,0.000000
28,0.0200,0.0000,45.0000,-30.0000,0.0000,0.0000,0.0000,0.0000,-1.0000,-1.0000,3.4889,-59.6725,-4.1836,0.0000,0.0000,0.0000,0.8037,-1.7843,0.2869,0.0000,-0.1942,0.0000,0.0000,0.0000,0.0000,0.0000,0.0000,0.0000,5.00,3.00,2.00,0.0000,0.0000,0.0000,0,0.000000
28,0.0200,0.0000,45.0000,-30.0000,0.0000,0.0000,0.0000,0.0000,-1.0000,-1.0000,3.5037,-60.3519,-4.2109,0.0000,0.0000,0.0000,2.5685,-1.7843,-0.8369,0.0000,-0.1942,0.0000,0.0000,0.0000,0.0000,0.0000,0.0000,0.0000,5.00,3.00,2.00,0.0000,0.0000,0.0000,0,0.000000
28,0.0200,0.0000,45.0000,-30.0000,0.0000,0.0000,0.0000,0.0000,-1.0000,-1.0000,3.5185,-61.0352,-4.2381,0.7398,-34.1665,-1.3624,-1.7578,-1.7843,-2.2314,0.0000,-0.1942,0.0000,0.0000,0.0000,0.0000,0.0000,0.0000,0.0000,5.00,3.00,2.00,0.0000,0.0000,0.0000,0,0.000000
29,0.0200,0.0000,45.0000,-30.0000,0.0000,0.0000,0.0000,0.0000,-1.0000,-1.0000,3.5333,-61.7225,-4.2654,0.0000,0.0000,0.0000,-2.0075,-1.7843,0.2613,0.0000,-0.1942,0.0000,0.0000,0.0000,0.0000,0.0000,0.0000,0.0000,5.00,3.00,2.00,0.0000,0.0000,0.0000,0,0.000000
29,0.0200,0.0000,45.0000,-30.0000,0.0000,0.0000,0.0000,0.0000,-1.0000,-1.0000,3.5481,-62.4137,-4.2926,0.0000,0.0000,0.0000,0.3131,-1.7843,1.3996,0.0000,-0.1942,0.0000,0.0000,0.0000,0.0000,0.0000,0.0000,0.0000,5.00,3.00,2.00,0.0000,0.0000,0.0000,0,0.000000
29,0.0200,0.0000,45.0000,-30.0000,0.0000,0.0000,0.0000,0.0000,-1.0000,-1.0000,3.5629,-63.1088,-4.3199,0.0000,0.0000,0.0000,-0.1224,-1.7843,1.9610,0.0000,-0.1942,0.0000,0.0000,0.0000,0.0000,0.0000,0.0000,0.0000,5.00,3.00,2.00,0.0000,0.0000,0.0000,0,0.000000
29,0.0200,0.0000,45.0000,-30.0000,0.0000,0.0000,0.0000,0.0000,-1.0000,-1.0000,3.5777,-63.8078,-4.3471,0.0000,0.0000,0.0000,-1.4194,-1.7843,-3.1610,0.0000,-0.1942,0.0000,0.0000,0.0000,0.0000,0.0000,0.0000,0.0000,5.00,3.00,2.00,0.0000,0.0000,0.0000,0,0.000000
29,0.0200,0.0000,45.0000,-30.0000,0.0000,0.0000,0.0000,0.0000,-1.0000,-1.0000,3.5925,-64.5108,-4.3744,0.7398,-35.1479,-1.3622,-2.0210,-1.7843,-2.1359,0.0000,-0.1942,0.0000,0.0000,0.0000,0.0000,0.0000,0.0000,0.0000,5.00,3.00,2.00,0.0000,0.0000,0.0000,0,0.000000
30,0.0200,0.0000,45.0000,-30.0000,0.0000,0.0000,0.0000,0.0000,-1.0000,-1.0000,3.6073,-65.2176,-4.4016,0.0000,0.0000,0.0000,-1.5642,-1.7843,1.6667,0.0000,-0.1942,0.0000,0.0000,0.0000,0.0000,0.0000,0.0000,0.0000,5.00,3.00,2.00,0.0000,0.0000,0.0000,0,0.000000
30,0.0200,0.0000,45.0000,-30.0000,0.0000,0.0000,0.0000,0.0000,-1.0000,-1.0000,3.6221,-65.9284,-4.4289,0.0000,0.0000,0.0000,-2.3729,-1.7843,0.5266,0.0000,-0.1942,0.0000,0.0000,0.0000,0.0000,0.0000,0.0000,0.0000,5.00,3.00,2.00,0.0000,0.0000,0.0000,0,0.000000
30,0.0200,0.0000,45.0000,-30.0000,0.0000,0.0000,0.0000,0.0000,-1.0000,-1.0000,3.6369,-66.6432,-4.4561,0.0000,0.0000,0.0000,0.7949,-1.7843,-3.1311,0.0000,-0.1942,0.0000,0.0000,0.0000,0.0000,0.0000,0.0000,0.0000,5.00,3.00,2.00,0.0000,0.0000,0.0000,0,0.000000
30,0.0200,0.0000,45.0000,-30.0000,0.0000,0.0000,0.0000,0.0000,-1.0000,-1.0000,3.6516,-67.3618,-4.4834,0.0000,0.0000,0.0000,-1.6647,-1.7843,-2.0753,0.0000,-0.1942,0.0000,0.0000,0.0000,0.0000,0.0000,0.0000,0.0000,5.00,3.00,2.00,0.0000,0.0000,0.0000,0,0.000000
30,0.0200,0.0000,45.0000,-30.0000,0.0000,0.0000,0.0000,0.0000,-1.0000,-1.0000,3.6664,-68.0844,-4.5106,0.7398,-36.1286,-1.3624,0.5117,-1.7843,-3.0235,0.0000,-0.1942,0.0000,0.0000,0.0000,0.0000,0.0000,0.0000,0.0000,5.00,3.00,2.00,0.0000,0.0000,0.0000,0,0.000000
31,0.0200,0.0000,45.0000,-30.0000,0.0000,0.0000,0.0000,0.0000,-1.0000,-1.0000,3.6812,-68.8109,-4.5379,0.0000,0.0000,0.0000,3.0881,-1.7843,-1.9725,0.0000,-0.1942,0.0000,0.0000,0.0000,0.0000,0.0000,0.0000,0.0000,5.00,3.00,2.00,0.0000,0.0000,0.0000,0,0.000000
31,0.0200,0.0000,45.0000,-30.0000,0.0000,0.0000,0.0000,0.0000,-1.0000,-1.0000,3.6960,-69.5413,-4.5651,0.0000,0.0000,0.0000,0.8259,-1.7843,-3.4834,0.0000,-0.1942,0.0000,0.0000,0.0000,0.0000,0.0000,0.0000,0.0000,5.00,3.00,2.00,0.0000,0.0000,0.0000,0,0.000000
31,0.0200,0.0000,45.0000,-30.0000,0.0000,0.0000,0.0000,0.0000,-1.0000,-1.0000,3.7108,-70.2757,-4.5924,0.0000,0.0000,0.0000,-1.6503,-1.7843,-3.8659,0.0000,-0.1942,0.0000,0.0000,0.0000,0.0000,0.0000,0.0000,0.0000,5.00,3.00,2.00,0.0000,0.0000,0.0000,0,0.000000
31,0.0200,0.0000,45.0000,-30.0000,0.0000,0.0000,0.0000,0.0000,-1.0000,-1.0000,3.7256,-71.0139,-4.6196,0.0000,0.0000,0.0000,-0.7813,-1.7843,0.7123,0.0000,-0.1942,0.0000,0.0000,0.0000,0.0000,0.0000,0.0000,0.0000,5.00,3.00,2.00,0.0000,0.0000,0.0000,0,0.000000
31,0.0200,0.0000,45.0000,-30.0000,0.0000,0.0000,0.0000,0.0000,0.0000,-1.0000,3.7404,-71.7561,-4.6469,0.7398,-37.1105,-1.3622,1.6914,-1.7843,-2.1291,0.0000,-0.1942,0.0000,0.0000,0.0000,0.0000,0.0000,0.0000,0.0000,5.00,3.00,2.00,0.0000,0.0000,0.0000,0,0.000000
32,0.0200,0.0000,45.0000,-30.0000,0.0000,0.0000,0.0000,0.0000,0.0000,-1.0000,3.7552,-72.5022,-4.6741,0.0000,0.0000,0.0000,0.7210,-1.7843,2.4362,0.0000,-0.1942,0.0000,0.0000,0.0000,0.0000,0.0000,0.0000,0.0000,5.00,3.00,2.00,0.0000,0.0000,0.0000,0,0.000000
32,0.0200,0.0000,45.0000,-30.0000,0.0000,0.0000,0.0000,0.0000,0.0000,-1.0000,3.7700,-73.2523,-4.7014,0.0000,0.0000,0.0000,-2.3110,-1.7843,-2.4959,0.0000,-0.1942,0.0000,0.0000,0.0000,0.0000,0.0000,0.0000,0.0000,5.00,3.00,2.00,0.0000,0.0000,0.0000,0,0.000000
32,0.0200,0.0000,45.0000,-30.0000,0.0000,0.0000,0.0000,0.0000,0.0000,-1.0000,3.7848,-74.0062,-4.7286,0.0000,0.0000,0.0000,0.9103,-1.7843,1.6113,0.0000,-0.1942,0.0000,0.0000,0.0000,0.0000,0.0000,0.0000,0.0000,5.00,3.00,2.00,0.0000,0.0000,0.0000,0,0.000000
32,0.0200,0.0000,45.0000,-30.0000,0.0000,0.0000,0.0000,0.0000,0.0000,-1.0000,3.7996,-74.7641,-4.7559,0.0000,0.0000,0.0000,0.1913,-1.7843,-3.3323,0.0000,-0.1942,0.0000,0.0000,0.0000,0.0000,0.0000,0.0000,0.0000,5.00,3.00,2.00,0.0000,0.0000,0.0000,0,0.000000
32,0.0200,0.0000,45.0000,-30.0000,0.0000,0.0000,0.0000,0.0000,0.0000,1.0000,3.8144,-75.5259,-4.7831,0.7398,-38.0901,-1.3626,-2.1087,-1.7843,0.6358,0.0000,-0.1942,0.0000,0.0000,0.0000,0.0000,0.0000,0.0000,0.0000,5.00,3.00,2.00,0.0000,0.0000,0.0000,0,0.000000
33,0.0200,0.0000,45.0000,-30.0000,0.0000,0.0000,0.0000,0.0000,0.0000,1.0000,3.8292,-76.2917,-4.8104,0.0000,0.0000,0.0000,-2.8009,-1.7843,-2.4647,0.0000,-0.1942,0.0000,0.0000,0.0000,0.0000,0.0000,0.0000,0.0000,5.00,3.00,2.00,0.0000,0.0000,0.0000,0,0.000000
33,0.0200,0.0000,45.0000,-30.0000,0.0000,0.0000,0.0000,0.0000,0.0000,1.0000,3.8440,-77.0613,-4.8376,0.0000,0.0000,0.0000,-0.9800,-1.7843,-3.5465,0.0000,-0.1942,0.0000,0.0000,0.0000,0.0000,0.0000,0.0000,0.0000,5.00,3.00,2.00,0.0000,0.0000,0.0000,0,0.000000
33,0.0200,0.0000,45.0000,-30.0000,0.0000,0.0000,0.0000,0.0000,0.0000,1.0000,3.8588,-77.8349,-4.8649,0.0000,0.0000,0.0000,1.8764,-1.7843,-1.5771,0.0000,-0.1942,0.0000,0.0000,0.0000,0.0000,0.0000,0.0000,0.0000,5.00,3.00,2.00,0.0000,0.0000,0.0000,0,0.000000
33,0.0200,0.0000,45.0000,-30.0000,0.0000,0.0000,0.0000,0.0000,0.0000,1.0000,3.8736,-78.6124,-4.8921,0.0000,0.0000,0.0000,0.6886,-1.7843,-3.8858,0.0000,-0.1942,0.0000,0.0000,0.0000,0.0000,0.0000,0.0000,0.0000,5.00,3.00,2.00,0.0000,0.0000,0.0000,0,0.000000
33,0.0200,0.0000,45.0000,-30.0000,0.0000,0.0000,0.0000,0.0000,0.0000,1.0000,3.8884,-79.3939,-4.9194,0.7398,-39.0724,-1.3624,-1.6463,-1.7843,-3.6262,0.0000,-0.1942,0.0000,0.0000,0.0000,0.0000,0.0000,0.0000,0.0000,5.00,3.00,2.00,0.0000,0.0000,0.0000,0,0.000000
34,0.0200,0.0000,45.0000,-30.0000,0.0000,0.0000,0.0000,0.0000,0.0000,1.0000,3.9032,-80.1792,-4.9466,0.0000,0.0000,0.0000,0.0170,-1.7843,-2.7143,0.0000,-0.1942,0.0000,0.0000,0.0000,0.0000,0.0000,0.0000,0.0000,5.00,3.00,2.00,0.0000,0.0000,0.0000,0,0.000000
34,0.0200,0.0000,45.0000,-30.0000,0.0000,0.0000,0.0000,0.0000,0.0000,1.0000,3.9180,-80.9685,-4.9739,0.0000,0.0000,0.0000,0.5077,-1.7843,-3.0673,0.0000,-0.1942,0.0000,0.0000,0.0000,0.0000,0.0000,0.0000,0.0000,5.00,3.00,2.00,0.0000,0.0000,0.0000,0,0.000000
34,0.0200,0.0000,45.0000,-30.0000,0.0000,0.0000,0.0000,0.0000,0.0000,1.0000,3.9328,-81.7617,-5.0011,0.0000,0.0000,0.0000,-2.7490,-1.7843,-2.5300,0.0000,-0.1942,0.0000,0.0000,0.0000,0.0000,0.0000,0.0000,0.0000,5.00,3.00,2.00,0.0000,0.0000,0.0000,0,0.000000
34,0.0200,0.0000,45.0000,-30.0000,0.0000,0.0000,0.0000,0.0000,0.0000,1.0000,3.9476,-82.5588,-5.0284,0.0000,0.0000,0.0000,-1.3388,-1.7843,2.0845,0.0000,-0.1942,0.0000,0.0000,0.0000,0.0000,0.0000,0.0000,0.0000,5.00,3.00,2.00,0.0000,0.0000,0.0000,0,0.000000
34,0.0200,0.0000,45.0000,-30.0000,0.0000,0.0000,0.0000,0.0000,0.0000,-1.0000,3.9624,-83.3599,-5.0556,0.7398,-40.0528,-1.3620,-1.0818,-1.7843,-3.7083,0.0000,-0.1942,0.0000,0.0000,0.0000,0.0000,0.0000,0.0000,0.0000,5.00,3.00,2.00,0.0000,0.0000,0.0000,0,0.000000
35,0.0200,0.0000,45.0000,-30.0000,0.0000,0.0000,0.0000,0.0000,0.0000,-1.0000,3.9772,-84.1649,-5.0828,0.0000,0.0000,0.0000,-2.5651,-1.7843,-3.0684,0.0000,-0.1942,0.0000,0.0000,0.0000,0.0000,0.0000,0.0000,0.0000,5.00,3.00,2.00,0.0000,0.0000,0.0000,0,0.000000
35,0.0200,0.0000,45.0000,-30.0000,0.0000,0.0000,0.0000,0.0000,0.0000,-1.0000,3.9920,-84.9738,-5.1101,0.0000,0.0000,0.0000,-1.9345,-1.7843,-3.1956,0.0000,-0.1942,0.0000,0.0000,0.0000,0.0000,0.0000,0.0000,0.0000,5.00,3.00,2.00,0.0000,0.0000,0.0000,0,0.000000
35,0.0200,0.0000,45.0000,-30.0000,0.0000,0.0000,0.0000,0.0000,0.0000,-1.0000,4.0068,-85.7866,-5.1373,0.0000,0.0000,0.0000,1.8410,-1.7843,-1.0393,0.0000,-0.1942,0.0000,0.0000,0.0000,0.0000,0.0000,0.0000,0.0000,5.00,3.00,2.00,0.0000,0.0000,0.0000,0,0.000000
35,0.0200,0.0000,45.0000,-30.0000,0.0000,0.0000,0.0000,0.0000,0.0000,-1.0000,4.0216,-86.6033,-5.1646,0.0000,0.0000,0.0000,0.3129,-1.7843,-4.0396,0.0000,-0.1942,0.0000,0.0000,0.0000,0.0000,0.0000,0.0000,0.0000,5.00,3.00,2.00,0.0000,0.0000,0.0000,0,0.000000
35,0.0200,0.0000,45.0000,-30.0000,0.0000,0.0000,0.0000,0.0000,1.0000,-1.0000,4.0364,-87.4240,-5.1918,0.7398,-41.0339,-1.3624,-3.0219,-1.7843,-1.4839,0.0000,-0.1942,0.0000,0.0000,0.0000,0.0000,0.0000,0.0000,0.0000,5.00,3.00,2.00,0.0000,0.0000,0.0000,0,0.000000
36,0.0200,0.0000,45.0000,-30.0000,0.0000,0.0000,0.0000,0.0000,1.0000,-1.0000,4.0512,-88.2486,-5.2191,0.0000,0.0000,0.0000,1.9712,-1.7843,-1.5855,0.0000,-0.1942,0.0000,0.0000,0.0000,0.0000,0.0000,0.0000,0.0000,5.00,3.00,2.00,0.0000,0.0000,0.0000,0,0.000000
36,0.0200,0.0000,45.0000,-30.0000,0.0000,0.0000,0.0000,0.0000,1.0000,-1.0000,4.0660,-89.0771,-5.2463,0.0000,0.0000,0.0000,0.9110,-1.7843,0.9779,0.0000,-0.1942,0.0000,0.0000,0.0000,0.0000,0.0000,0.0000,0.0000,5.00,3.00,2.00,0.0000,0.0000,0.0000,0,0.000000
36,0.0200,0.0000,45.0000,-30.0000,0.0000,0.0000,0.0000,0.0000,1.0000,-1.0000,4.0808,-89.9096,-5.2736,0.0000,0.0000,0.0000,-0.3641,-1.7843,0.7210,0.0000,-0.1942,0.0000,0.0000,0.0000,0.0000,0.0000,0.0000,0.0000,5.00,3.00,2.00,0.0000,0.0000,0.0000,0,0.000000
36,0.0200,0.0000,45.0000,-30.0000,0.0000,0.0000,0.0000,0.0000,1.0000,-1.0000,4.0956,-90.7459,-5.3008,0.0000,0.0000,0.0000,1.6388,-1.7843,-1.2160,0.0000,-0.1942,0.0000,0.0000,0.0000,0.0000,0.0000,0.0000,0.0000,5.00,3.00,2.00,0.0000,0.0000,0.0000,0,0.000000
36,0.0200,0.0000,45.0000,-30.0000,0.0000,0.0000,0.0000,0.0000,1.0000,-1.0000,4.1103,-91.5862,-5.3281,0.7398,-42.0151,-1.3626,2.3688,-1.7843,-2.7818,0.0000,-0.1942,0.0000,0.0000,0.0000,0.0000,0.0000,0.0000,0.0000,5.00,3.00,2.00,0.0000,0.0000,0.0000,0,0.000000
37,0.0200,0.0000,45.0000,-30.0000,0.0000,0.0000,0.0000,0.0000,1.0000,-1.0000,4.1251,-92.4305,-5.3553,0.0000,0.0000,0.0000,-0.0032,-1.7843,-3.3642,0.0000,-0.1942,0.0000,0.0000,0.0000,0.0000,0.0000,0.0000,0.0000,5.00,3.00,2.00,0.0000,0.0000,0.0000,0,0.000000
37,0.0200,0.0000,45.0000,-30.0000,0.0000,0.0000,0.0000,0.0000,1.0000,-1.0000,4.1399,-93.2786,-5.3826,0.0000,0.0000,0.0000,-3.3205,-1.7843,-0.5797,0.0000,-0.1942,0.0000,0.0000,0.0000,0.0000,0.0000,0.0000,0.0000,5.00,3.00,2.00,0.0000,0.0000,0.0000,0,0.000000
37,0.0200,0.0000,45.0000,-30.0000,0.0000,0.0000,0.0000,0.0000,1.0000,-1.0000,4.1547,-94.1307,-5.4098,0.0000,0.0000,0.0000,1.4458,-1.7843,-0.9244,0.0000,-0.1942,0.0000,0.0000,0.0000,0.0000,0.0000,0.0000,0.0000,5.00,3.00,2.00,0.0000,0.0000,0.0000,0,0.000000
37,0.0200,0.0000,45.0000,-30.0000,0.0000,0.0000,0.0000,0.0000,1.0000,-1.0000,4.1695,-94.9867,-5.4371,0.0000,0.0000,0.0000,-1.8877,-1.7843,-3.0303,0.0000,-0.1942,0.0000,0.0000,0.0000,0.0000,0.0000,0.0000,0.0000,5.00,3.00,2.00,0.0000,0.0000,0.0000,0,0.000000
37,0.0200,0.0000,45.0000,-30.0000,0.0000,0.0000,0.0000,0.0000,1.0000,-1.0000,4.1843,-95.8466,-5.4643,0.7398,-42.9955,-1.3624,0.6113,-1.7843,-3.5690,0.0000,-0.1942,0.0000,0.0000,0.0000,0.0000,0.0000,0.0000,0.0000,5.00,3.00,2.00,0.0000,0.0000,0.0000,0,0.000000
38,0.0200,0.0000,45.0000,-30.0000,0.0000,0.0000,0.0000,0.0000,1.0000,-1.0000,4.1991,-96.7104,-5.4916,0.0000,0.0000,0.0000,2.0262,-1.7843,1.3603,0.0000,-0.1942,0.0000,0.0000,0.0000,0.0000,0.0000,0.0000,0.0000,5.00,3.00,2.00,0.0000,0.0000,0.0000,0,0.000000
38,0.0200,0.0000,45.0000,-30.0000,0.0000,0.0000,0.0000,0.0000,1.0000,-1.0000,4.2139,-97.5782,-5.5188,0.0000,0.0000,0.0000,1.7189,-1.7843,-2.9484,0.0000,-0.1942,0.0000,0.0000,0.0000,0.0000,0.0000,0.0000,0.0000,5.00,3.00,2.00,0.0000,0.0000,0.0000,0,0.000000
38,0.0200,0.0000,45.0000,-30.0000,0.0000,0.0000,0.0000,0.0000,1.0000,-1.0000,4.2287,-98.4498,-5.5461,0.0000,0.0000,0.0000,-1.4281,-1.7843,-2.3897,0.0000,-0.1942,0.0000,0.0000,0.0000,0.0000,0.0000,0.0000,0.0000,5.00,3.00,2.00,0.0000,0.0000,0.0000,0,0.000000
38,0.0200,0.0000,45.0000,-30.0000,0.0000,0.0000,0.0000,0.0000,1.0000,-1.0000,4.2435,-99.3255,-5.5733,0.0000,0.0000,0.0000,1.4872,-1.7843,-1.4767,0.0000,-0.1942,0.0000,0.0000,0.0000,0.0000,0.0000,0.0000,0.0000,5.00,3.00,2.00,0.0000,0.0000,0.0000,0,0.000000
38,0.0200,0.0000,45.0000,-30.0000,0.0000,0.0000,0.0000,0.0000,1.0000,-1.0000,4.2583,-100.2050,-5.6006,0.7398,-43.9762,-1.3630,1.3957,-1.7843,-1.5442,0.0000,-0.1942,0.0000,0.0000,0.0000,0.0000,0.0000,0.0000,0.0000,5.00,3.00,2.00,0.0000,0.0000,0.0000,0,0.000000
39,0.0200,0.0000,45.0000,-30.0000,0.0000,0.0000,0.0000,0.0000,1.0000,-1.0000,4.2731,-101.0884,-5.6278,0.0000,0.0000,0.0000,-2.1448,-1.7843,-2.2665,0.0000,-0.1942,0.0000,0.0000,0.0000,0.0000,0.0000,0.0000,0.0000,5.00,3.00,2.00,0.0000,0.0000,0.0000,0,0.000000
39,0.0200,0.0000,45.0000,-30.0000,0.0000,0.0000,0.0000,0.0000,1.0000,-1.0000,4.2879,-101.9758,-5.6551,0.0000,0.0000,0.0000,0.9810,-1.7843,-3.6333,0.0000,-0.1942,0.0000,0.0000,0.0000,0.0000,0.0000,0.0000,0.0000,5.00,3.00,2.00,0.0000,0.0000,0.0000,0,0.000000
39,0.0200,0.0000,45.0000,-30.0000,0.0000,0.0000,0.0000,0.0000,1.0000,-1.0000,4.3027,-102.8671,-5.6823,0.0000,0.0000,0.0000,2.0288,-1.7843,-0.6243,0.0000,-0.1942,0.0000,0.0000,0.0000,0.0000,0.0000,0.0000,0.0000,5.00,3.00,2.00,0.0000,0.0000,0.0000,0,0.000000
39,0.0200,0.0000,45.0000,-30.0000,0.0000,0.0000,0.0000,0.0000,1.0000,-1.0000,4.3175,-103.7624,-5.7096,0.0000,0.0000,0.0000,0.1972,-1.7843,-4.2720,0.0000,-0.1942,0.0000,0.0000,0.0000,0.0000,0.0000,0.0000,0.0000,5.00,3.00,2.00,0.0000,0.0000,0.0000,0,0.000000
39,0.0200,0.0000,45.0000,-30.0000,0.0000,0.0000,0.0000,0.0000,1.0000,-1.0000,4.3323,-104.6615,-5.7368,0.7398,-44.9574,-1.3630,-2.6660,-1.7843,0.9258,0.0000,-0.1942,0.0000,0.0000,0.0000,0.0000,0.0000,0.0000,0.0000,5.00,3.00,2.00,0.0000,0.0000,0.0000,0,0.000000
40,0.0200,0.0000,45.0000,-30.0000,0.0000,0.0000,0.0000,0.0000,1.0000,-1.0000,4.3471,-105.5646,-5.7641,0.0000,0.0000,0.0000,1.1401,-1.7843,0.1569,0.0000,-0.1942,0.0000,0.0000,0.0000,0.0000,0.0000,0.0000,0.0000,5.00,3.00,2.00,0.0000,0.0000,0.0000,0,0.000000
40,0.0200,0.0000,45.0000,-30.0000,0.0000,0.0000,0.0000,0.0000,1.0000,-1.0000,4.3619,-106.4716,-5.7913,0.0000,0.0000,0.0000,1.4389,-1.7843,-2.8853,0.0000,-0.1942,0.0000,0.0000,0.0000,0.0000,0.0000,0.0000,0.0000,5.00,3.00,2.00,0.0000,0.0000,0.0000,0,0.000000
40,0.0200,0.0000,45.0000,-30.0000,0.0000,0.0000,0.0000,0.0000,1.0000,-1.0000,4.3767,-107.3825,-5.8186,0.0000,0.0000,0.0000,-1.3568,-1.7843,0.0276,0.0000,-0.1942,0.0000,0.0000,0.0000,0.0000,0.0000,0.0000,0.0000,5.00,3.00,2.00,0.0000,0.0000,0.0000,0,0.000000
40,0.0200,0.0000,45.0000,-30.0000,0.0000,0.0000,0.0000,0.0000,1.0000,-1.0000,4.3915,-108.2973,-5.8458,0.0000,0.0000,0.0000,0.7006,-1.7843,-2.1997,0.0000,-0.1942,0.0000,0.0000,0.0000,0.0000,0.0000,0.0000,0.0000,5.00,3.00,2.00,0.0000,0.0000,0.0000,0,0.000000
40,0.0200,0.0000,45.0000,-30.0000,0.0000,0.0000,0.0000,0.0000,1.0000,-1.0000,4.4063,-109.2161,-5.8731,0.7398,-45.9389,-1.3622,1.3056,-1.7843,1.2364,0.0000,-0.1942,0.0000,0.0000,0.0000,0.0000,0.0000,0.0000,0.0000,5.00,3.00,2.00,0.0000,0.0000,0.0000,0,0.000000
41,0.0200,0.0000,45.0000,-30.0000,0.0000,0.0000,0.0000,0.0000,1.0000,-1.0000,4.4211,-110.1388,-5.9003,0.0000,0.0000,0.0000,-2.3391,-1.7843,1.1122,0.0000,-0.1942,0.0000,0.0000,0.0000,0.0000,0.0000,0.0000,0.0000,5.00,3.00,2.00,0.0000,0.0000,0.0000,0,0.000000
41,0.0200,0.0000,45.0000,-30.0000,0.0000,0.0000,0.0000,0.0000,1.0000,-1.0000,4.4359,-111.0654,-5.9276,0.0000,0.0000,0.0000,1.4413,-1.7843,-1.2196,0.0000,-0.1942,0.0000,0.0000,0.0000,0.0000,0.0000,0.0000,0.0000,5.00,3.00,2.00,0.0000,0.0000,0.0000,0,0.000000
41,0.0200,0.0000,45.0000,-30.0000,0.0000,0.0000,0.0000,0.0000,1.0000,-1.0000,4.4507,-111.9960,-5.9548,0.0000,0.0000,0.0000,2.5078,-1.7843,-1.7472,0.0000,-0.1942,0.0000,0.0000,0.0000,0.0000,0.0000,0.0000,0.0000,5.00,3.00,2.00,0.0000,0.0000,0.0000,0,0.000000
41,0.0200,0.0000,45.0000,-30.0000,0.0000,0.0000,0.0000,0.0000,1.0000,-1.0000,4.4655,-112.9305,-5.9821,0.0000,0.0000,0.0000,-1.0588,-1.7843,-3.9175,0.0000,-0.1942,0.0000,0.0000,0.0000,0.0000,0.0000,0.0000,0.0000,5.00,3.00,2.00,0.0000,0.0000,0.0000,0,0.000000
41,0.0200,0.0000,45.0000,-30.0000,0.0000,0.0000,0.0000,0.0000,1.0000,-1.0000,4.4803,-113.8688,-6.0093,0.7398,-46.9193,-1.3622,1.8030,-1.7843,-0.1712,0.0000,-0.1942,0.0000,0.0000,0.0000,0.0000,0.0000,0.0000,0.0000,5.00,3.00,2.00,0.0000,0.0000,0.0000,0,0.000000
42,0.0200,0.0000,45.0000,-30.0000,0.0000,0.0000,0.0000,0.0000,1.0000,-1.0000,4.4951,-114.8112,-6.0365,0.0000,0.0000,0.0000,1.0620,-1.7843,1.9957,0.0000,-0.1942,0.0000,0.0000,0.0000,0.0000,0.0000,0.0000,0.0000,5.00,3.00,2.00,0.0000,0.0000,0.0000,0,0.000000
42,0.0200,0.0000,45.0000,-30.0000,0.0000,0.0000,0.0000,0.0000,1.0000,-1.0000,4.5099,-115.7574,-6.0638,0.0000,0.0000,0.0000,1.0445,-1.7843,0.0498,0.0000,-0.1942,0.0000,0.0000,0.0000,0.0000,0.0000,0.0000,0.0000,5.00,3.00,2.00,0.0000,0.0000,0.0000,0,0.000000
42,0.0200,0.0000,45.0000,-30.0000,0.0000,0.0000,0.0000,0.0000,1.0000,-1.0000,4.5247,-116.7076,-6.0911,0.0000,0.0000,0.0000,-0.5205,-1.7843,0.5440,0.0000,-0.1942,0.0000,0.0000,0.0000,0.0000,0.0000,0.0000,0.0000,5.00,3.00,2.00,0.0000,0.0000,0.0000,0,0.000000
42,0.0200,0.0000,45.0000,-30.0000,0.0000,0.0000,0.0000,0.0000,1.0000,-1.0000,4.5395,-117.6616,-6.1183,0.0000,0.0000,0.0000,0.7107,-1.7843,1.1888,0.0000,-0.1942,0.0000,0.0000,0.0000,0.0000,0.0000,0.0000,0.0000,5.00,3.00,2.00,0.0000,0.0000,0.0000,0,0.000000
42,0.0200,0.0000,45.0000,-30.0000,0.0000,0.0000,0.0000,0.0000,1.0000,-1.0000,4.5543,-118.6197,-6.1456,0.7398,-47.9015,-1.3626,-1.3889,-1.7843,-3.5215,0.0000,-0.1942,0.0000,0.0000,0.0000,0.0000,0.0000,0.0000,0.0000,5.00,3.00,2.00,0.0000,0.0000,0.0000,0,0.000000
43,0.0200,0.0000,45.0000,-30.0000,0.0000,0.0000,0.0000,0.0000,1.0000,-1.0000,4.5690,-119.5816,-6.1728,0.0000,0.0000,0.0000,2.3118,-1.7843,-0.1799,0.0000,-0.1942,0.0000,0.0000,0.0000,0.0000,0.0000,0.0000,0.0000,5.00,3.00,2.00,0.0000,0.0000,0.0000,0,0.000000
43,0.0200,0.0000,45.0000,-30.0000,0.0000,0.0000,0.0000,0.0000,1.0000,-1.0000,4.5838,-120.5475,-6.2001,0.0000,0.0000,0.0000,2.1124,-1.7843,-0.3572,0.0000,-0.1942,0.0000,0.0000,0.0000,0.0000,0.0000,0.0000,0.0000,5.00,3.00,2.00,0.0000,0.0000,0.0000,0,0.000000
43,0.0200,0.0000,45.0000,-30.0000,0.0000,0.0000,0.0000,0.0000,1.0000,-1.0000,4.5986,-121.5173,-6.2273,0.0000,0.0000,0.0000,1.9869,-1.7843,-0.3153,0.0000,-0.1942,0.0000,0.0000,0.0000,0.0000,0.0000,0.0000,0.0000,5.00,3.00,2.00,0.0000,0.0000,0.0000,0,0.000000
43,0.0200,0.0000,45.0000,-30.0000,0.0000,0.0000,0.0000,0.0000,1.0000,-1.0000,4.6134,-122.4910,-6.2545,0.0000,0.0000,0.0000,1.9150,-1.7843,-1.2848,0.0000,-0.1942,0.0000,0.0000,0.0000,0.0000,0.0000,0.0000,0.0000,5.00,3.00,2.00,0.0000,0.0000,0.0000,0,0.000000
43,0.0200,0.0000,45.0000,-30.0000,0.0000,0.0000,0.0000,0.0000,0.0000,0.0000,4.6282,-123.4686,-6.2818,0.7398,-48.8823,-1.3626,2.5296,-1.7843,-1.3477,0.0000,-0.1942,0.0000,0.0000,0.0000,0.0000,0.0000,0.0000,0.0000,5.00,3.00,2.00,0.0000,0.0000,0.0000,0,0.000000
44,0.0200,0.0000,45.0000,-30.0000,0.0000,0.0000,0.0000,0.0000,0.0000,0.0000,4.6430,-124.4501,-6.3090,0.0000,0.0000,0.0000,0.6594,-1.7843,-2.8226,0.0000,-0.1942,0.0000,0.0000,0.0000,0.0000,0.0000,0.0000,0.0000,5.00,3.00,2.00,0.0000,0.0000,0.0000,0,0.000000
44,0.0200,0.0000,45.0000,-30.0000,0.0000,0.0000,0.0000,0.0000,0.0000,0.0000,4.6578,-125.4356,-6.3363,0.0000,0.0000,0.0000,-2.9591,-1.7843,-0.1532,0.0000,-0.1942,0.0000,0.0000,0.0000,0.0000,0.0000,0.0000,0.0000,5.00,3.00,2.00,0.0000,0.0000,0.0000,0,0.000000
44,0.0200,0.0000,45.0000,-30.0000,0.0000,0.0000,0.0000,0.0000,0.0000,0.0000,4.6726,-126.4250,-6.3635,0.0000,0.0000,0.0000,-2.8865,-1.7843,-0.7051,0.0000,-0.1942,0.0000,0.0000,0.0000,0.0000,0.0000,0.0000,0.0000,5.00,3.00,2.00,0.0000,0.0000,0.0000,0,0.000000
44,0.0200,0.0000,45.0000,-30.0000,0.0000,0.0000,0.0000,0.0000,0.0000,0.0000,4.6874,-127.4184,-6.3908,0.0000,0.0000,0.0000,-1.1133,-1.7843,-2.2248,0.0000,-0.1942,0.0000,0.0000,0.0000,0.0000,0.0000,0.0000,0.0000,5.00,3.00,2.00,0.0000,0.0000,0.0000,0,0.000000
44,0.0200,0.0000,45.0000,-30.0000,0.0000,0.0000,0.0000,0.0000,0.0000,0.0000,4.7022,-128.4156,-6.4180,0.7398,-49.8619,-1.3622,-3.1885,-1.7843,-0.3935,0.0000,-0.1942,0.0000,0.0000,0.0000,0.0000,0.0000,0.0000,0.0000,5.00,3.00,2.00,0.0000,0.0000,0.0000,0,0.000000
45,0.0200,0.0000,45.0000,-30.0000,0.0000,0.0000,0.0000,0.0000,0.0000,0.0000,4.7170,-129.4168,-6.4453,0.0000,0.0000,0.0000,0.5189,-1.7843,-4.2518,0.0000,-0.1942,0.0000,0.0000,0.0000,0.0000,0.0000,0.0000,0.0000,5.00,3.00,2.00,0.0000,0.0000,0.0000,0,0.000000
45,0.0200,0.0000,45.0000,-30.0000,0.0000,0.0000,0.0000,0.0000,0.0000,0.0000,4.7318,-130.4219,-6.4725,0.0000,0.0000,0.0000,2.0750,-1.7843,-2.0588,0.0000,-0.1942,0.0000,0.0000,0.0000,0.0000,0.0000,0.0000,0.0000,5.00,3.00,2.00,0.0000,0.0000,0.0000,0,0.000000
45,0.0200,0.0000,45.0000,-30.0000,0.0000,0.0000,0.0000,0.0000,0.0000,0.0000,4.7466,-131.4309,-6.4998,0.0000,0.0000,0.0000,0.8934,-1.7843,-4.2084,0.0000,-0.1942,0.0000,0.0000,0.0000,0.0000,0.0000,0.0000,0.0000,5.00,3.00,2.00,0.0000,0.0000,0.0000,0,0.000000
45,0.0200,0.0000,45.0000,-30.0000,0.0000,0.0000,0.0000,0.0000,0.0000,0.0000,4.7614,-132.4439,-6.5270,0.0000,0.0000,0.0000,-3.0105,-1.7843,0.2119,0.0000,-0.1942,0.0000,0.0000,0.0000,0.0000,0.0000,0.0000,0.0000,5.00,3.00,2.00,0.0000,0.0000,0.0000,0,0.000000
45,0.0200,0.0000,45.0000,-30.0000,0.0000,0.0000,0.0000,0.0000,0.0000,1.0000,4.7762,-133.4608,-6.5543,0.7398,-50.8438,-1.3626,-0.0135,-1.7843,-4.2150,0.0000,-0.1942,0.0000,0.0000,0.0000,0.0000,0.0000,0.0000,0.0000,5.00,3.00,2.00,0.0000,0.0000,0.0000,0,0.000000
46,0.0200,0.0000,45.0000,-30.0000,0.0000,0.0000,0.0000,0.0000,0.0000,1.0000,4.7910,-134.4816,-6.5815,0.0000,0.0000,0.0000,-1.8998,-1.7843,-0.5669,0.0000,-0.1942,0.0000,0.0000,0.0000,0.0000,0.0000,0.0000,0.0000,5.00,3.00,2.00,0.0000,0.0000,0.0000,0,0.000000
46,0.0200,0.0000,45.0000,-30.0000,0.0000,0.0000,0.0000,0.0000,0.0000,1.0000,4.8058,-135.5063,-6.6088,0.0000,0.0000,0.0000,-1.4249,-1.7843,0.4693,0.0000,-0.1942,0.0000,0.0000,0.0000,0.0000,0.0000,0.0000,0.0000,5.00,3.00,2.00,0.0000,0.0000,0.0000,0,0.000000
46,0.0200,0.0000,45.0000,-30.0000,0.0000,0.0000,0.0000,0.0000,0.0000,1.0000,4.8206,-136.5349,-6.6360,0.0000,0.0000,0.0000,-2.7781,-1.7843,0.0357,0.0000,-0.1942,0.0000,0.0000,0.0000,0.0000,0.0000,0.0000,0.0000,5.00,3.00,2.00,0.0000,0.0000,0.0000,0,0.000000
46,0.0200,0.0000,45.0000,-30.0000,0.0000,0.0000,0.0000,0.0000,0.0000,1.0000,4.8354,-137.5675,-6.6633,0.0000,0.0000,0.0000,-2.5926,-1.7843,-0.4474,0.0000,-0.1942,0.0000,0.0000,0.0000,0.0000,0.0000,0.0000,0.0000,5.00,3.00,2.00,0.0000,0.0000,0.0000,0,0.000000
46,0.0200,0.0000,45.0000,-30.0000,0.0000,0.0000,0.0000,0.0000,0.0000,1.0000,4.8502,-138.6040,-6.6905,0.7398,-51.8250,-1.3630,-0.2218,-1.7843,-2.7938,0.0000,-0.1942,0.0000,0.0000,0.0000,0.0000,0.0000,0.0000,0.0000,5.00,3.00,2.00,0.0000,0.0000,0.0000,0,0.000000
47,0.0200,0.0000,45.0000,-30.0000,0.0000,0.0000,0.0000,0.0000,0.0000,1.0000,4.8650,-139.6444,-6.7178,0.0000,0.0000,0.0000,-1.6304,-1.7843,-3.0988,0.0000,-0.1942,0.0000,0.0000,0.0000,0.0000,0.0000,0.0000,0.0000,5.00,3.00,2.00,0.0000,0.0000,0.0000,0,0.000000
47,0.0200,0.0000,45.0000,-30.0000,0.0000,0.0000,0.0000,0.0000,0.0000,1.0000,4.8798,-140.6887,-6.7450,0.0000,0.0000,0.0000,0.8597,-1.7843,-3.9879,0.0000,-0.1942,0.0000,0.0000,0.0000,0.0000,0.0000,0.0000,0.0000,5.00,3.00,2.00,0.0000,0.0000,0.0000,0,0.000000
47,0.0200,0.0000,45.0000,-30.0000,0.0000,0.0000,0.0000,0.0000,0.0000,1.0000,4.8946,-141.7370,-6.7723,0.0000,0.0000,0.0000,0.0595,-1.7843,-2.9560,0.0000,-0.1942,0.0000,0.0000,0.0000,0.0000,0.0000,0.0000,0.0000,5.00,3.00,2.00,0.0000,0.0000,0.0000,0,0.000000
47,0.0200,0.0000,45.0000,-30.0000,0.0000,0.0000,0.0000,0.0000,0.0000,1.0000,4.9094,-142.7892,-6.7995,0.0000,0.0000,0.0000,0.5645,-1.7843,2.1639,0.0000,-0.1942,0.0000,0.0000,0.0000,0.0000,0.0000,0.0000,0.0000,5.00,3.00,2.00,0.0000,0.0000,0.0000,0,0.000000
47,0.0200,0.0000,45.0000,-30.0000,0.0000,0.0000,0.0000,0.0000,0.0000,1.0000,4.9242,-143.8453,-6.8268,0.7398,-52.8053,-1.3618,-1.4345,-1.7843,1.0997,0.0000,-0.1942,0.0000,0.0000,0.0000,0.0000,0.0000,0.0000,0.0000,5.00,3.00,2.00,0.0000,0.0000,0.0000,0,0.000000
48,0.0200,0.0000,45.0000,-30.0000,0.0000,0.0000,0.0000,0.0000,0.0000,1.0000,4.9390,-144.9053,-6.8540,0.0000,0.0000,0.0000,-2.1598,-1.7843,-1.2347,0.0000,-0.1942,0.0000,0.0000,0.0000,0.0000,0.0000,0.0000,0.0000,5.00,3.00,2.00,0.0000,0.0000,0.0000,0,0.000000
48,0.0200,0.0000,45.0000,-30.0000,0.0000,0.0000,0.0000,0.0000,0.0000,1.0000,4.9538,-145.9693,-6.8813,0.0000,0.0000,0.0000,1.4391,-1.7843,1.9297,0.0000,-0.1942,0.0000,0.0000,0.0000,0.0000,0.0000,0.0000,0.0000,5.00,3.00,2.00,0.0000,0.0000,0.0000,0,0.000000
48,0.0200,0.0000,45.0000,-30.0000,0.0000,0.0000,0.0000,0.0000,0.0000,1.0000,4.9686,-147.0372,-6.9085,0.0000,0.0000,0.0000,-1.5825,-1.7843,-3.9041,0.0000,-0.1942,0.0000,0.0000,0.0000,0.0000,0.0000,0.0000,0.0000,5.00,3.00,2.00,0.0000,0.0000,0.0000,0,0.000000
48,0.0200,0.0000,45.0000,-30.0000,0.0000,0.0000,0.0000,0.0000,0.0000,1.0000,4.9834,-148.1090,-6.9358,0.0000,0.0000,0.0000,0.8892,-1.7843,1.8876,0.0000,-0.1942,0.0000,0.0000,0.0000,0.0000,0.0000,0.0000,0.0000,5.00,3.00,2.00,0.0000,0.0000,0.0000,0,0.000000
48,0.0200,0.0000,45.0000,-30.0000,0.0000,0.0000,0.0000,0.0000,0.0000,1.0000,4.9982,-149.1847,-6.9630,0.7398,-53.7872,-1.3622,2.8593,-1.7843,-1.1643,0.0000,-0.1942,0.0000,0.0000,0.0000,0.0000,0.0000,0.0000,0.0000,5.00,3.00,2.00,0.0000,0.0000,0.0000,0,0.000000
49,0.0200,0.0000,45.0000,-30.0000,0.0000,0.0000,0.0000,0.0000,0.0000,1.0000,5.0129,-150.2644,-6.9903,0.0000,0.0000,0.0000,2.3692,-1.7843,-1.6915,0.0000,-0.1942,0.0000,0.0000,0.0000,0.0000,0.0000,0.0000,0.0000,5.00,3.00,2.00,0.0000,0.0000,0.0000,0,0.000000
49,0.0200,0.0000,45.0000,-30.0000,0.0000,0.0000,0.0000,0.0000,0.0000,1.0000,5.0277,-151.3480,-7.0175,0.0000,0.0000,0.0000,1.4392,-1.7843,0.4341,0.0000,-0.1942,0.0000,0.0000,0.0000,0.0000,0.0000,0.0000,0.0000,5.00,3.00,2.00,0.0000,0.0000,0.0000,0,0.000000
49,0.0200,0.0000,45.0000,-30.0000,0.0000,0.0000,0.0000,0.0000,0.0000,1.0000,5.0425,-152.4355,-7.0448,0.0000,0.0000,0.0000,1.4458,-1.7843,-2.4018,0.0000,-0.1942,0.0000,0.0000,0.0000,0.0000,0.0000,0.0000,0.0000,5.00,3.00,2.00,0.0000,0.0000,0.0000,0,0.000000
49,0.0200,0.0000,45.0000,-30.0000,0.0000,0.0000,0.0000,0.0000,0.0000,1.0000,5.0573,-153.5269,-7.0720,0.0000,0.0000,0.0000,1.2643,-1.7843,-3.2499,0.0000,-0.1942,0.0000,0.0000,0.0000,0.0000,0.0000,0.0000,0.0000,5.00,3.00,2.00,0.0000,0.0000,0.0000,0,0.000000
49,0.0200,0.0000,45.0000,-30.0000,0.0000,0.0000,0.0000,0.0000,0.0000,0.0000,5.0721,-154.6222,-7.0993,0.7398,-54.7669,-1.3622,1.1035,-1.7843,2.1097,0.0000,-0.1942,0.0000,0.0000,0.0000,0.0000,0.0000,0.0000,0.0000,5.00,3.00,2.00,0.0000,0.0000,0.0000,0,0.000000
50,0.0200,0.0000,45.0000,-30.0000,0.0000,0.0000,0.0000,0.0000,0.0000,0.0000,5.0869,-155.7215,-7.1265,0.0000,0.0000,0.0000,1.2029,-1.7843,-1.7337,0.0000,-0.1942,0.0000,0.0000,0.0000,0.0000,0.0000,0.0000,0.0000,5.00,3.00,2.00,0.0000,0.0000,0.0000,0,0.000000
50,0.0200,0.0000,45.0000,-30.0000,0.0000,0.0000,0.0000,0.0000,0.0000,0.0000,5.1017,-156.8247,-7.1538,0.0000,0.0000,0.0000,1.5537,-1.7843,-1.7553,0.0000,-0.1942,0.0000,0.0000,0.0000,0.0000,0.0000,0.0000,0.0000,5.00,3.00,2.00,0.0000,0.0000,0.0000,0,0.000000
50,0.0200,0.0000,45.0000,-30.0000,0.0000,0.0000,0.0000,0.0000,0.0000,0.0000,5.1165,-157.9319,-7.1810,0.0000,0.0000,0.0000,-2.2239,-1.7843,-1.9150,0.0000,-0.1942,0.0000,0.0000,0.0000,0.0000,0.0000,0.0000,0.0000,5.00,3.00,2.00,0.0000,0.0000,0.0000,0,0.000000
50,0.0200,0.0000,45.0000,-30.0000,0.0000,0.0000,0.0000,0.0000,0.0000,0.0000,5.1313,-159.0429,-7.2083,0.0000,0.0000,0.0000,-0.2139,-1.7843,-3.7495,0.0000,-0.1942,0.0000,0.0000,0.0000,0.0000,0.0000,0.0000,0.0000,5.00,3.00,2.00,0.0000,0.0000,0.0000,0,0.000000
50,0.0200,0.0000,45.0000,-30.0000,0.0000,0.0000,0.0000,0.0000,-1.0000,0.0000,5.1461,-160.1579,-7.2355,0.7398,-55.7480,-1.3622,0.7834,-1.7843,-3.8855,0.0000,-0.1942,0.0000,0.0000,0.0000,0.0000,0.0000,0.0000,0.0000,5.00,3.00,2.00,0.0000,0.0000,0.0000,0,0.000000
51,0.0200,0.0000,45.0000,-30.0000,0.0000,0.0000,0.0000,0.0000,-1.0000,0.0000,5.1609,-161.2768,-7.2628,0.0000,0.0000,0.0000,-2.2964,-1.7843,1.7585,0.0000,-0.1942,0.0000,0.0000,0.0000,0.0000,0.0000,0.0000,0.0000,5.00,3.00,2.00,0.0000,0.0000,0.0000,0,0.000000
51,0.0200,0.0000,45.0000,-30.0000,0.0000,0.0000,0.0000,0.0000,-1.0000,0.0000,5.1757,-162.3996,-7.2900,0.0000,0.0000,0.0000,-1.8449,-1.7843,-0.3284,0.0000,-0.1942,0.0000,0.0000,0.0000,0.0000,0.0000,0.0000,0.0000,5.00,3.00,2.00,0.0000,0.0000,0.0000,0,0.000000
51,0.0200,0.0000,45.0000,-30.0000,0.0000,0.0000,0.0000,0.0000,-1.0000,0.0000,5.1905,-163.5263,-7.3173,0.0000,0.0000,0.0000,1.5286,-1.7843,1.8244,0.0000,-0.1942,0.0000,0.0000,0.0000,0.0000,0.0000,0.0000,0.0000,5.00,3.00,2.00,0.0000,0.0000,0.0000,0,0.000000
51,0.0200,0.0000,45.0000,-30.0000,0.0000,0.0000,0.0000,0.0000,-1.0000,0.0000,5.2053,-164.6570,-7.3445,0.0000,0.0000,0.0000,-1.4884,-1.7843,-4.1136,0.0000,-0.1942,0.0000,0.0000,0.0000,0.0000,0.0000,0.0000,0.0000,5.00,3.00,2.00,0.0000,0.0000,0.0000,0,0.000000
51,0.0200,0.0000,45.0000,-30.0000,0.0000,0.0000,0.0000,0.0000,-1.0000,0.0000,5.2201,-165.7916,-7.3718,0.7398,-56.7299,-1.3630,-2.2049,-1.7843,-0.5081,0.0000,-0.1942,0.0000,0.0000,0.0000,0.0000,0.0000,0.0000,0.0000,5.00,3.00,2.00,0.0000,0.0000,0.0000,0,0.000000
52,0.0200,0.0000,45.0000,-30.0000,0.0000,0.0000,0.0000,0.0000,-1.0000,0.0000,5.2349,-166.9301,-7.3990,0.0000,0.0000,0.0000,-1.3366,-1.7843,0.6885,0.0000,-0.1942,0.0000,0.0000,0.0000,0.0000,0.0000,0.0000,0.0000,5.00,3.00,2.00,0.0000,0.0000,0.0000,0,0.000000
52,0.0200,0.0000,45.0000,-30.0000,0.0000,0.0000,0.0000,0.0000,-1.0000,0.0000,5.2497,-168.0726,-7.4263,0.0000,0.0000,0.0000,-2.8566,-1.7843,-2.6423,0.0000,-0.1942,0.0000,0.0000,0.0000,0.0000,0.0000,0.0000,0.0000,5.00,3.00,2.00,0.0000,0.0000,0.0000,0,0.000000
52,0.0200,0.0000,45.0000,-30.0000,0.0000,0.0000,0.0000,0.0000,-1.0000,0.0000,5.2645,-169.2189,-7.4535,0.0000,0.0000,0.0000,2.9245,-1.7843,-1.1060,0.0000,-0.1942,0.0000,0.0000,0.0000,0.0000,0.0000,0.0000,0.0000,5.00,3.00,2.00,0.0000,0.0000,0.0000,0,0.000000
52,0.0200,0.0000,45.0000,-30.0000,0.0000,0.0000,0.0000,0.0000,-1.0000,0.0000,5.2793,-170.3692,-7.4807,0.0000,0.0000,0.0000,1.7216,-1.7843,-3.2942,0.0000,-0.1942,0.0000,0.0000,0.0000,0.0000,0.0000,0.0000,0.0000,5.00,3.00,2.00,0.0000,0.0000,0.0000,0,0.000000
52,0.0200,0.0000,45.0000,-30.0000,0.0000,0.0000,0.0000,0.0000,-1.0000,0.0000,5.2941,-171.5234,-7.5080,0.7398,-57.7118,-1.3622,-0.9219,-1.7843,-2.8010,0.0000,-0.1942,0.0000,0.0000,0.0000,0.0000,0.0000,0.0000,0.0000,5.00,3.00,2.00,0.0000,0.0000,0.0000,0,0.000000
53,0.0200,0.0000,45.0000,-30.0000,0.0000,0.0000,0.0000,0.0000,-1.0000,0.0000,5.3089,-172.6816,-7.5352,0.0000,0.0000,0.0000,3.0685,-1.7843,-1.3349,0.0000,-0.1942,0.0000,0.0000,0.0000,0.0000,0.0000,0.0000,0.0000,5.00,3.00,2.00,0.0000,0.0000,0.0000,0,0.000000
53,0.0200,0.0000,45.0000,-30.0000,0.0000,0.0000,0.0000,0.0000,-1.0000,0.0000,5.3237,-173.8436,-7.5625,0.0000,0.0000,0.0000,-2.3939,-1.7843,-3.2142,0.0000,-0.1942,0.0000,0.0000,0.0000,0.0000,0.0000,0.0000,0.0000,5.00,3.00,2.00,0.0000,0.0000,0.0000,0,0.000000
53,0.0200,0.0000,45.0000,-30.0000,0.0000,0.0000,0.0000,0.0000,-1.0000,0.0000,5.3385,-175.0096,-7.5897,0.0000,0.0000,0.0000,0.4581,-1.7843,-2.5108,0.0000,-0.1942,0.0000,0.0000,0.0000,0.0000,0.0000,0.0000,0.0000,5.00,3.00,2.00,0.0000,0.0000,0.0000,0,0.000000
53,0.0200,0.0000,45.0000,-30.0000,0.0000,0.0000,0.0000,0.0000,-1.0000,0.0000,5.3533,-176.1796,-7.6170,0.0000,0.0000,0.0000,1.3011,-1.7843,-4.0384,0.0000,-0.1942,0.0000,0.0000,0.0000,0.0000,0.0000,0.0000,0.0000,5.00,3.00,2.00,0.0000,0.0000,0.0000,0,0.000000
53,0.0200,0.0000,45.0000,-30.0000,0.0000,0.0000,0.0000,0.0000,-1.0000,0.0000,5.3681,-177.3534,-7.6442,0.7398,-58.6906,-1.3618,-2.1503,-1.7843,-3.0621,0.0000,-0.1942,0.0000,0.0000,0.0000,0.0000,0.0000,0.0000,0.0000,5.00,3.00,2.00,0.0000,0.0000,0.0000,0,0.000000
54,0.0200,0.0000,45.0000,-30.0000,0.0000,0.0000,0.0000,0.0000,-1.0000,0.0000,5.3829,-178.5311,-7.6715,0.0000,0.0000,0.0000,-0.0252,-1.7843,-3.6068,0.0000,-0.1942,0.0000,0.0000,0.0000,0.0000,0.0000,0.0000,0.0000,5.00,3.00,2.00,0.0000,0.0000,0.0000,0,0.000000
54,0.0200,0.0000,45.0000,-30.0000,0.0000,0.0000,0.0000,0.0000,-1.0000,0.0000,5.3977,-179.7128,-7.6987,0.0000,0.0000,0.0000,1.6291,-1.7843,-0.3290,0.0000,-0.1942,0.0000,0.0000,0.0000,0.0000,0.0000,0.0000,0.0000,5.00,3.00,2.00,0.0000,0.0000,0.0000,0,0.000000
54,0.0200,0.0000,45.0000,-30.0000,0.0000,0.0000,0.0000,0.0000,-1.0000,0.0000,5.4125,-180.8984,-7.7260,0.0000,0.0000,0.0000,-0.8513,-1.7843,-3.4621,0.0000,-0.1942,0.0000,0.0000,0.0000,0.0000,0.0000,0.0000,0.0000,5.00,3.00,2.00,0.0000,0.0000,0.0000,0,0.000000
54,0.0200,0.0000,45.0000,-30.0000,0.0000,0.0000,0.0000,0.0000,-1.0000,0.0000,5.4273,-182.0880,-7.7532,0.0000,0.0000,0.0000,-2.7443,-1.7843,-0.1085,0.0000,-0.1942,0.0000,0.0000,0.0000,0.0000,0.0000,0.0000,0.0000,5.00,3.00,2.00,0.0000,0.0000,0.0000,0,0.000000
54,0.0200,0.0000,45.0000,-30.0000,0.0000,0.0000,0.0000,0.0000,-1.0000,0.0000,5.4421,-183.2814,-7.7805,0.7398,-59.6733,-1.3611,-2.7161,-1.7843,-2.0512,0.0000,-0.1942,0.0000,0.0000,0.0000,0.0000,0.0000,0.0000,0.0000,5.00,3.00,2.00,0.0000,0.0000,0.0000,0,0.000000
55,0.0200,0.0000,45.0000,-30.0000,0.0000,0.0000,0.0000,0.0000,-1.0000,0.0000,5.4569,-184.4788,-7.8077,0.0000,0.0000,0.0000,0.4812,-1.7843,1.7307,0.0000,-0.1942,0.0000,0.0000,0.0000,0.0000,0.0000,0.0000,0.0000,5.00,3.00,2.00,0.0000,0.0000,0.0000,0,0.000000
55,0.0200,0.0000,45.0000,-30.0000,0.0000,0.0000,0.0000,0.0000,-1.0000,0.0000,5.4716,-185.6801,-7.8350,0.0000,0.0000,0.0000,1.3766,-1.7843,-2.7264,0.0000,-0.1942,0.0000,0.0000,0.0000,0.0000,0.0000,0.0000,0.0000,5.00,3.00,2.00,0.0000,0.0000,0.0000,0,0.000000
55,0.0200,0.0000,45.0000,-30.0000,0.0000,0.0000,0.0000,0.0000,-1.0000,0.0000,5.4864,-186.8853,-7.8622,0.0000,0.0000,0.0000,-1.2388,-1.7843,1.7408,0.0000,-0.1942,0.0000,0.0000,0.0000,0.0000,0.0000,0.0000,0.0000,5.00,3.00,2.00,0.0000,0.0000,0.0000,0,0.000000
55,0.0200,0.0000,45.0000,-30.0000,0.0000,0.0000,0.0000,0.0000,-1.0000,0.0000,5.5012,-188.0945,-7.8895,0.0000,0.0000,0.0000,-1.9573,-1.7843,-1.6202,0.0000,-0.1942,0.0000,0.0000,0.0000,0.0000,0.0000,0.0000,0.0000,5.00,3.00,2.00,0.0000,0.0000,0.0000,0,0.000000
55,0.0200,0.0000,45.0000,-30.0000,0.0000,0.0000,0.0000,0.0000,0.0000,0.0000,5.5160,-189.3075,-7.9167,0.7398,-60.6537,-1.3622,-1.6778,-1.7843,-1.0502,0.0000,-0.1942,0.0000,0.0000,0.0000,0.0000,0.0000,0.0000,0.0000,5.00,3.00,2.00,0.0000,0.0000,0.0000,0,0.000000
56,0.0200,0.0000,45.0000,-30.0000,0.0000,0.0000,0.0000,0.0000,0.0000,0.0000,5.5308,-190.5245,-7.9440,0.0000,0.0000,0.0000,-3.0144,-1.7843,-1.7095,0.0000,-0.1942,0.0000,0.0000,0.0000,0.0000,0.0000,0.0000,0.0000,5.00,3.00,2.00,0.0000,0.0000,0.0000,0,0.000000
56,0.0200,0.0000,45.0000,-30.0000,0.0000,0.0000,0.0000,0.0000,0.0000,0.0000,5.5456,-191.7455,-7.9712,0.0000,0.0000,0.0000,0.9977,-1.7843,0.1528,0.0000,-0.1942,0.0000,0.0000,0.0000,0.0000,0.0000,0.0000,0.0000,5.00,3.00,2.00,0.0000,0.0000,0.0000,0,0.000000
56,0.0200,0.0000,45.0000,-30.0000,0.0000,0.0000,0.0000,0.0000,0.0000,0.0000,5.5604,-192.9703,-7.9985,0.0000,0.0000,0.0000,-2.5504,-1.7843,-2.7497,0.0000,-0.1942,0.0000,0.0000,0.0000,0.0000,0.0000,0.0000,0.0000,5.00,3.00,2.00,0.0000,0.0000,0.0000,0,0.000000
56,0.0200,0.0000,45.0000,-30.0000,0.0000,0.0000,0.0000,0.0000,0.0000,0.0000,5.5752,-194.1991,-8.0257,0.0000,0.0000,0.0000,1.0346,-1.7843,1.4806,0.0000,-0.1942,0.0000,0.0000,0.0000,0.0000,0.0000,0.0000,0.0000,5.00,3.00,2.00,0.0000,0.0000,0.0000,0,0.000000
56,0.0200,0.0000,45.0000,-30.0000,0.0000,0.0000,0.0000,0.0000,0.0000,0.0000,5.5900,-195.4318,-8.0530,0.7398,-61.6348,-1.3626,-3.3637,-1.7843,0.3384,0.0000,-0.1942,0.0000,0.0000,0.0000,0.0000,0.0000,0.0000,0.0000,5.00,3.00,2.00,0.0000,0.0000,0.0000,0,0.000000
57,0.0200,0.0000,45.0000,-30.0000,0.0000,0.0000,0.0000,0.0000,0.0000,0.0000,5.6048,-196.6684,-8.0802,0.0000,0.0000,0.0000,-1.8953,-1.7843,-2.5780,0.0000,-0.1942,0.0000,0.0000,0.0000,0.0000,0.0000,0.0000,0.0000,5.00,3.00,2.00,0.0000,0.0000,0.0000,0,0.000000
57,0.0200,0.0000,45.0000,-30.0000,0.0000,0.0000,0.0000,0.0000,0.0000,0.0000,5.6196,-197.9089,-8.1075,0.0000,0.0000,0.0000,1.1161,-1.7843,-2.3592,0.0000,-0.1942,0.0000,0.0000,0.0000,0.0000,0.0000,0.0000,0.0000,5.00,3.00,2.00,0.0000,0.0000,0.0000,0,0.000000
57,0.0200,0.0000,45.0000,-30.0000,0.0000,0.0000,0.0000,0.0000,0.0000,0.0000,5.6344,-199.1534,-8.1347,0.0000,0.0000,0.0000,2.1549,-1.7843,1.0660,0.0000,-0.1942,0.0000,0.0000,0.0000,0.0000,0.0000,0.0000,0.0000,5.00,3.00,2.00,0.0000,0.0000,0.0000,0,0.000000
57,0.0200,0.0000,45.0000,-30.0000,0.0000,0.0000,0.0000,0.0000,0.0000,0.0000,5.6492,-200.4018,-8.1620,0.0000,0.0000,0.0000,1.0311,-1.7843,1.9204,0.0000,-0.1942,0.0000,0.0000,0.0000,0.0000,0.0000,0.0000,0.0000,5.00,3.00,2.00,0.0000,0.0000,0.0000,0,0.000000
57,0.0200,0.0000,45.0000,-30.0000,0.0000,0.0000,0.0000,0.0000,0.0000,0.0000,5.6640,-201.6541,-8.1892,0.7398,-62.6160,-1.3634,2.6891,-1.7843,0.8372,0.0000,-0.1942,0.0000,0.0000,0.0000,0.0000,0.0000,0.0000,0.0000,5.00,3.00,2.00,0.0000,0.0000,0.0000,0,0.000000
58,0.0200,0.0000,45.0000,-30.0000,0.0000,0.0000,0.0000,0.0000,0.0000,0.0000,5.6788,-202.9104,-8.2165,0.0000,0.0000,0.0000,0.8442,-1.7843,0.3322,0.0000,-0.1942,0.0000,0.0000,0.0000,0.0000,0.0000,0.0000,0.0000,5.00,3.00,2.00,0.0000,0.0000,0.0000,0,0.000000
58,0.0200,0.0000,45.0000,-30.0000,0.0000,0.0000,0.0000,0.0000,0.0000,0.0000,5.6936,-204.1705,-8.2437,0.0000,0.0000,0.0000,-2.4516,-1.7843,0.5742,0.0000,-0.1942,0.0000,0.0000,0.0000,0.0000,0.0000,0.0000,0.0000,5.00,3.00,2.00,0.0000,0.0000,0.0000,0,0.000000
58,0.0200,0.0000,45.0000,-30.0000,0.0000,0.0000,0.0000,0.0000,0.0000,0.0000,5.7084,-205.4346,-8.2710,0.0000,0.0000,0.0000,1.6539,-1.7843,0.3863,0.0000,-0.1942,0.0000,0.0000,0.0000,0.0000,0.0000,0.0000,0.0000,5.00,3.00,2.00,0.0000,0.0000,0.0000,0,0.000000
58,0.0200,0.0000,45.0000,-30.0000,0.0000,0.0000,0.0000,0.0000,0.0000,0.0000,5.7232,-206.7026,-8.2982,0.0000,0.0000,0.0000,2.0943,-1.7843,-0.8612,0.0000,-0.1942,0.0000,0.0000,0.0000,0.0000,0.0000,0.0000,0.0000,5.00,3.00,2.00,0.0000,0.0000,0.0000,0,0.000000
58,0.0200,0.0000,45.0000,-30.0000,0.0000,0.0000,0.0000,0.0000,0.0000,0.0000,5.7380,-207.9745,-8.3255,0.7398,-63.5986,-1.3634,2.5393,-1.7843,-2.7752,0.0000,-0.1942,0.0000,0.0000,0.0000,0.0000,0.0000,0.0000,0.0000,5.00,3.00,2.00,0.0000,0.0000,0.0000,0,0.000000
59,0.0200,0.0000,45.0000,-30.0000,0.0000,0.0000,0.0000,0.0000,0.0000,0.0000,5.7528,-209.2504,-8.3527,0.0000,0.0000,0.0000,2.1042,-1.7843,0.6463,0.0000,-0.1942,0.0000,0.0000,0.0000,0.0000,0.0000,0.0000,0.0000,5.00,3.00,2.00,0.0000,0.0000,0.0000,0,0.000000
59,0.0200,0.0000,45.0000,-30.0000,0.0000,0.0000,0.0000,0.0000,0.0000,0.0000,5.7676,-210.5302,-8.3799,0.0000,0.0000,0.0000,-1.4871,-1.7843,0.5482,0.0000,-0.1942,0.0000,0.0000,0.0000,0.0000,0.0000,0.0000,0.0000,5.00,3.00,2.00,0.0000,0.0000,0.0000,0,0.000000
59,0.0200,0.0000,45.0000,-30.0000,0.0000,0.0000,0.0000,0.0000,0.0000,0.0000,5.7824,-211.8139,-8.4072,0.0000,0.0000,0.0000,-1.1386,-1.7843,0.9598,0.0000,-0.1942,0.0000,0.0000,0.0000,0.0000,0.0000,0.0000,0.0000,5.00,3.00,2.00,0.0000,0.0000,0.0000,0,0.000000
59,0.0200,0.0000,45.0000,-30.0000,0.0000,0.0000,0.0000,0.0000,0.0000,0.0000,5.7972,-213.1015,-8.4344,0.0000,0.0000,0.0000,-1.6331,-1.7843,-0.4007,0.0000,-0.1942,0.0000,0.0000,0.0000,0.0000,0.0000,0.0000,0.0000,5.00,3.00,2.00,0.0000,0.0000,0.0000,0,0.000000
59,0.0200,0.0000,45.0000,-30.0000,0.0000,0.0000,0.0000,0.0000,0.0000,0.0000,5.8120,-214.3931,-8.4617,0.7398,-64.5775,-1.3634,-2.3872,-1.7843,-2.5995,0.0000,-0.1942,0.0000,0.0000,0.0000,0.0000,0.0000,0.0000,0.0000,5.00,3.00,2.00,0.0000,0.0000,0.0000,0,0.000000
60,0.0200,0.0000,45.0000,-30.0000,0.0000,0.0000,0.0000,0.0000,0.0000,0.0000,5.8268,-215.6886,-8.4890,0.0000,0.0000,0.0000,-2.3709,-1.7843,-2.7213,0.0000,-0.1942,0.0000,0.0000,0.0000,0.0000,0.0000,0.0000,0.0000,5.00,3.00,2.00,0.0000,0.0000,0.0000,0,0.000000
60,0.0200,0.0000,45.0000,-30.0000,0.0000,0.0000,0.0000,0.0000,0.0000,0.0000,5.8416,-216.9880,-8.5162,0.0000,0.0000,0.0000,2.6190,-1.7843,-2.9234,0.0000,-0.1942,0.0000,0.0000,0.0000,0.0000,0.0000,0.0000,0.0000,5.00,3.00,2.00,0.0000,0.0000,0.0000,0,0.000000
60,0.0200,0.0000,45.0000,-30.0000,0.0000,0.0000,0.0000,0.0000,0.0000,0.0000,5.8564,-218.2913,-8.5434,0.0000,0.0000,0.0000,-1.0385,-1.7843,1.2945,0.0000,-0.1942,0.0000,0.0000,0.0000,0.0000,0.0000,0.0000,0.0000,5.00,3.00,2.00,0.0000,0.0000,0.0000,0,0.000000
60,0.0200,0.0000,45.0000,-30.0000,0.0000,0.0000,0.0000,0.0000,0.0000,0.0000,5.8712,-219.5986,-8.5707,0.0000,0.0000,0.0000,1.0238,-1.7843,-2.2722,0.0000,-0.1942,0.0000,0.0000,0.0000,0.0000,0.0000,0.0000,0.0000,5.00,3.00,2.00,0.0000,0.0000,0.0000,0,0.000000
60,0.0200,0.0000,45.0000,-30.0000,0.0000,0.0000,0.0000,0.0000,0.0000,0.0000,5.8860,-220.9097,-8.5979,0.7398,-65.5586,-1.3634,-0.5292,-1.7843,2.5074,0.0000,-0.1942,0.0000,0.0000,0.0000,0.0000,0.0000,0.0000,0.0000,5.00,3.00,2.00,0.0000,0.0000,0.0000,0,0.000000
61,0.0200,0.0000,45.0000,-30.0000,0.0000,0.0000,0.0000,0.0000,0.0000,0.0000,5.9008,-222.2248,-8.6252,0.0000,0.0000,0.0000,1.9372,-1.7843,-0.0457,0.0000,-0.1942,0.0000,0.0000,0.0000,0.0000,0.0000,0.0000,0.0000,5.00,3.00,2.00,0.0000,0.0000,0.0000,0,0.000000
61,0.0200,0.0000,45.0000,-30.0000,0.0000,0.0000,0.0000,0.0000,0.0000,0.0000,5.9155,-223.5439,-8.6524,0.0000,0.0000,0.0000,1.6514,-1.7843,-0.3136,0.0000,-0.1942,0.0000,0.0000,0.0000,0.0000,0.0000,0.0000,0.0000,5.00,3.00,2.00,0.0000,0.0000,0.0000,0,0.000000
61,0.0200,0.0000,45.0000,-30.0000,0.0000,0.0000,0.0000,0.0000,0.0000,0.0000,5.9303,-224.8668,-8.6797,0.0000,0.0000,0.0000,-1.7996,-1.7843,-1.4479,0.0000,-0.1942,0.0000,0.0000,0.0000,0.0000,0.0000,0.0000,0.0000,5.00,3.00,2.00,0.0000,0.0000,0.0000,0,0.000000
61,0.0200,0.0000,45.0000,-30.0000,0.0000,0.0000,0.0000,0.0000,0.0000,0.0000,5.9451,-226.1937,-8.7069,0.0000,0.0000,0.0000,1.2690,-1.7843,-3.3714,0.0000,-0.1942,0.0000,0.0000,0.0000,0.0000,0.0000,0.0000,0.0000,5.00,3.00,2.00,0.0000,0.0000,0.0000,0,0.000000
61,0.0200,0.0000,45.0000,-30.0000,0.0000,0.0000,0.0000,0.0000,0.0000,0.0000,5.9599,-227.5245,-8.7342,0.7398,-66.5398,-1.3626,-2.2069,-1.7843,0.4885,0.0000,-0.1942,0.0000,0.0000,0.0000,0.0000,0.0000,0.0000,0.0000,5.00,3.00,2.00,0.0000,0.0000,0.0000,0,0.000000
62,0.0200,0.0000,45.0000,-30.0000,0.0000,0.0000,0.0000,0.0000,0.0000,0.0000,5.9747,-228.8592,-8.7614,0.0000,0.0000,0.0000,-1.4418,-1.7843,-2.3195,0.0000,-0.1942,0.0000,0.0000,0.0000,0.0000,0.0000,0.0000,0.0000,5.00,3.00,2.00,0.0000,0.0000,0.0000,0,0.000000
62,0.0200,0.0000,45.0000,-30.0000,0.0000,0.0000,0.0000,0.0000,0.0000,0.0000,5.9895,-230.1978,-8.7887,0.0000,0.0000,0.0000,-0.3100,-1.7843,-4.1643,0.0000,-0.1942,0.0000,0.0000,0.0000,0.0000,0.0000,0.0000,0.0000,5.00,3.00,2.00,0.0000,0.0000,0.0000,0,0.000000
62,0.0200,0.0000,45.0000,-30.0000,0.0000,0.0000,0.0000,0.0000,0.0000,0.0000,6.0043,-231.5404,-8.8159,0.0000,0.0000,0.0000,-2.1955,-1.7843,1.7393,0.0000,-0.1942,0.0000,0.0000,0.0000,0.0000,0.0000,0.0000,0.0000,5.00,3.00,2.00,0.0000,0.0000,0.0000,0,0.000000
62,0.0200,0.0000,45.0000,-30.0000,0.0000,0.0000,0.0000,0.0000,0.0000,0.0000,6.0191,-232.8869,-8.8432,0.0000,0.0000,0.0000,1.4671,-1.7843,-0.1546,0.0000,-0.1942,0.0000,0.0000,0.0000,0.0000,0.0000,0.0000,0.0000,5.00,3.00,2.00,0.0000,0.0000,0.0000,0,0.000000
62,0.0200,0.0000,45.0000,-30.0000,0.0000,0.0000,0.0000,0.0000,0.0000,0.0000,6.0339,-234.2373,-8.8704,0.7398,-67.5217,-1.3618,1.2025,-1.7843,0.9782,0.0000,-0.1942,0.0000,0.0000,0.0000,0.0000,0.0000,0.0000,0.0000,5.00,3.00,2.00,0.0000,0.0000,0.0000,0,0.000000
63,0.0200,0.0000,45.0000,-30.0000,0.0000,0.0000,0.0000,0.0000,0.0000,0.0000,6.0487,-235.5917,-8.8977,0.0000,0.0000,0.0000,1.4547,-1.7843,0.4329,0.0000,-0.1942,0.0000,0.0000,0.0000,0.0000,0.0000,0.0000,0.0000,5.00,3.00,2.00,0.0000,0.0000,0.0000,0,0.000000
63,0.0200,0.0000,45.0000,-30.0000,0.0000,0.0000,0.0000,0.0000,0.0000,0.0000,6.0635,-236.9499,-8.9249,0.0000,0.0000,0.0000,-1.8318,-1.7843,1.0464,0.0000,-0.1942,0.0000,0.0000,0.0000,0.0000,0.0000,0.0000,0.0000,5.00,3.00,2.00,0.0000,0.0000,0.0000,0,0.000000
63,0.0200,0.0000,45.0000,-30.0000,0.0000,0.0000,0.0000,0.0000,0.0000,0.0000,6.0783,-238.3121,-8.9522,0.0000,0.0000,0.0000,1.8166,-1.7843,0.5434,0.0000,-0.1942,0.0000,0.0000,0.0000,0.0000,0.0000,0.0000,0.0000,5.00,3.00,2.00,0.0000,0.0000,0.0000,0,0.000000
63,0.0200,0.0000,45.0000,-30.0000,0.0000,0.0000,0.0000,0.0000,0.0000,0.0000,6.0931,-239.6782,-8.9794,0.0000,0.0000,0.0000,-1.6793,-1.7843,1.3531,0.0000,-0.1942,0.0000,0.0000,0.0000,0.0000,0.0000,0.0000,0.0000,5.00,3.00,2.00,0.0000,0.0000,0.0000,0,0.000000
63,0.0200,0.0000,45.0000,-30.0000,0.0000,0.0000,0.0000,0.0000,0.0000,0.0000,6.1079,-241.0482,-9.0067,0.7398,-68.5020,-1.3626,-0.0075,-1.7843,-4.3891,0.0000,-0.1942,0.0000,0.0000,0.0000,0.0000,0.0000,0.0000,0.0000,5.00,3.00,2.00,0.0000,0.0000,0.0000,0,0.000000
64,0.0200,0.0000,45.0000,-30.0000,0.0000,0.0000,0.0000,0.0000,0.0000,0.0000,6.1227,-242.4222,-9.0339,0.0000,0.0000,0.0000,1.8839,-1.7843,-1.9112,0.0000,-0.1942,0.0000,0.0000,0.0000,0.0000,0.0000,0.0000,0.0000,5.00,3.00,2.00,0.0000,0.0000,0.0000,0,0.000000
64,0.0200,0.0000,45.0000,-30.0000,0.0000,0.0000,0.0000,0.0000,0.0000,0.0000,6.1375,-243.8001,-9.0612,0.0000,0.0000,0.0000,2.1810,-1.7843,0.5703,0.0000,-0.1942,0.0000,0.0000,0.0000,0.0000,0.0000,0.0000,0.0000,5.00,3.00,2.00,0.0000,0.0000,0.0000,0,0.000000
64,0.0200,0.0000,45.0000,-30.0000,0.0000,0.0000,0.0000,0.0000,0.0000,0.0000,6.1523,-245.1819,-9.0884,0.0000,0.0000,0.0000,-1.6639,-1.7843,-1.5157,0.0000,-0.1942,0.0000,0.0000,0.0000,0.0000,0.0000,0.0000,0.0000,5.00,3.00,2.00,0.0000,0.0000,0.0000,0,0.000000
64,0.0200,0.0000,45.0000,-30.0000,0.0000,0.0000,0.0000,0.0000,0.0000,0.0000,6.1671,-246.5676,-9.1157,0.0000,0.0000,0.0000,-0.8388,-1.7843,-4.2459,0.0000,-0.1942,0.0000,0.0000,0.0000,0.0000,0.0000,0.0000,0.0000,5.00,3.00,2.00,0.0000,0.0000,0.0000,0,0.000000
64,0.0200,0.0000,45.0000,-30.0000,0.0000,0.0000,0.0000,0.0000,0.0000,0.0000,6.1819,-247.9572,-9.1429,0.7398,-69.4817,-1.3618,1.9668,-1.7843,-2.8166,0.0000,-0.1942,0.0000,0.0000,0.0000,0.0000,0.0000,0.0000,0.0000,5.00,3.00,2.00,0.0000,0.0000,0.0000,0,0.000000
65,0.0200,0.0000,45.0000,-30.0000,0.0000,0.0000,0.0000,0.0000,0.0000,0.0000,6.1967,-249.3508,-9.1701,0.0000,0.0000,0.0000,-0.3200,-1.7843,-3.2291,0.0000,-0.1942,0.0000,0.0000,0.0000,0.0000,0.0000,0.0000,0.0000,5.00,3.00,2.00,0.0000,0.0000,0.0000,0,0.000000
65,0.0200,0.0000,45.0000,-30.0000,0.0000,0.0000,0.0000,0.0000,0.0000,0.0000,6.2115,-250.7484,-9.1974,0.0000,0.0000,0.0000,2.6236,-1.7843,-2.6815,0.0000,-0.1942,0.0000,0.0000,0.0000,0.0000,0.0000,0.0000,0.0000,5.00,3.00,2.00,0.0000,0.0000,0.0000,0,0.000000
65,0.0200,0.0000,45.0000,-30.0000,0.0000,0.0000,0.0000,0.0000,0.0000,0.0000,6.2263,-252.1498,-9.2247,0.0000,0.0000,0.0000,1.8138,-1.7843,-1.9236,0.0000,-0.1942,0.0000,0.0000,0.0000,0.0000,0.0000,0.0000,0.0000,5.00,3.00,2.00,0.0000,0.0000,0.0000,0,0.000000
65,0.0200,0.0000,45.0000,-30.0000,0.0000,0.0000,0.0000,0.0000,0.0000,0.0000,6.2411,-253.5551,-9.2519,0.0000,0.0000,0.0000,-0.6510,-1.7843,-2.9213,0.0000,-0.1942,0.0000,0.0000,0.0000,0.0000,0.0000,0.0000,0.0000,5.00,3.00,2.00,0.0000,0.0000,0.0000,0,0.000000
65,0.0200,0.0000,45.0000,-30.0000,0.0000,0.0000,0.0000,0.0000,0.0000,0.0000,6.2559,-254.9644,-9.2792,0.7398,-70.4643,-1.3626,-1.5901,-1.7843,-2.8791,0.0000,-0.1942,0.0000,0.0000,0.0000,0.0000,0.0000,0.0000,0.0000,5.00,3.00,2.00,0.0000,0.0000,0.0000,0,0.000000
66,0.0200,0.0000,45.0000,-30.0000,0.0000,0.0000,0.0000,0.0000,0.0000,0.0000,6.2707,-256.3776,-9.3064,0.0000,0.0000,0.0000,-2.1673,-1.7843,-1.0039,0.0000,-0.1942,0.0000,0.0000,0.0000,0.0000,0.0000,0.0000,0.0000,5.00,3.00,2.00,0.0000,0.0000,0.0000,0,0.000000
66,0.0200,0.0000,45.0000,-30.0000,0.0000,0.0000,0.0000,0.0000,0.0000,0.0000,6.2855,-257.7947,-9.3337,0.0000,0.0000,0.0000,0.3517,-1.7843,-3.0994,0.0000,-0.1942,0.0000,0.0000,0.0000,0.0000,0.0000,0.0000,0.0000,5.00,3.00,2.00,0.0000,0.0000,0.0000,0,0.000000
66,0.0200,0.0000,45.0000,-30.0000,0.0000,0.0000,0.0000,0.0000,0.0000,0.0000,6.3003,-259.2158,-9.3609,0.0000,0.0000,0.0000,0.9931,-1.7843,0.3108,0.0000,-0.1942,0.0000,0.0000,0.0000,0.0000,0.0000,0.0000,0.0000,5.00,3.00,2.00,0.0000,0.0000,0.0000,0,0.000000
66,0.0200,0.0000,45.0000,-30.0000,0.0000,0.0000,0.0000,0.0000,0.0000,0.0000,6.3151,-260.6407,-9.3881,0.0000,0.0000,0.0000,-3.1834,-1.7843,0.1981,0.0000,-0.1942,0.0000,0.0000,0.0000,0.0000,0.0000,0.0000,0.0000,5.00,3.00,2.00,0.0000,0.0000,0.0000,0,0.000000
66,0.0200,0.0000,45.0000,-30.0000,0.0000,0.0000,0.0000,0.0000,0.0000,0.0000,6.3299,-262.0696,-9.4154,0.7398,-71.4447,-1.3618,1.7034,-1.7843,-2.0008,0.0000,-0.1942,0.0000,0.0000,0.0000,0.0000,0.0000,0.0000,0.0000,5.00,3.00,2.00,0.0000,0.0000,0.0000,0,0.000000
67,0.0200,0.0000,45.0000,-30.0000,0.0000,0.0000,0.0000,0.0000,0.0000,0.0000,6.3447,-263.5025,-9.4427,0.0000,0.0000,0.0000,-1.0438,-1.7843,0.9718,0.0000,-0.1942,0.0000,0.0000,0.0000,0.0000,0.0000,0.0000,0.0000,5.00,3.00,2.00,0.0000,0.0000,0.0000,0,0.000000
67,0.0200,0.0000,45.0000,-30.0000,0.0000,0.0000,0.0000,0.0000,0.0000,0.0000,6.3595,-264.9392,-9.4699,0.0000,0.0000,0.0000,-1.8764,-1.7843,0.1765,0.0000,-0.1942,0.0000,0.0000,0.0000,0.0000,0.0000,0.0000,0.0000,5.00,3.00,2.00,0.0000,0.0000,0.0000,0,0.000000
67,0.0200,0.0000,45.0000,-30.0000,0.0000,0.0000,0.0000,0.0000,0.0000,0.0000,6.3742,-266.3799,-9.4971,0.0000,0.0000,0.0000,-0.3156,-1.7843,1.5917,0.0000,-0.1942,0.0000,0.0000,0.0000,0.0000,0.0000,0.0000,0.0000,5.00,3.00,2.00,0.0000,0.0000,0.0000,0,0.000000
67,0.0200,0.0000,45.0000,-30.0000,0.0000,0.0000,0.0000,0.0000,0.0000,0.0000,6.3890,-267.8244,-9.5244,0.0000,0.0000,0.0000,-1.3524,-1.7843,-3.8590,0.0000,-0.1942,0.0000,0.0000,0.0000,0.0000,0.0000,0.0000,0.0000,5.00,3.00,2.00,0.0000,0.0000,0.0000,0,0.000000
67,0.0200,0.0000,45.0000,-30.0000,0.0000,0.0000,0.0000,0.0000,0.0000,0.0000,6.4038,-269.2730,-9.5516,0.7398,-72.4274,-1.3618,0.0099,-1.7843,-3.0238,0.0000,-0.1942,0.0000,0.0000,0.0000,0.0000,0.0000,0.0000,0.0000,5.00,3.00,2.00,0.0000,0.0000,0.0000,0,0.000000
68,0.0200,0.0000,45.0000,-30.0000,0.0000,0.0000,0.0000,0.0000,0.0000,0.0000,6.4186,-270.7254,-9.5789,0.0000,0.0000,0.0000,2.0736,-1.7843,0.5806,0.0000,-0.1942,0.0000,0.0000,0.0000,0.0000,0.0000,0.0000,0.0000,5.00,3.00,2.00,0.0000,0.0000,0.0000,0,0.000000
68,0.0200,0.0000,45.0000,-30.0000,0.0000,0.0000,0.0000,0.0000,0.0000,0.0000,6.4334,-272.1817,-9.6061,0.0000,0.0000,0.0000,-2.1006,-1.7843,0.0372,0.0000,-0.1942,0.0000,0.0000,0.0000,0.0000,0.0000,0.0000,0.0000,5.00,3.00,2.00,0.0000,0.0000,0.0000,0,0.000000
68,0.0200,0.0000,45.0000,-30.0000,0.0000,0.0000,0.0000,0.0000,0.0000,0.0000,6.4482,-273.6420,-9.6334,0.0000,0.0000,0.0000,-0.7427,-1.7843,-4.1706,0.0000,-0.1942,0.0000,0.0000,0.0000,0.0000,0.0000,0.0000,0.0000,5.00,3.00,2.00,0.0000,0.0000,0.0000,0,0.000000
68,0.0200,0.0000,45.0000,-30.0000,0.0000,0.0000,0.0000,0.0000,0.0000,0.0000,6.4630,-275.1062,-9.6606,0.0000,0.0000,0.0000,2.3834,-1.7843,0.4192,0.0000,-0.1942,0.0000,0.0000,0.0000,0.0000,0.0000,0.0000,0.0000,5.00,3.00,2.00,0.0000,0.0000,0.0000,0,0.000000
68,0.0200,0.0000,45.0000,-30.0000,0.0000,0.0000,0.0000,0.0000,0.0000,0.0000,6.4778,-276.5744,-9.6879,0.7398,-73.4070,-1.3626,1.3978,-1.7843,-3.9322,0.0000,-0.1942,0.0000,0.0000,0.0000,0.0000,0.0000,0.0000,0.0000,5.00,3.00,2.00,0.0000,0.0000,0.0000,0,0.000000
69,0.0200,0.0000,45.0000,-30.0000,0.0000,0.0000,0.0000,0.0000,0.0000,0.0000,6.4926,-278.0464,-9.7151,0.0000,0.0000,0.0000,1.5101,-1.7843,1.1403,0.0000,-0.1942,0.0000,0.0000,0.0000,0.0000,0.0000,0.0000,0.0000,5.00,3.00,2.00,0.0000,0.0000,0.0000,0,0.000000
69,0.0200,0.0000,45.0000,-30.0000,0.0000,0.0000,0.0000,0.0000,0.0000,0.0000,6.5074,-279.5224,-9.7424,0.0000,0.0000,0.0000,2.8967,-1.7843,-0.6058,0.0000,-0.1942,0.0000,0.0000,0.0000,0.0000,0.0000,0.0000,0.0000,5.00,3.00,2.00,0.0000,0.0000,0.0000,0,0.000000
69,0.0200,0.0000,45.0000,-30.0000,0.0000,0.0000,0.0000,0.0000,0.0000,0.0000,6.5222,-281.0023,-9.7697,0.0000,0.0000,0.0000,-0.8789,-1.7843,-2.4839,0.0000,-0.1942,0.0000,0.0000,0.0000,0.0000,0.0000,0.0000,0.0000,5.00,3.00,2.00,0.0000,0.0000,0.0000,0,0.000000
69,0.0200,0.0000,45.0000,-30.0000,0.0000,0.0000,0.0000,0.0000,0.0000,0.0000,6.5370,-282.4861,-9.7969,0.0000,0.0000,0.0000,-0.0246,-1.7843,-2.4330,0.0000,-0.1942,0.0000,0.0000,0.0000,0.0000,0.0000,0.0000,0.0000,5.00,3.00,2.00,0.0000,0.0000,0.0000,0,0.000000
69,0.0200,0.0000,45.0000,-30.0000,0.0000,0.0000,0.0000,0.0000,0.0000,0.0000,6.5518,-283.9739,-9.8242,0.7398,-74.3881,-1.3634,-0.7721,-1.7843,-4.0982,0.0000,-0.1942,0.0000,0.0000,0.0000,0.0000,0.0000,0.0000,0.0000,5.00,3.00,2.00,0.0000,0.0000,0.0000,0,0.000000
70,0.0200,0.0000,45.0000,-30.0000,0.0000,0.0000,0.0000,0.0000,0.0000,0.0000,6.5666,-285.4655,-9.8514,0.0000,0.0000,0.0000,2.0517,-1.7843,0.4441,0.0000,-0.1942,0.0000,0.0000,0.0000,0.0000,0.0000,0.0000,0.0000,5.00,3.00,2.00,0.0000,0.0000,0.0000,0,0.000000
70,0.0200,0.0000,45.0000,-30.0000,0.0000,0.0000,0.0000,0.0000,0.0000,0.0000,6.5814,-286.9612,-9.8786,0.0000,0.0000,0.0000,-1.2363,-1.7843,1.9284,0.0000,-0.1942,0.0000,0.0000,0.0000,0.0000,0.0000,0.0000,0.0000,5.00,3.00,2.00,0.0000,0.0000,0.0000,0,0.000000
70,0.0200,0.0000,45.0000,-30.0000,0.0000,0.0000,0.0000,0.0000,0.0000,0.0000,6.5962,-288.4607,-9.9059,0.0000,0.0000,0.0000,-1.4430,-1.7843,-1.7863,0.0000,-0.1942,0.0000,0.0000,0.0000,0.0000,0.0000,0.0000,0.0000,5.00,3.00,2.00,0.0000,0.0000,0.0000,0,0.000000
70,0.0200,0.0000,45.0000,-30.0000,0.0000,0.0000,0.0000,0.0000,0.0000,0.0000,6.6110,-289.9641,-9.9331,0.0000,0.0000,0.0000,-2.4900,-1.7843,-2.6340,0.0000,-0.1942,0.0000,0.0000,0.0000,0.0000,0.0000,0.0000,0.0000,5.00,3.00,2.00,0.0000,0.0000,0.0000,0,0.000000
70,0.0200,0.0000,45.0000,-30.0000,0.0000,0.0000,0.0000,0.0000,0.0000,0.0000,6.6258,-291.4715,-9.9603,0.7398,-75.3693,-1.3611,-1.5403,-1.7843,-3.7933,0.0000,-0.1942,0.0000,0.0000,0.0000,0.0000,0.0000,0.0000,0.0000,5.00,3.00,2.00,0.0000,0.0000,0.0000,0,0.000000
71,0.0200,0.0000,45.0000,-30.0000,0.0000,0.0000,0.0000,0.0000,0.0000,0.0000,6.6406,-292.9828,-9.9876,0.0000,0.0000,0.0000,-0.9488,-1.7843,0.3603,0.0000,-0.1942,0.0000,0.0000,0.0000,0.0000,0.0000,0.0000,0.0000,5.00,3.00,2.00,0.0000,0.0000,0.0000,0,0.000000
71,0.0200,0.0000,45.0000,-30.0000,0.0000,0.0000,0.0000,0.0000,0.0000,0.0000,6.6554,-294.4980,-10.0149,0.0000,0.0000,0.0000,-1.4721,-1.7843,1.1261,0.0000,-0.1942,0.0000,0.0000,0.0000,0.0000,0.0000,0.0000,0.0000,5.00,3.00,2.00,0.0000,0.0000,0.0000,0,0.000000
71,0.0200,0.0000,45.0000,-30.0000,0.0000,0.0000,0.0000,0.0000,0.0000,0.0000,6.6702,-296.0172,-10.0421,0.0000,0.0000,0.0000,0.2145,-1.7843,-3.1794,0.0000,-0.1942,0.0000,0.0000,0.0000,0.0000,0.0000,0.0000,0.0000,5.00,3.00,2.00,0.0000,0.0000,0.0000,0,0.000000
71,0.0200,0.0000,45.0000,-30.0000,0.0000,0.0000,0.0000,0.0000,0.0000,0.0000,6.6850,-297.5403,-10.0694,0.0000,0.0000,0.0000,-0.1375,-1.7843,-4.3046,0.0000,-0.1942,0.0000,0.0000,0.0000,0.0000,0.0000,0.0000,0.0000,5.00,3.00,2.00,0.0000,0.0000,0.0000,0,0.000000
71,0.0200,0.0000,45.0000,-30.0000,0.0000,0.0000,0.0000,0.0000,0.0000,0.0000,6.6998,-299.0672,-10.0966,0.7398,-76.3489,-1.3634,2.5177,-1.7843,-3.1430,0.0000,-0.1942,0.0000,0.0000,0.0000,0.0000,0.0000,0.0000,0.0000,5.00,3.00,2.00,0.0000,0.0000,0.0000,0,0.000000
72,0.0200,0.0000,45.0000,-30.0000,0.0000,0.0000,0.0000,0.0000,0.0000,0.0000,6.7146,-300.5981,-10.1239,0.0000,0.0000,0.0000,-2.5620,-1.7843,-2.5359,0.0000,-0.1942,0.0000,0.0000,0.0000,0.0000,0.0000,0.0000,0.0000,5.00,3.00,2.00,0.0000,0.0000,0.0000,0,0.000000
72,0.0200,0.0000,45.0000,-30.0000,0.0000,0.0000,0.0000,0.0000,0.0000,0.0000,6.7294,-302.1330,-10.1511,0.0000,0.0000,0.0000,1.6855,-1.7843,1.8946,0.0000,-0.1942,0.0000,0.0000,0.0000,0.0000,0.0000,0.0000,0.0000,5.00,3.00,2.00,0.0000,0.0000,0.0000,0,0.000000
72,0.0200,0.0000,45.0000,-30.0000,0.0000,0.0000,0.0000,0.0000,0.0000,0.0000,6.7442,-303.6718,-10.1784,0.0000,0.0000,0.0000,-0.1770,-1.7843,-2.5058,0.0000,-0.1942,0.0000,0.0000,0.0000,0.0000,0.0000,0.0000,0.0000,5.00,3.00,2.00,0.0000,0.0000,0.0000,0,0.000000
72,0.0200,0.0000,45.0000,-30.0000,0.0000,0.0000,0.0000,0.0000,0.0000,0.0000,6.7590,-305.2144,-10.2056,0.0000,0.0000,0.0000,2.0377,-1.7843,-0.6899,0.0000,-0.1942,0.0000,0.0000,0.0000,0.0000,0.0000,0.0000,0.0000,5.00,3.00,2.00,0.0000,0.0000,0.0000,0,0.000000
72,0.0200,0.0000,45.0000,-30.0000,0.0000,0.0000,0.0000,0.0000,0.0000,0.0000,6.7738,-306.7610,-10.2329,0.7398,-77.3285,-1.3626,-2.1416,-1.7843,-2.3702,0.0000,-0.1942,0.0000,0.0000,0.0000,0.0000,0.0000,0.0000,0.0000,5.00,3.00,2.00,0.0000,0.0000,0.0000,0,0.000000
73,0.0200,0.0000,45.0000,-30.0000,0.0000,0.0000,0.0000,0.0000,0.0000,0.0000,6.7886,-308.3116,-10.2601,0.0000,0.0000,0.0000,-0.3549,-1.7843,-3.6923,0.0000,-0.1942,0.0000,0.0000,0.0000,0.0000,0.0000,0.0000,0.0000,5.00,3.00,2.00,0.0000,0.0000,0.0000,0,0.000000
73,0.0200,0.0000,45.0000,-30.0000,0.0000,0.0000,0.0000,0.0000,0.0000,0.0000,6.8034,-309.8661,-10.2874,0.0000,0.0000,0.0000,-1.8894,-1.7843,-1.0297,0.0000,-0.1942,0.0000,0.0000,0.0000,0.0000,0.0000,0.0000,0.0000,5.00,3.00,2.00,0.0000,0.0000,0.0000,0,0.000000
73,0.0200,0.0000,45.0000,-30.0000,0.0000,0.0000,0.0000,0.0000,0.0000,0.0000,6.8182,-311.4244,-10.3146,0.0000,0.0000,0.0000,0.0059,-1.7843,-2.5315,0.0000,-0.1942,0.0000,0.0000,0.0000,0.0000,0.0000,0.0000,0.0000,5.00,3.00,2.00,0.0000,0.0000,0.0000,0,0.000000
73,0.0200,0.0000,45.0000,-30.0000,0.0000,0.0000,0.0000,0.0000,0.0000,0.0000,6.8329,-312.9868,-10.3418,0.0000,0.0000,0.0000,2.2258,-1.7843,-3.0251,0.0000,-0.1942,0.0000,0.0000,0.0000,0.0000,0.0000,0.0000,0.0000,5.00,3.00,2.00,0.0000,0.0000,0.0000,0,0.000000
73,0.0200,0.0000,45.0000,-30.0000,0.0000,0.0000,0.0000,0.0000,0.0000,0.0000,6.8477,-314.5530,-10.3691,0.7398,-78.3096,-1.3626,-0.7768,-1.7843,-2.6477,0.0000,-0.1942,0.0000,0.0000,0.0000,0.0000,0.0000,0.0000,0.0000,5.00,3.00,2.00,0.0000,0.0000,0.0000,0,0.000000
74,0.0200,0.0000,45.0000,-30.0000,0.0000,0.0000,0.0000,0.0000,0.0000,0.0000,6.8625,-316.1231,-10.3964,0.0000,0.0000,0.0000,-1.6701,-1.7843,-2.3480,0.0000,-0.1942,0.0000,0.0000,0.0000,0.0000,0.0000,0.0000,0.0000,5.00,3.00,2.00,0.0000,0.0000,0.0000,0,0.000000
74,0.0200,0.0000,45.0000,-30.0000,0.0000,0.0000,0.0000,0.0000,0.0000,0.0000,6.8773,-317.6972,-10.4236,0.0000,0.0000,0.0000,1.9299,-1.7843,0.2056,0.0000,-0.1942,0.0000,0.0000,0.0000,0.0000,0.0000,0.0000,0.0000,5.00,3.00,2.00,0.0000,0.0000,0.0000,0,0.000000
74,0.0200,0.0000,45.0000,-30.0000,0.0000,0.0000,0.0000,0.0000,0.0000,0.0000,6.8921,-319.2752,-10.4509,0.0000,0.0000,0.0000,2.6230,-1.7843,0.3296,0.0000,-0.1942,0.0000,0.0000,0.0000,0.0000,0.0000,0.0000,0.0000,5.00,3.00,2.00,0.0000,0.0000,0.0000,0,0.000000
74,0.0200,0.0000,45.0000,-30.0000,0.0000,0.0000,0.0000,0.0000,0.0000,0.0000,6.9069,-320.8571,-10.4781,0.0000,0.0000,0.0000,2.7385,-1.7843,-2.4292,0.0000,-0.1942,0.0000,0.0000,0.0000,0.0000,0.0000,0.0000,0.0000,5.00,3.00,2.00,0.0000,0.0000,0.0000,0,0.000000
74,0.0200,0.0000,45.0000,-30.0000,0.0000,0.0000,0.0000,0.0000,0.0000,0.0000,6.9217,-322.4430,-10.5053,0.7398,-79.2938,-1.3611,2.3954,-1.7843,0.7322,0.0000,-0.1942,0.0000,0.0000,0.0000,0.0000,0.0000,0.0000,0.0000,5.00,3.00,2.00,0.0000,0.0000,0.0000,0,0.000000
75,0.0200,0.0000,45.0000,-30.0000,0.0000,0.0000,0.0000,0.0000,0.0000,0.0000,6.9365,-324.0328,-10.5326,0.0000,0.0000,0.0000,-2.3787,-1.7843,1.4438,0.0000,-0.1942,0.0000,0.0000,0.0000,0.0000,0.0000,0.0000,0.0000,5.00,3.00,2.00,0.0000,0.0000,0.0000,0,0.000000
75,0.0200,0.0000,45.0000,-30.0000,0.0000,0.0000,0.0000,0.0000,0.0000,0.0000,6.9513,-325.6265,-10.5598,0.0000,0.0000,0.0000,0.7085,-1.7843,1.2635,0.0000,-0.1942,0.0000,0.0000,0.0000,0.0000,0.0000,0.0000,0.0000,5.00,3.00,2.00,0.0000,0.0000,0.0000,0,0.000000
75,0.0200,0.0000,45.0000,-30.0000,0.0000,0.0000,0.0000,0.0000,0.0000,0.0000,6.9661,-327.2241,-10.5871,0.0000,0.0000,0.0000,0.3803,-1.7843,-2.3971,0.0000,-0.1942,0.0000,0.0000,0.0000,0.0000,0.0000,0.0000,0.0000,5.00,3.00,2.00,0.0000,0.0000,0.0000,0,0.000000
75,0.0200,0.0000,45.0000,-30.0000,0.0000,0.0000,0.0000,0.0000,0.0000,0.0000,6.9809,-328.8256,-10.6143,0.0000,0.0000,0.0000,-0.9989,-1.7843,1.7890,0.0000,-0.1942,0.0000,0.0000,0.0000,0.0000,0.0000,0.0000,0.0000,5.00,3.00,2.00,0.0000,0.0000,0.0000,0,0.000000
75,0.0200,0.0000,45.0000,-30.0000,0.0000,0.0000,0.0000,0.0000,0.0000,0.0000,6.9957,-330.4311,-10.6416,0.7398,-80.2750,-1.3634,1.0904,-1.7843,-3.9332,0.0000,-0.1942,0.0000,0.0000,0.0000,0.0000,0.0000,0.0000,0.0000,5.00,3.00,2.00,0.0000,0.0000,0.0000,0,0.000000
76,0.0200,0.0000,45.0000,-30.0000,0.0000,0.0000,0.0000,0.0000,0.0000,0.0000,7.0105,-332.0405,-10.6688,0.0000,0.0000,0.0000,-3.2206,-1.7843,-0.9807,0.0000,-0.1942,0.0000,0.0000,0.0000,0.0000,0.0000,0.0000,0.0000,5.00,3.00,2.00,0.0000,0.0000,0.0000,0,0.000000
76,0.0200,0.0000,45.0000,-30.0000,0.0000,0.0000,0.0000,0.0000,0.0000,0.0000,7.0253,-333.6538,-10.6961,0.0000,0.0000,0.0000,-1.3531,-1.7843,0.8361,0.0000,-0.1942,0.0000,0.0000,0.0000,0.0000,0.0000,0.0000,0.0000,5.00,3.00,2.00,0.0000,0.0000,0.0000,0,0.000000
76,0.0200,0.0000,45.0000,-30.0000,0.0000,0.0000,0.0000,0.0000,0.0000,0.0000,7.0401,-335.2711,-10.7233,0.0000,0.0000,0.0000,0.2722,-1.7843,-3.3773,0.0000,-0.1942,0.0000,0.0000,0.0000,0.0000,0.0000,0.0000,0.0000,5.00,3.00,2.00,0.0000,0.0000,0.0000,0,0.000000
76,0.0200,0.0000,45.0000,-30.0000,0.0000,0.0000,0.0000,0.0000,0.0000,0.0000,7.0549,-336.8923,-10.7506,0.0000,0.0000,0.0000,-2.4361,-1.7843,-2.6707,0.0000,-0.1942,0.0000,0.0000,0.0000,0.0000,0.0000,0.0000,0.0000,5.00,3.00,2.00,0.0000,0.0000,0.0000,0,0.000000
76,0.0200,0.0000,45.0000,-30.0000,0.0000,0.0000,0.0000,0.0000,0.0000,0.0000,7.0697,-338.5173,-10.7778,0.7398,-81.2531,-1.3626,-1.8073,-1.7843,-3.8553,0.0000,-0.1942,0.0000,0.0000,0.0000,0.0000,0.0000,0.0000,0.0000,5.00,3.00,2.00,0.0000,0.0000,0.0000,0,0.000000
77,0.0200,0.0000,45.0000,-30.0000,0.0000,0.0000,0.0000,0.0000,0.0000,0.0000,7.0845,-340.1464,-10.8051,0.0000,0.0000,0.0000,-2.3191,-1.7843,-3.2444,0.0000,-0.1942,0.0000,0.0000,0.0000,0.0000,0.0000,0.0000,0.0000,5.00,3.00,2.00,0.0000,0.0000,0.0000,0,0.000000
77,0.0200,0.0000,45.0000,-30.0000,0.0000,0.0000,0.0000,0.0000,0.0000,0.0000,7.0993,-341.7793,-10.8323,0.0000,0.0000,0.0000,0.0629,-1.7843,-3.7821,0.0000,-0.1942,0.0000,0.0000,0.0000,0.0000,0.0000,0.0000,0.0000,5.00,3.00,2.00,0.0000,0.0000,0.0000,0,0.000000
77,0.0200,0.0000,45.0000,-30.0000,0.0000,0.0000,0.0000,0.0000,0.0000,0.0000,7.1141,-343.4162,-10.8596,0.0000,0.0000,0.0000,0.5543,-1.7843,2.1476,0.0000,-0.1942,0.0000,0.0000,0.0000,0.0000,0.0000,0.0000,0.0000,5.00,3.00,2.00,0.0000,0.0000,0.0000,0,0.000000
77,0.0200,0.0000,45.0000,-30.0000,0.0000,0.0000,0.0000,0.0000,0.0000,0.0000,7.1289,-345.0569,-10.8868,0.0000,0.0000,0.0000,2.5097,-1.7843,-0.2493,0.0000,-0.1942,0.0000,0.0000,0.0000,0.0000,0.0000,0.0000,0.0000,5.00,3.00,2.00,0.0000,0.0000,0.0000,0,0.000000
77,0.0200,0.0000,45.0000,-30.0000,0.0000,0.0000,0.0000,0.0000,0.0000,0.0000,7.1437,-346.7016,-10.9141,0.7398,-82.2342,-1.3626,-0.5428,-1.7843,-3.7033,0.0000,-0.1942,0.0000,0.0000,0.0000,0.0000,0.0000,0.0000,0.0000,5.00,3.00,2.00,0.0000,0.0000,0.0000,0,0.000000
78,0.0200,0.0000,45.0000,-30.0000,0.0000,0.0000,0.0000,0.0000,0.0000,0.0000,7.1585,-348.3503,-10.9413,0.0000,0.0000,0.0000,0.6808,-1.7843,1.1502,0.0000,-0.1942,0.0000,0.0000,0.0000,0.0000,0.0000,0.0000,0.0000,5.00,3.00,2.00,0.0000,0.0000,0.0000,0,0.000000
78,0.0200,0.0000,45.0000,-30.0000,0.0000,0.0000,0.0000,0.0000,0.0000,0.0000,7.1733,-350.0028,-10.9685,0.0000,0.0000,0.0000,0.6070,-1.7843,1.3294,0.0000,-0.1942,0.0000,0.0000,0.0000,0.0000,0.0000,0.0000,0.0000,5.00,3.00,2.00,0.0000,0.0000,0.0000,0,0.000000
78,0.0200,0.0000,45.0000,-30.0000,0.0000,0.0000,0.0000,0.0000,0.0000,0.0000,7.1881,-351.6593,-10.9958,0.0000,0.0000,0.0000,-2.7110,-1.7843,-2.5235,0.0000,-0.1942,0.0000,0.0000,0.0000,0.0000,0.0000,0.0000,0.0000,5.00,3.00,2.00,0.0000,0.0000,0.0000,0,0.000000
78,0.0200,0.0000,45.0000,-30.0000,0.0000,0.0000,0.0000,0.0000,0.0000,0.0000,7.2029,-353.3197,-11.0231,0.0000,0.0000,0.0000,2.4152,-1.7843,-1.2357,0.0000,-0.1942,0.0000,0.0000,0.0000,0.0000,0.0000,0.0000,0.0000,5.00,3.00,2.00,0.0000,0.0000,0.0000,0,0.000000
78,0.0200,0.0000,45.0000,-30.0000,0.0000,0.0000,0.0000,0.0000,0.0000,0.0000,7.2177,-354.9841,-11.0503,0.7398,-83.2169,-1.3611,2.8872,-1.7843,-0.3156,0.0000,-0.1942,0.0000,0.0000,0.0000,0.0000,0.0000,0.0000,0.0000,5.00,3.00,2.00,0.0000,0.0000,0.0000,0,0.000000
79,0.0200,0.0000,45.0000,-30.0000,0.0000,0.0000,0.0000,0.0000,0.0000,0.0000,7.2325,-356.6523,-11.0776,0.0000,0.0000,0.0000,1.0245,-1.7843,-2.5003,0.0000,-0.1942,0.0000,0.0000,0.0000,0.0000,0.0000,0.0000,0.0000,5.00,3.00,2.00,0.0000,0.0000,0.0000,0,0.000000
79,0.0200,0.0000,45.0000,-30.0000,0.0000,0.0000,0.0000,0.0000,0.0000,0.0000,7.2473,-358.3245,-11.1048,0.0000,0.0000,0.0000,-1.4300,-1.7843,0.7992,0.0000,-0.1942,0.0000,0.0000,0.0000,0.0000,0.0000,0.0000,0.0000,5.00,3.00,2.00,0.0000,0.0000,0.0000,0,0.000000
79,0.0200,0.0000,45.0000,-30.0000,0.0000,0.0000,0.0000,0.0000,0.0000,0.0000,7.2621,-360.0006,-11.1321,0.0000,0.0000,0.0000,1.3918,-1.7843,0.0424,0.0000,-0.1942,0.0000,0.0000,0.0000,0.0000,0.0000,0.0000,0.0000,5.00,3.00,2.00,0.0000,0.0000,0.0000,0,0.000000
79,0.0200,0.0000,45.0000,-30.0000,0.0000,0.0000,0.0000,0.0000,0.0000,0.0000,7.2768,-361.6806,-11.1593,0.0000,0.0000,0.0000,-2.0964,-1.7843,-1.4007,0.0000,-0.1942,0.0000,0.0000,0.0000,0.0000,0.0000,0.0000,0.0000,5.00,3.00,2.00,0.0000,0.0000,0.0000,0,0.000000
79,0.0200,0.0000,45.0000,-30.0000,0.0000,0.0000,0.0000,0.0000,0.0000,0.0000,7.2916,-363.3646,-11.1865,0.7398,-84.1965,-1.3611,2.5153,-1.7843,-3.0536,0.0000,-0.1942,0.0000,0.0000,0.0000,0.0000,0.0000,0.0000,0.0000,5.00,3.00,2.00,0.0000,0.0000,0.0000,0,0.000000
80,0.0200,0.0000,45.0000,-30.0000,0.0000,0.0000,0.0000,0.0000,0.0000,0.0000,7.3064,-365.0525,-11.2138,0.0000,0.0000,0.0000,1.2345,-1.7843,0.1627,0.0000,-0.1942,0.0000,0.0000,0.0000,0.0000,0.0000,0.0000,0.0000,5.00,3.00,2.00,0.0000,0.0000,0.0000,0,0.000000
80,0.0200,0.0000,45.0000,-30.0000,0.0000,0.0000,0.0000,0.0000,0.0000,0.0000,7.3212,-366.7442,-11.2410,0.0000,0.0000,0.0000,1.5470,-1.7843,0.4928,0.0000,-0.1942,0.0000,0.0000,0.0000,0.0000,0.0000,0.0000,0.0000,5.00,3.00,2.00,0.0000,0.0000,0.0000,0,0.000000
80,0.0200,0.0000,45.0000,-30.0000,0.0000,0.0000,0.0000,0.0000,0.0000,0.0000,7.3360,-368.4400,-11.2683,0.0000,0.0000,0.0000,-2.6651,-1.7843,-1.5426,0.0000,-0.1942,0.0000,0.0000,0.0000,0.0000,0.0000,0.0000,0.0000,5.00,3.00,2.00,0.0000,0.0000,0.0000,0,0.000000
80,0.0200,0.0000,45.0000,-30.0000,0.0000,0.0000,0.0000,0.0000,0.0000,0.0000,7.3508,-370.1396,-11.2955,0.0000,0.0000,0.0000,-2.4353,-1.7843,0.2000,0.0000,-0.1942,0.0000,0.0000,0.0000,0.0000,0.0000,0.0000,0.0000,5.00,3.00,2.00,0.0000,0.0000,0.0000,0,0.000000
80,0.0200,0.0000,45.0000,-30.0000,0.0000,0.0000,0.0000,0.0000,0.0000,0.0000,7.3656,-371.8432,-11.3228,0.7398,-85.1822,-1.3634,2.6703,-1.7843,0.8584,0.0000,-0.1942,0.0000,0.0000,0.0000,0.0000,0.0000,0.0000,0.0000,5.00,3.00,2.00,0.0000,0.0000,0.0000,0,0.000000
81,0.0200,0.0000,45.0000,-30.0000,0.0000,0.0000,0.0000,0.0000,0.0000,0.0000,7.3804,-373.5507,-11.3500,0.0000,0.0000,0.0000,0.5147,-1.7843,-3.3689,0.0000,-0.1942,0.0000,0.0000,0.0000,0.0000,0.0000,0.0000,0.0000,5.00,3.00,2.00,0.0000,0.0000,0.0000,0,0.000000
81,0.0200,0.0000,45.0000,-30.0000,0.0000,0.0000,0.0000,0.0000,0.0000,0.0000,7.3952,-375.2621,-11.3772,0.0000,0.0000,0.0000,2.1386,-1.7843,-0.6716,0.0000,-0.1942,0.0000,0.0000,0.0000,0.0000,0.0000,0.0000,0.0000,5.00,3.00,2.00,0.0000,0.0000,0.0000,0,0.000000
81,0.0200,0.0000,45.0000,-30.0000,0.0000,0.0000,0.0000,0.0000,0.0000,0.0000,7.4100,-376.9774,-11.4046,0.0000,0.0000,0.0000,2.3273,-1.7843,1.5167,0.0000,-0.1942,0.0000,0.0000,0.0000,0.0000,0.0000,0.0000,0.0000,5.00,3.00,2.00,0.0000,0.0000,0.0000,0,0.000000
81,0.0200,0.0000,45.0000,-30.0000,0.0000,0.0000,0.0000,0.0000,0.0000,0.0000,7.4248,-378.6967,-11.4318,0.0000,0.0000,0.0000,0.1303,-1.7843,1.0957,0.0000,-0.1942,0.0000,0.0000,0.0000,0.0000,0.0000,0.0000,0.0000,5.00,3.00,2.00,0.0000,0.0000,0.0000,0,0.000000
81,0.0200,0.0000,45.0000,-30.0000,0.0000,0.0000,0.0000,0.0000,0.0000,0.0000,7.4396,-380.4199,-11.4591,0.7398,-86.1572,-1.3641,1.8733,-1.7843,0.4434,0.0000,-0.1942,0.0000,0.0000,0.0000,0.0000,0.0000,0.0000,0.0000,5.00,3.00,2.00,0.0000,0.0000,0.0000,0,0.000000
82,0.0200,0.0000,45.0000,-30.0000,0.0000,0.0000,0.0000,0.0000,0.0000,0.0000,7.4544,-382.1470,-11.4863,0.0000,0.0000,0.0000,-1.0474,-1.7843,-2.5532,0.0000,-0.1942,0.0000,0.0000,0.0000,0.0000,0.0000,0.0000,0.0000,5.00,3.00,2.00,0.0000,0.0000,0.0000,0,0.000000
82,0.0200,0.0000,45.0000,-30.0000,0.0000,0.0000,0.0000,0.0000,0.0000,0.0000,7.4692,-383.8780,-11.5135,0.0000,0.0000,0.0000,-0.9269,-1.7843,0.3565,0.0000,-0.1942,0.0000,0.0000,0.0000,0.0000,0.0000,0.0000,0.0000,5.00,3.00,2.00,0.0000,0.0000,0.0000,0,0.000000
82,0.0200,0.0000,45.0000,-30.0000,0.0000,0.0000,0.0000,0.0000,0.0000,0.0000,7.4840,-385.6130,-11.5407,0.0000,0.0000,0.0000,1.7464,-1.7843,-1.1326,0.0000,-0.1942,0.0000,0.0000,0.0000,0.0000,0.0000,0.0000,0.0000,5.00,3.00,2.00,0.0000,0.0000,0.0000,0,0.000000
82,0.0200,0.0000,45.0000,-30.0000,0.0000,0.0000,0.0000,0.0000,0.0000,0.0000,7.4988,-387.3519,-11.5680,0.0000,0.0000,0.0000,1.5545,-1.7843,1.6072,0.0000,-0.1942,0.0000,0.0000,0.0000,0.0000,0.0000,0.0000,0.0000,5.00,3.00,2.00,0.0000,0.0000,0.0000,0,0.000000
82,0.0200,0.0000,45.0000,-30.0000,0.0000,0.0000,0.0000,0.0000,0.0000,0.0000,7.5136,-389.0947,-11.5953,0.7398,-87.1384,-1.3626,-2.7036,-1.7843,-1.9949,0.0000,-0.1942,0.0000,0.0000,0.0000,0.0000,0.0000,0.0000,0.0000,5.00,3.00,2.00,0.0000,0.0000,0.0000,0,0.000000
83,0.0200,0.0000,45.0000,-30.0000,0.0000,0.0000,0.0000,0.0000,0.0000,0.0000,7.5284,-390.8414,-11.6225,0.0000,0.0000,0.0000,0.5947,-1.7843,1.0374,0.0000,-0.1942,0.0000,0.0000,0.0000,0.0000,0.0000,0.0000,0.0000,5.00,3.00,2.00,0.0000,0.0000,0.0000,0,0.000000
83,0.0200,0.0000,45.0000,-30.0000,0.0000,0.0000,0.0000,0.0000,0.0000,0.0000,7.5432,-392.5921,-11.6498,0.0000,0.0000,0.0000,-1.4570,-1.7843,0.8025,0.0000,-0.1942,0.0000,0.0000,0.0000,0.0000,0.0000,0.0000,0.0000,5.00,3.00,2.00,0.0000,0.0000,0.0000,0,0.000000
83,0.0200,0.0000,45.0000,-30.0000,0.0000,0.0000,0.0000,0.0000,0.0000,0.0000,7.5580,-394.3466,-11.6770,0.0000,0.0000,0.0000,1.6459,-1.7843,-1.3534,0.0000,-0.1942,0.0000,0.0000,0.0000,0.0000,0.0000,0.0000,0.0000,5.00,3.00,2.00,0.0000,0.0000,0.0000,0,0.000000
83,0.0200,0.0000,45.0000,-30.0000,0.0000,0.0000,0.0000,0.0000,0.0000,0.0000,7.5728,-396.1052,-11.7042,0.0000,0.0000,0.0000,1.5173,-1.7843,0.1443,0.0000,-0.1942,0.0000,0.0000,0.0000,0.0000,0.0000,0.0000,0.0000,5.00,3.00,2.00,0.0000,0.0000,0.0000,0,0.000000
83,0.0200,0.0000,45.0000,-30.0000,0.0000,0.0000,0.0000,0.0000,0.0000,0.0000,7.5876,-397.8676,-11.7315,0.7398,-88.1210,-1.3626,-0.9629,-1.7843,-2.3109,0.0000,-0.1942,0.0000,0.0000,0.0000,0.0000,0.0000,0.0000,0.0000,5.00,3.00,2.00,0.0000,0.0000,0.0000,0,0.000000
84,0.0200,0.0000,45.0000,-30.0000,0.0000,0.0000,0.0000,0.0000,0.0000,0.0000,7.6024,-399.6340,-11.7587,0.0000,0.0000,0.0000,-2.1849,-1.7843,-0.9890,0.0000,-0.1942,0.0000,0.0000,0.0000,0.0000,0.0000,0.0000,0.0000,5.00,3.00,2.00,0.0000,0.0000,0.0000,0,0.000000
84,0.0200,0.0000,45.0000,-30.0000,0.0000,0.0000,0.0000,0.0000,0.0000,0.0000,7.6172,-401.4042,-11.7860,0.0000,0.0000,0.0000,2.6257,-1.7843,-1.7955,0.0000,-0.1942,0.0000,0.0000,0.0000,0.0000,0.0000,0.0000,0.0000,5.00,3.00,2.00,0.0000,0.0000,0.0000,0,0.000000
84,0.0200,0.0000,45.0000,-30.0000,0.0000,0.0000,0.0000,0.0000,0.0000,0.0000,7.6320,-403.1784,-11.8132,0.0000,0.0000,0.0000,2.0995,-1.7843,-1.7367,0.0000,-0.1942,0.0000,0.0000,0.0000,0.0000,0.0000,0.0000,0.0000,5.00,3.00,2.00,0.0000,0.0000,0.0000,0,0.000000
84,0.0200,0.0000,45.0000,-30.0000,0.0000,0.0000,0.0000,0.0000,0.0000,0.0000,7.6468,-404.9566,-11.8405,0.0000,0.0000,0.0000,-2.0431,-1.7843,-3.0855,0.0000,-0.1942,0.0000,0.0000,0.0000,0.0000,0.0000,0.0000,0.0000,5.00,3.00,2.00,0.0000,0.0000,0.0000,0,0.000000
84,0.0200,0.0000,45.0000,-30.0000,0.0000,0.0000,0.0000,0.0000,0.0000,0.0000,7.6616,-406.7386,-11.8678,0.7398,-89.1022,-1.3611,-2.3366,-1.7843,-0.4366,0.0000,-0.1942,0.0000,0.0000,0.0000,0.0000,0.0000,0.0000,0.0000,5.00,3.00,2.00,0.0000,0.0000,0.0000,0,0.000000
85,0.0200,0.0000,45.0000,-30.0000,0.0000,0.0000,0.0000,0.0000,0.0000,0.0000,7.6764,-408.5246,-11.8950,0.0000,0.0000,0.0000,-2.8359,-1.7843,0.0562,0.0000,-0.1942,0.0000,0.0000,0.0000,0.0000,0.0000,0.0000,0.0000,5.00,3.00,2.00,0.0000,0.0000,0.0000,0,0.000000
85,0.0200,0.0000,45.0000,-30.0000,0.0000,0.0000,0.0000,0.0000,0.0000,0.0000,7.6912,-410.3145,-11.9223,0.0000,0.0000,0.0000,1.5469,-1.7843,-0.9336,0.0000,-0.1942,0.0000,0.0000,0.0000,0.0000,0.0000,0.0000,0.0000,5.00,3.00,2.00,0.0000,0.0000,0.0000,0,0.000000
85,0.0200,0.0000,45.0000,-30.0000,0.0000,0.0000,0.0000,0.0000,0.0000,0.0000,7.7060,-412.1083,-11.9495,0.0000,0.0000,0.0000,-1.3398,-1.7843,-0.0572,0.0000,-0.1942,0.0000,0.0000,0.0000,0.0000,0.0000,0.0000,0.0000,5.00,3.00,2.00,0.0000,0.0000,0.0000,0,0.000000
85,0.0200,0.0000,45.0000,-30.0000,0.0000,0.0000,0.0000,0.0000,0.0000,0.0000,7.7208,-413.9061,-11.9767,0.0000,0.0000,0.0000,-1.4576,-1.7843,-2.1498,0.0000,-0.1942,0.0000,0.0000,0.0000,0.0000,0.0000,0.0000,0.0000,5.00,3.00,2.00,0.0000,0.0000,0.0000,0,0.000000
85,0.0200,0.0000,45.0000,-30.0000,0.0000,0.0000,0.0000,0.0000,0.0000,0.0000,7.7355,-415.7078,-12.0040,0.7398,-90.0848,-1.3611,0.9022,-1.7843,0.4318,0.0000,-0.1942,0.0000,0.0000,0.0000,0.0000,0.0000,0.0000,0.0000,5.00,3.00,2.00,0.0000,0.0000,0.0000,0,0.000000
86,0.0200,0.0000,45.0000,-30.0000,0.0000,0.0000,0.0000,0.0000,0.0000,0.0000,7.7503,-417.5133,-12.0313,0.0000,0.0000,0.0000,-2.0423,-1.7843,-1.2995,0.0000,-0.1942,0.0000,0.0000,0.0000,0.0000,0.0000,0.0000,0.0000,5.00,3.00,2.00,0.0000,0.0000,0.0000,0,0.000000
86,0.0200,0.0000,45.0000,-30.0000,0.0000,0.0000,0.0000,0.0000,0.0000,0.0000,7.7651,-419.3229,-12.0585,0.0000,0.0000,0.0000,-1.2873,-1.7843,0.2283,0.0000,-0.1942,0.0000,0.0000,0.0000,0.0000,0.0000,0.0000,0.0000,5.00,3.00,2.00,0.0000,0.0000,0.0000,0,0.000000
86,0.0200,0.0000,45.0000,-30.0000,0.0000,0.0000,0.0000,0.0000,0.0000,0.0000,7.7799,-421.1363,-12.0858,0.0000,0.0000,0.0000,0.9547,-1.7843,-3.3598,0.0000,-0.1942,0.0000,0.0000,0.0000,0.0000,0.0000,0.0000,0.0000,5.00,3.00,2.00,0.0000,0.0000,0.0000,0,0.000000
86,0.0200,0.0000,45.0000,-30.0000,0.0000,0.0000,0.0000,0.0000,0.0000,0.0000,7.7947,-422.9536,-12.1130,0.0000,0.0000,0.0000,-0.4553,-1.7843,1.1602,0.0000,-0.1942,0.0000,0.0000,0.0000,0.0000,0.0000,0.0000,0.0000,5.00,3.00,2.00,0.0000,0.0000,0.0000,0,0.000000
86,0.0200,0.0000,45.0000,-30.0000,0.0000,0.0000,0.0000,0.0000,0.0000,0.0000,7.8095,-424.7749,-12.1403,0.7398,-91.0645,-1.3641,-1.7273,-1.7843,-1.0495,0.0000,-0.1942,0.0000,0.0000,0.0000,0.0000,0.0000,0.0000,0.0000,5.00,3.00,2.00,0.0000,0.0000,0.0000,0,0.000000
87,0.0200,0.0000,45.0000,-30.0000,0.0000,0.0000,0.0000,0.0000,0.0000,0.0000,7.8243,-426.6002,-12.1675,0.0000,0.0000,0.0000,1.5053,-1.7843,-2.7261,0.0000,-0.1942,0.0000,0.0000,0.0000,0.0000,0.0000,0.0000,0.0000,5.00,3.00,2.00,0.0000,0.0000,0.0000,0,0.000000
87,0.0200,0.0000,45.0000,-30.0000,0.0000,0.0000,0.0000,0.0000,0.0000,0.0000,7.8391,-428.4293,-12.1947,0.0000,0.0000,0.0000,-2.0663,-1.7843,0.5247,0.0000,-0.1942,0.0000,0.0000,0.0000,0.0000,0.0000,0.0000,0.0000,5.00,3.00,2.00,0.0000,0.0000,0.0000,0,0.000000
87,0.0200,0.0000,45.0000,-30.0000,0.0000,0.0000,0.0000,0.0000,0.0000,0.0000,7.8539,-430.2624,-12.2220,0.0000,0.0000,0.0000,0.6408,-1.7843,1.7244,0.0000,-0.1942,0.0000,0.0000,0.0000,0.0000,0.0000,0.0000,0.0000,5.00,3.00,2.00,0.0000,0.0000,0.0000,0,0.000000
87,0.0200,0.0000,45.0000,-30.0000,0.0000,0.0000,0.0000,0.0000,0.0000,0.0000,7.8687,-432.0994,-12.2492,0.0000,0.0000,0.0000,-2.7093,-1.7843,0.0828,0.0000,-0.1942,0.0000,0.0000,0.0000,0.0000,0.0000,0.0000,0.0000,5.00,3.00,2.00,0.0000,0.0000,0.0000,0,0.000000
87,0.0200,0.0000,45.0000,-30.0000,0.0000,0.0000,0.0000,0.0000,0.0000,0.0000,7.8835,-433.9403,-12.2764,0.7398,-92.0456,-1.3611,1.0128,-1.7843,0.1345,0.0000,-0.1942,0.0000,0.0000,0.0000,0.0000,0.0000,0.0000,0.0000,5.00,3.00,2.00,0.0000,0.0000,0.0000,0,0.000000
88,0.0200,0.0000,45.0000,-30.0000,0.0000,0.0000,0.0000,0.0000,0.0000,0.0000,7.8983,-435.7851,-12.3038,0.0000,0.0000,0.0000,-1.3332,-1.7843,1.4791,0.0000,-0.1942,0.0000,0.0000,0.0000,0.0000,0.0000,0.0000,0.0000,5.00,3.00,2.00,0.0000,0.0000,0.0000,0,0.000000
88,0.0200,0.0000,45.0000,-30.0000,0.0000,0.0000,0.0000,0.0000,0.0000,0.0000,7.9131,-437.6339,-12.3310,0.0000,0.0000,0.0000,1.6013,-1.7843,1.9842,0.0000,-0.1942,0.0000,0.0000,0.0000,0.0000,0.0000,0.0000,0.0000,5.00,3.00,2.00,0.0000,0.0000,0.0000,0,0.000000
88,0.0200,0.0000,45.0000,-30.0000,0.0000,0.0000,0.0000,0.0000,0.0000,0.0000,7.9279,-439.4865,-12.3582,0.0000,0.0000,0.0000,-0.8663,-1.7843,-3.2918,0.0000,-0.1942,0.0000,0.0000,0.0000,0.0000,0.0000,0.0000,0.0000,5.00,3.00,2.00,0.0000,0.0000,0.0000,0,0.000000
88,0.0200,0.0000,45.0000,-30.0000,0.0000,0.0000,0.0000,0.0000,0.0000,0.0000,7.9427,-441.3431,-12.3855,0.0000,0.0000,0.0000,-0.6117,-1.7843,0.6839,0.0000,-0.1942,0.0000,0.0000,0.0000,0.0000,0.0000,0.0000,0.0000,5.00,3.00,2.00,0.0000,0.0000,0.0000,0,0.000000
88,0.0200,0.0000,45.0000,-30.0000,0.0000,0.0000,0.0000,0.0000,0.0000,0.0000,7.9575,-443.2036,-12.4127,0.7398,-93.0252,-1.3626,1.9047,-1.7843,-0.0856,0.0000,-0.1942,0.0000,0.0000,0.0000,0.0000,0.0000,0.0000,0.0000,5.00,3.00,2.00,0.0000,0.0000,0.0000,0,0.000000
89,0.0200,0.0000,45.0000,-30.0000,0.0000,0.0000,0.0000,0.0000,0.0000,0.0000,7.9723,-445.0681,-12.4400,0.0000,0.0000,0.0000,1.1737,-1.7843,-1.8143,0.0000,-0.1942,0.0000,0.0000,0.0000,0.0000,0.0000,0.0000,0.0000,5.00,3.00,2.00,0.0000,0.0000,0.0000,0,0.000000
89,0.0200,0.0000,45.0000,-30.0000,0.0000,0.0000,0.0000,0.0000,0.0000,0.0000,7.9871,-446.9365,-12.4672,0.0000,0.0000,0.0000,-2.0006,-1.7843,-1.1469,0.0000,-0.1942,0.0000,0.0000,0.0000,0.0000,0.0000,0.0000,0.0000,5.00,3.00,2.00,0.0000,0.0000,0.0000,0,0.000000
89,0.0200,0.0000,45.0000,-30.0000,0.0000,0.0000,0.0000,0.0000,0.0000,0.0000,8.0019,-448.8088,-12.4945,0.0000,0.0000,0.0000,0.8298,-1.7843,-4.1296,0.0000,-0.1942,0.0000,0.0000,0.0000,0.0000,0.0000,0.0000,0.0000,5.00,3.00,2.00,0.0000,0.0000,0.0000,0,0.000000
89,0.0200,0.0000,45.0000,-30.0000,0.0000,0.0000,0.0000,0.0000,0.0000,0.0000,8.0167,-450.6850,-12.5217,0.0000,0.0000,0.0000,-1.5137,-1.7843,-3.2798,0.0000,-0.1942,0.0000,0.0000,0.0000,0.0000,0.0000,0.0000,0.0000,5.00,3.00,2.00,0.0000,0.0000,0.0000,0,0.000000
89,0.0200,0.0000,45.0000,-30.0000,0.0000,0.0000,0.0000,0.0000,0.0000,0.0000,8.0315,-452.5652,-12.5489,0.7398,-94.0079,-1.3611,0.0752,-1.7843,1.4881,0.0000,-0.1942,0.0000,0.0000,0.0000,0.0000,0.0000,0.0000,0.0000,5.00,3.00,2.00,0.0000,0.0000,0.0000,0,0.000000
90,0.0200,0.0000,45.0000,-30.0000,0.0000,0.0000,0.0000,0.0000,0.0000,0.0000,8.0463,-454.4492,-12.5762,0.0000,0.0000,0.0000,1.5153,-1.7843,-0.8331,0.0000,-0.1942,0.0000,0.0000,0.0000,0.0000,0.0000,0.0000,0.0000,5.00,3.00,2.00,0.0000,0.0000,0.0000,0,0.000000
90,0.0200,0.0000,45.0000,-30.0000,0.0000,0.0000,0.0000,0.0000,0.0000,0.0000,8.0611,-456.3372,-12.6035,0.0000,0.0000,0.0000,-2.2054,-1.7843,-1.2821,0.0000,-0.1942,0.0000,0.0000,0.0000,0.0000,0.0000,0.0000,0.0000,5.00,3.00,2.00,0.0000,0.0000,0.0000,0,0.000000
90,0.0200,0.0000,45.0000,-30.0000,0.0000,0.0000,0.0000,0.0000,0.0000,0.0000,8.0759,-458.2292,-12.6307,0.0000,0.0000,0.0000,-1.6985,-1.7843,-1.4860,0.0000,-0.1942,0.0000,0.0000,0.0000,0.0000,0.0000,0.0000,0.0000,5.00,3.00,2.00,0.0000,0.0000,0.0000,0,0.000000
90,0.0200,0.0000,45.0000,-30.0000,0.0000,0.0000,0.0000,0.0000,0.0000,0.0000,8.0907,-460.1250,-12.6579,0.0000,0.0000,0.0000,-0.7864,-1.7843,1.1665,0.0000,-0.1942,0.0000,0.0000,0.0000,0.0000,0.0000,0.0000,0.0000,5.00,3.00,2.00,0.0000,0.0000,0.0000,0,0.000000
90,0.0200,0.0000,45.0000,-30.0000,0.0000,0.0000,0.0000,0.0000,0.0000,0.0000,8.1055,-462.0247,-12.6852,0.7398,-94.9875,-1.3626,0.5024,-1.7843,0.4451,0.0000,-0.1942,0.0000,0.0000,0.0000,0.0000,0.0000,0.0000,0.0000,5.00,3.00,2.00,0.0000,0.0000,0.0000,0,0.000000
91,0.0200,0.0000,45.0000,-30.0000,0.0000,0.0000,0.0000,0.0000,0.0000,0.0000,8.1203,-463.9284,-12.7124,0.0000,0.0000,0.0000,-2.2559,-1.7843,-2.2599,0.0000,-0.1942,0.0000,0.0000,0.0000,0.0000,0.0000,0.0000,0.0000,5.00,3.00,2.00,0.0000,0.0000,0.0000,0,0.000000
91,0.0200,0.0000,45.0000,-30.0000,0.0000,0.0000,0.0000,0.0000,0.0000,0.0000,8.1351,-465.8360,-12.7397,0.0000,0.0000,0.0000,-3.0283,-1.7843,0.6185,0.0000,-0.1942,0.0000,0.0000,0.0000,0.0000,0.0000,0.0000,0.0000,5.00,3.00,2.00,0.0000,0.0000,0.0000,0,0.000000
91,0.0200,0.0000,45.0000,-30.0000,0.0000,0.0000,0.0000,0.0000,0.0000,0.0000,8.1499,-467.7476,-12.7670,0.0000,0.0000,0.0000,-0.8545,-1.7843,-2.7168,0.0000,-0.1942,0.0000,0.0000,0.0000,0.0000,0.0000,0.0000,0.0000,5.00,3.00,2.00,0.0000,0.0000,0.0000,0,0.000000
91,0.0200,0.0000,45.0000,-30.0000,0.0000,0.0000,0.0000,0.0000,0.0000,0.0000,8.1646,-469.6631,-12.7942,0.0000,0.0000,0.0000,-2.0596,-1.7843,-1.2789,0.0000,-0.1942,0.0000,0.0000,0.0000,0.0000,0.0000,0.0000,0.0000,5.00,3.00,2.00,0.0000,0.0000,0.0000,0,0.000000
91,0.0200,0.0000,45.0000,-30.0000,0.0000,0.0000,0.0000,0.0000,0.0000,0.0000,8.1794,-471.5824,-12.8214,0.7398,-95.9656,-1.3626,-1.9235,-1.7843,0.0404,0.0000,-0.1942,0.0000,0.0000,0.0000,0.0000,0.0000,0.0000,0.0000,5.00,3.00,2.00,0.0000,0.0000,0.0000,0,0.000000
92,0.0200,0.0000,45.0000,-30.0000,0.0000,0.0000,0.0000,0.0000,0.0000,0.0000,8.1942,-473.5058,-12.8486,0.0000,0.0000,0.0000,-1.6978,-1.7843,0.8811,0.0000,-0.1942,0.0000,0.0000,0.0000,0.0000,0.0000,0.0000,0.0000,5.00,3.00,2.00,0.0000,0.0000,0.0000,0,0.000000
92,0.0200,0.0000,45.0000,-30.0000,0.0000,0.0000,0.0000,0.0000,0.0000,0.0000,8.2090,-475.4330,-12.8759,0.0000,0.0000,0.0000,-2.3414,-1.7843,1.5993,0.0000,-0.1942,0.0000,0.0000,0.0000,0.0000,0.0000,0.0000,0.0000,5.00,3.00,2.00,0.0000,0.0000,0.0000,0,0.000000
92,0.0200,0.0000,45.0000,-30.0000,0.0000,0.0000,0.0000,0.0000,0.0000,0.0000,8.2238,-477.3642,-12.9032,0.0000,0.0000,0.0000,-1.6869,-1.7843,0.4144,0.0000,-0.1942,0.0000,0.0000,0.0000,0.0000,0.0000,0.0000,0.0000,5.00,3.00,2.00,0.0000,0.0000,0.0000,0,0.000000
92,0.0200,0.0000,45.0000,-30.0000,0.0000,0.0000,0.0000,0.0000,0.0000,0.0000,8.2386,-479.2992,-12.9304,0.0000,0.0000,0.0000,0.7160,-1.7843,-4.2004,0.0000,-0.1942,0.0000,0.0000,0.0000,0.0000,0.0000,0.0000,0.0000,5.00,3.00,2.00,0.0000,0.0000,0.0000,0,0.000000
92,0.0200,0.0000,45.0000,-30.0000,0.0000,0.0000,0.0000,0.0000,0.0000,0.0000,8.2534,-481.2383,-12.9577,0.7398,-96.9513,-1.3641,-1.1704,-1.7843,0.5024,0.0000,-0.1942,0.0000,0.0000,0.0000,0.0000,0.0000,0.0000,0.0000,5.00,3.00,2.00,0.0000,0.0000,0.0000,0,0.000000
93,0.0200,0.0000,45.0000,-30.0000,0.0000,0.0000,0.0000,0.0000,0.0000,0.0000,8.2682,-483.1812,-12.9849,0.0000,0.0000,0.0000,0.4765,-1.7843,-3.0660,0.0000,-0.1942,0.0000,0.0000,0.0000,0.0000,0.0000,0.0000,0.0000,5.00,3.00,2.00,0.0000,0.0000,0.0000,0,0.000000
93,0.0200,0.0000,45.0000,-30.0000,0.0000,0.0000,0.0000,0.0000,0.0000,0.0000,8.2830,-485.1280,-13.0122,0.0000,0.0000,0.0000,0.8635,-1.7843,0.7945,0.0000,-0.1942,0.0000,0.0000,0.0000,0.0000,0.0000,0.0000,0.0000,5.00,3.00,2.00,0.0000,0.0000,0.0000,0,0.000000
93,0.0200,0.0000,45.0000,-30.0000,0.0000,0.0000,0.0000,0.0000,0.0000,0.0000,8.2978,-487.0788,-13.0394,0.0000,0.0000,0.0000,0.5527,-1.7843,0.5246,0.0000,-0.1942,0.0000,0.0000,0.0000,0.0000,0.0000,0.0000,0.0000,5.00,3.00,2.00,0.0000,0.0000,0.0000,0,0.000000
93,0.0200,0.0000,45.0000,-30.0000,0.0000,0.0000,0.0000,0.0000,0.0000,0.0000,8.3126,-489.0335,-13.0667,0.0000,0.0000,0.0000,1.6845,-1.7843,-0.9193,0.0000,-0.1942,0.0000,0.0000,0.0000,0.0000,0.0000,0.0000,0.0000,5.00,3.00,2.00,0.0000,0.0000,0.0000,0,0.000000
93,0.0200,0.0000,45.0000,-30.0000,0.0000,0.0000,0.0000,0.0000,0.0000,0.0000,8.3274,-490.9921,-13.0939,0.7398,-97.9279,-1.3596,1.5751,-1.7843,-1.3385,0.0000,-0.1942,0.0000,0.0000,0.0000,0.0000,0.0000,0.0000,0.0000,5.00,3.00,2.00,0.0000,0.0000,0.0000,0,0.000000
94,0.0200,0.0000,45.0000,-30.0000,0.0000,0.0000,0.0000,0.0000,0.0000,0.0000,8.3422,-492.9547,-13.1212,0.0000,0.0000,0.0000,-1.9947,-1.7843,0.7125,0.0000,-0.1942,0.0000,0.0000,0.0000,0.0000,0.0000,0.0000,0.0000,5.00,3.00,2.00,0.0000,0.0000,0.0000,0,0.000000
94,0.0200,0.0000,45.0000,-30.0000,0.0000,0.0000,0.0000,0.0000,0.0000,0.0000,8.3570,-494.9211,-13.1484,0.0000,0.0000,0.0000,-1.5927,-1.7843,-2.2996,0.0000,-0.1942,0.0000,0.0000,0.0000,0.0000,0.0000,0.0000,0.0000,5.00,3.00,2.00,0.0000,0.0000,0.0000,0,0.000000
94,0.0200,0.0000,45.0000,-30.0000,0.0000,0.0000,0.0000,0.0000,0.0000,0.0000,8.3718,-496.8916,-13.1756,0.0000,0.0000,0.0000,1.9683,-1.7843,-1.5457,0.0000,-0.1942,0.0000,0.0000,0.0000,0.0000,0.0000,0.0000,0.0000,5.00,3.00,2.00,0.0000,0.0000,0.0000,0,0.000000
94,0.0200,0.0000,45.0000,-30.0000,0.0000,0.0000,0.0000,0.0000,0.0000,0.0000,8.3866,-498.8659,-13.2029,0.0000,0.0000,0.0000,0.5628,-1.7843,-3.6306,0.0000,-0.1942,0.0000,0.0000,0.0000,0.0000,0.0000,0.0000,0.0000,5.00,3.00,2.00,0.0000,0.0000,0.0000,0,0.000000
94,0.0200,0.0000,45.0000,-30.0000,0.0000,0.0000,0.0000,0.0000,0.0000,0.0000,8.4014,-500.8441,-13.2302,0.7398,-98.9121,-1.3641,1.0999,-1.7843,0.9572,0.0000,-0.1942,0.0000,0.0000,0.0000,0.0000,0.0000,0.0000,0.0000,5.00,3.00,2.00,0.0000,0.0000,0.0000,0,0.000000
95,0.0200,0.0000,45.0000,-30.0000,0.0000,0.0000,0.0000,0.0000,0.0000,0.0000,8.4162,-502.8263,-13.2574,0.0000,0.0000,0.0000,-1.9614,-1.7843,-0.1562,0.0000,-0.1942,0.0000,0.0000,0.0000,0.0000,0.0000,0.0000,0.0000,5.00,3.00,2.00,0.0000,0.0000,0.0000,0,0.000000
95,0.0200,0.0000,45.0000,-30.0000,0.0000,0.0000,0.0000,0.0000,0.0000,0.0000,8.4310,-504.8124,-13.2847,0.0000,0.0000,0.0000,2.9643,-1.7843,-2.4330,0.0000,-0.1942,0.0000,0.0000,0.0000,0.0000,0.0000,0.0000,0.0000,5.00,3.00,2.00,0.0000,0.0000,0.0000,0,0.000000
95,0.0200,0.0000,45.0000,-30.0000,0.0000,0.0000,0.0000,0.0000,0.0000,0.0000,8.4458,-506.8024,-13.3119,0.0000,0.0000,0.0000,-0.0818,-1.7843,2.0200,0.0000,-0.1942,0.0000,0.0000,0.0000,0.0000,0.0000,0.0000,0.0000,5.00,3.00,2.00,0.0000,0.0000,0.0000,0,0.000000
95,0.0200,0.0000,45.0000,-30.0000,0.0000,0.0000,0.0000,0.0000,0.0000,0.0000,8.4606,-508.7964,-13.3392,0.0000,0.0000,0.0000,-0.2216,-1.7843,-3.8344,0.0000,-0.1942,0.0000,0.0000,0.0000,0.0000,0.0000,0.0000,0.0000,5.00,3.00,2.00,0.0000,0.0000,0.0000,0,0.000000
95,0.0200,0.0000,45.0000,-30.0000,0.0000,0.0000,0.0000,0.0000,0.0000,0.0000,8.4754,-510.7942,-13.3664,0.7398,-99.8917,-1.3611,-0.2963,-1.7843,0.9540,0.0000,-0.1942,0.0000,0.0000,0.0000,0.0000,0.0000,0.0000,0.0000,5.00,3.00,2.00,0.0000,0.0000,0.0000,0,0.000000
96,0.0200,0.0000,45.0000,-30.0000,0.0000,0.0000,0.0000,0.0000,0.0000,0.0000,8.4902,-512.7961,-13.3936,0.0000,0.0000,0.0000,2.3795,-1.7843,0.9828,0.0000,-0.1942,0.0000,0.0000,0.0000,0.0000,0.0000,0.0000,0.0000,5.00,3.00,2.00,0.0000,0.0000,0.0000,0,0.000000
96,0.0200,0.0000,45.0000,-30.0000,0.0000,0.0000,0.0000,0.0000,0.0000,0.0000,8.5050,-514.8018,-13.4209,0.0000,0.0000,0.0000,0.0021,-1.7843,1.0336,0.0000,-0.1942,0.0000,0.0000,0.0000,0.0000,0.0000,0.0000,0.0000,5.00,3.00,2.00,0.0000,0.0000,0.0000,0,0.000000
96,0.0200,0.0000,45.0000,-30.0000,0.0000,0.0000,0.0000,0.0000,0.0000,0.0000,8.5198,-516.8114,-13.4481,0.0000,0.0000,0.0000,0.5910,-1.7843,0.6429,0.0000,-0.1942,0.0000,0.0000,0.0000,0.0000,0.0000,0.0000,0.0000,5.00,3.00,2.00,0.0000,0.0000,0.0000,0,0.000000
96,0.0200,0.0000,45.0000,-30.0000,0.0000,0.0000,0.0000,0.0000,0.0000,0.0000,8.5346,-518.8250,-13.4754,0.0000,0.0000,0.0000,-2.5977,-1.7843,1.2154,0.0000,-0.1942,0.0000,0.0000,0.0000,0.0000,0.0000,0.0000,0.0000,5.00,3.00,2.00,0.0000,0.0000,0.0000,0,0.000000
96,0.0200,0.0000,45.0000,-30.0000,0.0000,0.0000,0.0000,0.0000,0.0000,0.0000,8.5494,-520.8424,-13.5026,0.7398,-100.8728,-1.3611,-2.7138,-1.7843,-0.8595,0.0000,-0.1942,0.0000,0.0000,0.0000,0.0000,0.0000,0.0000,0.0000,5.00,3.00,2.00,0.0000,0.0000,0.0000,0,0.000000
97,0.0200,0.0000,45.0000,-30.0000,0.0000,0.0000,0.0000,0.0000,0.0000,0.0000,8.5641,-522.8639,-13.5299,0.0000,0.0000,0.0000,1.0875,-1.7843,2.0236,0.0000,-0.1942,0.0000,0.0000,0.0000,0.0000,0.0000,0.0000,0.0000,5.00,3.00,2.00,0.0000,0.0000,0.0000,0,0.000000
97,0.0200,0.0000,45.0000,-30.0000,0.0000,0.0000,0.0000,0.0000,0.0000,0.0000,8.5789,-524.8892,-13.5571,0.0000,0.0000,0.0000,-1.3962,-1.7843,0.0480,0.0000,-0.1942,0.0000,0.0000,0.0000,0.0000,0.0000,0.0000,0.0000,5.00,3.00,2.00,0.0000,0.0000,0.0000,0,0.000000
97,0.0200,0.0000,45.0000,-30.0000,0.0000,0.0000,0.0000,0.0000,0.0000,0.0000,8.5937,-526.9184,-13.5843,0.0000,0.0000,0.0000,-2.3147,-1.7843,-1.3886,0.0000,-0.1942,0.0000,0.0000,0.0000,0.0000,0.0000,0.0000,0.0000,5.00,3.00,2.00,0.0000,0.0000,0.0000,0,0.000000
97,0.0200,0.0000,45.0000,-30.0000,0.0000,0.0000,0.0000,0.0000,0.0000,0.0000,8.6085,-528.9515,-13.6116,0.0000,0.0000,0.0000,-2.8265,-1.7843,-0.7641,0.0000,-0.1942,0.0000,0.0000,0.0000,0.0000,0.0000,0.0000,0.0000,5.00,3.00,2.00,0.0000,0.0000,0.0000,0,0.000000
97,0.0200,0.0000,45.0000,-30.0000,0.0000,0.0000,0.0000,0.0000,0.0000,0.0000,8.6233,-530.9887,-13.6389,0.7398,-101.8585,-1.3626,2.2060,-1.7843,-3.3230,0.0000,-0.1942,0.0000,0.0000,0.0000,0.0000,0.0000,0.0000,0.0000,5.00,3.00,2.00,0.0000,0.0000,0.0000,0,0.000000
98,0.0200,0.0000,45.0000,-30.0000,0.0000,0.0000,0.0000,0.0000,0.0000,0.0000,8.6381,-533.0297,-13.6662,0.0000,0.0000,0.0000,1.8032,-1.7843,1.7563,0.0000,-0.1942,0.0000,0.0000,0.0000,0.0000,0.0000,0.0000,0.0000,5.00,3.00,2.00,0.0000,0.0000,0.0000,0,0.000000
98,0.0200,0.0000,45.0000,-30.0000,0.0000,0.0000,0.0000,0.0000,0.0000,0.0000,8.6529,-535.0747,-13.6934,0.0000,0.0000,0.0000,-2.8354,-1.7843,-2.4448,0.0000,-0.1942,0.0000,0.0000,0.0000,0.0000,0.0000,0.0000,0.0000,5.00,3.00,2.00,0.0000,0.0000,0.0000,0,0.000000
98,0.0200,0.0000,45.0000,-30.0000,0.0000,0.0000,0.0000,0.0000,0.0000,0.0000,8.6677,-537.1236,-13.7207,0.0000,0.0000,0.0000,3.0011,-1.7843,-2.3609,0.0000,-0.1942,0.0000,0.0000,0.0000,0.0000,0.0000,0.0000,0.0000,5.00,3.00,2.00,0.0000,0.0000,0.0000,0,0.000000
98,0.0200,0.0000,45.0000,-30.0000,0.0000,0.0000,0.0000,0.0000,0.0000,0.0000,8.6825,-539.1764,-13.7479,0.0000,0.0000,0.0000,-2.5216,-1.7843,-2.8408,0.0000,-0.1942,0.0000,0.0000,0.0000,0.0000,0.0000,0.0000,0.0000,5.00,3.00,2.00,0.0000,0.0000,0.0000,0,0.000000
98,0.0200,0.0000,45.0000,-30.0000,0.0000,0.0000,0.0000,0.0000,0.0000,0.0000,8.6973,-541.2331,-13.7752,0.7398,-102.8351,-1.3641,-1.0908,-1.7843,0.2838,0.0000,-0.1942,0.0000,0.0000,0.0000,0.0000,0.0000,0.0000,0.0000,5.00,3.00,2.00,0.0000,0.0000,0.0000,0,0.000000
99,0.0200,0.0000,45.0000,-30.0000,0.0000,0.0000,0.0000,0.0000,0.0000,0.0000,8.7121,-543.2938,-13.8024,0.0000,0.0000,0.0000,-1.5655,-1.7843,-2.6439,0.0000,-0.1942,0.0000,0.0000,0.0000,0.0000,0.0000,0.0000,0.0000,5.00,3.00,2.00,0.0000,0.0000,0.0000,0,0.000000
99,0.0200,0.0000,45.0000,-30.0000,0.0000,0.0000,0.0000,0.0000,0.0000,0.0000,8.7269,-545.3584,-13.8297,0.0000,0.0000,0.0000,-1.8370,-1.7843,-0.9439,0.0000,-0.1942,0.0000,0.0000,0.0000,0.0000,0.0000,0.0000,0.0000,5.00,3.00,2.00,0.0000,0.0000,0.0000,0,0.000000
99,0.0200,0.0000,45.0000,-30.0000,0.0000,0.0000,0.0000,0.0000,0.0000,0.0000,8.7417,-547.4268,-13.8569,0.0000,0.0000,0.0000,-3.2083,-1.7843,-1.2364,0.0000,-0.1942,0.0000,0.0000,0.0000,0.0000,0.0000,0.0000,0.0000,5.00,3.00,2.00,0.0000,0.0000,0.0000,0,0.000000
99,0.0200,0.0000,45.0000,-30.0000,0.0000,0.0000,0.0000,0.0000,0.0000,0.0000,8.7565,-549.4993,-13.8841,0.0000,0.0000,0.0000,0.4104,-1.7843,2.2361,0.0000,-0.1942,0.0000,0.0000,0.0000,0.0000,0.0000,0.0000,0.0000,5.00,3.00,2.00,0.0000,0.0000,0.0000,0,0.000000
99,0.0200,0.0000,45.0000,-30.0000,0.0000,0.0000,0.0000,0.0000,0.0000,0.0000,8.7713,-551.5756,-13.9114,0.7398,-103.8147,-1.3626,-0.0693,-1.7843,-4.0925,0.0000,-0.1942,0.0000,0.0000,0.0000,0.0000,0.0000,0.0000,0.0000,5.00,3.00,2.00,0.0000,0.0000,0.0000,0,0.000000
100,0.0200,0.0000,45.0000,-30.0000,0.0000,0.0000,0.0000,0.0000,0.0000,0.0000,8.7861,-553.6558,-13.9386,0.0000,0.0000,0.0000,0.8456,-1.7843,2.1251,0.0000,-0.1942,0.0000,0.0000,0.0000,0.0000,0.0000,0.0000,0.0000,5.00,3.00,2.00,0.0000,0.0000,0.0000,0,0.000000
100,0.0200,0.0000,45.0000,-30.0000,0.0000,0.0000,0.0000,0.0000,0.0000,0.0000,8.8009,-555.7401,-13.9659,0.0000,0.0000,0.0000,-0.5918,-1.7843,-3.9211,0.0000,-0.1942,0.0000,0.0000,0.0000,0.0000,0.0000,0.0000,0.0000,5.00,3.00,2.00,0.0000,0.0000,0.0000,0,0.000000
100,0.0200,0.0000,45.0000,-30.0000,0.0000,0.0000,0.0000,0.0000,0.0000,0.0000,8.8157,-557.8282,-13.9932,0.0000,0.0000,0.0000,1.6538,-1.7843,0.6578,0.0000,-0.1942,0.0000,0.0000,0.0000,0.0000,0.0000,0.0000,0.0000,5.00,3.00,2.00,0.0000,0.0000,0.0000,0,0.000000
100,0.0200,0.0000,45.0000,-30.0000,0.0000,0.0000,0.0000,0.0000,0.0000,0.0000,8.8305,-559.9202,-14.0204,0.0000,0.0000,0.0000,2.9148,-1.7843,-2.4603,0.0000,-0.1942,0.0000,0.0000,0.0000,0.0000,0.0000,0.0000,0.0000,5.00,3.00,2.00,0.0000,0.0000,0.0000,0,0.000000
100,0.0200,0.0000,45.0000,-30.0000,0.0000,0.0000,0.0000,0.0000,0.0000,0.0000,8.8453,-562.0162,-14.0477,0.7398,-104.8004,-1.3641,-0.9229,-1.7843,1.4312,0.0000,-0.1942,0.0000,0.0000,0.0000,0.0000,0.0000,0.0000,0.0000,5.00,3.00,2.00,0.0000,0.0000,0.0000,0,0.000000
101,0.0200,0.0000,45.0000,-30.0000,0.0000,0.0000,0.0000,0.0000,0.0000,0.0000,8.8601,-564.1161,-14.0749,0.0000,0.0000,0.0000,0.0997,-1.7843,-3.0547,0.0000,-0.1942,0.0000,0.0000,0.0000,0.0000,0.0000,0.0000,0.0000,5.00,3.00,2.00,0.0000,0.0000,0.0000,0,0.000000
101,0.0200,0.0000,45.0000,-30.0000,0.0000,0.0000,0.0000,0.0000,0.0000,0.0000,8.8749,-566.2199,-14.1022,0.0000,0.0000,0.0000,1.1022,-1.7843,-3.1190,0.0000,-0.1942,0.0000,0.0000,0.0000,0.0000,0.0000,0.0000,0.0000,5.00,3.00,2.00,0.0000,0.0000,0.0000,0,0.000000
101,0.0200,0.0000,45.0000,-30.0000,0.0000,0.0000,0.0000,0.0000,0.0000,0.0000,8.8897,-568.3276,-14.1293,0.0000,0.0000,0.0000,-1.4490,-1.7843,1.7468,0.0000,-0.1942,0.0000,0.0000,0.0000,0.0000,0.0000,0.0000,0.0000,5.00,3.00,2.00,0.0000,0.0000,0.0000,0,0.000000
101,0.0200,0.0000,45.0000,-30.0000,0.0000,0.0000,0.0000,0.0000,0.0000,0.0000,8.9045,-570.4393,-14.1566,0.0000,0.0000,0.0000,2.3515,-1.7843,-2.9032,0.0000,-0.1942,0.0000,0.0000,0.0000,0.0000,0.0000,0.0000,0.0000,5.00,3.00,2.00,0.0000,0.0000,0.0000,0,0.000000
101,0.0200,0.0000,45.0000,-30.0000,0.0000,0.0000,0.0000,0.0000,0.0000,0.0000,8.9193,-572.5549,-14.1839,0.7398,-105.7831,-1.3641,1.4261,-1.7843,1.6402,0.0000,-0.1942,0.0000,0.0000,0.0000,0.0000,0.0000,0.0000,0.0000,5.00,3.00,2.00,0.0000,0.0000,0.0000,0,0.000000
102,0.0200,0.0000,45.0000,-30.0000,0.0000,0.0000,0.0000,0.0000,0.0000,0.0000,8.9341,-574.6744,-14.2112,0.0000,0.0000,0.0000,-1.8396,-1.7843,-0.8114,0.0000,-0.1942,0.0000,0.0000,0.0000,0.0000,0.0000,0.0000,0.0000,5.00,3.00,2.00,0.0000,0.0000,0.0000,0,0.000000
102,0.0200,0.0000,45.0000,-30.0000,0.0000,0.0000,0.0000,0.0000,0.0000,0.0000,8.9488,-576.7978,-14.2383,0.0000,0.0000,0.0000,0.1059,-1.7843,-2.9975,0.0000,-0.1942,0.0000,0.0000,0.0000,0.0000,0.0000,0.0000,0.0000,5.00,3.00,2.00,0.0000,0.0000,0.0000,0,0.000000
102,0.0200,0.0000,45.0000,-30.0000,0.0000,0.0000,0.0000,0.0000,0.0000,0.0000,8.9636,-578.9252,-14.2656,0.0000,0.0000,0.0000,-2.4382,-1.7843,-2.9573,0.0000,-0.1942,0.0000,0.0000,0.0000,0.0000,0.0000,0.0000,0.0000,5.00,3.00,2.00,0.0000,0.0000,0.0000,0,0.000000
102,0.0200,0.0000,45.0000,-30.0000,0.0000,0.0000,0.0000,0.0000,0.0000,0.0000,8.9784,-581.0565,-14.2929,0.0000,0.0000,0.0000,2.4802,-1.7843,-2.4937,0.0000,-0.1942,0.0000,0.0000,0.0000,0.0000,0.0000,0.0000,0.0000,5.00,3.00,2.00,0.0000,0.0000,0.0000,0,0.000000
102,0.0200,0.0000,45.0000,-30.0000,0.0000,0.0000,0.0000,0.0000,0.0000,0.0000,8.9932,-583.1916,-14.3201,0.7398,-106.7535,-1.3626,-0.3322,-1.7843,-2.8002,0.0000,-0.1942,0.0000,0.0000,0.0000,0.0000,0.0000,0.0000,0.0000,5.00,3.00,2.00,0.0000,0.0000,0.0000,0,0.000000
103,0.0200,0.0000,45.0000,-30.0000,0.0000,0.0000,0.0000,0.0000,0.0000,0.0000,9.0080,-585.3307,-14.3474,0.0000,0.0000,0.0000,-1.8582,-1.7843,-2.1047,0.0000,-0.1942,0.0000,0.0000,0.0000,0.0000,0.0000,0.0000,0.0000,5.00,3.00,2.00,0.0000,0.0000,0.0000,0,0.000000
103,0.0200,0.0000,45.0000,-30.0000,0.0000,0.0000,0.0000,0.0000,0.0000,0.0000,9.0228,-587.4739,-14.3746,0.0000,0.0000,0.0000,0.1213,-1.7843,-2.4511,0.0000,-0.1942,0.0000,0.0000,0.0000,0.0000,0.0000,0.0000,0.0000,5.00,3.00,2.00,0.0000,0.0000,0.0000,0,0.000000
103,0.0200,0.0000,45.0000,-30.0000,0.0000,0.0000,0.0000,0.0000,0.0000,0.0000,9.0376,-589.6208,-14.4019,0.0000,0.0000,0.0000,-0.0744,-1.7843,-4.3456,0.0000,-0.1942,0.0000,0.0000,0.0000,0.0000,0.0000,0.0000,0.0000,5.00,3.00,2.00,0.0000,0.0000,0.0000,0,0.000000
103,0.0200,0.0000,45.0000,-30.0000,0.0000,0.0000,0.0000,0.0000,0.0000,0.0000,9.0524,-591.7717,-14.4291,0.0000,0.0000,0.0000,-1.8700,-1.7843,-2.7603,0.0000,-0.1942,0.0000,0.0000,0.0000,0.0000,0.0000,0.0000,0.0000,5.00,3.00,2.00,0.0000,0.0000,0.0000,0,0.000000
103,0.0200,0.0000,45.0000,-30.0000,0.0000,0.0000,0.0000,0.0000,0.0000,0.0000,9.0672,-593.9265,-14.4563,0.7398,-107.7393,-1.3626,-2.7380,-1.7843,-2.8590,0.0000,-0.1942,0.0000,0.0000,0.0000,0.0000,0.0000,0.0000,0.0000,5.00,3.00,2.00,0.0000,0.0000,0.0000,0,0.000000
104,0.0200,0.0000,45.0000,-30.0000,0.0000,0.0000,0.0000,0.0000,0.0000,0.0000,9.0820,-596.0853,-14.4836,0.0000,0.0000,0.0000,-0.8380,-1.7843,1.2316,0.0000,-0.1942,0.0000,0.0000,0.0000,0.0000,0.0000,0.0000,0.0000,5.00,3.00,2.00,0.0000,0.0000,0.0000,0,0.000000
104,0.0200,0.0000,45.0000,-30.0000,0.0000,0.0000,0.0000,0.0000,0.0000,0.0000,9.0968,-598.2479,-14.5109,0.0000,0.0000,0.0000,1.9781,-1.7843,-3.7023,0.0000,-0.1942,0.0000,0.0000,0.0000,0.0000,0.0000,0.0000,0.0000,5.00,3.00,2.00,0.0000,0.0000,0.0000,0,0.000000
104,0.0200,0.0000,45.0000,-30.0000,0.0000,0.0000,0.0000,0.0000,0.0000,0.0000,9.1116,-600.4145,-14.5381,0.0000,0.0000,0.0000,-1.6970,-1.7843,0.9214,0.0000,-0.1942,0.0000,0.0000,0.0000,0.0000,0.0000,0.0000,0.0000,5.00,3.00,2.00,0.0000,0.0000,0.0000,0,0.000000
104,0.0200,0.0000,45.0000,-30.0000,0.0000,0.0000,0.0000,0.0000,0.0000,0.0000,9.1264,-602.5851,-14.5654,0.0000,0.0000,0.0000,0.4602,-1.7843,1.9976,0.0000,-0.1942,0.0000,0.0000,0.0000,0.0000,0.0000,0.0000,0.0000,5.00,3.00,2.00,0.0000,0.0000,0.0000,0,0.000000
104,0.0200,0.0000,45.0000,-30.0000,0.0000,0.0000,0.0000,0.0000,0.0000,0.0000,9.1412,-604.7595,-14.5926,0.7398,-108.7219,-1.3611,-1.6319,-1.7843,-2.8826,0.0000,-0.1942,0.0000,0.0000,0.0000,0.0000,0.0000,0.0000,0.0000,5.00,3.00,2.00,0.0000,0.0000,0.0000,0,0.000000
105,0.0200,0.0000,45.0000,-30.0000,0.0000,0.0000,0.0000,0.0000,0.0000,0.0000,9.1560,-606.9379,-14.6198,0.0000,0.0000,0.0000,-0.3860,-1.7843,-3.5903,0.0000,-0.1942,0.0000,0.0000,0.0000,0.0000,0.0000,0.0000,0.0000,5.00,3.00,2.00,0.0000,0.0000,0.0000,0,0.000000
105,0.0200,0.0000,45.0000,-30.0000,0.0000,0.0000,0.0000,0.0000,0.0000,0.0000,9.1708,-609.1202,-14.6471,0.0000,0.0000,0.0000,3.1584,-1.7843,-0.5781,0.0000,-0.1942,0.0000,0.0000,0.0000,0.0000,0.0000,0.0000,0.0000,5.00,3.00,2.00,0.0000,0.0000,0.0000,0,0.000000
105,0.0200,0.0000,45.0000,-30.0000,0.0000,0.0000,0.0000,0.0000,0.0000,0.0000,9.1856,-611.3064,-14.6743,0.0000,0.0000,0.0000,-2.8820,-1.7843,-1.6969,0.0000,-0.1942,0.0000,0.0000,0.0000,0.0000,0.0000,0.0000,0.0000,5.00,3.00,2.00,0.0000,0.0000,0.0000,0,0.000000
105,0.0200,0.0000,45.0000,-30.0000,0.0000,0.0000,0.0000,0.0000,0.0000,0.0000,9.2004,-613.4966,-14.7016,0.0000,0.0000,0.0000,-1.4456,-1.7843,1.3933,0.0000,-0.1942,0.0000,0.0000,0.0000,0.0000,0.0000,0.0000,0.0000,5.00,3.00,2.00,0.0000,0.0000,0.0000,0,0.000000
105,0.0200,0.0000,45.0000,-30.0000,0.0000,0.0000,0.0000,0.0000,0.0000,0.0000,9.2152,-615.6906,-14.7289,0.7398,-109.7015,-1.3626,2.9181,-1.7843,-1.3452,0.0000,-0.1942,0.0000,0.0000,0.0000,0.0000,0.0000,0.0000,0.0000,5.00,3.00,2.00,0.0000,0.0000,0.0000,0,0.000000
106,0.0200,0.0000,45.0000,-30.0000,0.0000,0.0000,0.0000,0.0000,0.0000,0.0000,9.2300,-617.8886,-14.7561,0.0000,0.0000,0.0000,2.6468,-1.7843,-2.7825,0.0000,-0.1942,0.0000,0.0000,0.0000,0.0000,0.0000,0.0000,0.0000,5.00,3.00,2.00,0.0000,0.0000,0.0000,0,0.000000
106,0.0200,0.0000,45.0000,-30.0000,0.0000,0.0000,0.0000,0.0000,0.0000,0.0000,9.2448,-620.0905,-14.7833,0.0000,0.0000,0.0000,0.7063,-1.7843,-3.6900,0.0000,-0.1942,0.0000,0.0000,0.0000,0.0000,0.0000,0.0000,0.0000,5.00,3.00,2.00,0.0000,0.0000,0.0000,0,0.000000
106,0.0200,0.0000,45.0000,-30.0000,0.0000,0.0000,0.0000,0.0000,0.0000,0.0000,9.2596,-622.2964,-14.8106,0.0000,0.0000,0.0000,2.0219,-1.7843,-0.4493,0.0000,-0.1942,0.0000,0.0000,0.0000,0.0000,0.0000,0.0000,0.0000,5.00,3.00,2.00,0.0000,0.0000,0.0000,0,0.000000
106,0.0200,0.0000,45.0000,-30.0000,0.0000,0.0000,0.0000,0.0000,0.0000,0.0000,9.2744,-624.5061,-14.8378,0.0000,0.0000,0.0000,-0.0807,-1.7843,1.6440,0.0000,-0.1942,0.0000,0.0000,0.0000,0.0000,0.0000,0.0000,0.0000,5.00,3.00,2.00,0.0000,0.0000,0.0000,0,0.000000
106,0.0200,0.0000,45.0000,-30.0000,0.0000,0.0000,0.0000,0.0000,0.0000,0.0000,9.2892,-626.7198,-14.8651,0.7398,-110.6842,-1.3626,2.8051,-1.7843,-0.5996,0.0000,-0.1942,0.0000,0.0000,0.0000,0.0000,0.0000,0.0000,0.0000,5.00,3.00,2.00,0.0000,0.0000,0.0000,0,0.000000
107,0.0200,0.0000,45.0000,-30.0000,0.0000,0.0000,0.0000,0.0000,0.0000,0.0000,9.3040,-628.9374,-14.8924,0.0000,0.0000,0.0000,-0.5194,-1.7843,-2.8103,0.0000,-0.1942,0.0000,0.0000,0.0000,0.0000,0.0000,0.0000,0.0000,5.00,3.00,2.00,0.0000,0.0000,0.0000,0,0.000000
107,0.0200,0.0000,45.0000,-30.0000,0.0000,0.0000,0.0000,0.0000,0.0000,0.0000,9.3188,-631.1589,-14.9196,0.0000,0.0000,0.0000,3.1739,-1.7843,-0.6315,0.0000,-0.1942,0.0000,0.0000,0.0000,0.0000,0.0000,0.0000,0.0000,5.00,3.00,2.00,0.0000,0.0000,0.0000,0,0.000000
107,0.0200,0.0000,45.0000,-30.0000,0.0000,0.0000,0.0000,0.0000,0.0000,0.0000,9.3336,-633.3844,-14.9469,0.0000,0.0000,0.0000,-0.3070,-1.7843,1.6490,0.0000,-0.1942,0.0000,0.0000,0.0000,0.0000,0.0000,0.0000,0.0000,5.00,3.00,2.00,0.0000,0.0000,0.0000,0,0.000000
107,0.0200,0.0000,45.0000,-30.0000,0.0000,0.0000,0.0000,0.0000,0.0000,0.0000,9.3483,-635.6138,-14.9741,0.0000,0.0000,0.0000,0.5942,-1.7843,0.9953,0.0000,-0.1942,0.0000,0.0000,0.0000,0.0000,0.0000,0.0000,0.0000,5.00,3.00,2.00,0.0000,0.0000,0.0000,0,0.000000
107,0.0200,0.0000,45.0000,-30.0000,0.0000,0.0000,0.0000,0.0000,0.0000,0.0000,9.3631,-637.8470,-15.0014,0.7398,-111.6638,-1.3641,-0.0554,-1.7843,0.9108,0.0000,-0.1942,0.0000,0.0000,0.0000,0.0000,0.0000,0.0000,0.0000,5.00,3.00,2.00,0.0000,0.0000,0.0000,0,0.000000
108,0.0200,0.0000,45.0000,-30.0000,0.0000,0.0000,0.0000,0.0000,0.0000,0.0000,9.3779,-640.0843,-15.0286,0.0000,0.0000,0.0000,-1.3461,-1.7843,1.4048,0.0000,-0.1942,0.0000,0.0000,0.0000,0.0000,0.0000,0.0000,0.0000,5.00,3.00,2.00,0.0000,0.0000,0.0000,0,0.000000
108,0.0200,0.0000,45.0000,-30.0000,0.0000,0.0000,0.0000,0.0000,0.0000,0.0000,9.3927,-642.3254,-15.0558,0.0000,0.0000,0.0000,0.9356,-1.7843,-3.1402,0.0000,-0.1942,0.0000,0.0000,0.0000,0.0000,0.0000,0.0000,0.0000,5.00,3.00,2.00,0.0000,0.0000,0.0000,0,0.000000
108,0.0200,0.0000,45.0000,-30.0000,0.0000,0.0000,0.0000,0.0000,0.0000,0.0000,9.4075,-644.5706,-15.0831,0.0000,0.0000,0.0000,1.1700,-1.7843,0.7077,0.0000,-0.1942,0.0000,0.0000,0.0000,0.0000,0.0000,0.0000,0.0000,5.00,3.00,2.00,0.0000,0.0000,0.0000,0,0.000000
108,0.0200,0.0000,45.0000,-30.0000,0.0000,0.0000,0.0000,0.0000,0.0000,0.0000,9.4223,-646.8196,-15.1103,0.0000,0.0000,0.0000,-1.7791,-1.7843,0.0418,0.0000,-0.1942,0.0000,0.0000,0.0000,0.0000,0.0000,0.0000,0.0000,5.00,3.00,2.00,0.0000,0.0000,0.0000,0,0.000000
108,0.0200,0.0000,45.0000,-30.0000,0.0000,0.0000,0.0000,0.0000,0.0000,0.0000,9.4371,-649.0724,-15.1376,0.7398,-112.6434,-1.3626,-1.7555,-1.7843,-3.8887,0.0000,-0.1942,0.0000,0.0000,0.0000,0.0000,0.0000,0.0000,0.0000,5.00,3.00,2.00,0.0000,0.0000,0.0000,0,0.000000
109,0.0200,0.0000,45.0000,-30.0000,0.0000,0.0000,0.0000,0.0000,0.0000,0.0000,9.4519,-651.3293,-15.1648,0.0000,0.0000,0.0000,2.2889,-1.7843,-2.6305,0.0000,-0.1942,0.0000,0.0000,0.0000,0.0000,0.0000,0.0000,0.0000,5.00,3.00,2.00,0.0000,0.0000,0.0000,0,0.000000
109,0.0200,0.0000,45.0000,-30.0000,0.0000,0.0000,0.0000,0.0000,0.0000,0.0000,9.4667,-653.5900,-15.1920,0.0000,0.0000,0.0000,-1.2719,-1.7843,0.5634,0.0000,-0.1942,0.0000,0.0000,0.0000,0.0000,0.0000,0.0000,0.0000,5.00,3.00,2.00,0.0000,0.0000,0.0000,0,0.000000
109,0.0200,0.0000,45.0000,-30.0000,0.0000,0.0000,0.0000,0.0000,0.0000,0.0000,9.4815,-655.8547,-15.2193,0.0000,0.0000,0.0000,2.9631,-1.7843,-0.9957,0.0000,-0.1942,0.0000,0.0000,0.0000,0.0000,0.0000,0.0000,0.0000,5.00,3.00,2.00,0.0000,0.0000,0.0000,0,0.000000
109,0.0200,0.0000,45.0000,-30.0000,0.0000,0.0000,0.0000,0.0000,0.0000,0.0000,9.4963,-658.1234,-15.2466,0.0000,0.0000,0.0000,1.2717,-1.7843,-3.2603,0.0000,-0.1942,0.0000,0.0000,0.0000,0.0000,0.0000,0.0000,0.0000,5.00,3.00,2.00,0.0000,0.0000,0.0000,0,0.000000
109,0.0200,0.0000,45.0000,-30.0000,0.0000,0.0000,0.0000,0.0000,0.0000,0.0000,9.5111,-660.3959,-15.2738,0.7398,-113.6261,-1.3611,-2.1426,-1.7843,-0.8871,0.0000,-0.1942,0.0000,0.0000,0.0000,0.0000,0.0000,0.0000,0.0000,5.00,3.00,2.00,0.0000,0.0000,0.0000,0,0.000000
110,0.0200,0.0000,45.0000,-30.0000,0.0000,0.0000,0.0000,0.0000,0.0000,0.0000,9.5259,-662.6724,-15.3011,0.0000,0.0000,0.0000,1.8663,-1.7843,1.7020,0.0000,-0.1942,0.0000,0.0000,0.0000,0.0000,0.0000,0.0000,0.0000,5.00,3.00,2.00,0.0000,0.0000,0.0000,0,0.000000
110,0.0200,0.0000,45.0000,-30.0000,0.0000,0.0000,0.0000,0.0000,0.0000,0.0000,9.5407,-664.9528,-15.3283,0.0000,0.0000,0.0000,1.6483,-1.7843,-2.8905,0.0000,-0.1942,0.0000,0.0000,0.0000,0.0000,0.0000,0.0000,0.0000,5.00,3.00,2.00,0.0000,0.0000,0.0000,0,0.000000
110,0.0200,0.0000,45.0000,-30.0000,0.0000,0.0000,0.0000,0.0000,0.0000,0.0000,9.5555,-667.2371,-15.3555,0.0000,0.0000,0.0000,0.6854,-1.7843,-2.9423,0.0000,-0.1942,0.0000,0.0000,0.0000,0.0000,0.0000,0.0000,0.0000,5.00,3.00,2.00,0.0000,0.0000,0.0000,0,0.000000
110,0.0200,0.0000,45.0000,-30.0000,0.0000,0.0000,0.0000,0.0000,0.0000,0.0000,9.5703,-669.5253,-15.3828,0.0000,0.0000,0.0000,2.2629,-1.7843,0.1790,0.0000,-0.1942,0.0000,0.0000,0.0000,0.0000,0.0000,0.0000,0.0000,5.00,3.00,2.00,0.0000,0.0000,0.0000,0,0.000000
110,0.0200,0.0000,45.0000,-30.0000,0.0000,0.0000,0.0000,0.0000,0.0000,0.0000,9.5851,-671.8175,-15.4101,0.7398,-114.6088,-1.3626,-1.0318,-1.7843,-2.3635,0.0000,-0.1942,0.0000,0.0000,0.0000,0.0000,0.0000,0.0000,0.0000,5.00,3.00,2.00,0.0000,0.0000,0.0000,0,0.000000
111,0.0200,0.0000,45.0000,-30.0000,0.0000,0.0000,0.0000,0.0000,0.0000,0.0000,9.5999,-674.1135,-15.4373,0.0000,0.0000,0.0000,-2.3537,-1.7843,0.1257,0.0000,-0.1942,0.0000,0.0000,0.0000,0.0000,0.0000,0.0000,0.0000,5.00,3.00,2.00,0.0000,0.0000,0.0000,0,0.000000
111,0.0200,0.0000,45.0000,-30.0000,0.0000,0.0000,0.0000,0.0000,0.0000,0.0000,9.6147,-676.4136,-15.4645,0.0000,0.0000,0.0000,3.1517,-1.7843,-0.8235,0.0000,-0.1942,0.0000,0.0000,0.0000,0.0000,0.0000,0.0000,0.0000,5.00,3.00,2.00,0.0000,0.0000,0.0000,0,0.000000
111,0.0200,0.0000,45.0000,-30.0000,0.0000,0.0000,0.0000,0.0000,0.0000,0.0000,9.6295,-678.7175,-15.4918,0.0000,0.0000,0.0000,2.2209,-1.7843,-1.1295,0.0000,-0.1942,0.0000,0.0000,0.0000,0.0000,0.0000,0.0000,0.0000,5.00,3.00,2.00,0.0000,0.0000,0.0000,0,0.000000
111,0.0200,0.0000,45.0000,-30.0000,0.0000,0.0000,0.0000,0.0000,0.0000,0.0000,9.6443,-681.0254,-15.5191,0.0000,0.0000,0.0000,2.7185,-1.7843,-0.6752,0.0000,-0.1942,0.0000,0.0000,0.0000,0.0000,0.0000,0.0000,0.0000,5.00,3.00,2.00,0.0000,0.0000,0.0000,0,0.000000
111,0.0200,0.0000,45.0000,-30.0000,0.0000,0.0000,0.0000,0.0000,0.0000,0.0000,9.6591,-683.3372,-15.5463,0.7398,-115.5884,-1.3611,0.7346,-1.7843,-2.2532,0.0000,-0.1942,0.0000,0.0000,0.0000,0.0000,0.0000,0.0000,0.0000,5.00,3.00,2.00,0.0000,0.0000,0.0000,0,0.000000
112,0.0200,0.0000,45.0000,-30.0000,0.0000,0.0000,0.0000,0.0000,0.0000,0.0000,9.6739,-685.6528,-15.5736,0.0000,0.0000,0.0000,-2.6053,-1.7843,-2.7557,0.0000,-0.1942,0.0000,0.0000,0.0000,0.0000,0.0000,0.0000,0.0000,5.00,3.00,2.00,0.0000,0.0000,0.0000,0,0.000000
112,0.0200,0.0000,45.0000,-30.0000,0.0000,0.0000,0.0000,0.0000,0.0000,0.0000,9.6887,-687.9725,-15.6008,0.0000,0.0000,0.0000,-2.4111,-1.7843,-3.2691,0.0000,-0.1942,0.0000,0.0000,0.0000,0.0000,0.0000,0.0000,0.0000,5.00,3.00,2.00,0.0000,0.0000,0.0000,0,0.000000
112,0.0200,0.0000,45.0000,-30.0000,0.0000,0.0000,0.0000,0.0000,0.0000,0.0000,9.7035,-690.2961,-15.6281,0.0000,0.0000,0.0000,1.2809,-1.7843,1.8870,0.0000,-0.1942,0.0000,0.0000,0.0000,0.0000,0.0000,0.0000,0.0000,5.00,3.00,2.00,0.0000,0.0000,0.0000,0,0.000000
112,0.0200,0.0000,45.0000,-30.0000,0.0000,0.0000,0.0000,0.0000,0.0000,0.0000,9.7183,-692.6235,-15.6553,0.0000,0.0000,0.0000,-1.4020,-1.7843,-2.8754,0.0000,-0.1942,0.0000,0.0000,0.0000,0.0000,0.0000,0.0000,0.0000,5.00,3.00,2.00,0.0000,0.0000,0.0000,0,0.000000
112,0.0200,0.0000,45.0000,-30.0000,0.0000,0.0000,0.0000,0.0000,0.0000,0.0000,9.7331,-694.9550,-15.6825,0.7398,-116.5710,-1.3626,0.0721,-1.7843,0.8020,0.0000,-0.1942,0.0000,0.0000,0.0000,0.0000,0.0000,0.0000,0.0000,5.00,3.00,2.00,0.0000,0.0000,0.0000,0,0.000000
113,0.0200,0.0000,45.0000,-30.0000,0.0000,0.0000,0.0000,0.0000,0.0000,0.0000,9.7478,-697.2903,-15.7098,0.0000,0.0000,0.0000,-0.6570,-1.7843,1.3506,0.0000,-0.1942,0.0000,0.0000,0.0000,0.0000,0.0000,0.0000,0.0000,5.00,3.00,2.00,0.0000,0.0000,0.0000,0,0.000000
113,0.0200,0.0000,45.0000,-30.0000,0.0000,0.0000,0.0000,0.0000,0.0000,0.0000,9.7626,-699.6295,-15.7370,0.0000,0.0000,0.0000,-2.1080,-1.7843,-2.5033,0.0000,-0.1942,0.0000,0.0000,0.0000,0.0000,0.0000,0.0000,0.0000,5.00,3.00,2.00,0.0000,0.0000,0.0000,0,0.000000
113,0.0200,0.0000,45.0000,-30.0000,0.0000,0.0000,0.0000,0.0000,0.0000,0.0000,9.7774,-701.9727,-15.7642,0.0000,0.0000,0.0000,2.1267,-1.7843,-3.0579,0.0000,-0.1942,0.0000,0.0000,0.0000,0.0000,0.0000,0.0000,0.0000,5.00,3.00,2.00,0.0000,0.0000,0.0000,0,0.000000
113,0.0200,0.0000,45.0000,-30.0000,0.0000,0.0000,0.0000,0.0000,0.0000,0.0000,9.7922,-704.3198,-15.7916,0.0000,0.0000,0.0000,-3.0578,-1.7843,-1.6983,0.0000,-0.1942,0.0000,0.0000,0.0000,0.0000,0.0000,0.0000,0.0000,5.00,3.00,2.00,0.0000,0.0000,0.0000,0,0.000000
113,0.0200,0.0000,45.0000,-30.0000,0.0000,0.0000,0.0000,0.0000,0.0000,0.0000,9.8070,-706.6708,-15.8188,0.7398,-117.5507,-1.3611,1.1123,-1.7843,-1.8623,0.0000,-0.1942,0.0000,0.0000,0.0000,0.0000,0.0000,0.0000,0.0000,5.00,3.00,2.00,0.0000,0.0000,0.0000,0,0.000000
114,0.0200,0.0000,45.0000,-30.0000,0.0000,0.0000,0.0000,0.0000,0.0000,0.0000,9.8218,-709.0257,-15.8460,0.0000,0.0000,0.0000,0.5732,-1.7843,-2.6495,0.0000,-0.1942,0.0000,0.0000,0.0000,0.0000,0.0000,0.0000,0.0000,5.00,3.00,2.00,0.0000,0.0000,0.0000,0,0.000000
114,0.0200,0.0000,45.0000,-30.0000,0.0000,0.0000,0.0000,0.0000,0.0000,0.0000,9.8366,-711.3847,-15.8733,0.0000,0.0000,0.0000,-3.4846,-1.7843,-1.0140,0.0000,-0.1942,0.0000,0.0000,0.0000,0.0000,0.0000,0.0000,0.0000,5.00,3.00,2.00,0.0000,0.0000,0.0000,0,0.000000
114,0.0200,0.0000,45.0000,-30.0000,0.0000,0.0000,0.0000,0.0000,0.0000,0.0000,9.8514,-713.7474,-15.9005,0.0000,0.0000,0.0000,-3.0984,-1.7843,-1.0300,0.0000,-0.1942,0.0000,0.0000,0.0000,0.0000,0.0000,0.0000,0.0000,5.00,3.00,2.00,0.0000,0.0000,0.0000,0,0.000000
114,0.0200,0.0000,45.0000,-30.0000,0.0000,0.0000,0.0000,0.0000,0.0000,0.0000,9.8662,-716.1141,-15.9278,0.0000,0.0000,0.0000,1.9213,-1.7843,-0.8031,0.0000,-0.1942,0.0000,0.0000,0.0000,0.0000,0.0000,0.0000,0.0000,5.00,3.00,2.00,0.0000,0.0000,0.0000,0,0.000000
114,0.0200,0.0000,45.0000,-30.0000,0.0000,0.0000,0.0000,0.0000,0.0000,0.0000,9.8810,-718.4849,-15.9551,0.7398,-118.5364,-1.3641,-1.4334,-1.7843,-1.7679,0.0000,-0.1942,0.0000,0.0000,0.0000,0.0000,0.0000,0.0000,0.0000,5.00,3.00,2.00,0.0000,0.0000,0.0000,0,0.000000
115,0.0200,0.0000,45.0000,-30.0000,0.0000,0.0000,0.0000,0.0000,0.0000,0.0000,9.8958,-720.8594,-15.9823,0.0000,0.0000,0.0000,-2.4297,-1.7843,0.2996,0.0000,-0.1942,0.0000,0.0000,0.0000,0.0000,0.0000,0.0000,0.0000,5.00,3.00,2.00,0.0000,0.0000,0.0000,0,0.000000
115,0.0200,0.0000,45.0000,-30.0000,0.0000,0.0000,0.0000,0.0000,0.0000,0.0000,9.9106,-723.2378,-16.0094,0.0000,0.0000,0.0000,1.5747,-1.7843,0.3711,0.0000,-0.1942,0.0000,0.0000,0.0000,0.0000,0.0000,0.0000,0.0000,5.00,3.00,2.00,0.0000,0.0000,0.0000,0,0.000000
115,0.0200,0.0000,45.0000,-30.0000,0.0000,0.0000,0.0000,0.0000,0.0000,0.0000,9.9254,-725.6202,-16.0368,0.0000,0.0000,0.0000,1.3301,-1.7843,-1.8021,0.0000,-0.1942,0.0000,0.0000,0.0000,0.0000,0.0000,0.0000,0.0000,5.00,3.00,2.00,0.0000,0.0000,0.0000,0,0.000000
115,0.0200,0.0000,45.0000,-30.0000,0.0000,0.0000,0.0000,0.0000,0.0000,0.0000,9.9402,-728.0066,-16.0640,0.0000,0.0000,0.0000,-2.8018,-1.7843,-2.6972,0.0000,-0.1942,0.0000,0.0000,0.0000,0.0000,0.0000,0.0000,0.0000,5.00,3.00,2.00,0.0000,0.0000,0.0000,0,0.000000
115,0.0200,0.0000,45.0000,-30.0000,0.0000,0.0000,0.0000,0.0000,0.0000,0.0000,9.9550,-730.3969,-16.0913,0.7398,-119.5160,-1.3657,0.1144,-1.7843,1.1631,0.0000,-0.1942,0.0000,0.0000,0.0000,0.0000,0.0000,0.0000,0.0000,5.00,3.00,2.00,0.0000,0.0000,0.0000,0,0.000000
116,0.0200,0.0000,45.0000,-30.0000,0.0000,0.0000,0.0000,0.0000,0.0000,0.0000,9.9698,-732.7910,-16.1185,0.0000,0.0000,0.0000,1.0308,-1.7843,0.9440,0.0000,-0.1942,0.0000,0.0000,0.0000,0.0000,0.0000,0.0000,0.0000,5.00,3.00,2.00,0.0000,0.0000,0.0000,0,0.000000
116,0.0200,0.0000,45.0000,-30.0000,0.0000,0.0000,0.0000,0.0000,0.0000,0.0000,9.9846,-735.1891,-16.1457,0.0000,0.0000,0.0000,1.0985,-1.7843,-2.0889,0.0000,-0.1942,0.0000,0.0000,0.0000,0.0000,0.0000,0.0000,0.0000,5.00,3.00,2.00,0.0000,0.0000,0.0000,0,0.000000
116,0.0200,0.0000,45.0000,-30.0000,0.0000,0.0000,0.0000,0.0000,0.0000,0.0000,9.9994,-737.5912,-16.1730,0.0000,0.0000,0.0000,2.2126,-1.7843,0.5203,0.0000,-0.1942,0.0000,0.0000,0.0000,0.0000,0.0000,0.0000,0.0000,5.00,3.00,2.00,0.0000,0.0000,0.0000,0,0.000000
116,0.0200,0.0000,45.0000,-30.0000,0.0000,0.0000,0.0000,0.0000,0.0000,0.0000,10.0142,-739.9972,-16.2002,0.0000,0.0000,0.0000,1.7003,-1.7843,-0.0251,0.0000,-0.1942,0.0000,0.0000,0.0000,0.0000,0.0000,0.0000,0.0000,5.00,3.00,2.00,0.0000,0.0000,0.0000,0,0.000000
116,0.0200,0.0000,45.0000,-30.0000,0.0000,0.0000,0.0000,0.0000,0.0000,0.0000,10.0290,-742.4070,-16.2275,0.7398,-120.4895,-1.3641,0.1764,-1.7843,1.3555,0.0000,-0.1942,0.0000,0.0000,0.0000,0.0000,0.0000,0.0000,0.0000,5.00,3.00,2.00,0.0000,0.0000,0.0000,0,0.000000
117,0.0200,0.0000,45.0000,-30.0000,0.0000,0.0000,0.0000,0.0000,0.0000,0.0000,10.0438,-744.8208,-16.2548,0.0000,0.0000,0.0000,-2.1027,-1.7843,0.2828,0.0000,-0.1942,0.0000,0.0000,0.0000,0.0000,0.0000,0.0000,0.0000,5.00,3.00,2.00,0.0000,0.0000,0.0000,0,0.000000
117,0.0200,0.0000,45.0000,-30.0000,0.0000,0.0000,0.0000,0.0000,0.0000,0.0000,10.0586,-747.2385,-16.2820,0.0000,0.0000,0.0000,0.0538,-1.7843,-3.2334,0.0000,-0.1942,0.0000,0.0000,0.0000,0.0000,0.0000,0.0000,0.0000,5.00,3.00,2.00,0.0000,0.0000,0.0000,0,0.000000
117,0.0200,0.0000,45.0000,-30.0000,0.0000,0.0000,0.0000,0.0000,0.0000,0.0000,10.0734,-749.6602,-16.3093,0.0000,0.0000,0.0000,-1.6892,-1.7843,-0.4804,0.0000,-0.1942,0.0000,0.0000,0.0000,0.0000,0.0000,0.0000,0.0000,5.00,3.00,2.00,0.0000,0.0000,0.0000,0,0.000000
117,0.0200,0.0000,45.0000,-30.0000,0.0000,0.0000,0.0000,0.0000,0.0000,0.0000,10.0882,-752.0858,-16.3365,0.0000,0.0000,0.0000,1.8583,-1.7843,-0.1879,0.0000,-0.1942,0.0000,0.0000,0.0000,0.0000,0.0000,0.0000,0.0000,5.00,3.00,2.00,0.0000,0.0000,0.0000,0,0.000000
117,0.0200,0.0000,45.0000,-30.0000,0.0000,0.0000,0.0000,0.0000,0.0000,0.0000,10.1030,-754.5152,-16.3638,0.7398,-121.4691,-1.3641,1.5671,-1.7843,-0.1969,0.0000,-0.1942,0.0000,0.0000,0.0000,0.0000,0.0000,0.0000,0.0000,5.00,3.00,2.00,0.0000,0.0000,0.0000,0,0.000000
118,0.0200,0.0000,45.0000,-30.0000,0.0000,0.0000,0.0000,0.0000,0.0000,0.0000,10.1178,-756.9486,-16.3910,0.0000,0.0000,0.0000,1.7233,-1.7843,-2.8088,0.0000,-0.1942,0.0000,0.0000,0.0000,0.0000,0.0000,0.0000,0.0000,5.00,3.00,2.00,0.0000,0.0000,0.0000,0,0.000000
118,0.0200,0.0000,45.0000,-30.0000,0.0000,0.0000,0.0000,0.0000,0.0000,0.0000,10.1326,-759.3860,-16.4183,0.0000,0.0000,0.0000,-0.4563,-1.7843,0.5386,0.0000,-0.1942,0.0000,0.0000,0.0000,0.0000,0.0000,0.0000,0.0000,5.00,3.00,2.00,0.0000,0.0000,0.0000,0,0.000000
118,0.0200,0.0000,45.0000,-30.0000,0.0000,0.0000,0.0000,0.0000,0.0000,0.0000,10.1474,-761.8273,-16.4455,0.0000,0.0000,0.0000,-1.7907,-1.7843,-0.0958,0.0000,-0.1942,0.0000,0.0000,0.0000,0.0000,0.0000,0.0000,0.0000,5.00,3.00,2.00,0.0000,0.0000,0.0000,0,0.000000
118,0.0200,0.0000,45.0000,-30.0000,0.0000,0.0000,0.0000,0.0000,0.0000,0.0000,10.1621,-764.2726,-16.4727,0.0000,0.0000,0.0000,-1.6770,-1.7843,2.0841,0.0000,-0.1942,0.0000,0.0000,0.0000,0.0000,0.0000,0.0000,0.0000,5.00,3.00,2.00,0.0000,0.0000,0.0000,0,0.000000
118,0.0200,0.0000,45.0000,-30.0000,0.0000,0.0000,0.0000,0.0000,0.0000,0.0000,10.1769,-766.7216,-16.5000,0.7398,-122.4518,-1.3641,-0.4777,-1.7843,-2.6721,0.0000,-0.1942,0.0000,0.0000,0.0000,0.0000,0.0000,0.0000,0.0000,5.00,3.00,2.00,0.0000,0.0000,0.0000,0,0.000000
119,0.0200,0.0000,45.0000,-30.0000,0.0000,0.0000,0.0000,0.0000,0.0000,0.0000,10.1917,-769.1747,-16.5271,0.0000,0.0000,0.0000,2.0932,-1.7843,-1.9688,0.0000,-0.1942,0.0000,0.0000,0.0000,0.0000,0.0000,0.0000,0.0000,5.00,3.00,2.00,0.0000,0.0000,0.0000,0,0.000000
119,0.0200,0.0000,45.0000,-30.0000,0.0000,0.0000,0.0000,0.0000,0.0000,0.0000,10.2065,-771.6316,-16.5545,0.0000,0.0000,0.0000,1.6541,-1.7843,1.6535,0.0000,-0.1942,0.0000,0.0000,0.0000,0.0000,0.0000,0.0000,0.0000,5.00,3.00,2.00,0.0000,0.0000,0.0000,0,0.000000
119,0.0200,0.0000,45.0000,-30.0000,0.0000,0.0000,0.0000,0.0000,0.0000,0.0000,10.2213,-774.0925,-16.5818,0.0000,0.0000,0.0000,-2.8638,-1.7843,-0.8133,0.0000,-0.1942,0.0000,0.0000,0.0000,0.0000,0.0000,0.0000,0.0000,5.00,3.00,2.00,0.0000,0.0000,0.0000,0,0.000000
119,0.0200,0.0000,45.0000,-30.0000,0.0000,0.0000,0.0000,0.0000,0.0000,0.0000,10.2361,-776.5574,-16.6089,0.0000,0.0000,0.0000,-3.3554,-1.7843,-0.7672,0.0000,-0.1942,0.0000,0.0000,0.0000,0.0000,0.0000,0.0000,0.0000,5.00,3.00,2.00,0.0000,0.0000,0.0000,0,0.000000
119,0.0200,0.0000,45.0000,-30.0000,0.0000,0.0000,0.0000,0.0000,0.0000,0.0000,10.2509,-779.0261,-16.6362,0.7398,-123.4375,-1.3641,-1.8479,-1.7843,-2.2929,0.0000,-0.1942,0.0000,0.0000,0.0000,0.0000,0.0000,0.0000,0.0000,5.00,3.00,2.00,0.0000,0.0000,0.0000,0,0.000000
120,0.0200,0.0000,45.0000,-30.0000,0.0000,0.0000,0.0000,0.0000,0.0000,0.0000,10.2657,-781.4988,-16.6635,0.0000,0.0000,0.0000,-0.8662,-1.7843,-3.4943,0.0000,-0.1942,0.0000,0.0000,0.0000,0.0000,0.0000,0.0000,0.0000,5.00,3.00,2.00,0.0000,0.0000,0.0000,0,0.000000
120,0.0200,0.0000,45.0000,-30.0000,0.0000,0.0000,0.0000,0.0000,0.0000,0.0000,10.2805,-783.9754,-16.6908,0.0000,0.0000,0.0000,-1.1758,-1.7843,0.8298,0.0000,-0.1942,0.0000,0.0000,0.0000,0.0000,0.0000,0.0000,0.0000,5.00,3.00,2.00,0.0000,0.0000,0.0000,0,0.000000
120,0.0200,0.0000,45.0000,-30.0000,0.0000,0.0000,0.0000,0.0000,0.0000,0.0000,10.2953,-786.4559,-16.7180,0.0000,0.0000,0.0000,-0.1949,-1.7843,-3.0977,0.0000,-0.1942,0.0000,0.0000,0.0000,0.0000,0.0000,0.0000,0.0000,5.00,3.00,2.00,0.0000,0.0000,0.0000,0,0.000000
120,0.0200,0.0000,45.0000,-30.0000,0.0000,0.0000,0.0000,0.0000,0.0000,0.0000,10.3101,-788.9403,-16.7452,0.0000,0.0000,0.0000,-1.1611,-1.7843,1.5209,0.0000,-0.1942,0.0000,0.0000,0.0000,0.0000,0.0000,0.0000,0.0000,5.00,3.00,2.00,0.0000,0.0000,0.0000,0,0.000000
120,0.0200,0.0000,45.0000,-30.0000,0.0000,0.0000,0.0000,0.0000,0.0000,0.0000,10.3249,-791.4287,-16.7724,0.7398,-124.4202,-1.3611,-1.8068,-1.7843,-1.0456,0.0000,-0.1942,0.0000,0.0000,0.0000,0.0000,0.0000,0.0000,0.0000,5.00,3.00,2.00,0.0000,0.0000,0.0000,0,0.000000
121,0.0200,0.0000,45.0000,-30.0000,0.0000,0.0000,0.0000,0.0000,0.0000,0.0000,10.3397,-793.9210,-16.7998,0.0000,0.0000,0.0000,-0.4971,-1.7843,1.1547,0.0000,-0.1942,0.0000,0.0000,0.0000,0.0000,0.0000,0.0000,0.0000,5.00,3.00,2.00,0.0000,0.0000,0.0000,0,0.000000
121,0.0200,0.0000,45.0000,-30.0000,0.0000,0.0000,0.0000,0.0000,0.0000,0.0000,10.3545,-796.4171,-16.8270,0.0000,0.0000,0.0000,-0.7788,-1.7843,1.4671,0.0000,-0.1942,0.0000,0.0000,0.0000,0.0000,0.0000,0.0000,0.0000,5.00,3.00,2.00,0.0000,0.0000,0.0000,0,0.000000
121,0.0200,0.0000,45.0000,-30.0000,0.0000,0.0000,0.0000,0.0000,0.0000,0.0000,10.3693,-798.9173,-16.8542,0.0000,0.0000,0.0000,-2.7072,-1.7843,-0.4001,0.0000,-0.1942,0.0000,0.0000,0.0000,0.0000,0.0000,0.0000,0.0000,5.00,3.00,2.00,0.0000,0.0000,0.0000,0,0.000000
121,0.0200,0.0000,45.0000,-30.0000,0.0000,0.0000,0.0000,0.0000,0.0000,0.0000,10.3841,-801.4213,-16.8814,0.0000,0.0000,0.0000,-2.6169,-1.7843,0.3035,0.0000,-0.1942,0.0000,0.0000,0.0000,0.0000,0.0000,0.0000,0.0000,5.00,3.00,2.00,0.0000,0.0000,0.0000,0,0.000000
121,0.0200,0.0000,45.0000,-30.0000,0.0000,0.0000,0.0000,0.0000,0.0000,0.0000,10.3989,-803.9293,-16.9087,0.7398,-125.3998,-1.3672,0.0270,-1.7843,1.6893,0.0000,-0.1942,0.0000,0.0000,0.0000,0.0000,0.0000,0.0000,0.0000,5.00,3.00,2.00,0.0000,0.0000,0.0000,0,0.000000
122,0.0200,0.0000,45.0000,-30.0000,0.0000,0.0000,0.0000,0.0000,0.0000,0.0000,10.4137,-806.4412,-16.9360,0.0000,0.0000,0.0000,-0.9682,-1.7843,1.8600,0.0000,-0.1942,0.0000,0.0000,0.0000,0.0000,0.0000,0.0000,0.0000,5.00,3.00,2.00,0.0000,0.0000,0.0000,0,0.000000
122,0.0200,0.0000,45.0000,-30.0000,0.0000,0.0000,0.0000,0.0000,0.0000,0.0000,10.4285,-808.9572,-16.9632,0.0000,0.0000,0.0000,-2.1890,-1.7843,-2.9659,0.0000,-0.1942,0.0000,0.0000,0.0000,0.0000,0.0000,0.0000,0.0000,5.00,3.00,2.00,0.0000,0.0000,0.0000,0,0.000000
122,0.0200,0.0000,45.0000,-30.0000,0.0000,0.0000,0.0000,0.0000,0.0000,0.0000,10.4433,-811.4769,-16.9904,0.0000,0.0000,0.0000,1.6657,-1.7843,-2.9642,0.0000,-0.1942,0.0000,0.0000,0.0000,0.0000,0.0000,0.0000,0.0000,5.00,3.00,2.00,0.0000,0.0000,0.0000,0,0.000000
122,0.0200,0.0000,45.0000,-30.0000,0.0000,0.0000,0.0000,0.0000,0.0000,0.0000,10.4581,-814.0005,-17.0177,0.0000,0.0000,0.0000,-0.7072,-1.7843,-3.8610,0.0000,-0.1942,0.0000,0.0000,0.0000,0.0000,0.0000,0.0000,0.0000,5.00,3.00,2.00,0.0000,0.0000,0.0000,0,0.000000
122,0.0200,0.0000,45.0000,-30.0000,0.0000,0.0000,0.0000,0.0000,0.0000,0.0000,10.4729,-816.5281,-17.0450,0.7398,-126.3794,-1.3611,-2.9506,-1.7843,-1.0166,0.0000,-0.1942,0.0000,0.0000,0.0000,0.0000,0.0000,0.0000,0.0000,5.00,3.00,2.00,0.0000,0.0000,0.0000,0,0.000000
123,0.0200,0.0000,45.0000,-30.0000,0.0000,0.0000,0.0000,0.0000,0.0000,0.0000,10.4877,-819.0596,-17.0722,0.0000,0.0000,0.0000,0.9389,-1.7843,1.0722,0.0000,-0.1942,0.0000,0.0000,0.0000,0.0000,0.0000,0.0000,0.0000,5.00,3.00,2.00,0.0000,0.0000,0.0000,0,0.000000
123,0.0200,0.0000,45.0000,-30.0000,0.0000,0.0000,0.0000,0.0000,0.0000,0.0000,10.5025,-821.5951,-17.0994,0.0000,0.0000,0.0000,-3.0592,-1.7843,-2.6335,0.0000,-0.1942,0.0000,0.0000,0.0000,0.0000,0.0000,0.0000,0.0000,5.00,3.00,2.00,0.0000,0.0000,0.0000,0,0.000000
123,0.0200,0.0000,45.0000,-30.0000,0.0000,0.0000,0.0000,0.0000,0.0000,0.0000,10.5173,-824.1344,-17.1267,0.0000,0.0000,0.0000,1.5681,-1.7843,0.8707,0.0000,-0.1942,0.0000,0.0000,0.0000,0.0000,0.0000,0.0000,0.0000,5.00,3.00,2.00,0.0000,0.0000,0.0000,0,0.000000
123,0.0200,0.0000,45.0000,-30.0000,0.0000,0.0000,0.0000,0.0000,0.0000,0.0000,10.5321,-826.6777,-17.1539,0.0000,0.0000,0.0000,-3.4620,-1.7843,-1.4994,0.0000,-0.1942,0.0000,0.0000,0.0000,0.0000,0.0000,0.0000,0.0000,5.00,3.00,2.00,0.0000,0.0000,0.0000,0,0.000000
123,0.0200,0.0000,45.0000,-30.0000,0.0000,0.0000,0.0000,0.0000,0.0000,0.0000,10.5468,-829.2250,-17.1812,0.7398,-127.3621,-1.3641,0.0341,-1.7843,1.2283,0.0000,-0.1942,0.0000,0.0000,0.0000,0.0000,0.0000,0.0000,0.0000,5.00,3.00,2.00,0.0000,0.0000,0.0000,0,0.000000
124,0.0200,0.0000,45.0000,-30.0000,0.0000,0.0000,0.0000,0.0000,0.0000,0.0000,10.5616,-831.7761,-17.2084,0.0000,0.0000,0.0000,-0.8909,-1.7843,2.0257,0.0000,-0.1942,0.0000,0.0000,0.0000,0.0000,0.0000,0.0000,0.0000,5.00,3.00,2.00,0.0000,0.0000,0.0000,0,0.000000
124,0.0200,0.0000,45.0000,-30.0000,0.0000,0.0000,0.0000,0.0000,0.0000,0.0000,10.5764,-834.3311,-17.2358,0.0000,0.0000,0.0000,-0.7902,-1.7843,-3.2711,0.0000,-0.1942,0.0000,0.0000,0.0000,0.0000,0.0000,0.0000,0.0000,5.00,3.00,2.00,0.0000,0.0000,0.0000,0,0.000000
124,0.0200,0.0000,45.0000,-30.0000,0.0000,0.0000,0.0000,0.0000,0.0000,0.0000,10.5912,-836.8901,-17.2630,0.0000,0.0000,0.0000,-1.5955,-1.7843,-1.6355,0.0000,-0.1942,0.0000,0.0000,0.0000,0.0000,0.0000,0.0000,0.0000,5.00,3.00,2.00,0.0000,0.0000,0.0000,0,0.000000
124,0.0200,0.0000,45.0000,-30.0000,0.0000,0.0000,0.0000,0.0000,0.0000,0.0000,10.6060,-839.4530,-17.2902,0.0000,0.0000,0.0000,1.9185,-1.7843,1.6412,0.0000,-0.1942,0.0000,0.0000,0.0000,0.0000,0.0000,0.0000,0.0000,5.00,3.00,2.00,0.0000,0.0000,0.0000,0,0.000000
124,0.0200,0.0000,45.0000,-30.0000,0.0000,0.0000,0.0000,0.0000,0.0000,0.0000,10.6208,-842.0200,-17.3174,0.7398,-128.3478,-1.3580,0.3854,-1.7843,1.5523,0.0000,-0.1942,0.0000,0.0000,0.0000,0.0000,0.0000,0.0000,0.0000,5.00,3.00,2.00,0.0000,0.0000,0.0000,0,0.000000
125,0.0200,0.0000,45.0000,-30.0000,0.0000,0.0000,0.0000,0.0000,0.0000,0.0000,10.6356,-844.5906,-17.3447,0.0000,0.0000,0.0000,1.8728,-1.7843,-0.1768,0.0000,-0.1942,0.0000,0.0000,0.0000,0.0000,0.0000,0.0000,0.0000,5.00,3.00,2.00,0.0000,0.0000,0.0000,0,0.000000
125,0.0200,0.0000,45.0000,-30.0000,0.0000,0.0000,0.0000,0.0000,0.0000,0.0000,10.6504,-847.1654,-17.3720,0.0000,0.0000,0.0000,-1.4118,-1.7843,-3.9302,0.0000,-0.1942,0.0000,0.0000,0.0000,0.0000,0.0000,0.0000,0.0000,5.00,3.00,2.00,0.0000,0.0000,0.0000,0,0.000000
125,0.0200,0.0000,45.0000,-30.0000,0.0000,0.0000,0.0000,0.0000,0.0000,0.0000,10.6652,-849.7440,-17.3992,0.0000,0.0000,0.0000,-1.9736,-1.7843,1.9923,0.0000,-0.1942,0.0000,0.0000,0.0000,0.0000,0.0000,0.0000,0.0000,5.00,3.00,2.00,0.0000,0.0000,0.0000,0,0.000000
125,0.0200,0.0000,45.0000,-30.0000,0.0000,0.0000,0.0000,0.0000,0.0000,0.0000,10.6800,-852.3264,-17.4264,0.0000,0.0000,0.0000,-0.2570,-1.7843,-2.8092,0.0000,-0.1942,0.0000,0.0000,0.0000,0.0000,0.0000,0.0000,0.0000,5.00,3.00,2.00,0.0000,0.0000,0.0000,0,0.000000
125,0.0200,0.0000,45.0000,-30.0000,0.0000,0.0000,0.0000,0.0000,0.0000,0.0000,10.6948,-854.9130,-17.4537,0.7398,-129.3274,-1.3641,-1.0164,-1.7843,0.4686,0.0000,-0.1942,0.0000,0.0000,0.0000,0.0000,0.0000,0.0000,0.0000,5.00,3.00,2.00,0.0000,0.0000,0.0000,0,0.000000
126,0.0200,0.0000,45.0000,-30.0000,0.0000,0.0000,0.0000,0.0000,0.0000,0.0000,10.7096,-857.5033,-17.4809,0.0000,0.0000,0.0000,-2.0090,-1.7843,1.3898,0.0000,-0.1942,0.0000,0.0000,0.0000,0.0000,0.0000,0.0000,0.0000,5.00,3.00,2.00,0.0000,0.0000,0.0000,0,0.000000
126,0.0200,0.0000,45.0000,-30.0000,0.0000,0.0000,0.0000,0.0000,0.0000,0.0000,10.7244,-860.0977,-17.5082,0.0000,0.0000,0.0000,1.6806,-1.7843,-0.2290,0.0000,-0.1942,0.0000,0.0000,0.0000,0.0000,0.0000,0.0000,0.0000,5.00,3.00,2.00,0.0000,0.0000,0.0000,0,0.000000
126,0.0200,0.0000,45.0000,-30.0000,0.0000,0.0000,0.0000,0.0000,0.0000,0.0000,10.7392,-862.6959,-17.5353,0.0000,0.0000,0.0000,1.8435,-1.7843,-3.3443,0.0000,-0.1942,0.0000,0.0000,0.0000,0.0000,0.0000,0.0000,0.0000,5.00,3.00,2.00,0.0000,0.0000,0.0000,0,0.000000
126,0.0200,0.0000,45.0000,-30.0000,0.0000,0.0000,0.0000,0.0000,0.0000,0.0000,10.7540,-865.2982,-17.5626,0.0000,0.0000,0.0000,-1.8796,-1.7843,-3.1962,0.0000,-0.1942,0.0000,0.0000,0.0000,0.0000,0.0000,0.0000,0.0000,5.00,3.00,2.00,0.0000,0.0000,0.0000,0,0.000000
126,0.0200,0.0000,45.0000,-30.0000,0.0000,0.0000,0.0000,0.0000,0.0000,0.0000,10.7688,-867.9042,-17.5898,0.7398,-130.3009,-1.3611,-0.4203,-1.7843,-3.3489,0.0000,-0.1942,0.0000,0.0000,0.0000,0.0000,0.0000,0.0000,0.0000,5.00,3.00,2.00,0.0000,0.0000,0.0000,0,0.000000
127,0.0200,0.0000,45.0000,-30.0000,0.0000,0.0000,0.0000,0.0000,0.0000,0.0000,10.7836,-870.5141,-17.6171,0.0000,0.0000,0.0000,2.0216,-1.7843,-2.9818,0.0000,-0.1942,0.0000,0.0000,0.0000,0.0000,0.0000,0.0000,0.0000,5.00,3.00,2.00,0.0000,0.0000,0.0000,0,0.000000
127,0.0200,0.0000,45.0000,-30.0000,0.0000,0.0000,0.0000,0.0000,0.0000,0.0000,10.7984,-873.1280,-17.6443,0.0000,0.0000,0.0000,1.5501,-1.7843,-2.1722,0.0000,-0.1942,0.0000,0.0000,0.0000,0.0000,0.0000,0.0000,0.0000,5.00,3.00,2.00,0.0000,0.0000,0.0000,0,0.000000
127,0.0200,0.0000,45.0000,-30.0000,0.0000,0.0000,0.0000,0.0000,0.0000,0.0000,10.8132,-875.7460,-17.6717,0.0000,0.0000,0.0000,-1.6709,-1.7843,-2.7129,0.0000,-0.1942,0.0000,0.0000,0.0000,0.0000,0.0000,0.0000,0.0000,5.00,3.00,2.00,0.0000,0.0000,0.0000,0,0.000000
127,0.0200,0.0000,45.0000,-30.0000,0.0000,0.0000,0.0000,0.0000,0.0000,0.0000,10.8280,-878.3676,-17.6989,0.0000,0.0000,0.0000,-2.7537,-1.7843,-2.1258,0.0000,-0.1942,0.0000,0.0000,0.0000,0.0000,0.0000,0.0000,0.0000,5.00,3.00,2.00,0.0000,0.0000,0.0000,0,0.000000
127,0.0200,0.0000,45.0000,-30.0000,0.0000,0.0000,0.0000,0.0000,0.0000,0.0000,10.8428,-880.9933,-17.7261,0.7398,-131.2836,-1.3580,-2.4517,-1.7843,0.6711,0.0000,-0.1942,0.0000,0.0000,0.0000,0.0000,0.0000,0.0000,0.0000,5.00,3.00,2.00,0.0000,0.0000,0.0000,0,0.000000
128,0.0200,0.0000,45.0000,-30.0000,0.0000,0.0000,0.0000,0.0000,0.0000,0.0000,10.8576,-883.6230,-17.7534,0.0000,0.0000,0.0000,-1.3139,-1.7843,1.7289,0.0000,-0.1942,0.0000,0.0000,0.0000,0.0000,0.0000,0.0000,0.0000,5.00,3.00,2.00,0.0000,0.0000,0.0000,0,0.000000
128,0.0200,0.0000,45.0000,-30.0000,0.0000,0.0000,0.0000,0.0000,0.0000,0.0000,10.8724,-886.2566,-17.7806,0.0000,0.0000,0.0000,-3.1811,-1.7843,-2.5121,0.0000,-0.1942,0.0000,0.0000,0.0000,0.0000,0.0000,0.0000,0.0000,5.00,3.00,2.00,0.0000,0.0000,0.0000,0,0.000000
128,0.0200,0.0000,45.0000,-30.0000,0.0000,0.0000,0.0000,0.0000,0.0000,0.0000,10.8872,-888.8939,-17.8078,0.0000,0.0000,0.0000,3.0193,-1.7843,0.1194,0.0000,-0.1942,0.0000,0.0000,0.0000,0.0000,0.0000,0.0000,0.0000,5.00,3.00,2.00,0.0000,0.0000,0.0000,0,0.000000
128,0.0200,0.0000,45.0000,-30.0000,0.0000,0.0000,0.0000,0.0000,0.0000,0.0000,10.9020,-891.5354,-17.8351,0.0000,0.0000,0.0000,-3.4114,-1.7843,-1.9202,0.0000,-0.1942,0.0000,0.0000,0.0000,0.0000,0.0000,0.0000,0.0000,5.00,3.00,2.00,0.0000,0.0000,0.0000,0,0.000000
128,0.0200,0.0000,45.0000,-30.0000,0.0000,0.0000,0.0000,0.0000,0.0000,0.0000,10.9168,-894.1807,-17.8624,0.7398,-132.2632,-1.3641,-0.2606,-1.7843,1.9003,0.0000,-0.1942,0.0000,0.0000,0.0000,0.0000,0.0000,0.0000,0.0000,5.00,3.00,2.00,0.0000,0.0000,0.0000,0,0.000000
129,0.0200,0.0000,45.0000,-30.0000,0.0000,0.0000,0.0000,0.0000,0.0000,0.0000,10.9316,-896.8301,-17.8896,0.0000,0.0000,0.0000,-1.5073,-1.7843,0.6585,0.0000,-0.1942,0.0000,0.0000,0.0000,0.0000,0.0000,0.0000,0.0000,5.00,3.00,2.00,0.0000,0.0000,0.0000,0,0.000000
129,0.0200,0.0000,45.0000,-30.0000,0.0000,0.0000,0.0000,0.0000,0.0000,0.0000,10.9463,-899.4830,-17.9169,0.0000,0.0000,0.0000,2.1003,-1.7843,-2.0551,0.0000,-0.1942,0.0000,0.0000,0.0000,0.0000,0.0000,0.0000,0.0000,5.00,3.00,2.00,0.0000,0.0000,0.0000,0,0.000000
129,0.0200,0.0000,45.0000,-30.0000,0.0000,0.0000,0.0000,0.0000,0.0000,0.0000,10.9611,-902.1402,-17.9441,0.0000,0.0000,0.0000,-2.0637,-1.7843,-0.2374,0.0000,-0.1942,0.0000,0.0000,0.0000,0.0000,0.0000,0.0000,0.0000,5.00,3.00,2.00,0.0000,0.0000,0.0000,0,0.000000
129,0.0200,0.0000,45.0000,-30.0000,0.0000,0.0000,0.0000,0.0000,0.0000,0.0000,10.9759,-904.8012,-17.9714,0.0000,0.0000,0.0000,0.9164,-1.7843,-2.4141,0.0000,-0.1942,0.0000,0.0000,0.0000,0.0000,0.0000,0.0000,0.0000,5.00,3.00,2.00,0.0000,0.0000,0.0000,0,0.000000
129,0.0200,0.0000,45.0000,-30.0000,0.0000,0.0000,0.0000,0.0000,0.0000,0.0000,10.9907,-907.4662,-17.9986,0.7398,-133.2489,-1.3611,0.1061,-1.7843,-2.4637,0.0000,-0.1942,0.0000,0.0000,0.0000,0.0000,0.0000,0.0000,0.0000,5.00,3.00,2.00,0.0000,0.0000,0.0000,0,0.000000
130,0.0200,0.0000,45.0000,-30.0000,0.0000,0.0000,0.0000,0.0000,0.0000,0.0000,11.0055,-910.1350,-18.0259,0.0000,0.0000,0.0000,2.3314,-1.7843,0.0918,0.0000,-0.1942,0.0000,0.0000,0.0000,0.0000,0.0000,0.0000,0.0000,5.00,3.00,2.00,0.0000,0.0000,0.0000,0,0.000000
130,0.0200,0.0000,45.0000,-30.0000,0.0000,0.0000,0.0000,0.0000,0.0000,0.0000,11.0203,-912.8078,-18.0532,0.0000,0.0000,0.0000,1.5715,-1.7843,-0.4123,0.0000,-0.1942,0.0000,0.0000,0.0000,0.0000,0.0000,0.0000,0.0000,5.00,3.00,2.00,0.0000,0.0000,0.0000,0,0.000000
130,0.0200,0.0000,45.0000,-30.0000,0.0000,0.0000,0.0000,0.0000,0.0000,0.0000,11.0351,-915.4846,-18.0804,0.0000,0.0000,0.0000,0.6268,-1.7843,0.5208,0.0000,-0.1942,0.0000,0.0000,0.0000,0.0000,0.0000,0.0000,0.0000,5.00,3.00,2.00,0.0000,0.0000,0.0000,0,0.000000
130,0.0200,0.0000,45.0000,-30.0000,0.0000,0.0000,0.0000,0.0000,0.0000,0.0000,11.0499,-918.1652,-18.1076,0.0000,0.0000,0.0000,-3.0198,-1.7843,-2.2170,0.0000,-0.1942,0.0000,0.0000,0.0000,0.0000,0.0000,0.0000,0.0000,5.00,3.00,2.00,0.0000,0.0000,0.0000,0,0.000000
130,0.0200,0.0000,45.0000,-30.0000,0.0000,0.0000,0.0000,0.0000,0.0000,0.0000,11.0647,-920.8497,-18.1349,0.7398,-134.2255,-1.3672,-1.4283,-1.7843,-3.4618,0.0000,-0.1942,0.0000,0.0000,0.0000,0.0000,0.0000,0.0000,0.0000,5.00,3.00,2.00,0.0000,0.0000,0.0000,0,0.000000
131,0.0200,0.0000,45.0000,-30.0000,0.0000,0.0000,0.0000,0.0000,0.0000,0.0000,11.0795,-923.5383,-18.1622,0.0000,0.0000,0.0000,0.6572,-1.7843,0.5703,0.0000,-0.1942,0.0000,0.0000,0.0000,0.0000,0.0000,0.0000,0.0000,5.00,3.00,2.00,0.0000,0.0000,0.0000,0,0.000000
131,0.0200,0.0000,45.0000,-30.0000,0.0000,0.0000,0.0000,0.0000,0.0000,0.0000,11.0943,-926.2306,-18.1894,0.0000,0.0000,0.0000,1.0424,-1.7843,1.7305,0.0000,-0.1942,0.0000,0.0000,0.0000,0.0000,0.0000,0.0000,0.0000,5.00,3.00,2.00,0.0000,0.0000,0.0000,0,0.000000
131,0.0200,0.0000,45.0000,-30.0000,0.0000,0.0000,0.0000,0.0000,0.0000,0.0000,11.1091,-928.9270,-18.2165,0.0000,0.0000,0.0000,-2.3616,-1.7843,-1.2731,0.0000,-0.1942,0.0000,0.0000,0.0000,0.0000,0.0000,0.0000,0.0000,5.00,3.00,2.00,0.0000,0.0000,0.0000,0,0.000000
131,0.0200,0.0000,45.0000,-30.0000,0.0000,0.0000,0.0000,0.0000,0.0000,0.0000,11.1239,-931.6272,-18.2439,0.0000,0.0000,0.0000,3.0060,-1.7843,-1.6463,0.0000,-0.1942,0.0000,0.0000,0.0000,0.0000,0.0000,0.0000,0.0000,5.00,3.00,2.00,0.0000,0.0000,0.0000,0,0.000000
131,0.0200,0.0000,45.0000,-30.0000,0.0000,0.0000,0.0000,0.0000,0.0000,0.0000,11.1387,-934.3314,-18.2710,0.7398,-135.2081,-1.3580,1.6559,-1.7843,-3.3228,0.0000,-0.1942,0.0000,0.0000,0.0000,0.0000,0.0000,0.0000,0.0000,5.00,3.00,2.00,0.0000,0.0000,0.0000,0,0.000000
132,0.0200,0.0000,45.0000,-30.0000,0.0000,0.0000,0.0000,0.0000,0.0000,0.0000,11.1535,-937.0394,-18.2984,0.0000,0.0000,0.0000,-2.4337,-1.7843,0.1052,0.0000,-0.1942,0.0000,0.0000,0.0000,0.0000,0.0000,0.0000,0.0000,5.00,3.00,2.00,0.0000,0.0000,0.0000,0,0.000000
132,0.0200,0.0000,45.0000,-30.0000,0.0000,0.0000,0.0000,0.0000,0.0000,0.0000,11.1683,-939.7516,-18.3256,0.0000,0.0000,0.0000,1.3334,-1.7843,-2.4660,0.0000,-0.1942,0.0000,0.0000,0.0000,0.0000,0.0000,0.0000,0.0000,5.00,3.00,2.00,0.0000,0.0000,0.0000,0,0.000000
132,0.0200,0.0000,45.0000,-30.0000,0.0000,0.0000,0.0000,0.0000,0.0000,0.0000,11.1831,-942.4675,-18.3528,0.0000,0.0000,0.0000,-2.8951,-1.7843,0.2344,0.0000,-0.1942,0.0000,0.0000,0.0000,0.0000,0.0000,0.0000,0.0000,5.00,3.00,2.00,0.0000,0.0000,0.0000,0,0.000000
132,0.0200,0.0000,45.0000,-30.0000,0.0000,0.0000,0.0000,0.0000,0.0000,0.0000,11.1979,-945.1873,-18.3801,0.0000,0.0000,0.0000,-1.7200,-1.7843,-1.6553,0.0000,-0.1942,0.0000,0.0000,0.0000,0.0000,0.0000,0.0000,0.0000,5.00,3.00,2.00,0.0000,0.0000,0.0000,0,0.000000
132,0.0200,0.0000,45.0000,-30.0000,0.0000,0.0000,0.0000,0.0000,0.0000,0.0000,11.2127,-947.9112,-18.4073,0.7398,-136.1938,-1.3580,-0.7633,-1.7843,-4.0100,0.0000,-0.1942,0.0000,0.0000,0.0000,0.0000,0.0000,0.0000,0.0000,5.00,3.00,2.00,0.0000,0.0000,0.0000,0,0.000000
133,0.0200,0.0000,45.0000,-30.0000,0.0000,0.0000,0.0000,0.0000,0.0000,0.0000,11.2275,-950.6388,-18.4346,0.0000,0.0000,0.0000,1.5761,-1.7843,-0.7697,0.0000,-0.1942,0.0000,0.0000,0.0000,0.0000,0.0000,0.0000,0.0000,5.00,3.00,2.00,0.0000,0.0000,0.0000,0,0.000000
133,0.0200,0.0000,45.0000,-30.0000,0.0000,0.0000,0.0000,0.0000,0.0000,0.0000,11.2423,-953.3705,-18.4618,0.0000,0.0000,0.0000,-2.3784,-1.7843,0.2371,0.0000,-0.1942,0.0000,0.0000,0.0000,0.0000,0.0000,0.0000,0.0000,5.00,3.00,2.00,0.0000,0.0000,0.0000,0,0.000000
133,0.0200,0.0000,45.0000,-30.0000,0.0000,0.0000,0.0000,0.0000,0.0000,0.0000,11.2571,-956.1061,-18.4891,0.0000,0.0000,0.0000,-2.1479,-1.7843,-2.5492,0.0000,-0.1942,0.0000,0.0000,0.0000,0.0000,0.0000,0.0000,0.0000,5.00,3.00,2.00,0.0000,0.0000,0.0000,0,0.000000
133,0.0200,0.0000,45.0000,-30.0000,0.0000,0.0000,0.0000,0.0000,0.0000,0.0000,11.2719,-958.8456,-18.5163,0.0000,0.0000,0.0000,1.3906,-1.7843,1.4549,0.0000,-0.1942,0.0000,0.0000,0.0000,0.0000,0.0000,0.0000,0.0000,5.00,3.00,2.00,0.0000,0.0000,0.0000,0,0.000000
133,0.0200,0.0000,45.0000,-30.0000,0.0000,0.0000,0.0000,0.0000,0.0000,0.0000,11.2867,-961.5890,-18.5436,0.7398,-137.1704,-1.3641,-1.6559,-1.7843,-0.2010,0.0000,-0.1942,0.0000,0.0000,0.0000,0.0000,0.0000,0.0000,0.0000,5.00,3.00,2.00,0.0000,0.0000,0.0000,0,0.000000
134,0.0200,0.0000,45.0000,-30.0000,0.0000,0.0000,0.0000,0.0000,0.0000,0.0000,11.3015,-964.3363,-18.5708,0.0000,0.0000,0.0000,2.6942,-1.7843,0.2755,0.0000,-0.1942,0.0000,0.0000,0.0000,0.0000,0.0000,0.0000,0.0000,5.00,3.00,2.00,0.0000,0.0000,0.0000,0,0.000000
134,0.0200,0.0000,45.0000,-30.0000,0.0000,0.0000,0.0000,0.0000,0.0000,0.0000,11.3163,-967.0875,-18.5981,0.0000,0.0000,0.0000,0.0001,-1.7843,1.8987,0.0000,-0.1942,0.0000,0.0000,0.0000,0.0000,0.0000,0.0000,0.0000,5.00,3.00,2.00,0.0000,0.0000,0.0000,0,0.000000
134,0.0200,0.0000,45.0000,-30.0000,0.0000,0.0000,0.0000,0.0000,0.0000,0.0000,11.3311,-969.8428,-18.6254,0.0000,0.0000,0.0000,-0.3357,-1.7843,-2.7922,0.0000,-0.1942,0.0000,0.0000,0.0000,0.0000,0.0000,0.0000,0.0000,5.00,3.00,2.00,0.0000,0.0000,0.0000,0,0.000000
134,0.0200,0.0000,45.0000,-30.0000,0.0000,0.0000,0.0000,0.0000,0.0000,0.0000,11.3458,-972.6019,-18.6526,0.0000,0.0000,0.0000,-0.6923,-1.7843,1.9737,0.0000,-0.1942,0.0000,0.0000,0.0000,0.0000,0.0000,0.0000,0.0000,5.00,3.00,2.00,0.0000,0.0000,0.0000,0,0.000000
134,0.0200,0.0000,45.0000,-30.0000,0.0000,0.0000,0.0000,0.0000,0.0000,0.0000,11.3606,-975.3650,-18.6799,0.7398,-138.1531,-1.3641,-0.9199,-1.7843,-3.5851,0.0000,-0.1942,0.0000,0.0000,0.0000,0.0000,0.0000,0.0000,0.0000,5.00,3.00,2.00,0.0000,0.0000,0.0000,0,0.000000
135,0.0200,0.0000,45.0000,-30.0000,0.0000,0.0000,0.0000,0.0000,0.0000,0.0000,11.3754,-978.1319,-18.7070,0.0000,0.0000,0.0000,-1.6324,-1.7843,1.4616,0.0000,-0.1942,0.0000,0.0000,0.0000,0.0000,0.0000,0.0000,0.0000,5.00,3.00,2.00,0.0000,0.0000,0.0000,0,0.000000
135,0.0200,0.0000,45.0000,-30.0000,0.0000,0.0000,0.0000,0.0000,0.0000,0.0000,11.3902,-980.9028,-18.7344,0.0000,0.0000,0.0000,3.2770,-1.7843,-1.1066,0.0000,-0.1942,0.0000,0.0000,0.0000,0.0000,0.0000,0.0000,0.0000,5.00,3.00,2.00,0.0000,0.0000,0.0000,0,0.000000
135,0.0200,0.0000,45.0000,-30.0000,0.0000,0.0000,0.0000,0.0000,0.0000,0.0000,11.4050,-983.6776,-18.7616,0.0000,0.0000,0.0000,-1.2747,-1.7843,-4.0295,0.0000,-0.1942,0.0000,0.0000,0.0000,0.0000,0.0000,0.0000,0.0000,5.00,3.00,2.00,0.0000,0.0000,0.0000,0,0.000000
135,0.0200,0.0000,45.0000,-30.0000,0.0000,0.0000,0.0000,0.0000,0.0000,0.0000,11.4198,-986.4564,-18.7889,0.0000,0.0000,0.0000,-2.9587,-1.7843,-2.5517,0.0000,-0.1942,0.0000,0.0000,0.0000,0.0000,0.0000,0.0000,0.0000,5.00,3.00,2.00,0.0000,0.0000,0.0000,0,0.000000
135,0.0200,0.0000,45.0000,-30.0000,0.0000,0.0000,0.0000,0.0000,0.0000,0.0000,11.4346,-989.2389,-18.8161,0.7398,-139.1266,-1.3611,-1.2496,-1.7843,-1.9653,0.0000,-0.1942,0.0000,0.0000,0.0000,0.0000,0.0000,0.0000,0.0000,5.00,3.00,2.00,0.0000,0.0000,0.0000,0,0.000000
136,0.0200,0.0000,45.0000,-30.0000,0.0000,0.0000,0.0000,0.0000,0.0000,0.0000,11.4494,-992.0255,-18.8433,0.0000,0.0000,0.0000,-0.3666,-1.7843,-3.0123,0.0000,-0.1942,0.0000,0.0000,0.0000,0.0000,0.0000,0.0000,0.0000,5.00,3.00,2.00,0.0000,0.0000,0.0000,0,0.000000
136,0.0200,0.0000,45.0000,-30.0000,0.0000,0.0000,0.0000,0.0000,0.0000,0.0000,11.4642,-994.8160,-18.8706,0.0000,0.0000,0.0000,1.5096,-1.7843,0.9210,0.0000,-0.1942,0.0000,0.0000,0.0000,0.0000,0.0000,0.0000,0.0000,5.00,3.00,2.00,0.0000,0.0000,0.0000,0,0.000000
136,0.0200,0.0000,45.0000,-30.0000,0.0000,0.0000,0.0000,0.0000,0.0000,0.0000,11.4790,-997.6105,-18.8978,0.0000,0.0000,0.0000,-1.3507,-1.7843,0.7472,0.0000,-0.1942,0.0000,0.0000,0.0000,0.0000,0.0000,0.0000,0.0000,5.00,3.00,2.00,0.0000,0.0000,0.0000,0,0.000000
136,0.0200,0.0000,45.0000,-30.0000,0.0000,0.0000,0.0000,0.0000,0.0000,0.0000,11.4938,-1000.4090,-18.9251,0.0000,0.0000,0.0000,-1.9349,-1.7843,-0.3156,0.0000,-0.1942,0.0000,0.0000,0.0000,0.0000,0.0000,0.0000,0.0000,5.00,3.00,2.00,0.0000,0.0000,0.0000,0,0.000000
136,0.0200,0.0000,45.0000,-30.0000,0.0000,0.0000,0.0000,0.0000,0.0000,0.0000,11.5086,-1003.2110,-18.9523,0.7398,-140.1123,-1.3611,2.2851,-1.7843,0.3431,0.0000,-0.1942,0.0000,0.0000,0.0000,0.0000,0.0000,0.0000,0.0000,5.00,3.00,2.00,0.0000,0.0000,0.0000,0,0.000000
137,0.0200,0.0000,45.0000,-30.0000,0.0000,0.0000,0.0000,0.0000,0.0000,0.0000,11.5234,-1006.0170,-18.9797,0.0000,0.0000,0.0000,1.8053,-1.7843,0.1227,0.0000,-0.1942,0.0000,0.0000,0.0000,0.0000,0.0000,0.0000,0.0000,5.00,3.00,2.00,0.0000,0.0000,0.0000,0,0.000000
137,0.0200,0.0000,45.0000,-30.0000,0.0000,0.0000,0.0000,0.0000,0.0000,0.0000,11.5382,-1008.8280,-19.0068,0.0000,0.0000,0.0000,0.7393,-1.7843,-3.4237,0.0000,-0.1942,0.0000,0.0000,0.0000,0.0000,0.0000,0.0000,0.0000,5.00,3.00,2.00,0.0000,0.0000,0.0000,0,0.000000
137,0.0200,0.0000,45.0000,-30.0000,0.0000,0.0000,0.0000,0.0000,0.0000,0.0000,11.5530,-1011.6410,-19.0341,0.0000,0.0000,0.0000,-1.8514,-1.7843,-0.7206,0.0000,-0.1942,0.0000,0.0000,0.0000,0.0000,0.0000,0.0000,0.0000,5.00,3.00,2.00,0.0000,0.0000,0.0000,0,0.000000
137,0.0200,0.0000,45.0000,-30.0000,0.0000,0.0000,0.0000,0.0000,0.0000,0.0000,11.5678,-1014.4590,-19.0613,0.0000,0.0000,0.0000,-2.1200,-1.7843,-2.7523,0.0000,-0.1942,0.0000,0.0000,0.0000,0.0000,0.0000,0.0000,0.0000,5.00,3.00,2.00,0.0000,0.0000,0.0000,0,0.000000
137,0.0200,0.0000,45.0000,-30.0000,0.0000,0.0000,0.0000,0.0000,0.0000,0.0000,11.5826,-1017.2810,-19.0885,0.7398,-141.0950,-1.3611,0.0708,-1.7843,2.4663,0.0000,-0.1942,0.0000,0.0000,0.0000,0.0000,0.0000,0.0000,0.0000,5.00,3.00,2.00,0.0000,0.0000,0.0000,0,0.000000
138,0.0200,0.0000,45.0000,-30.0000,0.0000,0.0000,0.0000,0.0000,0.0000,0.0000,11.5974,-1020.1070,-19.1158,0.0000,0.0000,0.0000,-2.7139,-1.7843,-2.0366,0.0000,-0.1942,0.0000,0.0000,0.0000,0.0000,0.0000,0.0000,0.0000,5.00,3.00,2.00,0.0000,0.0000,0.0000,0,0.000000
138,0.0200,0.0000,45.0000,-30.0000,0.0000,0.0000,0.0000,0.0000,0.0000,0.0000,11.6122,-1022.9370,-19.1431,0.0000,0.0000,0.0000,3.1313,-1.7843,-1.2412,0.0000,-0.1942,0.0000,0.0000,0.0000,0.0000,0.0000,0.0000,0.0000,5.00,3.00,2.00,0.0000,0.0000,0.0000,0,0.000000
138,0.0200,0.0000,45.0000,-30.0000,0.0000,0.0000,0.0000,0.0000,0.0000,0.0000,11.6270,-1025.7710,-19.1705,0.0000,0.0000,0.0000,-2.8518,-1.7843,-2.4383,0.0000,-0.1942,0.0000,0.0000,0.0000,0.0000,0.0000,0.0000,0.0000,5.00,3.00,2.00,0.0000,0.0000,0.0000,0,0.000000
138,0.0200,0.0000,45.0000,-30.0000,0.0000,0.0000,0.0000,0.0000,0.0000,0.0000,11.6418,-1028.6080,-19.1976,0.0000,0.0000,0.0000,0.0083,-1.7843,-3.0953,0.0000,-0.1942,0.0000,0.0000,0.0000,0.0000,0.0000,0.0000,0.0000,5.00,3.00,2.00,0.0000,0.0000,0.0000,0,0.000000
138,0.0200,0.0000,45.0000,-30.0000,0.0000,0.0000,0.0000,0.0000,0.0000,0.0000,11.6566,-1031.4500,-19.2248,0.7398,-142.0776,-1.3641,-3.2641,-1.7843,0.4149,0.0000,-0.1942,0.0000,0.0000,0.0000,0.0000,0.0000,0.0000,0.0000,5.00,3.00,2.00,0.0000,0.0000,0.0000,0,0.000000
139,0.0200,0.0000,45.0000,-30.0000,0.0000,0.0000,0.0000,0.0000,0.0000,0.0000,11.6714,-1034.2950,-19.2520,0.0000,0.0000,0.0000,1.9512,-1.7843,-0.1254,0.0000,-0.1942,0.0000,0.0000,0.0000,0.0000,0.0000,0.0000,0.0000,5.00,3.00,2.00,0.0000,0.0000,0.0000,0,0.000000
139,0.0200,0.0000,45.0000,-30.0000,0.0000,0.0000,0.0000,0.0000,0.0000,0.0000,11.6862,-1037.1450,-19.2792,0.0000,0.0000,0.0000,-1.2541,-1.7843,-3.6034,0.0000,-0.1942,0.0000,0.0000,0.0000,0.0000,0.0000,0.0000,0.0000,5.00,3.00,2.00,0.0000,0.0000,0.0000,0,0.000000
139,0.0200,0.0000,45.0000,-30.0000,0.0000,0.0000,0.0000,0.0000,0.0000,0.0000,11.7010,-1039.9980,-19.3065,0.0000,0.0000,0.0000,-0.8773,-1.7843,2.2846,0.0000,-0.1942,0.0000,0.0000,0.0000,0.0000,0.0000,0.0000,0.0000,5.00,3.00,2.00,0.0000,0.0000,0.0000,0,0.000000
139,0.0200,0.0000,45.0000,-30.0000,0.0000,0.0000,0.0000,0.0000,0.0000,0.0000,11.7158,-1042.8550,-19.3338,0.0000,0.0000,0.0000,-1.4064,-1.7843,-2.6414,0.0000,-0.1942,0.0000,0.0000,0.0000,0.0000,0.0000,0.0000,0.0000,5.00,3.00,2.00,0.0000,0.0000,0.0000,0,0.000000
