Episode,Timestamp,Base_Angle,Shoulder_Angle,Elbow_Angle,Base_Velocity,Shoulder_Velocity,Elbow_Velocity,Base_Control,Shoulder_Control,Elbow_Control,Magnet_Pos_X,Magnet_Pos_Y,Magnet_Pos_Z,Magnet_Vel_X,Magnet_Vel_Y,Magnet_Vel_Z,Box_Pos_X,Box_Pos_Y,Box_Pos_Z,Box_Vel_X,Box_Vel_Y,Box_Vel_Z,Base_Torque_Nm,Shoulder_Torque_Nm,Elbow_Torque_Nm,Base_Power_W,Shoulder_Power_W,Elbow_Power_W,Base_Mass_kg,Shoulder_Mass_kg,Elbow_Mass_kg,Base_KE_J,Shoulder_KE_J,Elbow_KE_J,Box_Attached,Energy_Step_J
1,0.0200,1.1200,45.5500,-30.2700,0.1824,0.3675,0.3196,0.4000,1.0000,-0.6000,-3.7917,2.6419,-1.2001,0.4167,2.0915,-0.0044,-3.3854,0.7245,-1.3507,0.0930,0.0099,-0.1356,159.0857,566.8571,286.4571,29.0163,208.3041,91.5542,5.00,3.00,2.00,0.0832,0.2026,0.1021,0,0.263100
1,0.0400,2.2400,46.1000,-30.5400,0.1848,0.3748,0.3184,0.4000,1.0000,-0.6000,-3.7833,2.6836,-1.2002,0.4167,2.0829,-0.0044,-3.2621,0.7487,-1.0882,0.1161,-0.1919,-0.0942,159.0857,566.8571,286.4571,29.3917,212.4445,91.2200,5.00,3.00,2.00,0.0853,0.2107,0.1014,0,0.266445
1,0.0600,3.3600,46.6500,-30.8100,0.1870,0.3817,0.3165,0.4000,1.0000,-0.6000,-3.7750,2.7251,-1.2003,0.4167,2.0686,-0.0044,-3.1220,0.7399,-1.0254,-0.0630,-0.0597,-0.0488,159.0857,566.8571,286.4571,29.7563,216.3967,90.6704,5.00,3.00,2.00,0.0875,0.2186,0.1002,0,0.269459
1,0.0800,4.4800,47.2000,-31.0800,0.1892,0.3882,0.3139,0.4000,1.0000,-0.6000,-3.7667,2.7663,-1.2004,0.4167,2.0486,-0.0044,-3.2916,0.7495,-1.3627,0.1223,-0.0093,-0.0035,159.0857,566.8571,286.4571,30.1047,220.0722,89.9161,5.00,3.00,2.00,0.0895,0.2261,0.0985,0,0.272074
1,0.1000,5.6000,47.7500,-31.3500,0.1913,0.3941,0.3106,0.4000,1.0000,-0.6000,-3.7583,2.8071,-1.2004,0.4167,2.0230,-0.0044,-3.1266,0.7426,-1.3330,-0.0338,-0.0563,0.0018,159.0857,566.8571,286.4571,30.4320,223.3882,88.9718,5.00,3.00,2.00,0.0915,0.2330,0.0965,0,0.274234
1,0.1200,6.7200,48.3000,-31.6200,0.1932,0.3992,0.3067,0.4000,1.0000,-0.6000,-3.7500,2.8472,-1.2005,0.4167,1.9919,-0.0044,-3.2904,0.7273,-1.0605,0.0058,0.0496,-0.0883,159.0857,566.8571,286.4571,30.7334,226.2703,87.8560,5.00,3.00,2.00,0.0933,0.2390,0.0941,0,0.275888
1,0.1400,7.8400,48.8500,-31.8900,0.1949,0.4034,0.3023,0.4000,1.0000,-0.6000,-3.7417,2.8867,-1.2006,0.4167,1.9553,-0.0044,-3.3580,0.7151,-1.3834,-0.1034,-0.0438,0.0548,159.0857,566.8571,286.4571,31.0047,228.6538,86.5905,5.00,3.00,2.00,0.0950,0.2441,0.0914,0,0.276999
1,0.1600,8.9600,49.4000,-32.1600,0.1964,0.4066,0.2974,0.4000,1.0000,-0.6000,-3.7333,2.9254,-1.2007,0.4167,1.9133,-0.0044,-3.4544,0.7162,-1.3541,0.1275,-0.1966,0.0695,159.0857,566.8571,286.4571,31.2419,230.4852,85.2002,5.00,3.00,2.00,0.0964,0.2480,0.0885,0,0.277542
1,0.1800,10.0800,49.9500,-32.4300,0.1976,0.4088,0.2922,0.4000,1.0000,-0.6000,-3.7250,2.9632,-1.2008,0.4167,1.8661,-0.0044,-3.4437,0.7172,-1.3828,-0.1105,-0.1858,-0.0592,159.0857,566.8571,286.4571,31.4416,231.7234,83.7121,5.00,3.00,2.00,0.0977,0.2507,0.0854,0,0.277502
1,0.2000,11.2000,50.5000,-32.7000,0.1986,0.4099,0.2868,0.4000,1.0000,-0.6000,-3.7167,3.0000,-1.2009,0.4167,1.8138,-0.0044,-3.4438,0.7113,-1.1072,0.0324,-0.0015,0.1471,159.0857,566.8571,286.4571,31.6009,232.3404,82.1555,5.00,3.00,2.00,0.0986,0.2520,0.0823,0,0.276877
1,0.2200,12.3200,51.0500,-32.9700,0.1994,0.4098,0.2812,0.4000,1.0000,-0.6000,-3.7083,3.0357,-1.2010,0.4167,1.7565,-0.0044,-3.1550,0.7031,-1.2653,-0.0542,-0.1419,0.0217,159.0857,566.8571,286.4571,31.7176,232.3226,80.5608,5.00,3.00,2.00,0.0994,0.2520,0.0791,0,0.275681
1,0.2400,13.4400,51.6000,-33.2400,0.1998,0.4087,0.2756,0.4000,1.0000,-0.6000,-3.7000,3.0702,-1.2011,0.4167,1.6944,-0.0044,-3.3778,0.7185,-1.0852,0.0882,0.0354,-0.0855,159.0857,566.8571,286.4571,31.7900,231.6702,78.9592,5.00,3.00,2.00,0.0998,0.2505,0.0760,0,0.273935
1,0.2600,14.5600,52.1500,-33.5100,0.2000,0.4064,0.2701,0.4000,1.0000,-0.6000,-3.6917,3.1035,-1.2012,0.4167,1.6277,-0.0044,-3.3605,0.7121,-1.2760,-0.0360,0.0010,-0.0401,159.0857,566.8571,286.4571,31.8170,230.3979,77.3820,5.00,3.00,2.00,0.1000,0.2478,0.0730,0,0.271678
1,0.2800,15.6800,52.7000,-33.7800,0.1999,0.4032,0.2648,0.4000,1.0000,-0.6000,-3.6833,3.1353,-1.2012,0.4167,1.5564,-0.0044,-3.3355,0.6934,-1.1340,-0.0259,-0.1641,-0.0925,159.0857,566.8571,286.4571,31.7982,228.5344,75.8601,5.00,3.00,2.00,0.0999,0.2438,0.0701,0,0.268954
1,0.3000,16.8000,53.2500,-34.0500,0.1995,0.3989,0.2598,0.4000,1.0000,-0.6000,-3.6750,3.1657,-1.2013,0.4167,1.4810,-0.0044,-3.3004,0.7137,-1.2386,0.0299,-0.1244,0.0431,159.0857,566.8571,286.4571,31.7339,226.1214,74.4233,5.00,3.00,2.00,0.0995,0.2387,0.0675,0,0.265823
1,0.3200,17.9200,53.8000,-34.3200,0.1988,0.3938,0.2552,0.4000,1.0000,-0.6000,-3.6667,3.1945,-1.2014,0.4167,1.4014,-0.0044,-3.3241,0.7339,-1.1727,-0.1455,-0.1742,-0.0091,159.0857,566.8571,286.4571,31.6251,223.2131,73.0997,5.00,3.00,2.00,0.0988,0.2326,0.0651,0,0.262350
1,0.3400,19.0400,54.3500,-34.5900,0.1978,0.3879,0.2511,0.4000,1.0000,-0.6000,-3.6583,3.2217,-1.2015,0.4167,1.3180,-0.0044,-3.3542,0.7351,-1.3580,0.0044,-0.0576,0.0608,159.0857,566.8571,286.4571,31.4733,219.8749,71.9152,5.00,3.00,2.00,0.0979,0.2257,0.0630,0,0.258611
1,0.3600,5.0400,54.9000,-34.8600,0.1966,0.3814,0.2475,0.1000,1.0000,-0.6000,-3.6500,3.2472,-1.2016,0.4167,1.2311,-0.0044,-3.1567,0.7084,-1.2043,0.0875,-0.0101,0.1038,39.7714,566.8571,286.4571,7.8202,216.1817,70.8930,5.00,3.00,2.00,0.0967,0.2182,0.0612,0,0.235916
1,0.3800,5.3200,55.4500,-35.1300,0.1952,0.3744,0.2445,0.1000,1.0000,-0.6000,-3.6417,3.2709,-1.2017,0.4167,1.1407,-0.0044,-3.1204,0.7332,-1.1988,-0.0281,-0.1880,0.0816,39.7714,566.8571,286.4571,7.7625,212.2165,70.0530,5.00,3.00,2.00,0.0952,0.2102,0.0598,0,0.232026
1,0.4000,5.6000,56.0000,-35.4000,0.1935,0.3671,0.2423,0.1000,1.0000,-0.6000,-3.6333,3.2928,-1.2018,0.4167,1.0472,-0.0044,-3.3747,0.7194,-1.0500,-0.1075,-0.0038,0.1396,39.7714,566.8571,286.4571,7.6961,208.0683,69.4117,5.00,3.00,2.00,0.0936,0.2021,0.0587,0,0.228141
1,0.4200,5.8800,56.5500,-35.6700,0.1916,0.3596,0.2408,0.1000,1.0000,-0.6000,-3.6250,3.3128,-1.2019,0.4167,0.9508,-0.0044,-3.4207,0.7310,-1.3649,-0.0930,-0.1418,-0.0839,39.7714,566.8571,286.4571,7.6221,203.8303,68.9818,5.00,3.00,2.00,0.0918,0.1939,0.0580,0,0.224347
1,0.4400,6.1600,57.1000,-22.0800,0.1896,0.3521,0.2401,0.1000,1.0000,0.8000,-3.6167,3.3308,-1.2020,0.4167,0.8519,-0.0044,-3.6167,2.7108,-1.2020,0.4167,0.8519,-0.0044,39.7714,566.8571,381.9429,7.5413,199.5976,91.6953,5.00,3.00,2.00,0.0899,0.1860,0.0576,1,0.239067
1,0.4600,6.4400,57.6500,-21.7200,0.1874,0.3448,0.2401,0.1000,1.0000,0.8000,-3.6083,3.3469,-1.2020,0.4167,0.7506,-0.0044,-3.6083,2.7269,-1.2020,0.4167,0.7506,-0.0044,39.7714,566.8571,381.9429,7.4551,195.4653,91.7132,5.00,3.00,2.00,0.0878,0.1784,0.0577,1,0.235707
1,0.4800,6.7200,58.2000,-21.3600,0.1852,0.3379,0.2410,0.1000,1.0000,0.8000,-3.6000,3.3608,-1.2021,0.4167,0.6472,-0.0044,-3.6000,2.7408,-1.2021,0.4167,0.6472,-0.0044,39.7714,566.8571,381.9429,7.3646,191.5263,92.0292,5.00,3.00,2.00,0.0857,0.1712,0.0581,1,0.232736
1,0.5000,7.0000,50.5000,-21.0000,0.1828,0.3314,0.2425,0.1000,0.4000,0.8000,-3.5917,3.3727,-1.2022,0.4167,0.5421,-0.0044,-3.5917,2.7527,-1.2022,0.4167,0.5421,-0.0044,39.7714,226.7429,381.9429,7.2711,75.1476,92.6371,5.00,3.00,2.00,0.0836,0.1648,0.0588,1,0.140045
1,0.5200,7.2800,50.7200,-20.6400,0.1804,0.3256,0.2449,0.1000,0.4000,0.8000,-3.5833,3.3825,-1.2023,0.4167,0.4354,-0.0044,-3.5833,2.7625,-1.2023,0.4167,0.4354,-0.0044,39.7714,226.7429,381.9429,7.1760,73.8301,93.5249,5.00,3.00,2.00,0.0814,0.1590,0.0600,1,0.139625
1,0.5400,7.5600,50.9400,-20.2800,0.1780,0.3206,0.2479,0.1000,0.4000,0.8000,-3.5750,3.3902,-1.2024,0.4167,0.3276,-0.0044,-3.5750,2.7702,-1.2024,0.4167,0.3276,-0.0044,39.7714,226.7429,381.9429,7.0807,72.6878,94.6753,5.00,3.00,2.00,0.0792,0.1542,0.0614,1,0.139555
1,0.5600,7.8400,51.1600,-19.9200,0.1757,0.3164,0.2515,0.1000,0.4000,0.8000,-3.5667,3.3956,-1.2025,0.4167,0.2189,-0.0044,-3.5667,2.7756,-1.2025,0.4167,0.2189,-0.0044,39.7714,226.7429,381.9429,6.9865,71.7462,96.0658,5.00,3.00,2.00,0.0771,0.1502,0.0633,1,0.139839
1,0.5800,8.1200,51.3800,-19.5600,0.1734,0.3132,0.2557,0.1000,0.4000,0.8000,-3.5583,3.3989,-1.2026,0.4167,0.1096,-0.0044,-3.5583,2.7789,-1.2026,0.4167,0.1096,-0.0044,39.7714,226.7429,381.9429,6.8948,71.0266,97.6691,5.00,3.00,2.00,0.0751,0.1472,0.0654,1,0.140472
1,0.6000,8.4000,51.6000,-19.2000,0.1711,0.3111,0.2604,0.1000,0.4000,0.8000,-3.5500,3.4000,-1.2027,0.4167,0.0000,-0.0044,-3.5500,2.7800,-1.2027,0.4167,0.0000,-0.0044,39.7714,226.7429,381.9429,6.8069,70.5450,99.4539,5.00,3.00,2.00,0.0732,0.1452,0.0678,1,0.141445
1,0.6200,8.6800,51.8200,-18.8400,0.1691,0.3101,0.2654,0.1000,0.4000,0.8000,-3.5417,3.3989,-1.2028,0.4167,-0.1096,-0.0044,-3.5417,2.7789,-1.2028,0.4167,-0.1096,-0.0044,39.7714,226.7429,381.9429,6.7240,70.3123,101.3853,5.00,3.00,2.00,0.0715,0.1442,0.0705,1,0.142737
1,0.6400,8.9600,52.0400,-18.4800,0.1671,0.3102,0.2708,0.1000,0.4000,0.8000,-3.5333,3.3956,-1.2028,0.4167,-0.2189,-0.0044,-3.5333,2.7756,-1.2028,0.4167,-0.2189,-0.0044,39.7714,226.7429,381.9429,6.6474,70.3338,103.4255,5.00,3.00,2.00,0.0698,0.1443,0.0733,1,0.144325
1,0.6600,9.2400,52.2600,-18.1200,0.1654,0.3114,0.2763,0.1000,0.4000,0.8000,-3.5250,3.3902,-1.2029,0.4167,-0.3276,-0.0044,-3.5250,2.7702,-1.2029,0.4167,-0.3276,-0.0044,39.7714,226.7429,381.9429,6.5781,70.6088,105.5345,5.00,3.00,2.00,0.0684,0.1455,0.0763,1,0.146177
1,0.6800,9.5200,52.4800,-17.7600,0.1639,0.3137,0.2819,0.1000,0.4000,0.8000,-3.5167,3.3825,-1.2030,0.4167,-0.4354,-0.0044,-3.5167,2.7625,-1.2030,0.4167,-0.4354,-0.0044,39.7714,226.7429,381.9429,6.5173,71.1313,107.6711,5.00,3.00,2.00,0.0671,0.1476,0.0795,1,0.148256
1,0.7000,9.8000,52.7000,-17.4000,0.1626,0.3171,0.2875,0.1000,0.4000,0.8000,-3.5083,3.3727,-1.2031,0.4167,-0.5421,-0.0044,-3.5083,2.7527,-1.2031,0.4167,-0.5421,-0.0044,39.7714,226.7429,381.9429,6.4656,71.8896,109.7935,5.00,3.00,2.00,0.0661,0.1508,0.0826,1,0.150519
1,0.7200,10.0800,52.9200,-17.0400,0.1615,0.3214,0.2929,0.1000,0.4000,0.8000,-3.5000,3.3608,-1.2032,0.4167,-0.6472,-0.0044,-3.5000,2.7408,-1.2032,0.4167,-0.6472,-0.0044,39.7714,226.7429,381.9429,6.4239,72.8665,111.8601,5.00,3.00,2.00,0.0652,0.1549,0.0858,1,0.152920
1,0.7400,10.3600,53.1400,-16.6800,0.1607,0.3265,0.2980,0.1000,0.4000,0.8000,-3.4917,3.3469,-1.2033,0.4167,-0.7506,-0.0044,-3.4917,2.7269,-1.2033,0.4167,-0.7506,-0.0044,39.7714,226.7429,381.9429,6.3928,74.0402,113.8305,5.00,3.00,2.00,0.0646,0.1599,0.0888,1,0.155411
1,0.7600,10.6400,53.3600,-16.3200,0.1602,0.3325,0.3028,0.1000,0.4000,0.8000,-3.4833,3.3308,-1.2034,0.4167,-0.8519,-0.0044,-3.4833,2.7108,-1.2034,0.4167,-0.8519,-0.0044,39.7714,226.7429,381.9429,6.3726,75.3842,115.6662,5.00,3.00,2.00,0.0642,0.1658,0.0917,1,0.157938
1,0.7800,10.9200,53.5800,-15.9600,0.1600,0.3390,0.3072,0.1000,0.4000,0.8000,-3.4750,3.3128,-1.2035,0.4167,-0.9508,-0.0044,-3.4750,2.6928,-1.2035,0.4167,-0.9508,-0.0044,39.7714,226.7429,381.9429,6.3638,76.8685,117.3311,5.00,3.00,2.00,0.0640,0.1724,0.0944,1,0.160451
1,0.8000,11.2000,53.8000,-15.6000,0.1601,0.3460,0.3110,0.1000,0.4000,0.8000,-3.4667,3.2928,-1.2035,0.4167,-1.0472,-0.0044,-3.4667,2.6728,-1.2035,0.4167,-1.0472,-0.0044,39.7714,226.7429,381.9429,6.3665,78.4597,118.7929,5.00,3.00,2.00,0.0641,0.1796,0.0967,1,0.162895
1,0.8200,11.4800,54.0200,-15.2400,0.1604,0.3534,0.3142,0.1000,0.4000,0.8000,-3.4583,3.2709,-1.2036,0.4167,-1.1407,-0.0044,-3.4583,2.6509,-1.2036,0.4167,-1.1407,-0.0044,39.7714,226.7429,381.9429,6.3805,80.1219,120.0227,5.00,3.00,2.00,0.0643,0.1873,0.0987,1,0.165220
1,0.8400,11.7600,54.2400,-14.8800,0.1611,0.3608,0.3168,0.1000,0.4000,0.8000,-3.4500,3.2472,-1.2037,0.4167,-1.2311,-0.0044,-3.4500,2.6272,-1.2037,0.4167,-1.2311,-0.0044,39.7714,226.7429,381.9429,6.4057,81.8181,120.9967,5.00,3.00,2.00,0.0649,0.1953,0.1004,1,0.167376
1,0.8600,12.0400,54.4600,-14.5200,0.1620,0.3683,0.3186,0.1000,0.4000,0.8000,-3.4417,3.2217,-1.2038,0.4167,-1.3180,-0.0044,-3.4417,2.6017,-1.2038,0.4167,-1.3180,-0.0044,39.7714,226.7429,381.9429,6.4418,83.5099,121.6956,5.00,3.00,2.00,0.0656,0.2035,0.1015,1,0.169318
1,0.8800,12.3200,54.6800,-14.1600,0.1631,0.3756,0.3197,0.1000,0.4000,0.8000,-3.4333,3.1945,-1.2039,0.4167,-1.4014,-0.0044,-3.4333,2.5745,-1.2039,0.4167,-1.4014,-0.0044,39.7714,226.7429,381.9429,6.4882,85.1594,122.1059,5.00,3.00,2.00,0.0665,0.2116,0.1022,1,0.171003
1,0.9000,0.0000,54.9000,-13.8000,0.0100,0.3825,0.3200,0.0000,0.4000,0.8000,-3.4250,3.1657,-1.2040,0.4167,-1.4810,-0.0044,-3.4250,2.5457,-1.2040,0.4167,-1.4810,-0.0044,0.0000,226.7429,381.9429,0.0000,86.7296,122.2196,5.00,3.00,2.00,0.0003,0.2195,0.1024,1,0.167159
1,0.9200,0.0000,55.1200,-13.4400,0.0100,0.3889,0.3195,0.0000,0.4000,0.8000,-3.4167,3.1353,-1.2041,0.4167,-1.5564,-0.0044,-3.4167,2.5153,-1.2041,0.4167,-1.5564,-0.0044,0.0000,226.7429,381.9429,0.0000,88.1853,122.0343,5.00,3.00,2.00,0.0003,0.2269,0.1021,1,0.168176
1,0.9400,0.0000,55.3400,-13.0800,0.0100,0.3947,0.3183,0.0000,0.4000,0.8000,-3.4083,3.1035,-1.2042,0.4167,-1.6277,-0.0044,-3.4083,2.4835,-1.2042,0.4167,-1.6277,-0.0044,0.0000,226.7429,381.9429,0.0000,89.4936,121.5537,5.00,3.00,2.00,0.0003,0.2337,0.1013,1,0.168838
1,0.9600,0.0000,55.5600,-30.0000,0.0100,0.3997,0.0200,0.0000,0.4000,0.0000,-3.4000,3.0702,-1.2043,0.4167,-1.6944,-0.0044,-3.4000,2.4502,-1.2043,0.4167,-1.6944,-0.0044,0.0000,226.7429,0.0000,0.0000,90.6254,0.0000,5.00,3.00,2.00,0.0003,0.2396,0.0004,1,0.072500
1,0.9800,0.0000,55.7800,-30.0000,0.0100,0.4038,0.0200,0.0000,0.4000,0.0000,-3.3917,3.0357,-1.2043,0.4167,-1.7565,-0.0044,-3.3917,2.4157,-1.2043,0.4167,-1.7565,-0.0044,0.0000,226.7429,0.0000,0.0000,91.5550,0.0000,5.00,3.00,2.00,0.0003,0.2446,0.0004,1,0.073244
1,1.0000,0.0000,45.0000,-30.0000,0.0100,0.0200,0.0200,0.0000,0.0000,0.0000,-3.3833,3.0000,-1.2044,0.4167,-1.8138,-0.0044,-3.3833,2.3800,-1.2044,0.4167,-1.8138,-0.0044,0.0000,0.0000,0.0000,0.0000,0.0000,0.0000,5.00,3.00,2.00,0.0003,0.0006,0.0004,1,0.000000
1,1.0200,0.0000,45.0000,-30.0000,0.0100,0.0200,0.0200,0.0000,0.0000,0.0000,-3.3750,2.9632,-1.2045,0.4167,-1.8661,-0.0044,-3.3750,2.3432,-1.2045,0.4167,-1.8661,-0.0044,0.0000,0.0000,0.0000,0.0000,0.0000,0.0000,5.00,3.00,2.00,0.0003,0.0006,0.0004,1,0.000000
1,1.0400,0.0000,45.0000,-30.0000,0.0100,0.0200,0.0200,0.0000,0.0000,0.0000,-3.3667,2.9254,-1.2046,0.4167,-1.9133,-0.0044,-3.3667,2.3054,-1.2046,0.4167,-1.9133,-0.0044,0.0000,0.0000,0.0000,0.0000,0.0000,0.0000,5.00,3.00,2.00,0.0003,0.0006,0.0004,1,0.000000
1,1.0600,0.0000,45.0000,-30.0000,0.0100,0.0200,0.0200,0.0000,0.0000,0.0000,-3.3583,2.8867,-1.2047,0.4167,-1.9553,-0.0044,-3.3583,2.2667,-1.2047,0.4167,-1.9553,-0.0044,0.0000,0.0000,0.0000,0.0000,0.0000,0.0000,5.00,3.00,2.00,0.0003,0.0006,0.0004,1,0.000000
1,1.0800,0.0000,45.0000,-30.0000,0.0100,0.0200,0.0200,0.0000,0.0000,0.0000,-3.3500,2.8472,-1.2048,0.4167,-1.9919,-0.0044,-3.3500,2.2272,-1.2048,0.4167,-1.9919,-0.0044,0.0000,0.0000,0.0000,0.0000,0.0000,0.0000,5.00,3.00,2.00,0.0003,0.0006,0.0004,1,0.000000
1,1.1000,0.0000,45.0000,-30.0000,0.0100,0.0200,0.0200,0.0000,0.0000,0.0000,-3.3417,2.8071,-1.2049,0.4167,-2.0230,-0.0044,-3.3417,2.1871,-1.2049,0.4167,-2.0230,-0.0044,0.0000,0.0000,0.0000,0.0000,0.0000,0.0000,5.00,3.00,2.00,0.0003,0.0006,0.0004,1,0.000000
1,1.1200,0.0000,45.0000,-30.0000,0.0100,0.0200,0.0200,0.0000,0.0000,0.0000,-3.3333,2.7663,-1.2050,0.4167,-2.0486,-0.0044,-3.3333,2.1463,-1.2050,0.4167,-2.0486,-0.0044,0.0000,0.0000,0.0000,0.0000,0.0000,0.0000,5.00,3.00,2.00,0.0003,0.0006,0.0004,1,0.000000
1,1.1400,0.0000,45.0000,-30.0000,0.0100,0.0200,0.0200,0.0000,0.0000,0.0000,-3.3250,2.7251,-1.2051,0.4167,-2.0686,-0.0044,-3.2577,0.7096,-1.3360,0.0946,-0.2274,-0.1175,0.0000,0.0000,0.0000,0.0000,0.0000,0.0000,5.00,3.00,2.00,0.0003,0.0006,0.0004,0,0.000000
1,1.1600,0.0000,45.0000,-30.0000,0.0100,0.0200,0.0200,0.0000,0.0000,0.0000,-3.3167,2.6836,-1.2051,0.4167,-2.0829,-0.0044,-3.3671,0.7406,-1.2325,0.1321,-0.0847,0.1278,0.0000,0.0000,0.0000,0.0000,0.0000,0.0000,5.00,3.00,2.00,0.0003,0.0006,0.0004,0,0.000000
1,1.1800,0.0000,45.0000,-30.0000,0.0100,0.0200,0.0200,0.0000,0.0000,0.0000,-3.3083,2.6419,-1.2052,0.4167,-2.0915,-0.0044,-3.2434,0.7304,-1.1767,0.0154,-0.0581,0.0495,0.0000,0.0000,0.0000,0.0000,0.0000,0.0000,5.00,3.00,2.00,0.0003,0.0006,0.0004,0,0.000000
1,1.2000,0.0000,45.0000,-30.0000,0.0100,0.0200,0.0200,0.0000,0.0000,0.0000,-3.3000,2.6000,-1.2053,0.0000,0.0000,0.0000,-3.4049,0.6979,-1.1985,0.0744,-0.0259,0.0614,0.0000,0.0000,0.0000,0.0000,0.0000,0.0000,5.00,3.00,2.00,0.0003,0.0006,0.0004,0,0.000000
1,1.2200,0.0000,45.0000,-30.0000,0.0100,0.0200,0.0200,0.0000,0.0000,0.0000,-3.3000,2.6000,-1.2053,0.0000,0.0000,0.0000,-3.2901,0.7073,-1.0933,-0.0844,-0.1048,0.0991,0.0000,0.0000,0.0000,0.0000,0.0000,0.0000,5.00,3.00,2.00,0.0003,0.0006,0.0004,0,0.000000
1,1.2400,0.0000,45.0000,-30.0000,0.0100,0.0200,0.0200,0.0000,0.0000,0.0000,-3.3000,2.6000,-1.2053,0.0000,0.0000,0.0000,-3.2649,0.7283,-1.0982,-0.0435,-0.1332,-0.0035,0.0000,0.0000,0.0000,0.0000,0.0000,0.0000,5.00,3.00,2.00,0.0003,0.0006,0.0004,0,0.000000
1,1.2600,0.0000,45.0000,-30.0000,0.0100,0.0200,0.0200,0.0000,0.0000,0.0000,-3.3000,2.6000,-1.2053,0.0000,0.0000,0.0000,-3.2493,0.7077,-1.1635,-0.0123,-0.1315,-0.0331,0.0000,0.0000,0.0000,0.0000,0.0000,0.0000,5.00,3.00,2.00,0.0003,0.0006,0.0004,0,0.000000
1,1.2800,0.0000,45.0000,-30.0000,0.0100,0.0200,0.0200,0.0000,0.0000,0.0000,-3.3000,2.6000,-1.2053,0.0000,0.0000,0.0000,-3.3286,0.7132,-1.1106,0.0754,-0.0634,-0.0644,0.0000,0.0000,0.0000,0.0000,0.0000,0.0000,5.00,3.00,2.00,0.0003,0.0006,0.0004,0,0.000000
1,1.3000,0.0000,45.0000,-30.0000,0.0100,0.0200,0.0200,0.0000,0.0000,0.0000,-3.3000,2.6000,-1.2053,0.0000,0.0000,0.0000,-3.3234,0.7231,-1.2803,-0.0212,-0.1153,-0.0249,0.0000,0.0000,0.0000,0.0000,0.0000,0.0000,5.00,3.00,2.00,0.0003,0.0006,0.0004,0,0.000000
1,1.3200,0.0000,45.0000,-30.0000,0.0100,0.0200,0.0200,0.0000,0.0000,0.0000,-3.3000,2.6000,-1.2053,0.0000,0.0000,0.0000,-3.2687,0.7282,-1.1902,-0.0197,-0.0716,0.0431,0.0000,0.0000,0.0000,0.0000,0.0000,0.0000,5.00,3.00,2.00,0.0003,0.0006,0.0004,0,0.000000
1,1.3400,0.0000,45.0000,-30.0000,0.0100,0.0200,0.0200,0.0000,0.0000,0.0000,-3.3000,2.6000,-1.2053,0.0000,0.0000,0.0000,-3.3484,0.7125,-1.2001,-0.0049,-0.0565,0.0359,0.0000,0.0000,0.0000,0.0000,0.0000,0.0000,5.00,3.00,2.00,0.0003,0.0006,0.0004,0,0.000000
1,1.3600,0.0000,45.0000,-30.0000,0.0100,0.0200,0.0200,0.0000,0.0000,0.0000,-3.3000,2.6000,-1.2053,0.0000,0.0000,0.0000,-3.3560,0.7181,-1.2005,-0.0387,-0.0002,-0.0064,0.0000,0.0000,0.0000,0.0000,0.0000,0.0000,5.00,3.00,2.00,0.0003,0.0006,0.0004,0,0.000000
1,1.3800,0.0000,45.0000,-30.0000,0.0100,0.0200,0.0200,0.0000,0.0000,0.0000,-3.3000,2.6000,-1.2053,0.0000,0.0000,0.0000,-3.3492,0.7232,-1.1643,-0.0246,-0.0309,-0.0062,0.0000,0.0000,0.0000,0.0000,0.0000,0.0000,5.00,3.00,2.00,0.0003,0.0006,0.0004,0,0.000000
1,1.4000,0.0000,45.0000,-30.0000,0.0100,0.0200,0.0200,0.0000,0.0000,0.0000,-3.3000,2.6000,-1.2053,0.0000,0.0000,0.0000,-3.2768,0.7211,-1.1850,0.0212,-0.0062,0.0164,0.0000,0.0000,0.0000,0.0000,0.0000,0.0000,5.00,3.00,2.00,0.0003,0.0006,0.0004,0,0.000000
1,1.4200,0.0000,45.0000,-30.0000,0.0100,0.0200,0.0200,0.0000,0.0000,0.0000,-3.3000,2.6000,-1.2053,0.0000,0.0000,0.0000,-3.2775,0.7179,-1.1967,0.0056,-0.0123,-0.0069,0.0000,0.0000,0.0000,0.0000,0.0000,0.0000,5.00,3.00,2.00,0.0003,0.0006,0.0004,0,0.000000
1,1.4400,0.0000,45.0000,-30.0000,0.0100,0.0200,0.0200,0.0000,0.0000,0.0000,-3.3000,2.6000,-1.2053,0.0000,0.0000,0.0000,-3.2845,0.7192,-1.1906,0.0122,-0.0185,0.0145,0.0000,0.0000,0.0000,0.0000,0.0000,0.0000,5.00,3.00,2.00,0.0003,0.0006,0.0004,0,0.000000
1,1.4600,0.0000,45.0000,-30.0000,0.0100,0.0200,0.0200,0.0000,0.0000,0.0000,-3.3000,2.6000,-1.2053,0.0000,0.0000,0.0000,-3.2943,0.7213,-1.1964,-0.0056,0.0014,-0.0075,0.0000,0.0000,0.0000,0.0000,0.0000,0.0000,5.00,3.00,2.00,0.0003,0.0006,0.0004,0,0.000000
1,1.4800,0.0000,45.0000,-30.0000,0.0100,0.0200,0.0200,0.0000,0.0000,0.0000,-3.3000,2.6000,-1.2053,0.0000,0.0000,0.0000,-3.3000,0.7200,-1.2053,0.0000,0.0000,0.0000,0.0000,0.0000,0.0000,0.0000,0.0000,0.0000,5.00,3.00,2.00,0.0003,0.0006,0.0004,0,0.000000
1,1.5000,0.0000,45.0000,-30.0000,0.0100,0.0200,0.0200,0.0000,0.0000,0.0000,-3.3000,2.6000,-1.2053,0.0000,0.0000,0.0000,-3.2985,0.7200,-1.2022,0.0055,0.0045,-0.0035,0.0000,0.0000,0.0000,0.0000,0.0000,0.0000,5.00,3.00,2.00,0.0003,0.0006,0.0004,0,0.000000
2,0.0200,1.1200,45.5500,-30.2700,0.1824,0.3675,0.3196,0.4000,1.0000,-0.6000,-3.7883,2.6419,-1.1874,0.5833,2.0915,0.6314,-3.2554,0.7102,-0.4640,0.0871,-0.0749,-0.1315,158.1714,563.7143,284.9143,28.8496,207.1492,91.0611,5.00,3.00,2.00,0.0832,0.2026,0.1021,0,0.261648
2,0.0400,2.2400,46.1000,-30.5400,0.1848,0.3748,0.3184,0.4000,1.0000,-0.6000,-3.7767,2.6836,-1.1747,0.5833,2.0829,0.6314,-3.2208,0.7153,-0.3274,-0.0966,-0.1826,-0.0141,158.1714,563.7143,284.9143,29.2228,211.2666,90.7287,5.00,3.00,2.00,0.0853,0.2107,0.1014,0,0.264975
2,0.0600,3.3600,46.6500,-30.8100,0.1870,0.3817,0.3165,0.4000,1.0000,-0.6000,-3.7650,2.7251,-1.1621,0.5833,2.0686,0.6314,-3.0759,0.6984,-0.4735,0.1424,-0.1234,0.0189,158.1714,563.7143,284.9143,29.5853,215.1970,90.1821,5.00,3.00,2.00,0.0875,0.2186,0.1002,0,0.267971
2,0.0800,4.4800,47.2000,-31.0800,0.1892,0.3882,0.3139,0.4000,1.0000,-0.6000,-3.7533,2.7663,-1.1495,0.5833,2.0486,0.6314,-3.1081,0.7274,-0.3822,0.0622,-0.1767,-0.0052,158.1714,563.7143,284.9143,29.9317,218.8520,89.4318,5.00,3.00,2.00,0.0895,0.2261,0.0985,0,0.270572
2,0.1000,5.6000,47.7500,-31.3500,0.1913,0.3941,0.3106,0.4000,1.0000,-0.6000,-3.7417,2.8071,-1.1369,0.5833,2.0230,0.6314,-2.9292,0.7036,-0.2851,-0.0688,-0.1934,-0.1213,158.1714,563.7143,284.9143,30.2571,222.1496,88.4926,5.00,3.00,2.00,0.0915,0.2330,0.0965,0,0.272719
2,0.1200,6.7200,48.3000,-31.6200,0.1932,0.3992,0.3067,0.4000,1.0000,-0.6000,-3.7300,2.8472,-1.1242,0.5833,1.9919,0.6314,-3.2735,0.7331,-0.3287,-0.1023,-0.0104,0.1327,158.1714,563.7143,284.9143,30.5568,225.0158,87.3828,5.00,3.00,2.00,0.0933,0.2390,0.0941,0,0.274364
2,0.1400,7.8400,48.8500,-31.8900,0.1949,0.4034,0.3023,0.4000,1.0000,-0.6000,-3.7183,2.8867,-1.1116,0.5833,1.9553,0.6314,-3.1014,0.7495,-0.5087,0.1159,-0.2496,-0.0006,158.1714,563.7143,284.9143,30.8265,227.3861,86.1241,5.00,3.00,2.00,0.0950,0.2441,0.0914,0,0.275469
2,0.1600,8.9600,49.4000,-32.1600,0.1964,0.4066,0.2974,0.4000,1.0000,-0.6000,-3.7067,2.9254,-1.0990,0.5833,1.9133,0.6314,-3.1979,0.7137,-0.6105,-0.0543,-0.2259,-0.0870,158.1714,563.7143,284.9143,31.0623,229.2073,84.7413,5.00,3.00,2.00,0.0964,0.2480,0.0885,0,0.276009
2,0.1800,10.0800,49.9500,-32.4300,0.1976,0.4088,0.2922,0.4000,1.0000,-0.6000,-3.6950,2.9632,-1.0863,0.5833,1.8661,0.6314,-2.9348,0.7169,-0.5974,0.0842,-0.0424,0.1317,158.1714,563.7143,284.9143,31.2609,230.4386,83.2613,5.00,3.00,2.00,0.0977,0.2507,0.0854,0,0.275969
2,0.2000,11.2000,50.5000,-32.7000,0.1986,0.4099,0.2868,0.4000,1.0000,-0.6000,-3.6833,3.0000,-1.0737,0.5833,1.8138,0.6314,-3.2645,0.7117,-0.5891,0.1372,-0.0052,-0.0430,158.1714,563.7143,284.9143,31.4193,231.0523,81.7130,5.00,3.00,2.00,0.0986,0.2520,0.0823,0,0.275348
2,0.2200,12.3200,51.0500,-32.9700,0.1994,0.4098,0.2812,0.4000,1.0000,-0.6000,-3.6717,3.0357,-1.0611,0.5833,1.7565,0.6314,-3.2350,0.7436,-0.5387,0.0670,-0.2020,0.0018,158.1714,563.7143,284.9143,31.5353,231.0345,80.1269,5.00,3.00,2.00,0.0994,0.2520,0.0791,0,0.274157
2,0.2400,13.4400,51.6000,-33.2400,0.1998,0.4087,0.2756,0.4000,1.0000,-0.6000,-3.6600,3.0702,-1.0485,0.5833,1.6944,0.6314,-3.0505,0.7145,-0.4992,-0.0087,-0.1065,-0.0211,158.1714,563.7143,284.9143,31.6073,230.3857,78.5339,5.00,3.00,2.00,0.0998,0.2505,0.0760,0,0.272422
2,0.2600,14.5600,52.1500,-33.5100,0.2000,0.4064,0.2701,0.4000,1.0000,-0.6000,-3.6483,3.1035,-1.0358,0.5833,1.6277,0.6314,-3.1909,0.7255,-0.3984,-0.0993,-0.1062,0.1046,158.1714,563.7143,284.9143,31.6341,229.1205,76.9652,5.00,3.00,2.00,0.1000,0.2478,0.0730,0,0.270176
2,0.2800,15.6800,52.7000,-33.7800,0.1999,0.4032,0.2648,0.4000,1.0000,-0.6000,-3.6367,3.1353,-1.0232,0.5833,1.5564,0.6314,-3.1181,0.7293,-0.5695,0.0679,-0.1565,0.0719,158.1714,563.7143,284.9143,31.6154,227.2673,75.4516,5.00,3.00,2.00,0.0999,0.2438,0.0701,0,0.267467
2,0.3000,16.8000,53.2500,-34.0500,0.1995,0.3989,0.2598,0.4000,1.0000,-0.6000,-3.6250,3.1657,-1.0106,0.5833,1.4810,0.6314,-3.2705,0.7042,-0.6127,0.1129,-0.2152,-0.0187,158.1714,563.7143,284.9143,31.5516,224.8677,74.0225,5.00,3.00,2.00,0.0995,0.2387,0.0675,0,0.264353
2,0.3200,17.9200,53.8000,-34.3200,0.1988,0.3938,0.2552,0.4000,1.0000,-0.6000,-3.6133,3.1945,-0.9980,0.5833,1.4014,0.6314,-2.9739,0.7223,-0.5588,0.1377,-0.0216,-0.1177,158.1714,563.7143,284.9143,31.4434,221.9756,72.7060,5.00,3.00,2.00,0.0988,0.2326,0.0651,0,0.260900
2,0.3400,19.0400,54.3500,-34.5900,0.1978,0.3879,0.2511,0.4000,1.0000,-0.6000,-3.6017,3.2217,-0.9853,0.5833,1.3180,0.6314,-3.1844,0.7203,-0.5376,0.0081,-0.0456,0.0516,158.1714,563.7143,284.9143,31.2924,218.6559,71.5279,5.00,3.00,2.00,0.0979,0.2257,0.0630,0,0.257181
2,0.3600,5.0400,54.9000,-34.8600,0.1966,0.3814,0.2475,0.1000,1.0000,-0.6000,-3.5900,3.2472,-0.9727,0.5833,1.2311,0.6314,-2.9674,0.7193,-0.2729,0.0418,-0.0900,-0.1197,39.5429,563.7143,284.9143,7.7752,214.9832,70.5111,5.00,3.00,2.00,0.0967,0.2182,0.0612,0,0.234616
2,0.3800,5.3200,55.4500,-35.1300,0.1952,0.3744,0.2445,0.1000,1.0000,-0.6000,-3.5783,3.2709,-0.9601,0.5833,1.1407,0.6314,-3.1659,0.7424,-0.3049,-0.0769,-0.0977,-0.1019,39.5429,563.7143,284.9143,7.7179,211.0399,69.6757,5.00,3.00,2.00,0.0952,0.2102,0.0598,0,0.230747
2,0.4000,5.6000,56.0000,-35.4000,0.1935,0.3671,0.2423,0.1000,1.0000,-0.6000,-3.5667,3.2928,-0.9474,0.5833,1.0472,0.6314,-3.2044,0.7139,-0.4128,-0.0022,-0.0409,0.1268,39.5429,563.7143,284.9143,7.6519,206.9147,69.0379,5.00,3.00,2.00,0.0936,0.2021,0.0587,0,0.226884
2,0.4200,5.8800,56.5500,-35.6700,0.1916,0.3596,0.2408,0.1000,1.0000,-0.6000,-3.5550,3.3128,-0.9348,0.5833,0.9508,0.6314,-3.1075,0.7357,-0.5171,0.1213,-0.0638,0.1318,39.5429,563.7143,284.9143,7.5783,202.7002,68.6102,5.00,3.00,2.00,0.0918,0.1939,0.0580,0,0.223111
2,0.4400,6.1600,57.1000,-22.0800,0.1896,0.3521,0.2401,0.1000,1.0000,0.8000,-3.5433,3.3308,-0.9222,0.5833,0.8519,0.6314,-3.5433,2.7108,-0.9222,0.5833,0.8519,0.6314,39.5429,563.7143,379.8857,7.4980,198.4910,91.2014,5.00,3.00,2.00,0.0899,0.1860,0.0576,1,0.237752
2,0.4600,6.4400,57.6500,-21.7200,0.1874,0.3448,0.2401,0.1000,1.0000,0.8000,-3.5317,3.3469,-0.9096,0.5833,0.7506,0.6314,-3.5317,2.7269,-0.9096,0.5833,0.7506,0.6314,39.5429,563.7143,379.8857,7.4122,194.3816,91.2193,5.00,3.00,2.00,0.0878,0.1784,0.0577,1,0.234410
2,0.4800,6.7200,58.2000,-21.3600,0.1852,0.3379,0.2410,0.1000,1.0000,0.8000,-3.5200,3.3608,-0.8969,0.5833,0.6472,0.6314,-3.5200,2.7408,-0.8969,0.5833,0.6472,0.6314,39.5429,563.7143,379.8857,7.3222,190.4644,91.5336,5.00,3.00,2.00,0.0857,0.1712,0.0581,1,0.231456
2,0.5000,7.0000,50.5000,-21.0000,0.1828,0.3314,0.2425,0.1000,0.4000,0.8000,-3.5083,3.3727,-0.8843,0.5833,0.5421,0.6314,-3.5083,2.7527,-0.8843,0.5833,0.5421,0.6314,39.5429,225.4857,379.8857,7.2293,74.7309,92.1381,5.00,3.00,2.00,0.0836,0.1648,0.0588,1,0.139279
2,0.5200,7.2800,50.7200,-20.6400,0.1804,0.3256,0.2449,0.1000,0.4000,0.8000,-3.4967,3.3825,-0.8717,0.5833,0.4354,0.6314,-3.4967,2.7625,-0.8717,0.5833,0.4354,0.6314,39.5429,225.4857,379.8857,7.1348,73.4208,93.0212,5.00,3.00,2.00,0.0814,0.1590,0.0600,1,0.138861
2,0.5400,7.5600,50.9400,-20.2800,0.1780,0.3206,0.2479,0.1000,0.4000,0.8000,-3.4850,3.3902,-0.8590,0.5833,0.3276,0.6314,-3.4850,2.7702,-0.8590,0.5833,0.3276,0.6314,39.5429,225.4857,379.8857,7.0400,72.2848,94.1654,5.00,3.00,2.00,0.0792,0.1542,0.0614,1,0.138792
2,0.5600,7.8400,51.1600,-19.9200,0.1757,0.3164,0.2515,0.1000,0.4000,0.8000,-3.4733,3.3956,-0.8464,0.5833,0.2189,0.6314,-3.4733,2.7756,-0.8464,0.5833,0.2189,0.6314,39.5429,225.4857,379.8857,6.9464,71.3485,95.5484,5.00,3.00,2.00,0.0771,0.1502,0.0633,1,0.139075
2,0.5800,8.1200,51.3800,-19.5600,0.1734,0.3132,0.2557,0.1000,0.4000,0.8000,-3.4617,3.3989,-0.8338,0.5833,0.1096,0.6314,-3.4617,2.7789,-0.8338,0.5833,0.1096,0.6314,39.5429,225.4857,379.8857,6.8552,70.6328,97.1431,5.00,3.00,2.00,0.0751,0.1472,0.0654,1,0.139705
2,0.6000,8.4000,51.6000,-19.2000,0.1711,0.3111,0.2604,0.1000,0.4000,0.8000,-3.4500,3.4000,-0.8212,0.5833,0.0000,0.6314,-3.4500,2.7800,-0.8212,0.5833,0.0000,0.6314,39.5429,225.4857,379.8857,6.7677,70.1539,98.9183,5.00,3.00,2.00,0.0732,0.1452,0.0678,1,0.140672
2,0.6200,8.6800,51.8200,-18.8400,0.1691,0.3101,0.2654,0.1000,0.4000,0.8000,-3.4383,3.3989,-0.8085,0.5833,-0.1096,0.6314,-3.4383,2.7789,-0.8085,0.5833,-0.1096,0.6314,39.5429,225.4857,379.8857,6.6854,69.9225,100.8393,5.00,3.00,2.00,0.0715,0.1442,0.0705,1,0.141958
2,0.6400,8.9600,52.0400,-18.4800,0.1671,0.3102,0.2708,0.1000,0.4000,0.8000,-3.4267,3.3956,-0.7959,0.5833,-0.2189,0.6314,-3.4267,2.7756,-0.7959,0.5833,-0.2189,0.6314,39.5429,225.4857,379.8857,6.6092,69.9438,102.8684,5.00,3.00,2.00,0.0698,0.1443,0.0733,1,0.143537
2,0.6600,9.2400,52.2600,-18.1200,0.1654,0.3114,0.2763,0.1000,0.4000,0.8000,-3.4150,3.3902,-0.7833,0.5833,-0.3276,0.6314,-3.4150,2.7702,-0.7833,0.5833,-0.3276,0.6314,39.5429,225.4857,379.8857,6.5403,70.2173,104.9661,5.00,3.00,2.00,0.0684,0.1455,0.0763,1,0.145379
2,0.6800,9.5200,52.4800,-17.7600,0.1639,0.3137,0.2819,0.1000,0.4000,0.8000,-3.4033,3.3825,-0.7707,0.5833,-0.4354,0.6314,-3.4033,2.7625,-0.7707,0.5833,-0.4354,0.6314,39.5429,225.4857,379.8857,6.4798,70.7370,107.0912,5.00,3.00,2.00,0.0671,0.1476,0.0795,1,0.147446
2,0.7000,9.8000,52.7000,-17.4000,0.1626,0.3171,0.2875,0.1000,0.4000,0.8000,-3.3917,3.3727,-0.7580,0.5833,-0.5421,0.6314,-3.3917,2.7527,-0.7580,0.5833,-0.5421,0.6314,39.5429,225.4857,379.8857,6.4284,71.4910,109.2021,5.00,3.00,2.00,0.0661,0.1508,0.0826,1,0.149697
2,0.7200,10.0800,52.9200,-17.0400,0.1615,0.3214,0.2929,0.1000,0.4000,0.8000,-3.3800,3.3608,-0.7454,0.5833,-0.6472,0.6314,-3.3800,2.7408,-0.7454,0.5833,-0.6472,0.6314,39.5429,225.4857,379.8857,6.3870,72.4625,111.2576,5.00,3.00,2.00,0.0652,0.1549,0.0858,1,0.152086
2,0.7400,10.3600,53.1400,-16.6800,0.1607,0.3265,0.2980,0.1000,0.4000,0.8000,-3.3683,3.3469,-0.7328,0.5833,-0.7506,0.6314,-3.3683,2.7269,-0.7328,0.5833,-0.7506,0.6314,39.5429,225.4857,379.8857,6.3560,73.6297,113.2174,5.00,3.00,2.00,0.0646,0.1599,0.0888,1,0.154562
2,0.7600,10.6400,53.3600,-16.3200,0.1602,0.3325,0.3028,0.1000,0.4000,0.8000,-3.3567,3.3308,-0.7201,0.5833,-0.8519,0.6314,-3.3567,2.7108,-0.7201,0.5833,-0.8519,0.6314,39.5429,225.4857,379.8857,6.3360,74.9663,115.0432,5.00,3.00,2.00,0.0642,0.1658,0.0917,1,0.157076
2,0.7800,10.9200,53.5800,-15.9600,0.1600,0.3390,0.3072,0.1000,0.4000,0.8000,-3.3450,3.3128,-0.7075,0.5833,-0.9508,0.6314,-3.3450,2.6928,-0.7075,0.5833,-0.9508,0.6314,39.5429,225.4857,379.8857,6.3273,76.4423,116.6992,5.00,3.00,2.00,0.0640,0.1724,0.0944,1,0.159575
2,0.8000,11.2000,53.8000,-15.6000,0.1601,0.3460,0.3110,0.1000,0.4000,0.8000,-3.3333,3.2928,-0.6949,0.5833,-1.0472,0.6314,-3.3333,2.6728,-0.6949,0.5833,-1.0472,0.6314,39.5429,225.4857,379.8857,6.3299,78.0246,118.1531,5.00,3.00,2.00,0.0641,0.1796,0.0967,1,0.162006
2,0.8200,11.4800,54.0200,-15.2400,0.1604,0.3534,0.3142,0.1000,0.4000,0.8000,-3.3217,3.2709,-0.6823,0.5833,-1.1407,0.6314,-3.3217,2.6509,-0.6823,0.5833,-1.1407,0.6314,39.5429,225.4857,379.8857,6.3438,79.6777,119.3763,5.00,3.00,2.00,0.0643,0.1873,0.0987,1,0.164318
2,0.8400,11.7600,54.2400,-14.8800,0.1611,0.3608,0.3168,0.1000,0.4000,0.8000,-3.3100,3.2472,-0.6696,0.5833,-1.2311,0.6314,-3.3100,2.6272,-0.6696,0.5833,-1.2311,0.6314,39.5429,225.4857,379.8857,6.3689,81.3644,120.3450,5.00,3.00,2.00,0.0649,0.1953,0.1004,1,0.166463
2,0.8600,12.0400,54.4600,-14.5200,0.1620,0.3683,0.3186,0.1000,0.4000,0.8000,-3.2983,3.2217,-0.6570,0.5833,-1.3180,0.6314,-3.2983,2.6017,-0.6570,0.5833,-1.3180,0.6314,39.5429,225.4857,379.8857,6.4048,83.0469,121.0402,5.00,3.00,2.00,0.0656,0.2035,0.1015,1,0.168393
2,0.8800,12.3200,54.6800,-14.1600,0.1631,0.3756,0.3197,0.1000,0.4000,0.8000,-3.2867,3.1945,-0.6444,0.5833,-1.4014,0.6314,-3.2867,2.5745,-0.6444,0.5833,-1.4014,0.6314,39.5429,225.4857,379.8857,6.4509,84.6873,121.4483,5.00,3.00,2.00,0.0665,0.2116,0.1022,1,0.170069
2,0.9000,0.0000,54.9000,-13.8000,0.0100,0.3825,0.3200,0.0000,0.4000,0.8000,-3.2750,3.1657,-0.6317,0.5833,-1.4810,0.6314,-3.2750,2.5457,-0.6317,0.5833,-1.4810,0.6314,0.0000,225.4857,379.8857,0.0000,86.2488,121.5613,5.00,3.00,2.00,0.0003,0.2195,0.1024,1,0.166248
2,0.9200,0.0000,55.1200,-13.4400,0.0100,0.3889,0.3195,0.0000,0.4000,0.8000,-3.2633,3.1353,-0.6191,0.5833,-1.5564,0.6314,-3.2633,2.5153,-0.6191,0.5833,-1.5564,0.6314,0.0000,225.4857,379.8857,0.0000,87.6964,121.3770,5.00,3.00,2.00,0.0003,0.2269,0.1021,1,0.167259
2,0.9400,0.0000,55.3400,-13.0800,0.0100,0.3947,0.3183,0.0000,0.4000,0.8000,-3.2517,3.1035,-0.6065,0.5833,-1.6277,0.6314,-3.2517,2.4835,-0.6065,0.5833,-1.6277,0.6314,0.0000,225.4857,379.8857,0.0000,88.9975,120.8990,5.00,3.00,2.00,0.0003,0.2337,0.1013,1,0.167917
2,0.9600,0.0000,55.5600,-30.0000,0.0100,0.3997,0.0200,0.0000,0.4000,0.0000,-3.2400,3.0702,-0.5939,0.5833,-1.6944,0.6314,-3.2400,2.4502,-0.5939,0.5833,-1.6944,0.6314,0.0000,225.4857,0.0000,0.0000,90.1229,0.0000,5.00,3.00,2.00,0.0003,0.2396,0.0004,1,0.072098
2,0.9800,0.0000,55.7800,-30.0000,0.0100,0.4038,0.0200,0.0000,0.4000,0.0000,-3.2283,3.0357,-0.5812,0.5833,-1.7565,0.6314,-3.2283,2.4157,-0.5812,0.5833,-1.7565,0.6314,0.0000,225.4857,0.0000,0.0000,91.0474,0.0000,5.00,3.00,2.00,0.0003,0.2446,0.0004,1,0.072838
2,1.0000,0.0000,45.0000,-30.0000,0.0100,0.0200,0.0200,0.0000,0.0000,0.0000,-3.2167,3.0000,-0.5686,0.5833,-1.8138,0.6314,-3.2167,2.3800,-0.5686,0.5833,-1.8138,0.6314,0.0000,0.0000,0.0000,0.0000,0.0000,0.0000,5.00,3.00,2.00,0.0003,0.0006,0.0004,1,0.000000
2,1.0200,0.0000,45.0000,-30.0000,0.0100,0.0200,0.0200,0.0000,0.0000,0.0000,-3.2050,2.9632,-0.5560,0.5833,-1.8661,0.6314,-3.2050,2.3432,-0.5560,0.5833,-1.8661,0.6314,0.0000,0.0000,0.0000,0.0000,0.0000,0.0000,5.00,3.00,2.00,0.0003,0.0006,0.0004,1,0.000000
2,1.0400,0.0000,45.0000,-30.0000,0.0100,0.0200,0.0200,0.0000,0.0000,0.0000,-3.1933,2.9254,-0.5433,0.5833,-1.9133,0.6314,-3.1933,2.3054,-0.5433,0.5833,-1.9133,0.6314,0.0000,0.0000,0.0000,0.0000,0.0000,0.0000,5.00,3.00,2.00,0.0003,0.0006,0.0004,1,0.000000
2,1.0600,0.0000,45.0000,-30.0000,0.0100,0.0200,0.0200,0.0000,0.0000,0.0000,-3.1817,2.8867,-0.5307,0.5833,-1.9553,0.6314,-3.1817,2.2667,-0.5307,0.5833,-1.9553,0.6314,0.0000,0.0000,0.0000,0.0000,0.0000,0.0000,5.00,3.00,2.00,0.0003,0.0006,0.0004,1,0.000000
2,1.0800,0.0000,45.0000,-30.0000,0.0100,0.0200,0.0200,0.0000,0.0000,0.0000,-3.1700,2.8472,-0.5181,0.5833,-1.9919,0.6314,-3.1700,2.2272,-0.5181,0.5833,-1.9919,0.6314,0.0000,0.0000,0.0000,0.0000,0.0000,0.0000,5.00,3.00,2.00,0.0003,0.0006,0.0004,1,0.000000
2,1.1000,0.0000,45.0000,-30.0000,0.0100,0.0200,0.0200,0.0000,0.0000,0.0000,-3.1583,2.8071,-0.5055,0.5833,-2.0230,0.6314,-3.1583,2.1871,-0.5055,0.5833,-2.0230,0.6314,0.0000,0.0000,0.0000,0.0000,0.0000,0.0000,5.00,3.00,2.00,0.0003,0.0006,0.0004,1,0.000000
2,1.1200,0.0000,45.0000,-30.0000,0.0100,0.0200,0.0200,0.0000,0.0000,0.0000,-3.1467,2.7663,-0.4928,0.5833,-2.0486,0.6314,-3.1467,2.1463,-0.4928,0.5833,-2.0486,0.6314,0.0000,0.0000,0.0000,0.0000,0.0000,0.0000,5.00,3.00,2.00,0.0003,0.0006,0.0004,1,0.000000
2,1.1400,0.0000,45.0000,-30.0000,0.0100,0.0200,0.0200,0.0000,0.0000,0.0000,-3.1350,2.7251,-0.4802,0.5833,-2.0686,0.6314,-3.1838,0.7080,-0.3302,0.0041,0.0199,0.1345,0.0000,0.0000,0.0000,0.0000,0.0000,0.0000,5.00,3.00,2.00,0.0003,0.0006,0.0004,0,0.000000
2,1.1600,0.0000,45.0000,-30.0000,0.0100,0.0200,0.0200,0.0000,0.0000,0.0000,-3.1233,2.6836,-0.4676,0.5833,-2.0829,0.6314,-3.0637,0.7426,-0.2905,-0.0068,0.0066,0.0863,0.0000,0.0000,0.0000,0.0000,0.0000,0.0000,5.00,3.00,2.00,0.0003,0.0006,0.0004,0,0.000000
2,1.1800,0.0000,45.0000,-30.0000,0.0100,0.0200,0.0200,0.0000,0.0000,0.0000,-3.1117,2.6419,-0.4550,0.5833,-2.0915,0.6314,-3.0192,0.7144,-0.3811,0.1065,-0.0684,-0.0645,0.0000,0.0000,0.0000,0.0000,0.0000,0.0000,5.00,3.00,2.00,0.0003,0.0006,0.0004,0,0.000000
2,1.2000,0.0000,45.0000,-30.0000,0.0100,0.0200,0.0200,0.0000,0.0000,0.0000,-3.1000,2.6000,-0.4423,0.0000,0.0000,0.0000,-3.0844,0.7250,-0.5736,-0.1129,-0.0197,-0.0321,0.0000,0.0000,0.0000,0.0000,0.0000,0.0000,5.00,3.00,2.00,0.0003,0.0006,0.0004,0,0.000000
2,1.2200,0.0000,45.0000,-30.0000,0.0100,0.0200,0.0200,0.0000,0.0000,0.0000,-3.1000,2.6000,-0.4423,0.0000,0.0000,0.0000,-3.0934,0.7318,-0.3623,-0.0406,-0.1702,0.0910,0.0000,0.0000,0.0000,0.0000,0.0000,0.0000,5.00,3.00,2.00,0.0003,0.0006,0.0004,0,0.000000
2,1.2400,0.0000,45.0000,-30.0000,0.0100,0.0200,0.0200,0.0000,0.0000,0.0000,-3.1000,2.6000,-0.4423,0.0000,0.0000,0.0000,-3.1289,0.7386,-0.3542,-0.0938,-0.0895,-0.0510,0.0000,0.0000,0.0000,0.0000,0.0000,0.0000,5.00,3.00,2.00,0.0003,0.0006,0.0004,0,0.000000
2,1.2600,0.0000,45.0000,-30.0000,0.0100,0.0200,0.0200,0.0000,0.0000,0.0000,-3.1000,2.6000,-0.4423,0.0000,0.0000,0.0000,-3.1504,0.7311,-0.3389,0.0747,-0.0372,0.0155,0.0000,0.0000,0.0000,0.0000,0.0000,0.0000,5.00,3.00,2.00,0.0003,0.0006,0.0004,0,0.000000
2,1.2800,0.0000,45.0000,-30.0000,0.0100,0.0200,0.0200,0.0000,0.0000,0.0000,-3.1000,2.6000,-0.4423,0.0000,0.0000,0.0000,-3.1628,0.7278,-0.4343,0.0431,-0.0183,-0.0317,0.0000,0.0000,0.0000,0.0000,0.0000,0.0000,5.00,3.00,2.00,0.0003,0.0006,0.0004,0,0.000000
2,1.3000,0.0000,45.0000,-30.0000,0.0100,0.0200,0.0200,0.0000,0.0000,0.0000,-3.1000,2.6000,-0.4423,0.0000,0.0000,0.0000,-3.1507,0.7216,-0.4960,-0.0674,-0.0727,-0.0729,0.0000,0.0000,0.0000,0.0000,0.0000,0.0000,5.00,3.00,2.00,0.0003,0.0006,0.0004,0,0.000000
2,1.3200,0.0000,45.0000,-30.0000,0.0100,0.0200,0.0200,0.0000,0.0000,0.0000,-3.1000,2.6000,-0.4423,0.0000,0.0000,0.0000,-3.0347,0.7130,-0.4360,-0.0044,0.0208,-0.0492,0.0000,0.0000,0.0000,0.0000,0.0000,0.0000,5.00,3.00,2.00,0.0003,0.0006,0.0004,0,0.000000
2,1.3400,0.0000,45.0000,-30.0000,0.0100,0.0200,0.0200,0.0000,0.0000,0.0000,-3.1000,2.6000,-0.4423,0.0000,0.0000,0.0000,-3.1466,0.7153,-0.3898,-0.0520,-0.0862,0.0460,0.0000,0.0000,0.0000,0.0000,0.0000,0.0000,5.00,3.00,2.00,0.0003,0.0006,0.0004,0,0.000000
2,1.3600,0.0000,45.0000,-30.0000,0.0100,0.0200,0.0200,0.0000,0.0000,0.0000,-3.1000,2.6000,-0.4423,0.0000,0.0000,0.0000,-3.0452,0.7248,-0.5022,-0.0041,-0.0178,0.0257,0.0000,0.0000,0.0000,0.0000,0.0000,0.0000,5.00,3.00,2.00,0.0003,0.0006,0.0004,0,0.000000
2,1.3800,0.0000,45.0000,-30.0000,0.0100,0.0200,0.0200,0.0000,0.0000,0.0000,-3.1000,2.6000,-0.4423,0.0000,0.0000,0.0000,-3.1228,0.7225,-0.3947,-0.0045,-0.0003,-0.0406,0.0000,0.0000,0.0000,0.0000,0.0000,0.0000,5.00,3.00,2.00,0.0003,0.0006,0.0004,0,0.000000
2,1.4000,0.0000,45.0000,-30.0000,0.0100,0.0200,0.0200,0.0000,0.0000,0.0000,-3.1000,2.6000,-0.4423,0.0000,0.0000,0.0000,-3.0742,0.7236,-0.4784,-0.0001,-0.0493,-0.0004,0.0000,0.0000,0.0000,0.0000,0.0000,0.0000,5.00,3.00,2.00,0.0003,0.0006,0.0004,0,0.000000
2,1.4200,0.0000,45.0000,-30.0000,0.0100,0.0200,0.0200,0.0000,0.0000,0.0000,-3.1000,2.6000,-0.4423,0.0000,0.0000,0.0000,-3.0869,0.7183,-0.4354,0.0177,-0.0355,-0.0176,0.0000,0.0000,0.0000,0.0000,0.0000,0.0000,5.00,3.00,2.00,0.0003,0.0006,0.0004,0,0.000000
2,1.4400,0.0000,45.0000,-30.0000,0.0100,0.0200,0.0200,0.0000,0.0000,0.0000,-3.1000,2.6000,-0.4423,0.0000,0.0000,0.0000,-3.0918,0.7220,-0.4298,0.0113,-0.0031,-0.0057,0.0000,0.0000,0.0000,0.0000,0.0000,0.0000,5.00,3.00,2.00,0.0003,0.0006,0.0004,0,0.000000
2,1.4600,0.0000,45.0000,-30.0000,0.0100,0.0200,0.0200,0.0000,0.0000,0.0000,-3.1000,2.6000,-0.4423,0.0000,0.0000,0.0000,-3.0958,0.7188,-0.4395,0.0024,-0.0005,0.0081,0.0000,0.0000,0.0000,0.0000,0.0000,0.0000,5.00,3.00,2.00,0.0003,0.0006,0.0004,0,0.000000
2,1.4800,0.0000,45.0000,-30.0000,0.0100,0.0200,0.0200,0.0000,0.0000,0.0000,-3.1000,2.6000,-0.4423,0.0000,0.0000,0.0000,-3.1000,0.7200,-0.4423,0.0000,0.0000,0.0000,0.0000,0.0000,0.0000,0.0000,0.0000,0.0000,5.00,3.00,2.00,0.0003,0.0006,0.0004,0,0.000000
2,1.5000,0.0000,45.0000,-30.0000,0.0100,0.0200,0.0200,0.0000,0.0000,0.0000,-3.1000,2.6000,-0.4423,0.0000,0.0000,0.0000,-3.0907,0.7201,-0.4405,-0.0004,0.0031,0.0046,0.0000,0.0000,0.0000,0.0000,0.0000,0.0000,5.00,3.00,2.00,0.0003,0.0006,0.0004,0,0.000000
3,0.0200,1.1200,45.5500,-30.2700,0.1824,0.3675,0.3196,0.4000,1.0000,-0.6000,-3.7850,2.6419,-1.1757,0.7500,2.0915,1.2155,-3.0507,0.7301,0.1528,-0.0358,-0.1493,0.0796,157.2571,560.5714,283.3714,28.6828,205.9943,90.5680,5.00,3.00,2.00,0.0832,0.2026,0.1021,0,0.260196
3,0.0400,2.2400,46.1000,-30.5400,0.1848,0.3748,0.3184,0.4000,1.0000,-0.6000,-3.7700,2.6836,-1.1514,0.7500,2.0829,1.2155,-2.9797,0.6962,0.3001,0.1058,-0.0238,0.1053,157.2571,560.5714,283.3714,29.0539,210.0887,90.2374,5.00,3.00,2.00,0.0853,0.2107,0.1014,0,0.263504
3,0.0600,3.3600,46.6500,-30.8100,0.1870,0.3817,0.3165,0.4000,1.0000,-0.6000,-3.7550,2.7251,-1.1271,0.7500,2.0686,1.2155,-2.7403,0.7159,0.4056,0.0441,-0.0289,0.0596,157.2571,560.5714,283.3714,29.4142,213.9972,89.6937,5.00,3.00,2.00,0.0875,0.2186,0.1002,0,0.266484
3,0.0800,4.4800,47.2000,-31.0800,0.1892,0.3882,0.3139,0.4000,1.0000,-0.6000,-3.7400,2.7663,-1.1028,0.7500,2.0486,1.2155,-2.9459,0.7006,0.4260,-0.1307,-0.1933,-0.0495,157.2571,560.5714,283.3714,29.7586,217.6318,88.9475,5.00,3.00,2.00,0.0895,0.2261,0.0985,0,0.269070
3,0.1000,5.6000,47.7500,-31.3500,0.1913,0.3941,0.3106,0.4000,1.0000,-0.6000,-3.7250,2.8071,-1.0785,0.7500,2.0230,1.2155,-2.8654,0.7065,0.2768,0.1247,-0.0053,0.0484,157.2571,560.5714,283.3714,30.0822,220.9111,88.0134,5.00,3.00,2.00,0.0915,0.2330,0.0965,0,0.271205
3,0.1200,6.7200,48.3000,-31.6200,0.1932,0.3992,0.3067,0.4000,1.0000,-0.6000,-3.7100,2.8472,-1.0541,0.7500,1.9919,1.2155,-2.8130,0.7007,0.1358,0.0275,-0.0225,-0.1287,157.2571,560.5714,283.3714,30.3801,223.7612,86.9096,5.00,3.00,2.00,0.0933,0.2390,0.0941,0,0.272841
3,0.1400,7.8400,48.8500,-31.8900,0.1949,0.4034,0.3023,0.4000,1.0000,-0.6000,-3.6950,2.8867,-1.0298,0.7500,1.9553,1.2155,-3.0356,0.7097,0.3652,0.1126,-0.1398,0.0597,157.2571,560.5714,283.3714,30.6483,226.1183,85.6578,5.00,3.00,2.00,0.0950,0.2441,0.0914,0,0.273940
3,0.1600,8.9600,49.4000,-32.1600,0.1964,0.4066,0.2974,0.4000,1.0000,-0.6000,-3.6800,2.9254,-1.0055,0.7500,1.9133,1.2155,-2.9468,0.7174,0.0804,-0.1358,-0.0998,-0.0460,157.2571,560.5714,283.3714,30.8828,227.9294,84.2824,5.00,3.00,2.00,0.0964,0.2480,0.0885,0,0.274476
3,0.1800,10.0800,49.9500,-32.4300,0.1976,0.4088,0.2922,0.4000,1.0000,-0.6000,-3.6650,2.9632,-0.9812,0.7500,1.8661,1.2155,-2.7951,0.7134,0.3395,0.0625,-0.2039,-0.0094,157.2571,560.5714,283.3714,31.0802,229.1538,82.8104,5.00,3.00,2.00,0.0977,0.2507,0.0854,0,0.274436
3,0.2000,11.2000,50.5000,-32.7000,0.1986,0.4099,0.2868,0.4000,1.0000,-0.6000,-3.6500,3.0000,-0.9569,0.7500,1.8138,1.2155,-2.9876,0.6910,0.2514,0.1114,-0.0146,-0.1316,157.2571,560.5714,283.3714,31.2377,229.7641,81.2706,5.00,3.00,2.00,0.0986,0.2520,0.0823,0,0.273818
3,0.2200,12.3200,51.0500,-32.9700,0.1994,0.4098,0.2812,0.4000,1.0000,-0.6000,-3.6350,3.0357,-0.9326,0.7500,1.7565,1.2155,-3.0027,0.7118,0.1820,0.1362,-0.2167,0.0225,157.2571,560.5714,283.3714,31.3530,229.7464,79.6930,5.00,3.00,2.00,0.0994,0.2520,0.0791,0,0.272634
3,0.2400,13.4400,51.6000,-33.2400,0.1998,0.4087,0.2756,0.4000,1.0000,-0.6000,-3.6200,3.0702,-0.9083,0.7500,1.6944,1.2155,-2.8308,0.7111,0.3212,0.1012,-0.0930,-0.0275,157.2571,560.5714,283.3714,31.4246,229.1013,78.1087,5.00,3.00,2.00,0.0998,0.2505,0.0760,0,0.270908
3,0.2600,14.5600,52.1500,-33.5100,0.2000,0.4064,0.2701,0.4000,1.0000,-0.6000,-3.6050,3.1035,-0.8840,0.7500,1.6277,1.2155,-2.7550,0.7198,0.3697,-0.0701,-0.0417,0.0699,157.2571,560.5714,283.3714,31.4512,227.8431,76.5485,5.00,3.00,2.00,0.1000,0.2478,0.0730,0,0.268674
3,0.2800,15.6800,52.7000,-33.7800,0.1999,0.4032,0.2648,0.4000,1.0000,-0.6000,-3.5900,3.1353,-0.8597,0.7500,1.5564,1.2155,-2.9613,0.7229,0.3570,-0.0888,-0.2127,-0.0224,157.2571,560.5714,283.3714,31.4327,226.0002,75.0430,5.00,3.00,2.00,0.0999,0.2438,0.0701,0,0.265981
3,0.3000,16.8000,53.2500,-34.0500,0.1995,0.3989,0.2598,0.4000,1.0000,-0.6000,-3.5750,3.1657,-0.8354,0.7500,1.4810,1.2155,-2.7428,0.6920,0.0877,0.0571,-0.1496,0.0724,157.2571,560.5714,283.3714,31.3692,223.6140,73.6216,5.00,3.00,2.00,0.0995,0.2387,0.0675,0,0.262884
3,0.3200,17.9200,53.8000,-34.3200,0.1988,0.3938,0.2552,0.4000,1.0000,-0.6000,-3.5600,3.1945,-0.8110,0.7500,1.4014,1.2155,-2.8672,0.7051,0.2744,0.0704,-0.0518,-0.1487,157.2571,560.5714,283.3714,31.2616,220.7380,72.3123,5.00,3.00,2.00,0.0988,0.2326,0.0651,0,0.259450
3,0.3400,19.0400,54.3500,-34.5900,0.1978,0.3879,0.2511,0.4000,1.0000,-0.6000,-3.5450,3.2217,-0.7867,0.7500,1.3180,1.2155,-2.9318,0.7149,0.2028,-0.0210,-0.1434,-0.1054,157.2571,560.5714,283.3714,31.1115,217.4368,71.1405,5.00,3.00,2.00,0.0979,0.2257,0.0630,0,0.255751
3,0.3600,5.0400,54.9000,-34.8600,0.1966,0.3814,0.2475,0.1000,1.0000,-0.6000,-3.5300,3.2472,-0.7624,0.7500,1.2311,1.2155,-2.8378,0.7472,0.3907,-0.0551,-0.0083,0.0469,39.3143,560.5714,283.3714,7.7303,213.7846,70.1293,5.00,3.00,2.00,0.0967,0.2182,0.0612,0,0.233315
3,0.3800,5.3200,55.4500,-35.1300,0.1952,0.3744,0.2445,0.1000,1.0000,-0.6000,-3.5150,3.2709,-0.7381,0.7500,1.1407,1.2155,-2.8424,0.7494,0.1947,0.0741,-0.0876,-0.0791,39.3143,560.5714,283.3714,7.6733,209.8633,69.2984,5.00,3.00,2.00,0.0952,0.2102,0.0598,0,0.229468
3,0.4000,5.6000,56.0000,-35.4000,0.1935,0.3671,0.2423,0.1000,1.0000,-0.6000,-3.5000,3.2928,-0.7138,0.7500,1.0472,1.2155,-2.9764,0.6906,0.1644,0.1086,-0.2447,-0.1267,39.3143,560.5714,283.3714,7.6077,205.7611,68.6640,5.00,3.00,2.00,0.0936,0.2021,0.0587,0,0.225626
3,0.4200,5.8800,56.5500,-35.6700,0.1916,0.3596,0.2408,0.1000,1.0000,-0.6000,-3.4850,3.3128,-0.6895,0.7500,0.9508,1.2155,-2.8821,0.6901,0.0848,0.1298,-0.1761,-0.0686,39.3143,560.5714,283.3714,7.5344,201.5701,68.2387,5.00,3.00,2.00,0.0918,0.1939,0.0580,0,0.221875
3,0.4400,6.1600,57.1000,-22.0800,0.1896,0.3521,0.2401,0.1000,1.0000,0.8000,-3.4700,3.3308,-0.6652,0.7500,0.8519,1.2155,-3.4700,2.7108,-0.6652,0.7500,0.8519,1.2155,39.3143,560.5714,377.8286,7.4546,197.3843,90.7075,5.00,3.00,2.00,0.0899,0.1860,0.0576,1,0.236437
3,0.4600,6.4400,57.6500,-21.7200,0.1874,0.3448,0.2401,0.1000,1.0000,0.8000,-3.4550,3.3469,-0.6409,0.7500,0.7506,1.2155,-3.4550,2.7269,-0.6409,0.7500,0.7506,1.2155,39.3143,560.5714,377.8286,7.3694,193.2979,90.7253,5.00,3.00,2.00,0.0878,0.1784,0.0577,1,0.233114
3,0.4800,6.7200,58.2000,-21.3600,0.1852,0.3379,0.2410,0.1000,1.0000,0.8000,-3.4400,3.3608,-0.6166,0.7500,0.6472,1.2155,-3.4400,2.7408,-0.6166,0.7500,0.6472,1.2155,39.3143,560.5714,377.8286,7.2799,189.4025,91.0379,5.00,3.00,2.00,0.0857,0.1712,0.0581,1,0.230176
3,0.5000,7.0000,50.5000,-21.0000,0.1828,0.3314,0.2425,0.1000,0.4000,0.8000,-3.4250,3.3727,-0.5923,0.7500,0.5421,1.2155,-3.4250,2.7527,-0.5923,0.7500,0.5421,1.2155,39.3143,224.2286,377.8286,7.1875,74.3143,91.6392,5.00,3.00,2.00,0.0836,0.1648,0.0588,1,0.138513
3,0.5200,7.2800,50.7200,-20.6400,0.1804,0.3256,0.2449,0.1000,0.4000,0.8000,-3.4100,3.3825,-0.5680,0.7500,0.4354,1.2155,-3.4100,2.7625,-0.5680,0.7500,0.4354,1.2155,39.3143,224.2286,377.8286,7.0935,73.0114,92.5174,5.00,3.00,2.00,0.0814,0.1590,0.0600,1,0.138098
3,0.5400,7.5600,50.9400,-20.2800,0.1780,0.3206,0.2479,0.1000,0.4000,0.8000,-3.3950,3.3902,-0.5436,0.7500,0.3276,1.2155,-3.3950,2.7702,-0.5436,0.7500,0.3276,1.2155,39.3143,224.2286,377.8286,6.9993,71.8818,93.6555,5.00,3.00,2.00,0.0792,0.1542,0.0614,1,0.138029
3,0.5600,7.8400,51.1600,-19.9200,0.1757,0.3164,0.2515,0.1000,0.4000,0.8000,-3.3800,3.3956,-0.5193,0.7500,0.2189,1.2155,-3.3800,2.7756,-0.5193,0.7500,0.2189,1.2155,39.3143,224.2286,377.8286,6.9062,70.9507,95.0309,5.00,3.00,2.00,0.0771,0.1502,0.0633,1,0.138310
3,0.5800,8.1200,51.3800,-19.5600,0.1734,0.3132,0.2557,0.1000,0.4000,0.8000,-3.3650,3.3989,-0.4950,0.7500,0.1096,1.2155,-3.3650,2.7789,-0.4950,0.7500,0.1096,1.2155,39.3143,224.2286,377.8286,6.8155,70.2390,96.6170,5.00,3.00,2.00,0.0751,0.1472,0.0654,1,0.138937
3,0.6000,8.4000,51.6000,-19.2000,0.1711,0.3111,0.2604,0.1000,0.4000,0.8000,-3.3500,3.4000,-0.4707,0.7500,0.0000,1.2155,-3.3500,2.7800,-0.4707,0.7500,0.0000,1.2155,39.3143,224.2286,377.8286,6.7286,69.7628,98.3826,5.00,3.00,2.00,0.0732,0.1452,0.0678,1,0.139899
3,0.6200,8.6800,51.8200,-18.8400,0.1691,0.3101,0.2654,0.1000,0.4000,0.8000,-3.3350,3.3989,-0.4464,0.7500,-0.1096,1.2155,-3.3350,2.7789,-0.4464,0.7500,-0.1096,1.2155,39.3143,224.2286,377.8286,6.6467,69.5327,100.2932,5.00,3.00,2.00,0.0715,0.1442,0.0705,1,0.141178
3,0.6400,8.9600,52.0400,-18.4800,0.1671,0.3102,0.2708,0.1000,0.4000,0.8000,-3.3200,3.3956,-0.4221,0.7500,-0.2189,1.2155,-3.3200,2.7756,-0.4221,0.7500,-0.2189,1.2155,39.3143,224.2286,377.8286,6.5710,69.5539,102.3114,5.00,3.00,2.00,0.0698,0.1443,0.0733,1,0.142749
3,0.6600,9.2400,52.2600,-18.1200,0.1654,0.3114,0.2763,0.1000,0.4000,0.8000,-3.3050,3.3902,-0.3978,0.7500,-0.3276,1.2155,-3.3050,2.7702,-0.3978,0.7500,-0.3276,1.2155,39.3143,224.2286,377.8286,6.5025,69.8259,104.3977,5.00,3.00,2.00,0.0684,0.1455,0.0763,1,0.144581
3,0.6800,9.5200,52.4800,-17.7600,0.1639,0.3137,0.2819,0.1000,0.4000,0.8000,-3.2900,3.3825,-0.3735,0.7500,-0.4354,1.2155,-3.2900,2.7625,-0.3735,0.7500,-0.4354,1.2155,39.3143,224.2286,377.8286,6.4423,70.3426,106.5113,5.00,3.00,2.00,0.0671,0.1476,0.0795,1,0.146637
3,0.7000,9.8000,52.7000,-17.4000,0.1626,0.3171,0.2875,0.1000,0.4000,0.8000,-3.2750,3.3727,-0.3492,0.7500,-0.5421,1.2155,-3.2750,2.7527,-0.3492,0.7500,-0.5421,1.2155,39.3143,224.2286,377.8286,6.3913,71.0924,108.6108,5.00,3.00,2.00,0.0661,0.1508,0.0826,1,0.148876
3,0.7200,10.0800,52.9200,-17.0400,0.1615,0.3214,0.2929,0.1000,0.4000,0.8000,-3.2600,3.3608,-0.3249,0.7500,-0.6472,1.2155,-3.2600,2.7408,-0.3249,0.7500,-0.6472,1.2155,39.3143,224.2286,377.8286,6.3500,72.0585,110.6551,5.00,3.00,2.00,0.0652,0.1549,0.0858,1,0.151251
3,0.7400,10.3600,53.1400,-16.6800,0.1607,0.3265,0.2980,0.1000,0.4000,0.8000,-3.2450,3.3469,-0.3005,0.7500,-0.7506,1.2155,-3.2450,2.7269,-0.3005,0.7500,-0.7506,1.2155,39.3143,224.2286,377.8286,6.3193,73.2192,112.6043,5.00,3.00,2.00,0.0646,0.1599,0.0888,1,0.153714
3,0.7600,10.6400,53.3600,-16.3200,0.1602,0.3325,0.3028,0.1000,0.4000,0.8000,-3.2300,3.3308,-0.2762,0.7500,-0.8519,1.2155,-3.2300,2.7108,-0.2762,0.7500,-0.8519,1.2155,39.3143,224.2286,377.8286,6.2994,74.5483,114.4202,5.00,3.00,2.00,0.0642,0.1658,0.0917,1,0.156214
3,0.7800,10.9200,53.5800,-15.9600,0.1600,0.3390,0.3072,0.1000,0.4000,0.8000,-3.2150,3.3128,-0.2519,0.7500,-0.9508,1.2155,-3.2150,2.6928,-0.2519,0.7500,-0.9508,1.2155,39.3143,224.2286,377.8286,6.2907,76.0161,116.0673,5.00,3.00,2.00,0.0640,0.1724,0.0944,1,0.158699
3,0.8000,11.2000,53.8000,-15.6000,0.1601,0.3460,0.3110,0.1000,0.4000,0.8000,-3.2000,3.2928,-0.2276,0.7500,-1.0472,1.2155,-3.2000,2.6728,-0.2276,0.7500,-1.0472,1.2155,39.3143,224.2286,377.8286,6.2933,77.5896,117.5132,5.00,3.00,2.00,0.0641,0.1796,0.0967,1,0.161117
3,0.8200,11.4800,54.0200,-15.2400,0.1604,0.3534,0.3142,0.1000,0.4000,0.8000,-3.1850,3.2709,-0.2033,0.7500,-1.1407,1.2155,-3.1850,2.6509,-0.2033,0.7500,-1.1407,1.2155,39.3143,224.2286,377.8286,6.3072,79.2335,118.7299,5.00,3.00,2.00,0.0643,0.1873,0.0987,1,0.163416
3,0.8400,11.7600,54.2400,-14.8800,0.1611,0.3608,0.3168,0.1000,0.4000,0.8000,-3.1700,3.2472,-0.1790,0.7500,-1.2311,1.2155,-3.1700,2.6272,-0.1790,0.7500,-1.2311,1.2155,39.3143,224.2286,377.8286,6.3321,80.9108,119.6933,5.00,3.00,2.00,0.0649,0.1953,0.1004,1,0.165549
3,0.8600,12.0400,54.4600,-14.5200,0.1620,0.3683,0.3186,0.1000,0.4000,0.8000,-3.1550,3.2217,-0.1547,0.7500,-1.3180,1.2155,-3.1550,2.6017,-0.1547,0.7500,-1.3180,1.2155,39.3143,224.2286,377.8286,6.3677,82.5839,120.3847,5.00,3.00,2.00,0.0656,0.2035,0.1015,1,0.167469
3,0.8800,12.3200,54.6800,-14.1600,0.1631,0.3756,0.3197,0.1000,0.4000,0.8000,-3.1400,3.1945,-0.1304,0.7500,-1.4014,1.2155,-3.1400,2.5745,-0.1304,0.7500,-1.4014,1.2155,39.3143,224.2286,377.8286,6.4136,84.2151,120.7906,5.00,3.00,2.00,0.0665,0.2116,0.1022,1,0.169135
3,0.9000,0.0000,54.9000,-13.8000,0.0100,0.3825,0.3200,0.0000,0.4000,0.8000,-3.1250,3.1657,-0.1061,0.7500,-1.4810,1.2155,-3.1250,2.5457,-0.1061,0.7500,-1.4810,1.2155,0.0000,224.2286,377.8286,0.0000,85.7679,120.9030,5.00,3.00,2.00,0.0003,0.2195,0.1024,1,0.165337
3,0.9200,0.0000,55.1200,-13.4400,0.0100,0.3889,0.3195,0.0000,0.4000,0.8000,-3.1100,3.1353,-0.0818,0.7500,-1.5564,1.2155,-3.1100,2.5153,-0.0818,0.7500,-1.5564,1.2155,0.0000,224.2286,377.8286,0.0000,87.2074,120.7197,5.00,3.00,2.00,0.0003,0.2269,0.1021,1,0.166342
3,0.9400,0.0000,55.3400,-13.0800,0.0100,0.3947,0.3183,0.0000,0.4000,0.8000,-3.0950,3.1035,-0.0575,0.7500,-1.6277,1.2155,-3.0950,2.4835,-0.0575,0.7500,-1.6277,1.2155,0.0000,224.2286,377.8286,0.0000,88.5013,120.2443,5.00,3.00,2.00,0.0003,0.2337,0.1013,1,0.166996
3,0.9600,0.0000,55.5600,-30.0000,0.0100,0.3997,0.0200,0.0000,0.4000,0.0000,-3.0800,3.0702,-0.0331,0.7500,-1.6944,1.2155,-3.0800,2.4502,-0.0331,0.7500,-1.6944,1.2155,0.0000,224.2286,0.0000,0.0000,89.6204,0.0000,5.00,3.00,2.00,0.0003,0.2396,0.0004,1,0.071696
3,0.9800,0.0000,55.7800,-30.0000,0.0100,0.4038,0.0200,0.0000,0.4000,0.0000,-3.0650,3.0357,-0.0088,0.7500,-1.7565,1.2155,-3.0650,2.4157,-0.0088,0.7500,-1.7565,1.2155,0.0000,224.2286,0.0000,0.0000,90.5398,0.0000,5.00,3.00,2.00,0.0003,0.2446,0.0004,1,0.072432
3,1.0000,0.0000,45.0000,-30.0000,0.0100,0.0200,0.0200,0.0000,0.0000,0.0000,-3.0500,3.0000,0.0155,0.7500,-1.8138,1.2155,-3.0500,2.3800,0.0155,0.7500,-1.8138,1.2155,0.0000,0.0000,0.0000,0.0000,0.0000,0.0000,5.00,3.00,2.00,0.0003,0.0006,0.0004,1,0.000000
3,1.0200,0.0000,45.0000,-30.0000,0.0100,0.0200,0.0200,0.0000,0.0000,0.0000,-3.0350,2.9632,0.0398,0.7500,-1.8661,1.2155,-3.0350,2.3432,0.0398,0.7500,-1.8661,1.2155,0.0000,0.0000,0.0000,0.0000,0.0000,0.0000,5.00,3.00,2.00,0.0003,0.0006,0.0004,1,0.000000
3,1.0400,0.0000,45.0000,-30.0000,0.0100,0.0200,0.0200,0.0000,0.0000,0.0000,-3.0200,2.9254,0.0641,0.7500,-1.9133,1.2155,-3.0200,2.3054,0.0641,0.7500,-1.9133,1.2155,0.0000,0.0000,0.0000,0.0000,0.0000,0.0000,5.00,3.00,2.00,0.0003,0.0006,0.0004,1,0.000000
3,1.0600,0.0000,45.0000,-30.0000,0.0100,0.0200,0.0200,0.0000,0.0000,0.0000,-3.0050,2.8867,0.0884,0.7500,-1.9553,1.2155,-3.0050,2.2667,0.0884,0.7500,-1.9553,1.2155,0.0000,0.0000,0.0000,0.0000,0.0000,0.0000,5.00,3.00,2.00,0.0003,0.0006,0.0004,1,0.000000
3,1.0800,0.0000,45.0000,-30.0000,0.0100,0.0200,0.0200,0.0000,0.0000,0.0000,-2.9900,2.8472,0.1127,0.7500,-1.9919,1.2155,-2.9900,2.2272,0.1127,0.7500,-1.9919,1.2155,0.0000,0.0000,0.0000,0.0000,0.0000,0.0000,5.00,3.00,2.00,0.0003,0.0006,0.0004,1,0.000000
3,1.1000,0.0000,45.0000,-30.0000,0.0100,0.0200,0.0200,0.0000,0.0000,0.0000,-2.9750,2.8071,0.1370,0.7500,-2.0230,1.2155,-2.9750,2.1871,0.1370,0.7500,-2.0230,1.2155,0.0000,0.0000,0.0000,0.0000,0.0000,0.0000,5.00,3.00,2.00,0.0003,0.0006,0.0004,1,0.000000
3,1.1200,0.0000,45.0000,-30.0000,0.0100,0.0200,0.0200,0.0000,0.0000,0.0000,-2.9600,2.7663,0.1613,0.7500,-2.0486,1.2155,-2.9600,2.1463,0.1613,0.7500,-2.0486,1.2155,0.0000,0.0000,0.0000,0.0000,0.0000,0.0000,5.00,3.00,2.00,0.0003,0.0006,0.0004,1,0.000000
3,1.1400,0.0000,45.0000,-30.0000,0.0100,0.0200,0.0200,0.0000,0.0000,0.0000,-2.9450,2.7251,0.1856,0.7500,-2.0686,1.2155,-2.7761,0.7012,0.3730,0.0862,0.0060,-0.0627,0.0000,0.0000,0.0000,0.0000,0.0000,0.0000,5.00,3.00,2.00,0.0003,0.0006,0.0004,0,0.000000
3,1.1600,0.0000,45.0000,-30.0000,0.0100,0.0200,0.0200,0.0000,0.0000,0.0000,-2.9300,2.6836,0.2100,0.7500,-2.0829,1.2155,-2.9358,0.7413,0.1605,0.0333,-0.0805,-0.0879,0.0000,0.0000,0.0000,0.0000,0.0000,0.0000,5.00,3.00,2.00,0.0003,0.0006,0.0004,0,0.000000
3,1.1800,0.0000,45.0000,-30.0000,0.0100,0.0200,0.0200,0.0000,0.0000,0.0000,-2.9150,2.6419,0.2343,0.7500,-2.0915,1.2155,-2.8826,0.7260,0.1769,-0.0328,-0.2008,-0.0389,0.0000,0.0000,0.0000,0.0000,0.0000,0.0000,5.00,3.00,2.00,0.0003,0.0006,0.0004,0,0.000000
3,1.2000,0.0000,45.0000,-30.0000,0.0100,0.0200,0.0200,0.0000,0.0000,0.0000,-2.9000,2.6000,0.2586,0.0000,0.0000,0.0000,-2.9228,0.7361,0.3175,-0.0449,-0.0901,0.0350,0.0000,0.0000,0.0000,0.0000,0.0000,0.0000,5.00,3.00,2.00,0.0003,0.0006,0.0004,0,0.000000
3,1.2200,0.0000,45.0000,-30.0000,0.0100,0.0200,0.0200,0.0000,0.0000,0.0000,-2.9000,2.6000,0.2586,0.0000,0.0000,0.0000,-2.8308,0.7221,0.2321,-0.0504,0.0102,-0.0318,0.0000,0.0000,0.0000,0.0000,0.0000,0.0000,5.00,3.00,2.00,0.0003,0.0006,0.0004,0,0.000000
3,1.2400,0.0000,45.0000,-30.0000,0.0100,0.0200,0.0200,0.0000,0.0000,0.0000,-2.9000,2.6000,0.2586,0.0000,0.0000,0.0000,-2.9885,0.7296,0.3084,0.0192,-0.0762,0.0276,0.0000,0.0000,0.0000,0.0000,0.0000,0.0000,5.00,3.00,2.00,0.0003,0.0006,0.0004,0,0.000000
3,1.2600,0.0000,45.0000,-30.0000,0.0100,0.0200,0.0200,0.0000,0.0000,0.0000,-2.9000,2.6000,0.2586,0.0000,0.0000,0.0000,-2.8296,0.7330,0.1785,-0.0836,-0.0870,0.0260,0.0000,0.0000,0.0000,0.0000,0.0000,0.0000,5.00,3.00,2.00,0.0003,0.0006,0.0004,0,0.000000
3,1.2800,0.0000,45.0000,-30.0000,0.0100,0.0200,0.0200,0.0000,0.0000,0.0000,-2.9000,2.6000,0.2586,0.0000,0.0000,0.0000,-2.9915,0.7254,0.2544,-0.0720,-0.0882,-0.0171,0.0000,0.0000,0.0000,0.0000,0.0000,0.0000,5.00,3.00,2.00,0.0003,0.0006,0.0004,0,0.000000
3,1.3000,0.0000,45.0000,-30.0000,0.0100,0.0200,0.0200,0.0000,0.0000,0.0000,-2.9000,2.6000,0.2586,0.0000,0.0000,0.0000,-2.8370,0.7104,0.3435,0.0260,-0.0479,-0.0147,0.0000,0.0000,0.0000,0.0000,0.0000,0.0000,5.00,3.00,2.00,0.0003,0.0006,0.0004,0,0.000000
3,1.3200,0.0000,45.0000,-30.0000,0.0100,0.0200,0.0200,0.0000,0.0000,0.0000,-2.9000,2.6000,0.2586,0.0000,0.0000,0.0000,-2.8903,0.7215,0.2939,-0.0418,-0.1060,-0.0260,0.0000,0.0000,0.0000,0.0000,0.0000,0.0000,5.00,3.00,2.00,0.0003,0.0006,0.0004,0,0.000000
3,1.3400,0.0000,45.0000,-30.0000,0.0100,0.0200,0.0200,0.0000,0.0000,0.0000,-2.9000,2.6000,0.2586,0.0000,0.0000,0.0000,-2.8468,0.7112,0.1913,0.0397,-0.0396,0.0340,0.0000,0.0000,0.0000,0.0000,0.0000,0.0000,5.00,3.00,2.00,0.0003,0.0006,0.0004,0,0.000000
3,1.3600,0.0000,45.0000,-30.0000,0.0100,0.0200,0.0200,0.0000,0.0000,0.0000,-2.9000,2.6000,0.2586,0.0000,0.0000,0.0000,-2.9045,0.7292,0.2187,0.0090,-0.0284,-0.0325,0.0000,0.0000,0.0000,0.0000,0.0000,0.0000,5.00,3.00,2.00,0.0003,0.0006,0.0004,0,0.000000
3,1.3800,0.0000,45.0000,-30.0000,0.0100,0.0200,0.0200,0.0000,0.0000,0.0000,-2.9000,2.6000,0.2586,0.0000,0.0000,0.0000,-2.9292,0.7179,0.2571,-0.0359,-0.0474,0.0237,0.0000,0.0000,0.0000,0.0000,0.0000,0.0000,5.00,3.00,2.00,0.0003,0.0006,0.0004,0,0.000000
3,1.4000,0.0000,45.0000,-30.0000,0.0100,0.0200,0.0200,0.0000,0.0000,0.0000,-2.9000,2.6000,0.2586,0.0000,0.0000,0.0000,-2.9263,0.7226,0.2382,-0.0333,-0.0278,0.0133,0.0000,0.0000,0.0000,0.0000,0.0000,0.0000,5.00,3.00,2.00,0.0003,0.0006,0.0004,0,0.000000
3,1.4200,0.0000,45.0000,-30.0000,0.0100,0.0200,0.0200,0.0000,0.0000,0.0000,-2.9000,2.6000,0.2586,0.0000,0.0000,0.0000,-2.9071,0.7196,0.2421,-0.0097,-0.0399,0.0198,0.0000,0.0000,0.0000,0.0000,0.0000,0.0000,5.00,3.00,2.00,0.0003,0.0006,0.0004,0,0.000000
3,1.4400,0.0000,45.0000,-30.0000,0.0100,0.0200,0.0200,0.0000,0.0000,0.0000,-2.9000,2.6000,0.2586,0.0000,0.0000,0.0000,-2.8833,0.7209,0.2713,0.0110,-0.0223,-0.0087,0.0000,0.0000,0.0000,0.0000,0.0000,0.0000,5.00,3.00,2.00,0.0003,0.0006,0.0004,0,0.000000
3,1.4600,0.0000,45.0000,-30.0000,0.0100,0.0200,0.0200,0.0000,0.0000,0.0000,-2.9000,2.6000,0.2586,0.0000,0.0000,0.0000,-2.8976,0.7190,0.2520,0.0031,-0.0038,-0.0026,0.0000,0.0000,0.0000,0.0000,0.0000,0.0000,5.00,3.00,2.00,0.0003,0.0006,0.0004,0,0.000000
3,1.4800,0.0000,45.0000,-30.0000,0.0100,0.0200,0.0200,0.0000,0.0000,0.0000,-2.9000,2.6000,0.2586,0.0000,0.0000,0.0000,-2.9000,0.7200,0.2586,0.0000,0.0000,0.0000,0.0000,0.0000,0.0000,0.0000,0.0000,0.0000,5.00,3.00,2.00,0.0003,0.0006,0.0004,0,0.000000
3,1.5000,0.0000,45.0000,-30.0000,0.0100,0.0200,0.0200,0.0000,0.0000,0.0000,-2.9000,2.6000,0.2586,0.0000,0.0000,0.0000,-2.9083,0.7200,0.2627,-0.0073,0.0136,0.0027,0.0000,0.0000,0.0000,0.0000,0.0000,0.0000,5.00,3.00,2.00,0.0003,0.0006,0.0004,0,0.000000
4,0.0200,1.1200,45.5500,-30.2700,0.1824,0.3675,0.3196,0.4000,1.0000,-0.6000,-3.7817,2.6419,-1.1655,0.9167,2.0915,1.7245,-2.8586,0.7428,0.9428,-0.0539,-0.1124,-0.1394,156.3429,557.4286,281.8286,28.5160,204.8393,90.0748,5.00,3.00,2.00,0.0832,0.2026,0.1021,0,0.258744
4,0.0400,2.2400,46.1000,-30.5400,0.1848,0.3748,0.3184,0.4000,1.0000,-0.6000,-3.7633,2.6836,-1.1310,0.9167,2.0829,1.7245,-2.6767,0.6994,1.0233,-0.0683,-0.0481,0.1246,156.3429,557.4286,281.8286,28.8850,208.9109,89.7461,5.00,3.00,2.00,0.0853,0.2107,0.1014,0,0.262034
4,0.0600,3.3600,46.6500,-30.8100,0.1870,0.3817,0.3165,0.4000,1.0000,-0.6000,-3.7450,2.7251,-1.0965,0.9167,2.0686,1.7245,-2.7515,0.7126,0.7653,-0.0757,-0.1160,-0.1313,156.3429,557.4286,281.8286,29.2432,212.7974,89.2054,5.00,3.00,2.00,0.0875,0.2186,0.1002,0,0.264997
4,0.0800,4.4800,47.2000,-31.0800,0.1892,0.3882,0.3139,0.4000,1.0000,-0.6000,-3.7267,2.7663,-1.0620,0.9167,2.0486,1.7245,-2.6587,0.7190,0.7230,0.1211,-0.0186,-0.1030,156.3429,557.4286,281.8286,29.5856,216.4117,88.4632,5.00,3.00,2.00,0.0895,0.2261,0.0985,0,0.267568
4,0.1000,5.6000,47.7500,-31.3500,0.1913,0.3941,0.3106,0.4000,1.0000,-0.6000,-3.7083,2.8071,-1.0275,0.9167,2.0230,1.7245,-2.8558,0.7251,1.0471,-0.1239,-0.1333,0.0129,156.3429,557.4286,281.8286,29.9073,219.6725,87.5342,5.00,3.00,2.00,0.0915,0.2330,0.0965,0,0.269691
4,0.1200,6.7200,48.3000,-31.6200,0.1932,0.3992,0.3067,0.4000,1.0000,-0.6000,-3.6900,2.8472,-0.9931,0.9167,1.9919,1.7245,-2.6626,0.7488,0.9121,-0.0067,-0.0185,-0.0647,156.3429,557.4286,281.8286,30.2035,222.5067,86.4364,5.00,3.00,2.00,0.0933,0.2390,0.0941,0,0.271317
4,0.1400,7.8400,48.8500,-31.8900,0.1949,0.4034,0.3023,0.4000,1.0000,-0.6000,-3.6717,2.8867,-0.9586,0.9167,1.9553,1.7245,-2.6878,0.7081,0.9573,-0.1098,-0.2130,-0.0156,156.3429,557.4286,281.8286,30.4701,224.8506,85.1914,5.00,3.00,2.00,0.0950,0.2441,0.0914,0,0.272410
4,0.1600,8.9600,49.4000,-32.1600,0.1964,0.4066,0.2974,0.4000,1.0000,-0.6000,-3.6533,2.9254,-0.9241,0.9167,1.9133,1.7245,-2.7308,0.7474,0.9008,0.0650,-0.1179,-0.1237,156.3429,557.4286,281.8286,30.7032,226.6515,83.8235,5.00,3.00,2.00,0.0964,0.2480,0.0885,0,0.272943
4,0.1800,10.0800,49.9500,-32.4300,0.1976,0.4088,0.2922,0.4000,1.0000,-0.6000,-3.6350,2.9632,-0.8896,0.9167,1.8661,1.7245,-2.5457,0.7301,0.7057,-0.0812,-0.1534,0.0097,156.3429,557.4286,281.8286,30.8995,227.8691,82.3595,5.00,3.00,2.00,0.0977,0.2507,0.0854,0,0.272902
4,0.2000,11.2000,50.5000,-32.7000,0.1986,0.4099,0.2868,0.4000,1.0000,-0.6000,-3.6167,3.0000,-0.8551,0.9167,1.8138,1.7245,-2.7911,0.6993,0.7284,0.0141,-0.1741,0.1122,156.3429,557.4286,281.8286,31.0561,228.4759,80.8281,5.00,3.00,2.00,0.0986,0.2520,0.0823,0,0.272288
4,0.2200,12.3200,51.0500,-32.9700,0.1994,0.4098,0.2812,0.4000,1.0000,-0.6000,-3.5983,3.0357,-0.8206,0.9167,1.7565,1.7245,-2.8649,0.7187,0.9660,-0.0347,-0.0495,0.0579,156.3429,557.4286,281.8286,31.1707,228.4583,79.2591,5.00,3.00,2.00,0.0994,0.2520,0.0791,0,0.271111
4,0.2400,13.4400,51.6000,-33.2400,0.1998,0.4087,0.2756,0.4000,1.0000,-0.6000,-3.5800,3.0702,-0.7861,0.9167,1.6944,1.7245,-2.7732,0.7428,0.9073,0.1280,-0.0358,-0.1065,156.3429,557.4286,281.8286,31.2419,227.8168,77.6834,5.00,3.00,2.00,0.0998,0.2505,0.0760,0,0.269394
4,0.2600,14.5600,52.1500,-33.5100,0.2000,0.4064,0.2701,0.4000,1.0000,-0.6000,-3.5617,3.1035,-0.7516,0.9167,1.6277,1.7245,-2.7654,0.7188,0.8189,0.0436,-0.1032,0.0942,156.3429,557.4286,281.8286,31.2684,226.5657,76.1317,5.00,3.00,2.00,0.1000,0.2478,0.0730,0,0.267173
4,0.2800,15.6800,52.7000,-33.7800,0.1999,0.4032,0.2648,0.4000,1.0000,-0.6000,-3.5433,3.1353,-0.7171,0.9167,1.5564,1.7245,-2.6750,0.7110,0.7413,0.1217,-0.2025,0.0660,156.3429,557.4286,281.8286,31.2499,224.7332,74.6344,5.00,3.00,2.00,0.0999,0.2438,0.0701,0,0.264494
4,0.3000,16.8000,53.2500,-34.0500,0.1995,0.3989,0.2598,0.4000,1.0000,-0.6000,-3.5250,3.1657,-0.6826,0.9167,1.4810,1.7245,-2.7008,0.7125,0.9263,-0.1242,-0.1808,0.0349,156.3429,557.4286,281.8286,31.1868,222.3603,73.2208,5.00,3.00,2.00,0.0995,0.2387,0.0675,0,0.261414
4,0.3200,17.9200,53.8000,-34.3200,0.1988,0.3938,0.2552,0.4000,1.0000,-0.6000,-3.5067,3.1945,-0.6482,0.9167,1.4014,1.7245,-2.8167,0.7492,0.7069,0.1110,-0.2223,0.0436,156.3429,557.4286,281.8286,31.0799,219.5004,71.9186,5.00,3.00,2.00,0.0988,0.2326,0.0651,0,0.257999
4,0.3400,19.0400,54.3500,-34.5900,0.1978,0.3879,0.2511,0.4000,1.0000,-0.6000,-3.4883,3.2217,-0.6137,0.9167,1.3180,1.7245,-2.6353,0.6918,0.7934,0.1183,-0.1240,0.0182,156.3429,557.4286,281.8286,30.9306,216.2177,70.7532,5.00,3.00,2.00,0.0979,0.2257,0.0630,0,0.254321
4,0.3600,5.0400,54.9000,-34.8600,0.1966,0.3814,0.2475,0.1000,1.0000,-0.6000,-3.4700,3.2472,-0.5792,0.9167,1.2311,1.7245,-2.7063,0.6901,1.0332,0.1200,0.0233,0.1024,39.0857,557.4286,281.8286,7.6853,212.5860,69.7475,5.00,3.00,2.00,0.0967,0.2182,0.0612,0,0.232015
4,0.3800,5.3200,55.4500,-35.1300,0.1952,0.3744,0.2445,0.1000,1.0000,-0.6000,-3.4517,3.2709,-0.5447,0.9167,1.1407,1.7245,-2.8178,0.7261,0.9293,-0.0617,0.0433,0.1208,39.0857,557.4286,281.8286,7.6287,208.6867,68.9211,5.00,3.00,2.00,0.0952,0.2102,0.0598,0,0.228189
4,0.4000,5.6000,56.0000,-35.4000,0.1935,0.3671,0.2423,0.1000,1.0000,-0.6000,-3.4333,3.2928,-0.5102,0.9167,1.0472,1.7245,-2.6172,0.6982,0.8045,-0.1356,0.0159,-0.0620,39.0857,557.4286,281.8286,7.5634,204.6075,68.2902,5.00,3.00,2.00,0.0936,0.2021,0.0587,0,0.224369
4,0.4200,5.8800,56.5500,-35.6700,0.1916,0.3596,0.2408,0.1000,1.0000,-0.6000,-3.4150,3.3128,-0.4757,0.9167,0.9508,1.7245,-2.8675,0.7026,0.9229,0.1467,-0.0248,0.0682,39.0857,557.4286,281.8286,7.4906,200.4400,67.8672,5.00,3.00,2.00,0.0918,0.1939,0.0580,0,0.220638
4,0.4400,6.1600,57.1000,-22.0800,0.1896,0.3521,0.2401,0.1000,1.0000,0.8000,-3.3967,3.3308,-0.4412,0.9167,0.8519,1.7245,-3.3967,2.7108,-0.4412,0.9167,0.8519,1.7245,39.0857,557.4286,375.7714,7.4113,196.2777,90.2136,5.00,3.00,2.00,0.0899,0.1860,0.0576,1,0.235122
4,0.4600,6.4400,57.6500,-21.7200,0.1874,0.3448,0.2401,0.1000,1.0000,0.8000,-3.3783,3.3469,-0.4067,0.9167,0.7506,1.7245,-3.3783,2.7269,-0.4067,0.9167,0.7506,1.7245,39.0857,557.4286,375.7714,7.3265,192.2142,90.2313,5.00,3.00,2.00,0.0878,0.1784,0.0577,1,0.231818
4,0.4800,6.7200,58.2000,-21.3600,0.1852,0.3379,0.2410,0.1000,1.0000,0.8000,-3.3600,3.3608,-0.3722,0.9167,0.6472,1.7245,-3.3600,2.7408,-0.3722,0.9167,0.6472,1.7245,39.0857,557.4286,375.7714,7.2376,188.3406,90.5422,5.00,3.00,2.00,0.0857,0.1712,0.0581,1,0.228896
4,0.5000,7.0000,50.5000,-21.0000,0.1828,0.3314,0.2425,0.1000,0.4000,0.8000,-3.3417,3.3727,-0.3377,0.9167,0.5421,1.7245,-3.3417,2.7527,-0.3377,0.9167,0.5421,1.7245,39.0857,222.9714,375.7714,7.1457,73.8976,91.1403,5.00,3.00,2.00,0.0836,0.1648,0.0588,1,0.137747
4,0.5200,7.2800,50.7200,-20.6400,0.1804,0.3256,0.2449,0.1000,0.4000,0.8000,-3.3233,3.3825,-0.3032,0.9167,0.4354,1.7245,-3.3233,2.7625,-0.3032,0.9167,0.4354,1.7245,39.0857,222.9714,375.7714,7.0523,72.6021,92.0137,5.00,3.00,2.00,0.0814,0.1590,0.0600,1,0.137335
4,0.5400,7.5600,50.9400,-20.2800,0.1780,0.3206,0.2479,0.1000,0.4000,0.8000,-3.3050,3.3902,-0.2688,0.9167,0.3276,1.7245,-3.3050,2.7702,-0.2688,0.9167,0.3276,1.7245,39.0857,222.9714,375.7714,6.9586,71.4788,93.1455,5.00,3.00,2.00,0.0792,0.1542,0.0614,1,0.137266
4,0.5600,7.8400,51.1600,-19.9200,0.1757,0.3164,0.2515,0.1000,0.4000,0.8000,-3.2867,3.3956,-0.2343,0.9167,0.2189,1.7245,-3.2867,2.7756,-0.2343,0.9167,0.2189,1.7245,39.0857,222.9714,375.7714,6.8661,70.5529,94.5135,5.00,3.00,2.00,0.0771,0.1502,0.0633,1,0.137546
4,0.5800,8.1200,51.3800,-19.5600,0.1734,0.3132,0.2557,0.1000,0.4000,0.8000,-3.2683,3.3989,-0.1998,0.9167,0.1096,1.7245,-3.2683,2.7789,-0.1998,0.9167,0.1096,1.7245,39.0857,222.9714,375.7714,6.7759,69.8452,96.0910,5.00,3.00,2.00,0.0751,0.1472,0.0654,1,0.138170
4,0.6000,8.4000,51.6000,-19.2000,0.1711,0.3111,0.2604,0.1000,0.4000,0.8000,-3.2500,3.4000,-0.1653,0.9167,0.0000,1.7245,-3.2500,2.7800,-0.1653,0.9167,0.0000,1.7245,39.0857,222.9714,375.7714,6.6895,69.3716,97.8470,5.00,3.00,2.00,0.0732,0.1452,0.0678,1,0.139126
4,0.6200,8.6800,51.8200,-18.8400,0.1691,0.3101,0.2654,0.1000,0.4000,0.8000,-3.2317,3.3989,-0.1308,0.9167,-0.1096,1.7245,-3.2317,2.7789,-0.1308,0.9167,-0.1096,1.7245,39.0857,222.9714,375.7714,6.6081,69.1428,99.7471,5.00,3.00,2.00,0.0715,0.1442,0.0705,1,0.140398
4,0.6400,8.9600,52.0400,-18.4800,0.1671,0.3102,0.2708,0.1000,0.4000,0.8000,-3.2133,3.3956,-0.0963,0.9167,-0.2189,1.7245,-3.2133,2.7756,-0.0963,0.9167,-0.2189,1.7245,39.0857,222.9714,375.7714,6.5328,69.1639,101.7543,5.00,3.00,2.00,0.0698,0.1443,0.0733,1,0.141961
4,0.6600,9.2400,52.2600,-18.1200,0.1654,0.3114,0.2763,0.1000,0.4000,0.8000,-3.1950,3.3902,-0.0618,0.9167,-0.3276,1.7245,-3.1950,2.7702,-0.0618,0.9167,-0.3276,1.7245,39.0857,222.9714,375.7714,6.4647,69.4344,103.8293,5.00,3.00,2.00,0.0684,0.1455,0.0763,1,0.143783
4,0.6800,9.5200,52.4800,-17.7600,0.1639,0.3137,0.2819,0.1000,0.4000,0.8000,-3.1767,3.3825,-0.0273,0.9167,-0.4354,1.7245,-3.1767,2.7625,-0.0273,0.9167,-0.4354,1.7245,39.0857,222.9714,375.7714,6.4049,69.9482,105.9314,5.00,3.00,2.00,0.0671,0.1476,0.0795,1,0.145828
4,0.7000,9.8000,52.7000,-17.4000,0.1626,0.3171,0.2875,0.1000,0.4000,0.8000,-3.1583,3.3727,0.0072,0.9167,-0.5421,1.7245,-3.1583,2.7527,0.0072,0.9167,-0.5421,1.7245,39.0857,222.9714,375.7714,6.3541,70.6938,108.0194,5.00,3.00,2.00,0.0661,0.1508,0.0826,1,0.148054
4,0.7200,10.0800,52.9200,-17.0400,0.1615,0.3214,0.2929,0.1000,0.4000,0.8000,-3.1400,3.3608,0.0417,0.9167,-0.6472,1.7245,-3.1400,2.7408,0.0417,0.9167,-0.6472,1.7245,39.0857,222.9714,375.7714,6.3131,71.6545,110.0527,5.00,3.00,2.00,0.0652,0.1549,0.0858,1,0.150416
4,0.7400,10.3600,53.1400,-16.6800,0.1607,0.3265,0.2980,0.1000,0.4000,0.8000,-3.1217,3.3469,0.0761,0.9167,-0.7506,1.7245,-3.1217,2.7269,0.0761,0.9167,-0.7506,1.7245,39.0857,222.9714,375.7714,6.2825,72.8086,111.9912,5.00,3.00,2.00,0.0646,0.1599,0.0888,1,0.152866
4,0.7600,10.6400,53.3600,-16.3200,0.1602,0.3325,0.3028,0.1000,0.4000,0.8000,-3.1033,3.3308,0.1106,0.9167,-0.8519,1.7245,-3.1033,2.7108,0.1106,0.9167,-0.8519,1.7245,39.0857,222.9714,375.7714,6.2628,74.1304,113.7972,5.00,3.00,2.00,0.0642,0.1658,0.0917,1,0.155352
4,0.7800,10.9200,53.5800,-15.9600,0.1600,0.3390,0.3072,0.1000,0.4000,0.8000,-3.0850,3.3128,0.1451,0.9167,-0.9508,1.7245,-3.0850,2.6928,0.1451,0.9167,-0.9508,1.7245,39.0857,222.9714,375.7714,6.2541,75.5899,115.4353,5.00,3.00,2.00,0.0640,0.1724,0.0944,1,0.157824
4,0.8000,11.2000,53.8000,-15.6000,0.1601,0.3460,0.3110,0.1000,0.4000,0.8000,-3.0667,3.2928,0.1796,0.9167,-1.0472,1.7245,-3.0667,2.6728,0.1796,0.9167,-1.0472,1.7245,39.0857,222.9714,375.7714,6.2567,77.1546,116.8734,5.00,3.00,2.00,0.0641,0.1796,0.0967,1,0.160228
4,0.8200,11.4800,54.0200,-15.2400,0.1604,0.3534,0.3142,0.1000,0.4000,0.8000,-3.0483,3.2709,0.2141,0.9167,-1.1407,1.7245,-3.0483,2.6509,0.2141,0.9167,-1.1407,1.7245,39.0857,222.9714,375.7714,6.2705,78.7893,118.0834,5.00,3.00,2.00,0.0643,0.1873,0.0987,1,0.162515
4,0.8400,11.7600,54.2400,-14.8800,0.1611,0.3608,0.3168,0.1000,0.4000,0.8000,-3.0300,3.2472,0.2486,0.9167,-1.2311,1.7245,-3.0300,2.6272,0.2486,0.9167,-1.2311,1.7245,39.0857,222.9714,375.7714,6.2953,80.4572,119.0416,5.00,3.00,2.00,0.0649,0.1953,0.1004,1,0.164635
4,0.8600,12.0400,54.4600,-14.5200,0.1620,0.3683,0.3186,0.1000,0.4000,0.8000,-3.0117,3.2217,0.2831,0.9167,-1.3180,1.7245,-3.0117,2.6017,0.2831,0.9167,-1.3180,1.7245,39.0857,222.9714,375.7714,6.3307,82.1208,119.7293,5.00,3.00,2.00,0.0656,0.2035,0.1015,1,0.166545
4,0.8800,12.3200,54.6800,-14.1600,0.1631,0.3756,0.3197,0.1000,0.4000,0.8000,-2.9933,3.1945,0.3176,0.9167,-1.4014,1.7245,-2.9933,2.5745,0.3176,0.9167,-1.4014,1.7245,39.0857,222.9714,375.7714,6.3763,83.7430,120.1330,5.00,3.00,2.00,0.0665,0.2116,0.1022,1,0.168202
4,0.9000,0.0000,54.9000,-13.8000,0.0100,0.3825,0.3200,0.0000,0.4000,0.8000,-2.9750,3.1657,0.3521,0.9167,-1.4810,1.7245,-2.9750,2.5457,0.3521,0.9167,-1.4810,1.7245,0.0000,222.9714,375.7714,0.0000,85.2871,120.2447,5.00,3.00,2.00,0.0003,0.2195,0.1024,1,0.164425
4,0.9200,0.0000,55.1200,-13.4400,0.0100,0.3889,0.3195,0.0000,0.4000,0.8000,-2.9567,3.1353,0.3866,0.9167,-1.5564,1.7245,-2.9567,2.5153,0.3866,0.9167,-1.5564,1.7245,0.0000,222.9714,375.7714,0.0000,86.7185,120.0624,5.00,3.00,2.00,0.0003,0.2269,0.1021,1,0.165425
4,0.9400,0.0000,55.3400,-13.0800,0.0100,0.3947,0.3183,0.0000,0.4000,0.8000,-2.9383,3.1035,0.4210,0.9167,-1.6277,1.7245,-2.9383,2.4835,0.4210,0.9167,-1.6277,1.7245,0.0000,222.9714,375.7714,0.0000,88.0051,119.5896,5.00,3.00,2.00,0.0003,0.2337,0.1013,1,0.166076
4,0.9600,0.0000,55.5600,-30.0000,0.0100,0.3997,0.0200,0.0000,0.4000,0.0000,-2.9200,3.0702,0.4555,0.9167,-1.6944,1.7245,-2.9200,2.4502,0.4555,0.9167,-1.6944,1.7245,0.0000,222.9714,0.0000,0.0000,89.1180,0.0000,5.00,3.00,2.00,0.0003,0.2396,0.0004,1,0.071294
4,0.9800,0.0000,55.7800,-30.0000,0.0100,0.4038,0.0200,0.0000,0.4000,0.0000,-2.9017,3.0357,0.4900,0.9167,-1.7565,1.7245,-2.9017,2.4157,0.4900,0.9167,-1.7565,1.7245,0.0000,222.9714,0.0000,0.0000,90.0321,0.0000,5.00,3.00,2.00,0.0003,0.2446,0.0004,1,0.072026
4,1.0000,0.0000,45.0000,-30.0000,0.0100,0.0200,0.0200,0.0000,0.0000,0.0000,-2.8833,3.0000,0.5245,0.9167,-1.8138,1.7245,-2.8833,2.3800,0.5245,0.9167,-1.8138,1.7245,0.0000,0.0000,0.0000,0.0000,0.0000,0.0000,5.00,3.00,2.00,0.0003,0.0006,0.0004,1,0.000000
4,1.0200,0.0000,45.0000,-30.0000,0.0100,0.0200,0.0200,0.0000,0.0000,0.0000,-2.8650,2.9632,0.5590,0.9167,-1.8661,1.7245,-2.8650,2.3432,0.5590,0.9167,-1.8661,1.7245,0.0000,0.0000,0.0000,0.0000,0.0000,0.0000,5.00,3.00,2.00,0.0003,0.0006,0.0004,1,0.000000
4,1.0400,0.0000,45.0000,-30.0000,0.0100,0.0200,0.0200,0.0000,0.0000,0.0000,-2.8467,2.9254,0.5935,0.9167,-1.9133,1.7245,-2.8467,2.3054,0.5935,0.9167,-1.9133,1.7245,0.0000,0.0000,0.0000,0.0000,0.0000,0.0000,5.00,3.00,2.00,0.0003,0.0006,0.0004,1,0.000000
4,1.0600,0.0000,45.0000,-30.0000,0.0100,0.0200,0.0200,0.0000,0.0000,0.0000,-2.8283,2.8867,0.6280,0.9167,-1.9553,1.7245,-2.8283,2.2667,0.6280,0.9167,-1.9553,1.7245,0.0000,0.0000,0.0000,0.0000,0.0000,0.0000,5.00,3.00,2.00,0.0003,0.0006,0.0004,1,0.000000
4,1.0800,0.0000,45.0000,-30.0000,0.0100,0.0200,0.0200,0.0000,0.0000,0.0000,-2.8100,2.8472,0.6625,0.9167,-1.9919,1.7245,-2.8100,2.2272,0.6625,0.9167,-1.9919,1.7245,0.0000,0.0000,0.0000,0.0000,0.0000,0.0000,5.00,3.00,2.00,0.0003,0.0006,0.0004,1,0.000000
4,1.1000,0.0000,45.0000,-30.0000,0.0100,0.0200,0.0200,0.0000,0.0000,0.0000,-2.7917,2.8071,0.6970,0.9167,-2.0230,1.7245,-2.7917,2.1871,0.6970,0.9167,-2.0230,1.7245,0.0000,0.0000,0.0000,0.0000,0.0000,0.0000,5.00,3.00,2.00,0.0003,0.0006,0.0004,1,0.000000
4,1.1200,0.0000,45.0000,-30.0000,0.0100,0.0200,0.0200,0.0000,0.0000,0.0000,-2.7733,2.7663,0.7315,0.9167,-2.0486,1.7245,-2.7733,2.1463,0.7315,0.9167,-2.0486,1.7245,0.0000,0.0000,0.0000,0.0000,0.0000,0.0000,5.00,3.00,2.00,0.0003,0.0006,0.0004,1,0.000000
4,1.1400,0.0000,45.0000,-30.0000,0.0100,0.0200,0.0200,0.0000,0.0000,0.0000,-2.7550,2.7251,0.7660,0.9167,-2.0686,1.7245,-2.8372,0.7171,0.8315,0.0607,0.0374,-0.0116,0.0000,0.0000,0.0000,0.0000,0.0000,0.0000,5.00,3.00,2.00,0.0003,0.0006,0.0004,0,0.000000
4,1.1600,0.0000,45.0000,-30.0000,0.0100,0.0200,0.0200,0.0000,0.0000,0.0000,-2.7367,2.6836,0.8004,0.9167,-2.0829,1.7245,-2.6920,0.7293,1.0071,0.0222,-0.1094,-0.0917,0.0000,0.0000,0.0000,0.0000,0.0000,0.0000,5.00,3.00,2.00,0.0003,0.0006,0.0004,0,0.000000
4,1.1800,0.0000,45.0000,-30.0000,0.0100,0.0200,0.0200,0.0000,0.0000,0.0000,-2.7183,2.6419,0.8349,0.9167,-2.0915,1.7245,-2.6205,0.7249,0.8586,0.0792,0.0199,0.0323,0.0000,0.0000,0.0000,0.0000,0.0000,0.0000,5.00,3.00,2.00,0.0003,0.0006,0.0004,0,0.000000
4,1.2000,0.0000,45.0000,-30.0000,0.0100,0.0200,0.0200,0.0000,0.0000,0.0000,-2.7000,2.6000,0.8694,0.0000,0.0000,0.0000,-2.5740,0.7378,0.7320,-0.0826,-0.1618,0.1064,0.0000,0.0000,0.0000,0.0000,0.0000,0.0000,5.00,3.00,2.00,0.0003,0.0006,0.0004,0,0.000000
4,1.2200,0.0000,45.0000,-30.0000,0.0100,0.0200,0.0200,0.0000,0.0000,0.0000,-2.7000,2.6000,0.8694,0.0000,0.0000,0.0000,-2.7453,0.7257,0.7768,0.1074,0.0057,-0.0630,0.0000,0.0000,0.0000,0.0000,0.0000,0.0000,5.00,3.00,2.00,0.0003,0.0006,0.0004,0,0.000000
4,1.2400,0.0000,45.0000,-30.0000,0.0100,0.0200,0.0200,0.0000,0.0000,0.0000,-2.7000,2.6000,0.8694,0.0000,0.0000,0.0000,-2.6011,0.7197,0.8097,-0.0544,-0.0059,-0.0075,0.0000,0.0000,0.0000,0.0000,0.0000,0.0000,5.00,3.00,2.00,0.0003,0.0006,0.0004,0,0.000000
4,1.2600,0.0000,45.0000,-30.0000,0.0100,0.0200,0.0200,0.0000,0.0000,0.0000,-2.7000,2.6000,0.8694,0.0000,0.0000,0.0000,-2.7103,0.7185,0.8994,-0.0537,-0.0117,-0.0362,0.0000,0.0000,0.0000,0.0000,0.0000,0.0000,5.00,3.00,2.00,0.0003,0.0006,0.0004,0,0.000000
4,1.2800,0.0000,45.0000,-30.0000,0.0100,0.0200,0.0200,0.0000,0.0000,0.0000,-2.7000,2.6000,0.8694,0.0000,0.0000,0.0000,-2.6055,0.7082,0.9121,-0.0561,-0.0917,-0.0352,0.0000,0.0000,0.0000,0.0000,0.0000,0.0000,5.00,3.00,2.00,0.0003,0.0006,0.0004,0,0.000000
4,1.3000,0.0000,45.0000,-30.0000,0.0100,0.0200,0.0200,0.0000,0.0000,0.0000,-2.7000,2.6000,0.8694,0.0000,0.0000,0.0000,-2.6407,0.7115,0.8330,-0.0721,-0.1191,0.0554,0.0000,0.0000,0.0000,0.0000,0.0000,0.0000,5.00,3.00,2.00,0.0003,0.0006,0.0004,0,0.000000
4,1.3200,0.0000,45.0000,-30.0000,0.0100,0.0200,0.0200,0.0000,0.0000,0.0000,-2.7000,2.6000,0.8694,0.0000,0.0000,0.0000,-2.6651,0.7320,0.8388,-0.0090,-0.0593,-0.0222,0.0000,0.0000,0.0000,0.0000,0.0000,0.0000,5.00,3.00,2.00,0.0003,0.0006,0.0004,0,0.000000
4,1.3400,0.0000,45.0000,-30.0000,0.0100,0.0200,0.0200,0.0000,0.0000,0.0000,-2.7000,2.6000,0.8694,0.0000,0.0000,0.0000,-2.7259,0.7207,0.9136,0.0258,-0.0189,0.0501,0.0000,0.0000,0.0000,0.0000,0.0000,0.0000,5.00,3.00,2.00,0.0003,0.0006,0.0004,0,0.000000
4,1.3600,0.0000,45.0000,-30.0000,0.0100,0.0200,0.0200,0.0000,0.0000,0.0000,-2.7000,2.6000,0.8694,0.0000,0.0000,0.0000,-2.6514,0.7207,0.9047,-0.0499,-0.0470,-0.0046,0.0000,0.0000,0.0000,0.0000,0.0000,0.0000,5.00,3.00,2.00,0.0003,0.0006,0.0004,0,0.000000
4,1.3800,0.0000,45.0000,-30.0000,0.0100,0.0200,0.0200,0.0000,0.0000,0.0000,-2.7000,2.6000,0.8694,0.0000,0.0000,0.0000,-2.6507,0.7240,0.8306,0.0172,-0.0550,0.0411,0.0000,0.0000,0.0000,0.0000,0.0000,0.0000,5.00,3.00,2.00,0.0003,0.0006,0.0004,0,0.000000
4,1.4000,0.0000,45.0000,-30.0000,0.0100,0.0200,0.0200,0.0000,0.0000,0.0000,-2.7000,2.6000,0.8694,0.0000,0.0000,0.0000,-2.7206,0.7155,0.8573,0.0237,-0.0445,0.0094,0.0000,0.0000,0.0000,0.0000,0.0000,0.0000,5.00,3.00,2.00,0.0003,0.0006,0.0004,0,0.000000
4,1.4200,0.0000,45.0000,-30.0000,0.0100,0.0200,0.0200,0.0000,0.0000,0.0000,-2.7000,2.6000,0.8694,0.0000,0.0000,0.0000,-2.6753,0.7239,0.8667,-0.0059,-0.0162,0.0177,0.0000,0.0000,0.0000,0.0000,0.0000,0.0000,5.00,3.00,2.00,0.0003,0.0006,0.0004,0,0.000000
4,1.4400,0.0000,45.0000,-30.0000,0.0100,0.0200,0.0200,0.0000,0.0000,0.0000,-2.7000,2.6000,0.8694,0.0000,0.0000,0.0000,-2.7138,0.7168,0.8522,-0.0066,0.0019,-0.0087,0.0000,0.0000,0.0000,0.0000,0.0000,0.0000,5.00,3.00,2.00,0.0003,0.0006,0.0004,0,0.000000
4,1.4600,0.0000,45.0000,-30.0000,0.0100,0.0200,0.0200,0.0000,0.0000,0.0000,-2.7000,2.6000,0.8694,0.0000,0.0000,0.0000,-2.7003,0.7192,0.8689,0.0047,-0.0096,0.0041,0.0000,0.0000,0.0000,0.0000,0.0000,0.0000,5.00,3.00,2.00,0.0003,0.0006,0.0004,0,0.000000
4,1.4800,0.0000,45.0000,-30.0000,0.0100,0.0200,0.0200,0.0000,0.0000,0.0000,-2.7000,2.6000,0.8694,0.0000,0.0000,0.0000,-2.7000,0.7200,0.8694,0.0000,0.0000,0.0000,0.0000,0.0000,0.0000,0.0000,0.0000,0.0000,5.00,3.00,2.00,0.0003,0.0006,0.0004,0,0.000000
4,1.5000,0.0000,45.0000,-30.0000,0.0100,0.0200,0.0200,0.0000,0.0000,0.0000,-2.7000,2.6000,0.8694,0.0000,0.0000,0.0000,-2.7051,0.7216,0.8639,0.0031,0.0107,0.0046,0.0000,0.0000,0.0000,0.0000,0.0000,0.0000,5.00,3.00,2.00,0.0003,0.0006,0.0004,0,0.000000
5,0.0200,1.1200,45.5500,-30.2700,0.1824,0.3675,0.3196,0.4000,1.0000,-0.6000,-3.7783,2.6419,-1.1572,1.0833,2.0915,2.1382,-2.3255,0.7176,1.3168,-0.0979,-0.0072,0.0836,155.4286,554.2857,280.2857,28.3493,203.6844,89.5817,5.00,3.00,2.00,0.0832,0.2026,0.1021,0,0.257292
5,0.0400,2.2400,46.1000,-30.5400,0.1848,0.3748,0.3184,0.4000,1.0000,-0.6000,-3.7567,2.6836,-1.1145,1.0833,2.0829,2.1382,-2.5090,0.7214,1.1958,0.1322,0.0042,-0.0471,155.4286,554.2857,280.2857,28.7161,207.7330,89.2548,5.00,3.00,2.00,0.0853,0.2107,0.1014,0,0.260563
5,0.0600,3.3600,46.6500,-30.8100,0.1870,0.3817,0.3165,0.4000,1.0000,-0.6000,-3.7350,2.7251,-1.0717,1.0833,2.0686,2.1382,-2.5416,0.7314,1.4923,0.1117,-0.1843,0.1267,155.4286,554.2857,280.2857,29.0722,211.5976,88.7170,5.00,3.00,2.00,0.0875,0.2186,0.1002,0,0.263509
5,0.0800,4.4800,47.2000,-31.0800,0.1892,0.3882,0.3139,0.4000,1.0000,-0.6000,-3.7133,2.7663,-1.0289,1.0833,2.0486,2.1382,-2.4935,0.7176,1.5113,0.0310,-0.1418,-0.0487,155.4286,554.2857,280.2857,29.4126,215.1915,87.9789,5.00,3.00,2.00,0.0895,0.2261,0.0985,0,0.266066
5,0.1000,5.6000,47.7500,-31.3500,0.1913,0.3941,0.3106,0.4000,1.0000,-0.6000,-3.6917,2.8071,-0.9862,1.0833,2.0230,2.1382,-2.3965,0.6941,1.4977,-0.1025,-0.0626,-0.0006,155.4286,554.2857,280.2857,29.7324,218.4340,87.0550,5.00,3.00,2.00,0.0915,0.2330,0.0965,0,0.268177
5,0.1200,6.7200,48.3000,-31.6200,0.1932,0.3992,0.3067,0.4000,1.0000,-0.6000,-3.6700,2.8472,-0.9434,1.0833,1.9919,2.1382,-2.6524,0.7403,1.4851,0.1031,-0.1547,-0.0205,155.4286,554.2857,280.2857,30.0269,221.2522,85.9632,5.00,3.00,2.00,0.0933,0.2390,0.0941,0,0.269794
5,0.1400,7.8400,48.8500,-31.8900,0.1949,0.4034,0.3023,0.4000,1.0000,-0.6000,-3.6483,2.8867,-0.9006,1.0833,1.9553,2.1382,-2.3646,0.7088,1.3450,0.0590,-0.1574,0.0706,155.4286,554.2857,280.2857,30.2919,223.5829,84.7250,5.00,3.00,2.00,0.0950,0.2441,0.0914,0,0.270880
5,0.1600,8.9600,49.4000,-32.1600,0.1964,0.4066,0.2974,0.4000,1.0000,-0.6000,-3.6267,2.9254,-0.8579,1.0833,1.9133,2.1382,-2.4215,0.7232,1.5390,0.0033,-0.1123,-0.0492,155.4286,554.2857,280.2857,30.5237,225.3737,83.3646,5.00,3.00,2.00,0.0964,0.2480,0.0885,0,0.271410
5,0.1800,10.0800,49.9500,-32.4300,0.1976,0.4088,0.2922,0.4000,1.0000,-0.6000,-3.6050,2.9632,-0.8151,1.0833,1.8661,2.1382,-2.5198,0.7431,1.4712,0.1063,-0.0109,0.0691,155.4286,554.2857,280.2857,30.7188,226.5843,81.9086,5.00,3.00,2.00,0.0977,0.2507,0.0854,0,0.271369
5,0.2000,11.2000,50.5000,-32.7000,0.1986,0.4099,0.2868,0.4000,1.0000,-0.6000,-3.5833,3.0000,-0.7724,1.0833,1.8138,2.1382,-2.5639,0.7129,1.2216,-0.1423,-0.1342,0.0723,155.4286,554.2857,280.2857,30.8745,227.1877,80.3856,5.00,3.00,2.00,0.0986,0.2520,0.0823,0,0.270758
5,0.2200,12.3200,51.0500,-32.9700,0.1994,0.4098,0.2812,0.4000,1.0000,-0.6000,-3.5617,3.0357,-0.7296,1.0833,1.7565,2.1382,-2.3515,0.7090,1.5093,0.0089,0.0092,-0.1476,155.4286,554.2857,280.2857,30.9885,227.1703,78.8252,5.00,3.00,2.00,0.0994,0.2520,0.0791,0,0.269587
5,0.2400,13.4400,51.6000,-33.2400,0.1998,0.4087,0.2756,0.4000,1.0000,-0.6000,-3.5400,3.0702,-0.6868,1.0833,1.6944,2.1382,-2.4957,0.7224,1.3201,-0.0242,0.0488,0.1216,155.4286,554.2857,280.2857,31.0592,226.5323,77.2581,5.00,3.00,2.00,0.0998,0.2505,0.0760,0,0.267880
5,0.2600,14.5600,52.1500,-33.5100,0.2000,0.4064,0.2701,0.4000,1.0000,-0.6000,-3.5183,3.1035,-0.6441,1.0833,1.6277,2.1382,-2.5071,0.7393,1.2401,-0.0994,0.0156,0.0921,155.4286,554.2857,280.2857,31.0855,225.2883,75.7149,5.00,3.00,2.00,0.1000,0.2478,0.0730,0,0.265671
5,0.2800,15.6800,52.7000,-33.7800,0.1999,0.4032,0.2648,0.4000,1.0000,-0.6000,-3.4967,3.1353,-0.6013,1.0833,1.5564,2.1382,-2.5515,0.7066,1.4053,0.0090,-0.0360,0.0719,155.4286,554.2857,280.2857,31.0672,223.4661,74.2258,5.00,3.00,2.00,0.0999,0.2438,0.0701,0,0.263007
5,0.3000,16.8000,53.2500,-34.0500,0.1995,0.3989,0.2598,0.4000,1.0000,-0.6000,-3.4750,3.1657,-0.5585,1.0833,1.4810,2.1382,-2.4261,0.7033,1.2011,-0.1197,-0.0937,0.1309,155.4286,554.2857,280.2857,31.0044,221.1066,72.8200,5.00,3.00,2.00,0.0995,0.2387,0.0675,0,0.259945
5,0.3200,17.9200,53.8000,-34.3200,0.1988,0.3938,0.2552,0.4000,1.0000,-0.6000,-3.4533,3.1945,-0.5158,1.0833,1.4014,2.1382,-2.5602,0.7410,1.5198,0.0603,-0.0148,0.1476,155.4286,554.2857,280.2857,30.8981,218.2628,71.5249,5.00,3.00,2.00,0.0988,0.2326,0.0651,0,0.256549
5,0.3400,19.0400,54.3500,-34.5900,0.1978,0.3879,0.2511,0.4000,1.0000,-0.6000,-3.4317,3.2217,-0.4730,1.0833,1.3180,2.1382,-2.3788,0.7013,1.4342,0.1418,0.0498,0.1254,155.4286,554.2857,280.2857,30.7498,214.9987,70.3659,5.00,3.00,2.00,0.0979,0.2257,0.0630,0,0.252891
5,0.3600,5.0400,54.9000,-34.8600,0.1966,0.3814,0.2475,0.1000,1.0000,-0.6000,-3.4100,3.2472,-0.4302,1.0833,1.2311,2.1382,-2.3332,0.6915,1.5059,0.1162,-0.1378,0.1427,38.8571,554.2857,280.2857,7.6404,211.3874,69.3656,5.00,3.00,2.00,0.0967,0.2182,0.0612,0,0.230715
5,0.3800,5.3200,55.4500,-35.1300,0.1952,0.3744,0.2445,0.1000,1.0000,-0.6000,-3.3883,3.2709,-0.3875,1.0833,1.1407,2.1382,-2.4713,0.6992,1.3645,-0.0624,-0.0493,-0.1171,38.8571,554.2857,280.2857,7.5840,207.5101,68.5438,5.00,3.00,2.00,0.0952,0.2102,0.0598,0,0.226910
5,0.4000,5.6000,56.0000,-35.4000,0.1935,0.3671,0.2423,0.1000,1.0000,-0.6000,-3.3667,3.2928,-0.3447,1.0833,1.0472,2.1382,-2.6327,0.7129,1.4031,-0.1023,-0.0027,0.0425,38.8571,554.2857,280.2857,7.5192,203.4539,67.9163,5.00,3.00,2.00,0.0936,0.2021,0.0587,0,0.223112
5,0.4200,5.8800,56.5500,-35.6700,0.1916,0.3596,0.2408,0.1000,1.0000,-0.6000,-3.3450,3.3128,-0.3019,1.0833,0.9508,2.1382,-2.3323,0.7147,1.1930,-0.0190,-0.2240,-0.1063,38.8571,554.2857,280.2857,7.4468,199.3099,67.4956,5.00,3.00,2.00,0.0918,0.1939,0.0580,0,0.219402
5,0.4400,6.1600,57.1000,-22.0800,0.1896,0.3521,0.2401,0.1000,1.0000,0.8000,-3.3233,3.3308,-0.2592,1.0833,0.8519,2.1382,-3.3233,2.7108,-0.2592,1.0833,0.8519,2.1382,38.8571,554.2857,373.7143,7.3680,195.1710,89.7198,5.00,3.00,2.00,0.0899,0.1860,0.0576,1,0.233807
5,0.4600,6.4400,57.6500,-21.7200,0.1874,0.3448,0.2401,0.1000,1.0000,0.8000,-3.3017,3.3469,-0.2164,1.0833,0.7506,2.1382,-3.3017,2.7269,-0.2164,1.0833,0.7506,2.1382,38.8571,554.2857,373.7143,7.2837,191.1304,89.7374,5.00,3.00,2.00,0.0878,0.1784,0.0577,1,0.230521
5,0.4800,6.7200,58.2000,-21.3600,0.1852,0.3379,0.2410,0.1000,1.0000,0.8000,-3.2800,3.3608,-0.1736,1.0833,0.6472,2.1382,-3.2800,2.7408,-0.1736,1.0833,0.6472,2.1382,38.8571,554.2857,373.7143,7.1953,187.2787,90.0466,5.00,3.00,2.00,0.0857,0.1712,0.0581,1,0.227616
5,0.5000,7.0000,50.5000,-21.0000,0.1828,0.3314,0.2425,0.1000,0.4000,0.8000,-3.2583,3.3727,-0.1309,1.0833,0.5421,2.1382,-3.2583,2.7527,-0.1309,1.0833,0.5421,2.1382,38.8571,221.7143,373.7143,7.1040,73.4810,90.6413,5.00,3.00,2.00,0.0836,0.1648,0.0588,1,0.136981
5,0.5200,7.2800,50.7200,-20.6400,0.1804,0.3256,0.2449,0.1000,0.4000,0.8000,-3.2367,3.3825,-0.0881,1.0833,0.4354,2.1382,-3.2367,2.7625,-0.0881,1.0833,0.4354,2.1382,38.8571,221.7143,373.7143,7.0111,72.1928,91.5100,5.00,3.00,2.00,0.0814,0.1590,0.0600,1,0.136571
5,0.5400,7.5600,50.9400,-20.2800,0.1780,0.3206,0.2479,0.1000,0.4000,0.8000,-3.2150,3.3902,-0.0454,1.0833,0.3276,2.1382,-3.2150,2.7702,-0.0454,1.0833,0.3276,2.1382,38.8571,221.7143,373.7143,6.9179,71.0758,92.6356,5.00,3.00,2.00,0.0792,0.1542,0.0614,1,0.136503
5,0.5600,7.8400,51.1600,-19.9200,0.1757,0.3164,0.2515,0.1000,0.4000,0.8000,-3.1933,3.3956,-0.0026,1.0833,0.2189,2.1382,-3.1933,2.7756,-0.0026,1.0833,0.2189,2.1382,38.8571,221.7143,373.7143,6.8259,70.1551,93.9961,5.00,3.00,2.00,0.0771,0.1502,0.0633,1,0.136782
5,0.5800,8.1200,51.3800,-19.5600,0.1734,0.3132,0.2557,0.1000,0.4000,0.8000,-3.1717,3.3989,0.0402,1.0833,0.1096,2.1382,-3.1717,2.7789,0.0402,1.0833,0.1096,2.1382,38.8571,221.7143,373.7143,6.7363,69.4514,95.5649,5.00,3.00,2.00,0.0751,0.1472,0.0654,1,0.137402
5,0.6000,8.4000,51.6000,-19.2000,0.1711,0.3111,0.2604,0.1000,0.4000,0.8000,-3.1500,3.4000,0.0829,1.0833,0.0000,2.1382,-3.1500,2.7800,0.0829,1.0833,0.0000,2.1382,38.8571,221.7143,373.7143,6.6504,68.9805,97.3113,5.00,3.00,2.00,0.0732,0.1452,0.0678,1,0.138354
5,0.6200,8.6800,51.8200,-18.8400,0.1691,0.3101,0.2654,0.1000,0.4000,0.8000,-3.1283,3.3989,0.1257,1.0833,-0.1096,2.1382,-3.1283,2.7789,0.1257,1.0833,-0.1096,2.1382,38.8571,221.7143,373.7143,6.5694,68.7530,99.2011,5.00,3.00,2.00,0.0715,0.1442,0.0705,1,0.139619
5,0.6400,8.9600,52.0400,-18.4800,0.1671,0.3102,0.2708,0.1000,0.4000,0.8000,-3.1067,3.3956,0.1685,1.0833,-0.2189,2.1382,-3.1067,2.7756,0.1685,1.0833,-0.2189,2.1382,38.8571,221.7143,373.7143,6.4946,68.7739,101.1973,5.00,3.00,2.00,0.0698,0.1443,0.0733,1,0.141173
5,0.6600,9.2400,52.2600,-18.1200,0.1654,0.3114,0.2763,0.1000,0.4000,0.8000,-3.0850,3.3902,0.2112,1.0833,-0.3276,2.1382,-3.0850,2.7702,0.2112,1.0833,-0.3276,2.1382,38.8571,221.7143,373.7143,6.4269,69.0429,103.2609,5.00,3.00,2.00,0.0684,0.1455,0.0763,1,0.142985
5,0.6800,9.5200,52.4800,-17.7600,0.1639,0.3137,0.2819,0.1000,0.4000,0.8000,-3.0633,3.3825,0.2540,1.0833,-0.4354,2.1382,-3.0633,2.7625,0.2540,1.0833,-0.4354,2.1382,38.8571,221.7143,373.7143,6.3674,69.5538,105.3514,5.00,3.00,2.00,0.0671,0.1476,0.0795,1,0.145018
5,0.7000,9.8000,52.7000,-17.4000,0.1626,0.3171,0.2875,0.1000,0.4000,0.8000,-3.0417,3.3727,0.2968,1.0833,-0.5421,2.1382,-3.0417,2.7527,0.2968,1.0833,-0.5421,2.1382,38.8571,221.7143,373.7143,6.3169,70.2952,107.4281,5.00,3.00,2.00,0.0661,0.1508,0.0826,1,0.147232
5,0.7200,10.0800,52.9200,-17.0400,0.1615,0.3214,0.2929,0.1000,0.4000,0.8000,-3.0200,3.3608,0.3395,1.0833,-0.6472,2.1382,-3.0200,2.7408,0.3395,1.0833,-0.6472,2.1382,38.8571,221.7143,373.7143,6.2762,71.2505,109.4502,5.00,3.00,2.00,0.0652,0.1549,0.0858,1,0.149582
5,0.7400,10.3600,53.1400,-16.6800,0.1607,0.3265,0.2980,0.1000,0.4000,0.8000,-2.9983,3.3469,0.3823,1.0833,-0.7506,2.1382,-2.9983,2.7269,0.3823,1.0833,-0.7506,2.1382,38.8571,221.7143,373.7143,6.2458,72.3981,111.3781,5.00,3.00,2.00,0.0646,0.1599,0.0888,1,0.152018
5,0.7600,10.6400,53.3600,-16.3200,0.1602,0.3325,0.3028,0.1000,0.4000,0.8000,-2.9767,3.3308,0.4251,1.0833,-0.8519,2.1382,-2.9767,2.7108,0.4251,1.0833,-0.8519,2.1382,38.8571,221.7143,373.7143,6.2261,73.7124,113.1743,5.00,3.00,2.00,0.0642,0.1658,0.0917,1,0.154490
5,0.7800,10.9200,53.5800,-15.9600,0.1600,0.3390,0.3072,0.1000,0.4000,0.8000,-2.9550,3.3128,0.4678,1.0833,-0.9508,2.1382,-2.9550,2.6928,0.4678,1.0833,-0.9508,2.1382,38.8571,221.7143,373.7143,6.2176,75.1638,114.8034,5.00,3.00,2.00,0.0640,0.1724,0.0944,1,0.156948
5,0.8000,11.2000,53.8000,-15.6000,0.1601,0.3460,0.3110,0.1000,0.4000,0.8000,-2.9333,3.2928,0.5106,1.0833,-1.0472,2.1382,-2.9333,2.6728,0.5106,1.0833,-1.0472,2.1382,38.8571,221.7143,373.7143,6.2201,76.7196,116.2336,5.00,3.00,2.00,0.0641,0.1796,0.0967,1,0.159339
5,0.8200,11.4800,54.0200,-15.2400,0.1604,0.3534,0.3142,0.1000,0.4000,0.8000,-2.9117,3.2709,0.5534,1.0833,-1.1407,2.1382,-2.9117,2.6509,0.5534,1.0833,-1.1407,2.1382,38.8571,221.7143,373.7143,6.2338,78.3450,117.4370,5.00,3.00,2.00,0.0643,0.1873,0.0987,1,0.161613
5,0.8400,11.7600,54.2400,-14.8800,0.1611,0.3608,0.3168,0.1000,0.4000,0.8000,-2.8900,3.2472,0.5961,1.0833,-1.2311,2.1382,-2.8900,2.6272,0.5961,1.0833,-1.2311,2.1382,38.8571,221.7143,373.7143,6.2585,80.0035,118.3899,5.00,3.00,2.00,0.0649,0.1953,0.1004,1,0.163722
5,0.8600,12.0400,54.4600,-14.5200,0.1620,0.3683,0.3186,0.1000,0.4000,0.8000,-2.8683,3.2217,0.6389,1.0833,-1.3180,2.1382,-2.8683,2.6017,0.6389,1.0833,-1.3180,2.1382,38.8571,221.7143,373.7143,6.2937,81.6578,119.0738,5.00,3.00,2.00,0.0656,0.2035,0.1015,1,0.165620
5,0.8800,12.3200,54.6800,-14.1600,0.1631,0.3756,0.3197,0.1000,0.4000,0.8000,-2.8467,3.1945,0.6816,1.0833,-1.4014,2.1382,-2.8467,2.5745,0.6816,1.0833,-1.4014,2.1382,38.8571,221.7143,373.7143,6.3390,83.2708,119.4753,5.00,3.00,2.00,0.0665,0.2116,0.1022,1,0.167268
5,0.9000,0.0000,54.9000,-13.8000,0.0100,0.3825,0.3200,0.0000,0.4000,0.8000,-2.8250,3.1657,0.7244,1.0833,-1.4810,2.1382,-2.8250,2.5457,0.7244,1.0833,-1.4810,2.1382,0.0000,221.7143,373.7143,0.0000,84.8062,119.5865,5.00,3.00,2.00,0.0003,0.2195,0.1024,1,0.163514
5,0.9200,0.0000,55.1200,-13.4400,0.0100,0.3889,0.3195,0.0000,0.4000,0.8000,-2.8033,3.1353,0.7672,1.0833,-1.5564,2.1382,-2.8033,2.5153,0.7672,1.0833,-1.5564,2.1382,0.0000,221.7143,373.7143,0.0000,86.2296,119.4051,5.00,3.00,2.00,0.0003,0.2269,0.1021,1,0.164508
5,0.9400,0.0000,55.3400,-13.0800,0.0100,0.3947,0.3183,0.0000,0.4000,0.8000,-2.7817,3.1035,0.8099,1.0833,-1.6277,2.1382,-2.7817,2.4835,0.8099,1.0833,-1.6277,2.1382,0.0000,221.7143,373.7143,0.0000,87.5089,118.9349,5.00,3.00,2.00,0.0003,0.2337,0.1013,1,0.165155
5,0.9600,0.0000,55.5600,-30.0000,0.0100,0.3997,0.0200,0.0000,0.4000,0.0000,-2.7600,3.0702,0.8527,1.0833,-1.6944,2.1382,-2.7600,2.4502,0.8527,1.0833,-1.6944,2.1382,0.0000,221.7143,0.0000,0.0000,88.6155,0.0000,5.00,3.00,2.00,0.0003,0.2396,0.0004,1,0.070892
5,0.9800,0.0000,55.7800,-30.0000,0.0100,0.4038,0.0200,0.0000,0.4000,0.0000,-2.7383,3.0357,0.8955,1.0833,-1.7565,2.1382,-2.7383,2.4157,0.8955,1.0833,-1.7565,2.1382,0.0000,221.7143,0.0000,0.0000,89.5245,0.0000,5.00,3.00,2.00,0.0003,0.2446,0.0004,1,0.071620
5,1.0000,0.0000,45.0000,-30.0000,0.0100,0.0200,0.0200,0.0000,0.0000,0.0000,-2.7167,3.0000,0.9382,1.0833,-1.8138,2.1382,-2.7167,2.3800,0.9382,1.0833,-1.8138,2.1382,0.0000,0.0000,0.0000,0.0000,0.0000,0.0000,5.00,3.00,2.00,0.0003,0.0006,0.0004,1,0.000000
5,1.0200,0.0000,45.0000,-30.0000,0.0100,0.0200,0.0200,0.0000,0.0000,0.0000,-2.6950,2.9632,0.9810,1.0833,-1.8661,2.1382,-2.6950,2.3432,0.9810,1.0833,-1.8661,2.1382,0.0000,0.0000,0.0000,0.0000,0.0000,0.0000,5.00,3.00,2.00,0.0003,0.0006,0.0004,1,0.000000
5,1.0400,0.0000,45.0000,-30.0000,0.0100,0.0200,0.0200,0.0000,0.0000,0.0000,-2.6733,2.9254,1.0238,1.0833,-1.9133,2.1382,-2.6733,2.3054,1.0238,1.0833,-1.9133,2.1382,0.0000,0.0000,0.0000,0.0000,0.0000,0.0000,5.00,3.00,2.00,0.0003,0.0006,0.0004,1,0.000000
5,1.0600,0.0000,45.0000,-30.0000,0.0100,0.0200,0.0200,0.0000,0.0000,0.0000,-2.6517,2.8867,1.0665,1.0833,-1.9553,2.1382,-2.6517,2.2667,1.0665,1.0833,-1.9553,2.1382,0.0000,0.0000,0.0000,0.0000,0.0000,0.0000,5.00,3.00,2.00,0.0003,0.0006,0.0004,1,0.000000
5,1.0800,0.0000,45.0000,-30.0000,0.0100,0.0200,0.0200,0.0000,0.0000,0.0000,-2.6300,2.8472,1.1093,1.0833,-1.9919,2.1382,-2.6300,2.2272,1.1093,1.0833,-1.9919,2.1382,0.0000,0.0000,0.0000,0.0000,0.0000,0.0000,5.00,3.00,2.00,0.0003,0.0006,0.0004,1,0.000000
5,1.1000,0.0000,45.0000,-30.0000,0.0100,0.0200,0.0200,0.0000,0.0000,0.0000,-2.6083,2.8071,1.1521,1.0833,-2.0230,2.1382,-2.6083,2.1871,1.1521,1.0833,-2.0230,2.1382,0.0000,0.0000,0.0000,0.0000,0.0000,0.0000,5.00,3.00,2.00,0.0003,0.0006,0.0004,1,0.000000
5,1.1200,0.0000,45.0000,-30.0000,0.0100,0.0200,0.0200,0.0000,0.0000,0.0000,-2.5867,2.7663,1.1948,1.0833,-2.0486,2.1382,-2.5867,2.1463,1.1948,1.0833,-2.0486,2.1382,0.0000,0.0000,0.0000,0.0000,0.0000,0.0000,5.00,3.00,2.00,0.0003,0.0006,0.0004,1,0.000000
5,1.1400,0.0000,45.0000,-30.0000,0.0100,0.0200,0.0200,0.0000,0.0000,0.0000,-2.5650,2.7251,1.2376,1.0833,-2.0686,2.1382,-2.3375,0.7358,1.2086,-0.0968,-0.1421,0.0558,0.0000,0.0000,0.0000,0.0000,0.0000,0.0000,5.00,3.00,2.00,0.0003,0.0006,0.0004,0,0.000000
5,1.1600,0.0000,45.0000,-30.0000,0.0100,0.0200,0.0200,0.0000,0.0000,0.0000,-2.5433,2.6836,1.2804,1.0833,-2.0829,2.1382,-2.6224,0.7138,1.2946,0.0511,-0.0711,0.0500,0.0000,0.0000,0.0000,0.0000,0.0000,0.0000,5.00,3.00,2.00,0.0003,0.0006,0.0004,0,0.000000
5,1.1800,0.0000,45.0000,-30.0000,0.0100,0.0200,0.0200,0.0000,0.0000,0.0000,-2.5217,2.6419,1.3231,1.0833,-2.0915,2.1382,-2.3948,0.7359,1.4704,-0.1083,-0.0780,-0.0332,0.0000,0.0000,0.0000,0.0000,0.0000,0.0000,5.00,3.00,2.00,0.0003,0.0006,0.0004,0,0.000000
5,1.2000,0.0000,45.0000,-30.0000,0.0100,0.0200,0.0200,0.0000,0.0000,0.0000,-2.5000,2.6000,1.3659,0.0000,0.0000,0.0000,-2.5168,0.6986,1.2767,0.0742,-0.0615,-0.0230,0.0000,0.0000,0.0000,0.0000,0.0000,0.0000,5.00,3.00,2.00,0.0003,0.0006,0.0004,0,0.000000
5,1.2200,0.0000,45.0000,-30.0000,0.0100,0.0200,0.0200,0.0000,0.0000,0.0000,-2.5000,2.6000,1.3659,0.0000,0.0000,0.0000,-2.5289,0.7277,1.3305,-0.0980,-0.1791,0.0191,0.0000,0.0000,0.0000,0.0000,0.0000,0.0000,5.00,3.00,2.00,0.0003,0.0006,0.0004,0,0.000000
5,1.2400,0.0000,45.0000,-30.0000,0.0100,0.0200,0.0200,0.0000,0.0000,0.0000,-2.5000,2.6000,1.3659,0.0000,0.0000,0.0000,-2.4044,0.7211,1.4713,0.0487,0.0152,0.0189,0.0000,0.0000,0.0000,0.0000,0.0000,0.0000,5.00,3.00,2.00,0.0003,0.0006,0.0004,0,0.000000
5,1.2600,0.0000,45.0000,-30.0000,0.0100,0.0200,0.0200,0.0000,0.0000,0.0000,-2.5000,2.6000,1.3659,0.0000,0.0000,0.0000,-2.4036,0.7171,1.4367,0.0549,-0.1208,-0.0395,0.0000,0.0000,0.0000,0.0000,0.0000,0.0000,5.00,3.00,2.00,0.0003,0.0006,0.0004,0,0.000000
5,1.2800,0.0000,45.0000,-30.0000,0.0100,0.0200,0.0200,0.0000,0.0000,0.0000,-2.5000,2.6000,1.3659,0.0000,0.0000,0.0000,-2.4335,0.7180,1.4290,0.0693,-0.0875,-0.0823,0.0000,0.0000,0.0000,0.0000,0.0000,0.0000,5.00,3.00,2.00,0.0003,0.0006,0.0004,0,0.000000
5,1.3000,0.0000,45.0000,-30.0000,0.0100,0.0200,0.0200,0.0000,0.0000,0.0000,-2.5000,2.6000,1.3659,0.0000,0.0000,0.0000,-2.4472,0.7320,1.4360,0.0229,0.0245,-0.0681,0.0000,0.0000,0.0000,0.0000,0.0000,0.0000,5.00,3.00,2.00,0.0003,0.0006,0.0004,0,0.000000
5,1.3200,0.0000,45.0000,-30.0000,0.0100,0.0200,0.0200,0.0000,0.0000,0.0000,-2.5000,2.6000,1.3659,0.0000,0.0000,0.0000,-2.4257,0.7109,1.3194,0.0181,-0.0085,0.0205,0.0000,0.0000,0.0000,0.0000,0.0000,0.0000,5.00,3.00,2.00,0.0003,0.0006,0.0004,0,0.000000
5,1.3400,0.0000,45.0000,-30.0000,0.0100,0.0200,0.0200,0.0000,0.0000,0.0000,-2.5000,2.6000,1.3659,0.0000,0.0000,0.0000,-2.5234,0.7100,1.3487,0.0221,-0.0047,-0.0537,0.0000,0.0000,0.0000,0.0000,0.0000,0.0000,5.00,3.00,2.00,0.0003,0.0006,0.0004,0,0.000000
5,1.3600,0.0000,45.0000,-30.0000,0.0100,0.0200,0.0200,0.0000,0.0000,0.0000,-2.5000,2.6000,1.3659,0.0000,0.0000,0.0000,-2.4702,0.7121,1.4149,-0.0246,-0.0705,-0.0400,0.0000,0.0000,0.0000,0.0000,0.0000,0.0000,5.00,3.00,2.00,0.0003,0.0006,0.0004,0,0.000000
5,1.3800,0.0000,45.0000,-30.0000,0.0100,0.0200,0.0200,0.0000,0.0000,0.0000,-2.5000,2.6000,1.3659,0.0000,0.0000,0.0000,-2.4955,0.7223,1.4025,0.0331,0.0127,-0.0308,0.0000,0.0000,0.0000,0.0000,0.0000,0.0000,5.00,3.00,2.00,0.0003,0.0006,0.0004,0,0.000000
5,1.4000,0.0000,45.0000,-30.0000,0.0100,0.0200,0.0200,0.0000,0.0000,0.0000,-2.5000,2.6000,1.3659,0.0000,0.0000,0.0000,-2.4931,0.7196,1.3554,-0.0095,-0.0386,-0.0262,0.0000,0.0000,0.0000,0.0000,0.0000,0.0000,5.00,3.00,2.00,0.0003,0.0006,0.0004,0,0.000000
5,1.4200,0.0000,45.0000,-30.0000,0.0100,0.0200,0.0200,0.0000,0.0000,0.0000,-2.5000,2.6000,1.3659,0.0000,0.0000,0.0000,-2.4881,0.7175,1.3677,0.0197,-0.0027,0.0125,0.0000,0.0000,0.0000,0.0000,0.0000,0.0000,5.00,3.00,2.00,0.0003,0.0006,0.0004,0,0.000000
5,1.4400,0.0000,45.0000,-30.0000,0.0100,0.0200,0.0200,0.0000,0.0000,0.0000,-2.5000,2.6000,1.3659,0.0000,0.0000,0.0000,-2.5046,0.7187,1.3719,-0.0111,-0.0122,-0.0132,0.0000,0.0000,0.0000,0.0000,0.0000,0.0000,5.00,3.00,2.00,0.0003,0.0006,0.0004,0,0.000000
5,1.4600,0.0000,45.0000,-30.0000,0.0100,0.0200,0.0200,0.0000,0.0000,0.0000,-2.5000,2.6000,1.3659,0.0000,0.0000,0.0000,-2.4919,0.7188,1.3688,0.0046,-0.0111,-0.0050,0.0000,0.0000,0.0000,0.0000,0.0000,0.0000,5.00,3.00,2.00,0.0003,0.0006,0.0004,0,0.000000
5,1.4800,0.0000,45.0000,-30.0000,0.0100,0.0200,0.0200,0.0000,0.0000,0.0000,-2.5000,2.6000,1.3659,0.0000,0.0000,0.0000,-2.5000,0.7200,1.3659,0.0000,0.0000,0.0000,0.0000,0.0000,0.0000,0.0000,0.0000,0.0000,5.00,3.00,2.00,0.0003,0.0006,0.0004,0,0.000000
5,1.5000,0.0000,45.0000,-30.0000,0.0100,0.0200,0.0200,0.0000,0.0000,0.0000,-2.5000,2.6000,1.3659,0.0000,0.0000,0.0000,-2.4936,0.7214,1.3724,0.0070,0.0131,0.0034,0.0000,0.0000,0.0000,0.0000,0.0000,0.0000,5.00,3.00,2.00,0.0003,0.0006,0.0004,0,0.000000
6,0.0200,1.1200,45.5500,-30.2700,0.1824,0.3675,0.3196,0.4000,1.0000,-0.6000,-3.7750,2.6419,-1.1512,1.2500,2.0915,2.4401,-2.3775,0.7485,1.8416,-0.0690,0.0471,0.0143,154.5143,551.1429,278.7429,28.1825,202.5295,89.0886,5.00,3.00,2.00,0.0832,0.2026,0.1021,0,0.255841
6,0.0400,2.2400,46.1000,-30.5400,0.1848,0.3748,0.3184,0.4000,1.0000,-0.6000,-3.7500,2.6836,-1.1024,1.2500,2.0829,2.4401,-2.2964,0.7413,1.6663,-0.1023,0.0105,0.0977,154.5143,551.1429,278.7429,28.5471,206.5551,88.7635,5.00,3.00,2.00,0.0853,0.2107,0.1014,0,0.259093
6,0.0600,3.3600,46.6500,-30.8100,0.1870,0.3817,0.3165,0.4000,1.0000,-0.6000,-3.7250,2.7251,-1.0536,1.2500,2.0686,2.4401,-2.3186,0.7126,1.6110,0.0782,0.0469,0.1028,154.5143,551.1429,278.7429,28.9012,210.3978,88.2287,5.00,3.00,2.00,0.0875,0.2186,0.1002,0,0.262022
6,0.0800,4.4800,47.2000,-31.0800,0.1892,0.3882,0.3139,0.4000,1.0000,-0.6000,-3.7000,2.7663,-1.0048,1.2500,2.0486,2.4401,-2.3059,0.7386,1.6583,-0.0996,-0.1721,0.0644,154.5143,551.1429,278.7429,29.2396,213.9714,87.4947,5.00,3.00,2.00,0.0895,0.2261,0.0985,0,0.264564
6,0.1000,5.6000,47.7500,-31.3500,0.1913,0.3941,0.3106,0.4000,1.0000,-0.6000,-3.6750,2.8071,-0.9560,1.2500,2.0230,2.4401,-2.3589,0.7445,1.5979,-0.0977,-0.0362,0.0635,154.5143,551.1429,278.7429,29.5575,217.1954,86.5758,5.00,3.00,2.00,0.0915,0.2330,0.0965,0,0.266663
6,0.1200,6.7200,48.3000,-31.6200,0.1932,0.3992,0.3067,0.4000,1.0000,-0.6000,-3.6500,2.8472,-0.9072,1.2500,1.9919,2.4401,-2.2728,0.7083,1.6392,-0.0435,0.0150,-0.0028,154.5143,551.1429,278.7429,29.8503,219.9977,85.4900,5.00,3.00,2.00,0.0933,0.2390,0.0941,0,0.268270
6,0.1400,7.8400,48.8500,-31.8900,0.1949,0.4034,0.3023,0.4000,1.0000,-0.6000,-3.6250,2.8867,-0.8584,1.2500,1.9553,2.4401,-2.3756,0.7282,1.6032,-0.1203,-0.1703,-0.0565,154.5143,551.1429,278.7429,30.1137,222.3151,84.2586,5.00,3.00,2.00,0.0950,0.2441,0.0914,0,0.269350
6,0.1600,8.9600,49.4000,-32.1600,0.1964,0.4066,0.2974,0.4000,1.0000,-0.6000,-3.6000,2.9254,-0.8096,1.2500,1.9133,2.4401,-2.1657,0.7463,1.7899,0.1336,-0.1475,0.0691,154.5143,551.1429,278.7429,30.3441,224.0958,82.9057,5.00,3.00,2.00,0.0964,0.2480,0.0885,0,0.269876
6,0.1800,10.0800,49.9500,-32.4300,0.1976,0.4088,0.2922,0.4000,1.0000,-0.6000,-3.5750,2.9632,-0.7608,1.2500,1.8661,2.4401,-2.4147,0.7152,1.5762,-0.0505,-0.0712,-0.0782,154.5143,551.1429,278.7429,30.5381,225.2996,81.4578,5.00,3.00,2.00,0.0977,0.2507,0.0854,0,0.269836
6,0.2000,11.2000,50.5000,-32.7000,0.1986,0.4099,0.2868,0.4000,1.0000,-0.6000,-3.5500,3.0000,-0.7120,1.2500,1.8138,2.4401,-2.1234,0.6970,1.8058,-0.1199,0.0301,-0.1255,154.5143,551.1429,278.7429,30.6928,225.8995,79.9431,5.00,3.00,2.00,0.0986,0.2520,0.0823,0,0.269228
6,0.2200,12.3200,51.0500,-32.9700,0.1994,0.4098,0.2812,0.4000,1.0000,-0.6000,-3.5250,3.0357,-0.6632,1.2500,1.7565,2.4401,-2.3326,0.7101,1.5995,0.0349,-0.0749,0.0188,154.5143,551.1429,278.7429,30.8062,225.8822,78.3913,5.00,3.00,2.00,0.0994,0.2520,0.0791,0,0.268064
6,0.2400,13.4400,51.6000,-33.2400,0.1998,0.4087,0.2756,0.4000,1.0000,-0.6000,-3.5000,3.0702,-0.6144,1.2500,1.6944,2.4401,-2.2738,0.6956,1.7259,0.0552,-0.1088,-0.0443,154.5143,551.1429,278.7429,30.8765,225.2479,76.8328,5.00,3.00,2.00,0.0998,0.2505,0.0760,0,0.266366
6,0.2600,14.5600,52.1500,-33.5100,0.2000,0.4064,0.2701,0.4000,1.0000,-0.6000,-3.4750,3.1035,-0.5656,1.2500,1.6277,2.4401,-2.2317,0.7131,1.7443,0.1482,-0.1615,-0.0536,154.5143,551.1429,278.7429,30.9027,224.0109,75.2981,5.00,3.00,2.00,0.1000,0.2478,0.0730,0,0.264169
6,0.2800,15.6800,52.7000,-33.7800,0.1999,0.4032,0.2648,0.4000,1.0000,-0.6000,-3.4500,3.1353,-0.5168,1.2500,1.5564,2.4401,-2.4644,0.7135,1.7524,-0.0277,0.0479,-0.0620,154.5143,551.1429,278.7429,30.8844,222.1990,73.8172,5.00,3.00,2.00,0.0999,0.2438,0.0701,0,0.261521
6,0.3000,16.8000,53.2500,-34.0500,0.1995,0.3989,0.2598,0.4000,1.0000,-0.6000,-3.4250,3.1657,-0.4680,1.2500,1.4810,2.4401,-2.2518,0.7046,1.8037,-0.1459,-0.1407,0.0800,154.5143,551.1429,278.7429,30.8220,219.8529,72.4191,5.00,3.00,2.00,0.0995,0.2387,0.0675,0,0.258475
6,0.3200,17.9200,53.8000,-34.3200,0.1988,0.3938,0.2552,0.4000,1.0000,-0.6000,-3.4000,3.1945,-0.4192,1.2500,1.4014,2.4401,-2.2011,0.7014,1.8014,-0.1287,-0.0431,0.1290,154.5143,551.1429,278.7429,30.7163,217.0253,71.1311,5.00,3.00,2.00,0.0988,0.2326,0.0651,0,0.255098
6,0.3400,19.0400,54.3500,-34.5900,0.1978,0.3879,0.2511,0.4000,1.0000,-0.6000,-3.3750,3.2217,-0.3704,1.2500,1.3180,2.4401,-2.4191,0.7054,1.6759,-0.1174,-0.1383,-0.0755,154.5143,551.1429,278.7429,30.5689,213.7796,69.9785,5.00,3.00,2.00,0.0979,0.2257,0.0630,0,0.251462
6,0.3600,5.0400,54.9000,-34.8600,0.1966,0.3814,0.2475,0.1000,1.0000,-0.6000,-3.3500,3.2472,-0.3216,1.2500,1.2311,2.4401,-2.3948,0.7198,1.8898,0.0677,-0.0575,-0.0866,38.6286,551.1429,278.7429,7.5954,210.1888,68.9838,5.00,3.00,2.00,0.0967,0.2182,0.0612,0,0.229414
6,0.3800,5.3200,55.4500,-35.1300,0.1952,0.3744,0.2445,0.1000,1.0000,-0.6000,-3.3250,3.2709,-0.2728,1.2500,1.1407,2.4401,-2.2300,0.7498,1.8439,-0.0317,-0.2329,0.0128,38.6286,551.1429,278.7429,7.5394,206.3335,68.1665,5.00,3.00,2.00,0.0952,0.2102,0.0598,0,0.225632
6,0.4000,5.6000,56.0000,-35.4000,0.1935,0.3671,0.2423,0.1000,1.0000,-0.6000,-3.3000,3.2928,-0.2239,1.2500,1.0472,2.4401,-2.2948,0.6901,1.6715,0.1048,0.0448,-0.0481,38.6286,551.1429,278.7429,7.4750,202.3003,67.5425,5.00,3.00,2.00,0.0936,0.2021,0.0587,0,0.221854
6,0.4200,5.8800,56.5500,-35.6700,0.1916,0.3596,0.2408,0.1000,1.0000,-0.6000,-3.2750,3.3128,-0.1751,1.2500,0.9508,2.4401,-2.1730,0.7236,1.8105,0.0682,0.0228,-0.0657,38.6286,551.1429,278.7429,7.4030,198.1797,67.1241,5.00,3.00,2.00,0.0918,0.1939,0.0580,0,0.218165
6,0.4400,6.1600,57.1000,-22.0800,0.1896,0.3521,0.2401,0.1000,1.0000,0.8000,-3.2500,3.3308,-0.1263,1.2500,0.8519,2.4401,-3.2500,2.7108,-0.1263,1.2500,0.8519,2.4401,38.6286,551.1429,371.6571,7.3246,194.0644,89.2259,5.00,3.00,2.00,0.0899,0.1860,0.0576,1,0.232492
6,0.4600,6.4400,57.6500,-21.7200,0.1874,0.3448,0.2401,0.1000,1.0000,0.8000,-3.2250,3.3469,-0.0775,1.2500,0.7506,2.4401,-3.2250,2.7269,-0.0775,1.2500,0.7506,2.4401,38.6286,551.1429,371.6571,7.2408,190.0467,89.2434,5.00,3.00,2.00,0.0878,0.1784,0.0577,1,0.229225
6,0.4800,6.7200,58.2000,-21.3600,0.1852,0.3379,0.2410,0.1000,1.0000,0.8000,-3.2000,3.3608,-0.0287,1.2500,0.6472,2.4401,-3.2000,2.7408,-0.0287,1.2500,0.6472,2.4401,38.6286,551.1429,371.6571,7.1529,186.2168,89.5509,5.00,3.00,2.00,0.0857,0.1712,0.0581,1,0.226337
6,0.5000,7.0000,50.5000,-21.0000,0.1828,0.3314,0.2425,0.1000,0.4000,0.8000,-3.1750,3.3727,0.0201,1.2500,0.5421,2.4401,-3.1750,2.7527,0.0201,1.2500,0.5421,2.4401,38.6286,220.4571,371.6571,7.0622,73.0643,90.1424,5.00,3.00,2.00,0.0836,0.1648,0.0588,1,0.136215
6,0.5200,7.2800,50.7200,-20.6400,0.1804,0.3256,0.2449,0.1000,0.4000,0.8000,-3.1500,3.3825,0.0689,1.2500,0.4354,2.4401,-3.1500,2.7625,0.0689,1.2500,0.4354,2.4401,38.6286,220.4571,371.6571,6.9698,71.7834,91.0063,5.00,3.00,2.00,0.0814,0.1590,0.0600,1,0.135808
6,0.5400,7.5600,50.9400,-20.2800,0.1780,0.3206,0.2479,0.1000,0.4000,0.8000,-3.1250,3.3902,0.1177,1.2500,0.3276,2.4401,-3.1250,2.7702,0.1177,1.2500,0.3276,2.4401,38.6286,220.4571,371.6571,6.8772,70.6728,92.1257,5.00,3.00,2.00,0.0792,0.1542,0.0614,1,0.135741
6,0.5600,7.8400,51.1600,-19.9200,0.1757,0.3164,0.2515,0.1000,0.4000,0.8000,-3.1000,3.3956,0.1665,1.2500,0.2189,2.4401,-3.1000,2.7756,0.1665,1.2500,0.2189,2.4401,38.6286,220.4571,371.6571,6.7857,69.7573,93.4787,5.00,3.00,2.00,0.0771,0.1502,0.0633,1,0.136017
6,0.5800,8.1200,51.3800,-19.5600,0.1734,0.3132,0.2557,0.1000,0.4000,0.8000,-3.0750,3.3989,0.2153,1.2500,0.1096,2.4401,-3.0750,2.7789,0.2153,1.2500,0.1096,2.4401,38.6286,220.4571,371.6571,6.6967,69.0576,95.0389,5.00,3.00,2.00,0.0751,0.1472,0.0654,1,0.136635
6,0.6000,8.4000,51.6000,-19.2000,0.1711,0.3111,0.2604,0.1000,0.4000,0.8000,-3.0500,3.4000,0.2641,1.2500,0.0000,2.4401,-3.0500,2.7800,0.2641,1.2500,0.0000,2.4401,38.6286,220.4571,371.6571,6.6113,68.5894,96.7756,5.00,3.00,2.00,0.0732,0.1452,0.0678,1,0.137581
6,0.6200,8.6800,51.8200,-18.8400,0.1691,0.3101,0.2654,0.1000,0.4000,0.8000,-3.0250,3.3989,0.3129,1.2500,-0.1096,2.4401,-3.0250,2.7789,0.3129,1.2500,-0.1096,2.4401,38.6286,220.4571,371.6571,6.5308,68.3632,98.6550,5.00,3.00,2.00,0.0715,0.1442,0.0705,1,0.138839
6,0.6400,8.9600,52.0400,-18.4800,0.1671,0.3102,0.2708,0.1000,0.4000,0.8000,-3.0000,3.3956,0.3617,1.2500,-0.2189,2.4401,-3.0000,2.7756,0.3617,1.2500,-0.2189,2.4401,38.6286,220.4571,371.6571,6.4564,68.3840,100.6403,5.00,3.00,2.00,0.0698,0.1443,0.0733,1,0.140384
6,0.6600,9.2400,52.2600,-18.1200,0.1654,0.3114,0.2763,0.1000,0.4000,0.8000,-2.9750,3.3902,0.4105,1.2500,-0.3276,2.4401,-2.9750,2.7702,0.4105,1.2500,-0.3276,2.4401,38.6286,220.4571,371.6571,6.3891,68.6514,102.6925,5.00,3.00,2.00,0.0684,0.1455,0.0763,1,0.142186
6,0.6800,9.5200,52.4800,-17.7600,0.1639,0.3137,0.2819,0.1000,0.4000,0.8000,-2.9500,3.3825,0.4593,1.2500,-0.4354,2.4401,-2.9500,2.7625,0.4593,1.2500,-0.4354,2.4401,38.6286,220.4571,371.6571,6.3300,69.1594,104.7715,5.00,3.00,2.00,0.0671,0.1476,0.0795,1,0.144209
6,0.7000,9.8000,52.7000,-17.4000,0.1626,0.3171,0.2875,0.1000,0.4000,0.8000,-2.9250,3.3727,0.5081,1.2500,-0.5421,2.4401,-2.9250,2.7527,0.5081,1.2500,-0.5421,2.4401,38.6286,220.4571,371.6571,6.2798,69.8967,106.8367,5.00,3.00,2.00,0.0661,0.1508,0.0826,1,0.146411
6,0.7200,10.0800,52.9200,-17.0400,0.1615,0.3214,0.2929,0.1000,0.4000,0.8000,-2.9000,3.3608,0.5569,1.2500,-0.6472,2.4401,-2.9000,2.7408,0.5569,1.2500,-0.6472,2.4401,38.6286,220.4571,371.6571,6.2393,70.8465,108.8477,5.00,3.00,2.00,0.0652,0.1549,0.0858,1,0.148747
6,0.7400,10.3600,53.1400,-16.6800,0.1607,0.3265,0.2980,0.1000,0.4000,0.8000,-2.8750,3.3469,0.6057,1.2500,-0.7506,2.4401,-2.8750,2.7269,0.6057,1.2500,-0.7506,2.4401,38.6286,220.4571,371.6571,6.2091,71.9876,110.7651,5.00,3.00,2.00,0.0646,0.1599,0.0888,1,0.151169
6,0.7600,10.6400,53.3600,-16.3200,0.1602,0.3325,0.3028,0.1000,0.4000,0.8000,-2.8500,3.3308,0.6545,1.2500,-0.8519,2.4401,-2.8500,2.7108,0.6545,1.2500,-0.8519,2.4401,38.6286,220.4571,371.6571,6.1895,73.2944,112.5513,5.00,3.00,2.00,0.0642,0.1658,0.0917,1,0.153628
6,0.7800,10.9200,53.5800,-15.9600,0.1600,0.3390,0.3072,0.1000,0.4000,0.8000,-2.8250,3.3128,0.7033,1.2500,-0.9508,2.4401,-2.8250,2.6928,0.7033,1.2500,-0.9508,2.4401,38.6286,220.4571,371.6571,6.1810,74.7376,114.1714,5.00,3.00,2.00,0.0640,0.1724,0.0944,1,0.156072
6,0.8000,11.2000,53.8000,-15.6000,0.1601,0.3460,0.3110,0.1000,0.4000,0.8000,-2.8000,3.2928,0.7521,1.2500,-1.0472,2.4401,-2.8000,2.6728,0.7521,1.2500,-1.0472,2.4401,38.6286,220.4571,371.6571,6.1835,76.2846,115.5938,5.00,3.00,2.00,0.0641,0.1796,0.0967,1,0.158450
6,0.8200,11.4800,54.0200,-15.2400,0.1604,0.3534,0.3142,0.1000,0.4000,0.8000,-2.7750,3.2709,0.8009,1.2500,-1.1407,2.4401,-2.7750,2.6509,0.8009,1.2500,-1.1407,2.4401,38.6286,220.4571,371.6571,6.1972,77.9008,116.7905,5.00,3.00,2.00,0.0643,0.1873,0.0987,1,0.160711
6,0.8400,11.7600,54.2400,-14.8800,0.1611,0.3608,0.3168,0.1000,0.4000,0.8000,-2.7500,3.2472,0.8497,1.2500,-1.2311,2.4401,-2.7500,2.6272,0.8497,1.2500,-1.2311,2.4401,38.6286,220.4571,371.6571,6.2217,79.5499,117.7382,5.00,3.00,2.00,0.0649,0.1953,0.1004,1,0.162808
6,0.8600,12.0400,54.4600,-14.5200,0.1620,0.3683,0.3186,0.1000,0.4000,0.8000,-2.7250,3.2217,0.8985,1.2500,-1.3180,2.4401,-2.7250,2.6017,0.8985,1.2500,-1.3180,2.4401,38.6286,220.4571,371.6571,6.2567,81.1948,118.4184,5.00,3.00,2.00,0.0656,0.2035,0.1015,1,0.164696
6,0.8800,12.3200,54.6800,-14.1600,0.1631,0.3756,0.3197,0.1000,0.4000,0.8000,-2.7000,3.1945,0.9473,1.2500,-1.4014,2.4401,-2.7000,2.5745,0.9473,1.2500,-1.4014,2.4401,38.6286,220.4571,371.6571,6.3017,82.7986,118.8176,5.00,3.00,2.00,0.0665,0.2116,0.1022,1,0.166334
6,0.9000,0.0000,54.9000,-13.8000,0.0100,0.3825,0.3200,0.0000,0.4000,0.8000,-2.6750,3.1657,0.9961,1.2500,-1.4810,2.4401,-2.6750,2.5457,0.9961,1.2500,-1.4810,2.4401,0.0000,220.4571,371.6571,0.0000,84.3253,118.9282,5.00,3.00,2.00,0.0003,0.2195,0.1024,1,0.162603
6,0.9200,0.0000,55.1200,-13.4400,0.0100,0.3889,0.3195,0.0000,0.4000,0.8000,-2.6500,3.1353,1.0449,1.2500,-1.5564,2.4401,-2.6500,2.5153,1.0449,1.2500,-1.5564,2.4401,0.0000,220.4571,371.6571,0.0000,85.7406,118.7479,5.00,3.00,2.00,0.0003,0.2269,0.1021,1,0.163591
6,0.9400,0.0000,55.3400,-13.0800,0.0100,0.3947,0.3183,0.0000,0.4000,0.8000,-2.6250,3.1035,1.0937,1.2500,-1.6277,2.4401,-2.6250,2.4835,1.0937,1.2500,-1.6277,2.4401,0.0000,220.4571,371.6571,0.0000,87.0127,118.2802,5.00,3.00,2.00,0.0003,0.2337,0.1013,1,0.164234
6,0.9600,0.0000,55.5600,-30.0000,0.0100,0.3997,0.0200,0.0000,0.4000,0.0000,-2.6000,3.0702,1.1425,1.2500,-1.6944,2.4401,-2.6000,2.4502,1.1425,1.2500,-1.6944,2.4401,0.0000,220.4571,0.0000,0.0000,88.1131,0.0000,5.00,3.00,2.00,0.0003,0.2396,0.0004,1,0.070490
6,0.9800,0.0000,55.7800,-30.0000,0.0100,0.4038,0.0200,0.0000,0.4000,0.0000,-2.5750,3.0357,1.1913,1.2500,-1.7565,2.4401,-2.5750,2.4157,1.1913,1.2500,-1.7565,2.4401,0.0000,220.4571,0.0000,0.0000,89.0169,0.0000,5.00,3.00,2.00,0.0003,0.2446,0.0004,1,0.071214
6,1.0000,0.0000,45.0000,-30.0000,0.0100,0.0200,0.0200,0.0000,0.0000,0.0000,-2.5500,3.0000,1.2401,1.2500,-1.8138,2.4401,-2.5500,2.3800,1.2401,1.2500,-1.8138,2.4401,0.0000,0.0000,0.0000,0.0000,0.0000,0.0000,5.00,3.00,2.00,0.0003,0.0006,0.0004,1,0.000000
6,1.0200,0.0000,45.0000,-30.0000,0.0100,0.0200,0.0200,0.0000,0.0000,0.0000,-2.5250,2.9632,1.2889,1.2500,-1.8661,2.4401,-2.5250,2.3432,1.2889,1.2500,-1.8661,2.4401,0.0000,0.0000,0.0000,0.0000,0.0000,0.0000,5.00,3.00,2.00,0.0003,0.0006,0.0004,1,0.000000
6,1.0400,0.0000,45.0000,-30.0000,0.0100,0.0200,0.0200,0.0000,0.0000,0.0000,-2.5000,2.9254,1.3377,1.2500,-1.9133,2.4401,-2.5000,2.3054,1.3377,1.2500,-1.9133,2.4401,0.0000,0.0000,0.0000,0.0000,0.0000,0.0000,5.00,3.00,2.00,0.0003,0.0006,0.0004,1,0.000000
6,1.0600,0.0000,45.0000,-30.0000,0.0100,0.0200,0.0200,0.0000,0.0000,0.0000,-2.4750,2.8867,1.3865,1.2500,-1.9553,2.4401,-2.4750,2.2667,1.3865,1.2500,-1.9553,2.4401,0.0000,0.0000,0.0000,0.0000,0.0000,0.0000,5.00,3.00,2.00,0.0003,0.0006,0.0004,1,0.000000
6,1.0800,0.0000,45.0000,-30.0000,0.0100,0.0200,0.0200,0.0000,0.0000,0.0000,-2.4500,2.8472,1.4353,1.2500,-1.9919,2.4401,-2.4500,2.2272,1.4353,1.2500,-1.9919,2.4401,0.0000,0.0000,0.0000,0.0000,0.0000,0.0000,5.00,3.00,2.00,0.0003,0.0006,0.0004,1,0.000000
6,1.1000,0.0000,45.0000,-30.0000,0.0100,0.0200,0.0200,0.0000,0.0000,0.0000,-2.4250,2.8071,1.4841,1.2500,-2.0230,2.4401,-2.4250,2.1871,1.4841,1.2500,-2.0230,2.4401,0.0000,0.0000,0.0000,0.0000,0.0000,0.0000,5.00,3.00,2.00,0.0003,0.0006,0.0004,1,0.000000
6,1.1200,0.0000,45.0000,-30.0000,0.0100,0.0200,0.0200,0.0000,0.0000,0.0000,-2.4000,2.7663,1.5329,1.2500,-2.0486,2.4401,-2.4000,2.1463,1.5329,1.2500,-2.0486,2.4401,0.0000,0.0000,0.0000,0.0000,0.0000,0.0000,5.00,3.00,2.00,0.0003,0.0006,0.0004,1,0.000000
6,1.1400,0.0000,45.0000,-30.0000,0.0100,0.0200,0.0200,0.0000,0.0000,0.0000,-2.3750,2.7251,1.5817,1.2500,-2.0686,2.4401,-2.2494,0.7267,1.7944,0.0325,-0.0024,-0.1308,0.0000,0.0000,0.0000,0.0000,0.0000,0.0000,5.00,3.00,2.00,0.0003,0.0006,0.0004,0,0.000000
6,1.1600,0.0000,45.0000,-30.0000,0.0100,0.0200,0.0200,0.0000,0.0000,0.0000,-2.3500,2.6836,1.6306,1.2500,-2.0829,2.4401,-2.1508,0.7432,1.5741,-0.0483,-0.1766,-0.0011,0.0000,0.0000,0.0000,0.0000,0.0000,0.0000,5.00,3.00,2.00,0.0003,0.0006,0.0004,0,0.000000
6,1.1800,0.0000,45.0000,-30.0000,0.0100,0.0200,0.0200,0.0000,0.0000,0.0000,-2.3250,2.6419,1.6794,1.2500,-2.0915,2.4401,-2.3467,0.7404,1.7588,-0.0004,-0.1286,-0.0330,0.0000,0.0000,0.0000,0.0000,0.0000,0.0000,5.00,3.00,2.00,0.0003,0.0006,0.0004,0,0.000000
6,1.2000,0.0000,45.0000,-30.0000,0.0100,0.0200,0.0200,0.0000,0.0000,0.0000,-2.3000,2.6000,1.7282,0.0000,0.0000,0.0000,-2.1754,0.7144,1.6253,-0.0791,-0.0646,0.0438,0.0000,0.0000,0.0000,0.0000,0.0000,0.0000,5.00,3.00,2.00,0.0003,0.0006,0.0004,0,0.000000
6,1.2200,0.0000,45.0000,-30.0000,0.0100,0.0200,0.0200,0.0000,0.0000,0.0000,-2.3000,2.6000,1.7282,0.0000,0.0000,0.0000,-2.2773,0.7122,1.6694,-0.1050,-0.1251,0.0678,0.0000,0.0000,0.0000,0.0000,0.0000,0.0000,5.00,3.00,2.00,0.0003,0.0006,0.0004,0,0.000000
6,1.2400,0.0000,45.0000,-30.0000,0.0100,0.0200,0.0200,0.0000,0.0000,0.0000,-2.3000,2.6000,1.7282,0.0000,0.0000,0.0000,-2.2953,0.7204,1.7493,0.0336,-0.1513,-0.0954,0.0000,0.0000,0.0000,0.0000,0.0000,0.0000,5.00,3.00,2.00,0.0003,0.0006,0.0004,0,0.000000
6,1.2600,0.0000,45.0000,-30.0000,0.0100,0.0200,0.0200,0.0000,0.0000,0.0000,-2.3000,2.6000,1.7282,0.0000,0.0000,0.0000,-2.2964,0.7046,1.6559,0.0519,-0.0743,-0.0692,0.0000,0.0000,0.0000,0.0000,0.0000,0.0000,5.00,3.00,2.00,0.0003,0.0006,0.0004,0,0.000000
6,1.2800,0.0000,45.0000,-30.0000,0.0100,0.0200,0.0200,0.0000,0.0000,0.0000,-2.3000,2.6000,1.7282,0.0000,0.0000,0.0000,-2.2952,0.7098,1.7943,0.0578,-0.0547,-0.0709,0.0000,0.0000,0.0000,0.0000,0.0000,0.0000,5.00,3.00,2.00,0.0003,0.0006,0.0004,0,0.000000
6,1.3000,0.0000,45.0000,-30.0000,0.0100,0.0200,0.0200,0.0000,0.0000,0.0000,-2.3000,2.6000,1.7282,0.0000,0.0000,0.0000,-2.2573,0.7156,1.6814,-0.0209,-0.0077,0.0043,0.0000,0.0000,0.0000,0.0000,0.0000,0.0000,5.00,3.00,2.00,0.0003,0.0006,0.0004,0,0.000000
6,1.3200,0.0000,45.0000,-30.0000,0.0100,0.0200,0.0200,0.0000,0.0000,0.0000,-2.3000,2.6000,1.7282,0.0000,0.0000,0.0000,-2.3563,0.7197,1.6581,-0.0657,-0.1075,0.0007,0.0000,0.0000,0.0000,0.0000,0.0000,0.0000,5.00,3.00,2.00,0.0003,0.0006,0.0004,0,0.000000
6,1.3400,0.0000,45.0000,-30.0000,0.0100,0.0200,0.0200,0.0000,0.0000,0.0000,-2.3000,2.6000,1.7282,0.0000,0.0000,0.0000,-2.2630,0.7305,1.7531,-0.0343,-0.0040,0.0189,0.0000,0.0000,0.0000,0.0000,0.0000,0.0000,5.00,3.00,2.00,0.0003,0.0006,0.0004,0,0.000000
6,1.3600,0.0000,45.0000,-30.0000,0.0100,0.0200,0.0200,0.0000,0.0000,0.0000,-2.3000,2.6000,1.7282,0.0000,0.0000,0.0000,-2.2511,0.7235,1.7679,0.0079,0.0149,-0.0261,0.0000,0.0000,0.0000,0.0000,0.0000,0.0000,5.00,3.00,2.00,0.0003,0.0006,0.0004,0,0.000000
6,1.3800,0.0000,45.0000,-30.0000,0.0100,0.0200,0.0200,0.0000,0.0000,0.0000,-2.3000,2.6000,1.7282,0.0000,0.0000,0.0000,-2.3304,0.7144,1.7734,-0.0408,-0.0164,-0.0116,0.0000,0.0000,0.0000,0.0000,0.0000,0.0000,5.00,3.00,2.00,0.0003,0.0006,0.0004,0,0.000000
6,1.4000,0.0000,45.0000,-30.0000,0.0100,0.0200,0.0200,0.0000,0.0000,0.0000,-2.3000,2.6000,1.7282,0.0000,0.0000,0.0000,-2.2714,0.7232,1.7534,-0.0200,-0.0370,0.0268,0.0000,0.0000,0.0000,0.0000,0.0000,0.0000,5.00,3.00,2.00,0.0003,0.0006,0.0004,0,0.000000
6,1.4200,0.0000,45.0000,-30.0000,0.0100,0.0200,0.0200,0.0000,0.0000,0.0000,-2.3000,2.6000,1.7282,0.0000,0.0000,0.0000,-2.2956,0.7166,1.7418,-0.0220,-0.0157,0.0044,0.0000,0.0000,0.0000,0.0000,0.0000,0.0000,5.00,3.00,2.00,0.0003,0.0006,0.0004,0,0.000000
6,1.4400,0.0000,45.0000,-30.0000,0.0100,0.0200,0.0200,0.0000,0.0000,0.0000,-2.3000,2.6000,1.7282,0.0000,0.0000,0.0000,-2.2816,0.7201,1.7103,0.0056,-0.0272,-0.0008,0.0000,0.0000,0.0000,0.0000,0.0000,0.0000,5.00,3.00,2.00,0.0003,0.0006,0.0004,0,0.000000
6,1.4600,0.0000,45.0000,-30.0000,0.0100,0.0200,0.0200,0.0000,0.0000,0.0000,-2.3000,2.6000,1.7282,0.0000,0.0000,0.0000,-2.3011,0.7194,1.7261,-0.0055,0.0018,0.0055,0.0000,0.0000,0.0000,0.0000,0.0000,0.0000,5.00,3.00,2.00,0.0003,0.0006,0.0004,0,0.000000
6,1.4800,0.0000,45.0000,-30.0000,0.0100,0.0200,0.0200,0.0000,0.0000,0.0000,-2.3000,2.6000,1.7282,0.0000,0.0000,0.0000,-2.3000,0.7200,1.7282,0.0000,0.0000,0.0000,0.0000,0.0000,0.0000,0.0000,0.0000,0.0000,5.00,3.00,2.00,0.0003,0.0006,0.0004,0,0.000000
6,1.5000,0.0000,45.0000,-30.0000,0.0100,0.0200,0.0200,0.0000,0.0000,0.0000,-2.3000,2.6000,1.7282,0.0000,0.0000,0.0000,-2.3015,0.7212,1.7211,-0.0033,0.0114,0.0036,0.0000,0.0000,0.0000,0.0000,0.0000,0.0000,5.00,3.00,2.00,0.0003,0.0006,0.0004,0,0.000000
7,0.0200,1.1200,45.5500,-30.2700,0.1824,0.3675,0.3196,0.4000,1.0000,-0.6000,-3.7717,2.6419,-1.1476,1.4167,2.0915,2.6182,-2.0316,0.7239,2.0041,0.0830,-0.0601,0.0422,153.6000,548.0000,277.2000,28.0158,201.3746,88.5955,5.00,3.00,2.00,0.0832,0.2026,0.1021,0,0.254389
7,0.0400,2.2400,46.1000,-30.5400,0.1848,0.3748,0.3184,0.4000,1.0000,-0.6000,-3.7433,2.6836,-1.0953,1.4167,2.0829,2.6182,-1.9437,0.7409,1.8181,-0.0772,-0.0646,-0.0083,153.6000,548.0000,277.2000,28.3782,205.3773,88.2722,5.00,3.00,2.00,0.0853,0.2107,0.1014,0,0.257622
7,0.0600,3.3600,46.6500,-30.8100,0.1870,0.3817,0.3165,0.4000,1.0000,-0.6000,-3.7150,2.7251,-1.0429,1.4167,2.0686,2.6182,-2.2128,0.7218,1.8135,-0.0075,-0.0802,-0.0543,153.6000,548.0000,277.2000,28.7302,209.1981,87.7403,5.00,3.00,2.00,0.0875,0.2186,0.1002,0,0.260535
7,0.0800,4.4800,47.2000,-31.0800,0.1892,0.3882,0.3139,0.4000,1.0000,-0.6000,-3.6867,2.7663,-0.9905,1.4167,2.0486,2.6182,-1.9326,0.7313,2.0502,0.1459,0.0369,-0.1141,153.6000,548.0000,277.2000,29.0666,212.7512,87.0104,5.00,3.00,2.00,0.0895,0.2261,0.0985,0,0.263063
7,0.1000,5.6000,47.7500,-31.3500,0.1913,0.3941,0.3106,0.4000,1.0000,-0.6000,-3.6583,2.8071,-0.9382,1.4167,2.0230,2.6182,-2.0895,0.7243,2.1196,-0.1178,-0.1053,-0.0355,153.6000,548.0000,277.2000,29.3826,215.9569,86.0966,5.00,3.00,2.00,0.0915,0.2330,0.0965,0,0.265149
7,0.1200,6.7200,48.3000,-31.6200,0.1932,0.3992,0.3067,0.4000,1.0000,-0.6000,-3.6300,2.8472,-0.8858,1.4167,1.9919,2.6182,-2.0142,0.7056,1.8912,0.0797,0.0430,-0.0139,153.6000,548.0000,277.2000,29.6736,218.7432,85.0168,5.00,3.00,2.00,0.0933,0.2390,0.0941,0,0.266747
7,0.1400,7.8400,48.8500,-31.8900,0.1949,0.4034,0.3023,0.4000,1.0000,-0.6000,-3.6017,2.8867,-0.8335,1.4167,1.9553,2.6182,-1.9906,0.7300,2.0084,0.0766,-0.1796,-0.1228,153.6000,548.0000,277.2000,29.9355,221.0474,83.7923,5.00,3.00,2.00,0.0950,0.2441,0.0914,0,0.267820
7,0.1600,8.9600,49.4000,-32.1600,0.1964,0.4066,0.2974,0.4000,1.0000,-0.6000,-3.5733,2.9254,-0.7811,1.4167,1.9133,2.6182,-2.0380,0.6900,1.9563,0.1200,-0.0056,0.0406,153.6000,548.0000,277.2000,30.1646,222.8179,82.4468,5.00,3.00,2.00,0.0964,0.2480,0.0885,0,0.268343
7,0.1800,10.0800,49.9500,-32.4300,0.1976,0.4088,0.2922,0.4000,1.0000,-0.6000,-3.5450,2.9632,-0.7287,1.4167,1.8661,2.6182,-2.1085,0.6961,1.9678,0.0095,-0.0292,-0.0115,153.6000,548.0000,277.2000,30.3574,224.0148,81.0069,5.00,3.00,2.00,0.0977,0.2507,0.0854,0,0.268303
7,0.2000,11.2000,50.5000,-32.7000,0.1986,0.4099,0.2868,0.4000,1.0000,-0.6000,-3.5167,3.0000,-0.6764,1.4167,1.8138,2.6182,-2.1052,0.7322,1.9809,0.0160,-0.1757,-0.1315,153.6000,548.0000,277.2000,30.5112,224.6114,79.5006,5.00,3.00,2.00,0.0986,0.2520,0.0823,0,0.267699
7,0.2200,12.3200,51.0500,-32.9700,0.1994,0.4098,0.2812,0.4000,1.0000,-0.6000,-3.4883,3.0357,-0.6240,1.4167,1.7565,2.6182,-2.0472,0.7396,1.8936,0.0824,-0.0987,-0.0426,153.6000,548.0000,277.2000,30.6239,224.5941,77.9574,5.00,3.00,2.00,0.0994,0.2520,0.0791,0,0.266540
7,0.2400,13.4400,51.6000,-33.2400,0.1998,0.4087,0.2756,0.4000,1.0000,-0.6000,-3.4600,3.0702,-0.5716,1.4167,1.6944,2.6182,-2.2394,0.7153,1.9608,0.0570,-0.0486,0.1196,153.6000,548.0000,277.2000,30.6938,223.9634,76.4076,5.00,3.00,2.00,0.0998,0.2505,0.0760,0,0.264852
7,0.2600,14.5600,52.1500,-33.5100,0.2000,0.4064,0.2701,0.4000,1.0000,-0.6000,-3.4317,3.1035,-0.5193,1.4167,1.6277,2.6182,-2.0518,0.7026,1.9250,0.0631,-0.1558,0.1368,153.6000,548.0000,277.2000,30.7198,222.7335,74.8813,5.00,3.00,2.00,0.1000,0.2478,0.0730,0,0.262668
7,0.2800,15.6800,52.7000,-33.7800,0.1999,0.4032,0.2648,0.4000,1.0000,-0.6000,-3.4033,3.1353,-0.4669,1.4167,1.5564,2.6182,-2.0714,0.7278,2.0342,-0.0424,-0.0607,-0.0357,153.6000,548.0000,277.2000,30.7017,220.9319,73.4086,5.00,3.00,2.00,0.0999,0.2438,0.0701,0,0.260034
7,0.3000,16.8000,53.2500,-34.0500,0.1995,0.3989,0.2598,0.4000,1.0000,-0.6000,-3.3750,3.1657,-0.4146,1.4167,1.4810,2.6182,-1.9886,0.7024,1.9505,0.1193,-0.1660,-0.0681,153.6000,548.0000,277.2000,30.6397,218.5992,72.0183,5.00,3.00,2.00,0.0995,0.2387,0.0675,0,0.257006
7,0.3200,17.9200,53.8000,-34.3200,0.1988,0.3938,0.2552,0.4000,1.0000,-0.6000,-3.3467,3.1945,-0.3622,1.4167,1.4014,2.6182,-1.9758,0.7050,1.9129,0.0370,-0.2174,-0.0276,153.6000,548.0000,277.2000,30.5346,215.7877,70.7374,5.00,3.00,2.00,0.0988,0.2326,0.0651,0,0.253648
7,0.3400,19.0400,54.3500,-34.5900,0.1978,0.3879,0.2511,0.4000,1.0000,-0.6000,-3.3183,3.2217,-0.3098,1.4167,1.3180,2.6182,-2.0191,0.7438,1.9404,-0.0953,-0.0139,-0.0319,153.6000,548.0000,277.2000,30.3880,212.5605,69.5912,5.00,3.00,2.00,0.0979,0.2257,0.0630,0,0.250032
7,0.3600,5.0400,54.9000,-34.8600,0.1966,0.3814,0.2475,0.1000,1.0000,-0.6000,-3.2900,3.2472,-0.2575,1.4167,1.2311,2.6182,-2.2503,0.7372,1.9167,0.0521,0.0194,0.0078,38.4000,548.0000,277.2000,7.5505,208.9902,68.6020,5.00,3.00,2.00,0.0967,0.2182,0.0612,0,0.228114
7,0.3800,5.3200,55.4500,-35.1300,0.1952,0.3744,0.2445,0.1000,1.0000,-0.6000,-3.2617,3.2709,-0.2051,1.4167,1.1407,2.6182,-2.2770,0.7365,1.9021,0.0458,0.0422,0.0355,38.4000,548.0000,277.2000,7.4948,205.1569,67.7892,5.00,3.00,2.00,0.0952,0.2102,0.0598,0,0.224353
7,0.4000,5.6000,56.0000,-35.4000,0.1935,0.3671,0.2423,0.1000,1.0000,-0.6000,-3.2333,3.2928,-0.1527,1.4167,1.0472,2.6182,-2.1703,0.7073,1.8322,0.1455,0.0396,-0.0606,38.4000,548.0000,277.2000,7.4308,201.1467,67.1686,5.00,3.00,2.00,0.0936,0.2021,0.0587,0,0.220597
7,0.4200,5.8800,56.5500,-35.6700,0.1916,0.3596,0.2408,0.1000,1.0000,-0.6000,-3.2050,3.3128,-0.1004,1.4167,0.9508,2.6182,-1.9799,0.7029,1.8126,-0.0661,0.0034,-0.0238,38.4000,548.0000,277.2000,7.3592,197.0496,66.7525,5.00,3.00,2.00,0.0918,0.1939,0.0580,0,0.216929
7,0.4400,6.1600,57.1000,-22.0800,0.1896,0.3521,0.2401,0.1000,1.0000,0.8000,-3.1767,3.3308,-0.0480,1.4167,0.8519,2.6182,-3.1767,2.7108,-0.0480,1.4167,0.8519,2.6182,38.4000,548.0000,369.6000,7.2813,192.9578,88.7320,5.00,3.00,2.00,0.0899,0.1860,0.0576,1,0.231177
7,0.4600,6.4400,57.6500,-21.7200,0.1874,0.3448,0.2401,0.1000,1.0000,0.8000,-3.1483,3.3469,0.0044,1.4167,0.7506,2.6182,-3.1483,2.7269,0.0044,1.4167,0.7506,2.6182,38.4000,548.0000,369.6000,7.1980,188.9630,88.7494,5.00,3.00,2.00,0.0878,0.1784,0.0577,1,0.227928
7,0.4800,6.7200,58.2000,-21.3600,0.1852,0.3379,0.2410,0.1000,1.0000,0.8000,-3.1200,3.3608,0.0567,1.4167,0.6472,2.6182,-3.1200,2.7408,0.0567,1.4167,0.6472,2.6182,38.4000,548.0000,369.6000,7.1106,185.1549,89.0552,5.00,3.00,2.00,0.0857,0.1712,0.0581,1,0.225057
7,0.5000,7.0000,50.5000,-21.0000,0.1828,0.3314,0.2425,0.1000,0.4000,0.8000,-3.0917,3.3727,0.1091,1.4167,0.5421,2.6182,-3.0917,2.7527,0.1091,1.4167,0.5421,2.6182,38.4000,219.2000,369.6000,7.0204,72.6477,89.6434,5.00,3.00,2.00,0.0836,0.1648,0.0588,1,0.135449
7,0.5200,7.2800,50.7200,-20.6400,0.1804,0.3256,0.2449,0.1000,0.4000,0.8000,-3.0633,3.3825,0.1614,1.4167,0.4354,2.6182,-3.0633,2.7625,0.1614,1.4167,0.4354,2.6182,38.4000,219.2000,369.6000,6.9286,71.3741,90.5025,5.00,3.00,2.00,0.0814,0.1590,0.0600,1,0.135044
7,0.5400,7.5600,50.9400,-20.2800,0.1780,0.3206,0.2479,0.1000,0.4000,0.8000,-3.0350,3.3902,0.2138,1.4167,0.3276,2.6182,-3.0350,2.7702,0.2138,1.4167,0.3276,2.6182,38.4000,219.2000,369.6000,6.8365,70.2698,91.6158,5.00,3.00,2.00,0.0792,0.1542,0.0614,1,0.134978
7,0.5600,7.8400,51.1600,-19.9200,0.1757,0.3164,0.2515,0.1000,0.4000,0.8000,-3.0067,3.3956,0.2662,1.4167,0.2189,2.6182,-3.0067,2.7756,0.2662,1.4167,0.2189,2.6182,38.4000,219.2000,369.6000,6.7456,69.3595,92.9613,5.00,3.00,2.00,0.0771,0.1502,0.0633,1,0.135253
7,0.5800,8.1200,51.3800,-19.5600,0.1734,0.3132,0.2557,0.1000,0.4000,0.8000,-2.9783,3.3989,0.3185,1.4167,0.1096,2.6182,-2.9783,2.7789,0.3185,1.4167,0.1096,2.6182,38.4000,219.2000,369.6000,6.6570,68.6638,94.5128,5.00,3.00,2.00,0.0751,0.1472,0.0654,1,0.135867
7,0.6000,8.4000,51.6000,-19.2000,0.1711,0.3111,0.2604,0.1000,0.4000,0.8000,-2.9500,3.4000,0.3709,1.4167,0.0000,2.6182,-2.9500,2.7800,0.3709,1.4167,0.0000,2.6182,38.4000,219.2000,369.6000,6.5721,68.1983,96.2400,5.00,3.00,2.00,0.0732,0.1452,0.0678,1,0.136808
7,0.6200,8.6800,51.8200,-18.8400,0.1691,0.3101,0.2654,0.1000,0.4000,0.8000,-2.9217,3.3989,0.4233,1.4167,-0.1096,2.6182,-2.9217,2.7789,0.4233,1.4167,-0.1096,2.6182,38.4000,219.2000,369.6000,6.4921,67.9733,98.1090,5.00,3.00,2.00,0.0715,0.1442,0.0705,1,0.138060
7,0.6400,8.9600,52.0400,-18.4800,0.1671,0.3102,0.2708,0.1000,0.4000,0.8000,-2.8933,3.3956,0.4756,1.4167,-0.2189,2.6182,-2.8933,2.7756,0.4756,1.4167,-0.2189,2.6182,38.4000,219.2000,369.6000,6.4182,67.9940,100.0832,5.00,3.00,2.00,0.0698,0.1443,0.0733,1,0.139596
7,0.6600,9.2400,52.2600,-18.1200,0.1654,0.3114,0.2763,0.1000,0.4000,0.8000,-2.8650,3.3902,0.5280,1.4167,-0.3276,2.6182,-2.8650,2.7702,0.5280,1.4167,-0.3276,2.6182,38.4000,219.2000,369.6000,6.3513,68.2599,102.1241,5.00,3.00,2.00,0.0684,0.1455,0.0763,1,0.141388
7,0.6800,9.5200,52.4800,-17.7600,0.1639,0.3137,0.2819,0.1000,0.4000,0.8000,-2.8367,3.3825,0.5804,1.4167,-0.4354,2.6182,-2.8367,2.7625,0.5804,1.4167,-0.4354,2.6182,38.4000,219.2000,369.6000,6.2925,68.7651,104.1916,5.00,3.00,2.00,0.0671,0.1476,0.0795,1,0.143399
7,0.7000,9.8000,52.7000,-17.4000,0.1626,0.3171,0.2875,0.1000,0.4000,0.8000,-2.8083,3.3727,0.6327,1.4167,-0.5421,2.6182,-2.8083,2.7527,0.6327,1.4167,-0.5421,2.6182,38.4000,219.2000,369.6000,6.2426,69.4981,106.2454,5.00,3.00,2.00,0.0661,0.1508,0.0826,1,0.145589
7,0.7200,10.0800,52.9200,-17.0400,0.1615,0.3214,0.2929,0.1000,0.4000,0.8000,-2.7800,3.3608,0.6851,1.4167,-0.6472,2.6182,-2.7800,2.7408,0.6851,1.4167,-0.6472,2.6182,38.4000,219.2000,369.6000,6.2024,70.4425,108.2452,5.00,3.00,2.00,0.0652,0.1549,0.0858,1,0.147912
7,0.7400,10.3600,53.1400,-16.6800,0.1607,0.3265,0.2980,0.1000,0.4000,0.8000,-2.7517,3.3469,0.7374,1.4167,-0.7506,2.6182,-2.7517,2.7269,0.7374,1.4167,-0.7506,2.6182,38.4000,219.2000,369.6000,6.1723,71.5771,110.1520,5.00,3.00,2.00,0.0646,0.1599,0.0888,1,0.150321
7,0.7600,10.6400,53.3600,-16.3200,0.1602,0.3325,0.3028,0.1000,0.4000,0.8000,-2.7233,3.3308,0.7898,1.4167,-0.8519,2.6182,-2.7233,2.7108,0.7898,1.4167,-0.8519,2.6182,38.4000,219.2000,369.6000,6.1529,72.8765,111.9283,5.00,3.00,2.00,0.0642,0.1658,0.0917,1,0.152766
7,0.7800,10.9200,53.5800,-15.9600,0.1600,0.3390,0.3072,0.1000,0.4000,0.8000,-2.6950,3.3128,0.8422,1.4167,-0.9508,2.6182,-2.6950,2.6928,0.8422,1.4167,-0.9508,2.6182,38.4000,219.2000,369.6000,6.1444,74.3114,113.5395,5.00,3.00,2.00,0.0640,0.1724,0.0944,1,0.155196
7,0.8000,11.2000,53.8000,-15.6000,0.1601,0.3460,0.3110,0.1000,0.4000,0.8000,-2.6667,3.2928,0.8945,1.4167,-1.0472,2.6182,-2.6667,2.6728,0.8945,1.4167,-1.0472,2.6182,38.4000,219.2000,369.6000,6.1469,75.8496,114.9540,5.00,3.00,2.00,0.0641,0.1796,0.0967,1,0.157560
7,0.8200,11.4800,54.0200,-15.2400,0.1604,0.3534,0.3142,0.1000,0.4000,0.8000,-2.6383,3.2709,0.9469,1.4167,-1.1407,2.6182,-2.6383,2.6509,0.9469,1.4167,-1.1407,2.6182,38.4000,219.2000,369.6000,6.1605,77.4566,116.1441,5.00,3.00,2.00,0.0643,0.1873,0.0987,1,0.159809
7,0.8400,11.7600,54.2400,-14.8800,0.1611,0.3608,0.3168,0.1000,0.4000,0.8000,-2.6100,3.2472,0.9993,1.4167,-1.2311,2.6182,-2.6100,2.6272,0.9993,1.4167,-1.2311,2.6182,38.4000,219.2000,369.6000,6.1848,79.0963,117.0866,5.00,3.00,2.00,0.0649,0.1953,0.1004,1,0.161894
7,0.8600,12.0400,54.4600,-14.5200,0.1620,0.3683,0.3186,0.1000,0.4000,0.8000,-2.5817,3.2217,1.0516,1.4167,-1.3180,2.6182,-2.5817,2.6017,1.0516,1.4167,-1.3180,2.6182,38.4000,219.2000,369.6000,6.2197,80.7318,117.7629,5.00,3.00,2.00,0.0656,0.2035,0.1015,1,0.163772
7,0.8800,12.3200,54.6800,-14.1600,0.1631,0.3756,0.3197,0.1000,0.4000,0.8000,-2.5533,3.1945,1.1040,1.4167,-1.4014,2.6182,-2.5533,2.5745,1.1040,1.4167,-1.4014,2.6182,38.4000,219.2000,369.6000,6.2644,82.3265,118.1600,5.00,3.00,2.00,0.0665,0.2116,0.1022,1,0.165401
7,0.9000,0.0000,54.9000,-13.8000,0.0100,0.3825,0.3200,0.0000,0.4000,0.8000,-2.5250,3.1657,1.1563,1.4167,-1.4810,2.6182,-2.5250,2.5457,1.1563,1.4167,-1.4810,2.6182,0.0000,219.2000,369.6000,0.0000,83.8445,118.2699,5.00,3.00,2.00,0.0003,0.2195,0.1024,1,0.161692
7,0.9200,0.0000,55.1200,-13.4400,0.0100,0.3889,0.3195,0.0000,0.4000,0.8000,-2.4967,3.1353,1.2087,1.4167,-1.5564,2.6182,-2.4967,2.5153,1.2087,1.4167,-1.5564,2.6182,0.0000,219.2000,369.6000,0.0000,85.2517,118.0906,5.00,3.00,2.00,0.0003,0.2269,0.1021,1,0.162674
7,0.9400,0.0000,55.3400,-13.0800,0.0100,0.3947,0.3183,0.0000,0.4000,0.8000,-2.4683,3.1035,1.2611,1.4167,-1.6277,2.6182,-2.4683,2.4835,1.2611,1.4167,-1.6277,2.6182,0.0000,219.2000,369.6000,0.0000,86.5165,117.6255,5.00,3.00,2.00,0.0003,0.2337,0.1013,1,0.163314
7,0.9600,0.0000,55.5600,-30.0000,0.0100,0.3997,0.0200,0.0000,0.4000,0.0000,-2.4400,3.0702,1.3134,1.4167,-1.6944,2.6182,-2.4400,2.4502,1.3134,1.4167,-1.6944,2.6182,0.0000,219.2000,0.0000,0.0000,87.6106,0.0000,5.00,3.00,2.00,0.0003,0.2396,0.0004,1,0.070088
7,0.9800,0.0000,55.7800,-30.0000,0.0100,0.4038,0.0200,0.0000,0.4000,0.0000,-2.4117,3.0357,1.3658,1.4167,-1.7565,2.6182,-2.4117,2.4157,1.3658,1.4167,-1.7565,2.6182,0.0000,219.2000,0.0000,0.0000,88.5093,0.0000,5.00,3.00,2.00,0.0003,0.2446,0.0004,1,0.070807
7,1.0000,0.0000,45.0000,-30.0000,0.0100,0.0200,0.0200,0.0000,0.0000,0.0000,-2.3833,3.0000,1.4182,1.4167,-1.8138,2.6182,-2.3833,2.3800,1.4182,1.4167,-1.8138,2.6182,0.0000,0.0000,0.0000,0.0000,0.0000,0.0000,5.00,3.00,2.00,0.0003,0.0006,0.0004,1,0.000000
7,1.0200,0.0000,45.0000,-30.0000,0.0100,0.0200,0.0200,0.0000,0.0000,0.0000,-2.3550,2.9632,1.4705,1.4167,-1.8661,2.6182,-2.3550,2.3432,1.4705,1.4167,-1.8661,2.6182,0.0000,0.0000,0.0000,0.0000,0.0000,0.0000,5.00,3.00,2.00,0.0003,0.0006,0.0004,1,0.000000
7,1.0400,0.0000,45.0000,-30.0000,0.0100,0.0200,0.0200,0.0000,0.0000,0.0000,-2.3267,2.9254,1.5229,1.4167,-1.9133,2.6182,-2.3267,2.3054,1.5229,1.4167,-1.9133,2.6182,0.0000,0.0000,0.0000,0.0000,0.0000,0.0000,5.00,3.00,2.00,0.0003,0.0006,0.0004,1,0.000000
7,1.0600,0.0000,45.0000,-30.0000,0.0100,0.0200,0.0200,0.0000,0.0000,0.0000,-2.2983,2.8867,1.5753,1.4167,-1.9553,2.6182,-2.2983,2.2667,1.5753,1.4167,-1.9553,2.6182,0.0000,0.0000,0.0000,0.0000,0.0000,0.0000,5.00,3.00,2.00,0.0003,0.0006,0.0004,1,0.000000
7,1.0800,0.0000,45.0000,-30.0000,0.0100,0.0200,0.0200,0.0000,0.0000,0.0000,-2.2700,2.8472,1.6276,1.4167,-1.9919,2.6182,-2.2700,2.2272,1.6276,1.4167,-1.9919,2.6182,0.0000,0.0000,0.0000,0.0000,0.0000,0.0000,5.00,3.00,2.00,0.0003,0.0006,0.0004,1,0.000000
7,1.1000,0.0000,45.0000,-30.0000,0.0100,0.0200,0.0200,0.0000,0.0000,0.0000,-2.2417,2.8071,1.6800,1.4167,-2.0230,2.6182,-2.2417,2.1871,1.6800,1.4167,-2.0230,2.6182,0.0000,0.0000,0.0000,0.0000,0.0000,0.0000,5.00,3.00,2.00,0.0003,0.0006,0.0004,1,0.000000
7,1.1200,0.0000,45.0000,-30.0000,0.0100,0.0200,0.0200,0.0000,0.0000,0.0000,-2.2133,2.7663,1.7323,1.4167,-2.0486,2.6182,-2.2133,2.1463,1.7323,1.4167,-2.0486,2.6182,0.0000,0.0000,0.0000,0.0000,0.0000,0.0000,5.00,3.00,2.00,0.0003,0.0006,0.0004,1,0.000000
7,1.1400,0.0000,45.0000,-30.0000,0.0100,0.0200,0.0200,0.0000,0.0000,0.0000,-2.1850,2.7251,1.7847,1.4167,-2.0686,2.6182,-2.1072,0.6923,1.8062,-0.1288,0.0431,-0.0237,0.0000,0.0000,0.0000,0.0000,0.0000,0.0000,5.00,3.00,2.00,0.0003,0.0006,0.0004,0,0.000000
7,1.1600,0.0000,45.0000,-30.0000,0.0100,0.0200,0.0200,0.0000,0.0000,0.0000,-2.1567,2.6836,1.8371,1.4167,-2.0829,2.6182,-2.1129,0.7145,2.0513,-0.0365,-0.1485,0.0919,0.0000,0.0000,0.0000,0.0000,0.0000,0.0000,5.00,3.00,2.00,0.0003,0.0006,0.0004,0,0.000000
7,1.1800,0.0000,45.0000,-30.0000,0.0100,0.0200,0.0200,0.0000,0.0000,0.0000,-2.1283,2.6419,1.8894,1.4167,-2.0915,2.6182,-1.9649,0.7018,1.8844,0.1245,0.0140,0.0012,0.0000,0.0000,0.0000,0.0000,0.0000,0.0000,5.00,3.00,2.00,0.0003,0.0006,0.0004,0,0.000000
7,1.2000,0.0000,45.0000,-30.0000,0.0100,0.0200,0.0200,0.0000,0.0000,0.0000,-2.1000,2.6000,1.9418,0.0000,0.0000,0.0000,-1.9926,0.7056,1.8793,0.0704,-0.1201,0.0748,0.0000,0.0000,0.0000,0.0000,0.0000,0.0000,5.00,3.00,2.00,0.0003,0.0006,0.0004,0,0.000000
7,1.2200,0.0000,45.0000,-30.0000,0.0100,0.0200,0.0200,0.0000,0.0000,0.0000,-2.1000,2.6000,1.9418,0.0000,0.0000,0.0000,-2.1748,0.7304,2.0541,-0.0654,-0.1050,0.0156,0.0000,0.0000,0.0000,0.0000,0.0000,0.0000,5.00,3.00,2.00,0.0003,0.0006,0.0004,0,0.000000
7,1.2400,0.0000,45.0000,-30.0000,0.0100,0.0200,0.0200,0.0000,0.0000,0.0000,-2.1000,2.6000,1.9418,0.0000,0.0000,0.0000,-2.1594,0.7321,2.0478,-0.0980,-0.1277,0.0775,0.0000,0.0000,0.0000,0.0000,0.0000,0.0000,5.00,3.00,2.00,0.0003,0.0006,0.0004,0,0.000000
7,1.2600,0.0000,45.0000,-30.0000,0.0100,0.0200,0.0200,0.0000,0.0000,0.0000,-2.1000,2.6000,1.9418,0.0000,0.0000,0.0000,-2.1165,0.7370,2.0055,0.0867,-0.1174,0.0141,0.0000,0.0000,0.0000,0.0000,0.0000,0.0000,5.00,3.00,2.00,0.0003,0.0006,0.0004,0,0.000000
7,1.2800,0.0000,45.0000,-30.0000,0.0100,0.0200,0.0200,0.0000,0.0000,0.0000,-2.1000,2.6000,1.9418,0.0000,0.0000,0.0000,-2.0448,0.7347,1.8441,-0.0248,-0.1331,0.0550,0.0000,0.0000,0.0000,0.0000,0.0000,0.0000,5.00,3.00,2.00,0.0003,0.0006,0.0004,0,0.000000
7,1.3000,0.0000,45.0000,-30.0000,0.0100,0.0200,0.0200,0.0000,0.0000,0.0000,-2.1000,2.6000,1.9418,0.0000,0.0000,0.0000,-2.0119,0.7301,1.9104,0.0204,-0.0656,0.0228,0.0000,0.0000,0.0000,0.0000,0.0000,0.0000,5.00,3.00,2.00,0.0003,0.0006,0.0004,0,0.000000
7,1.3200,0.0000,45.0000,-30.0000,0.0100,0.0200,0.0200,0.0000,0.0000,0.0000,-2.1000,2.6000,1.9418,0.0000,0.0000,0.0000,-2.1570,0.7247,1.9725,-0.0293,-0.0001,-0.0339,0.0000,0.0000,0.0000,0.0000,0.0000,0.0000,5.00,3.00,2.00,0.0003,0.0006,0.0004,0,0.000000
7,1.3400,0.0000,45.0000,-30.0000,0.0100,0.0200,0.0200,0.0000,0.0000,0.0000,-2.1000,2.6000,1.9418,0.0000,0.0000,0.0000,-2.1022,0.7144,1.8785,-0.0268,-0.0843,-0.0031,0.0000,0.0000,0.0000,0.0000,0.0000,0.0000,5.00,3.00,2.00,0.0003,0.0006,0.0004,0,0.000000
7,1.3600,0.0000,45.0000,-30.0000,0.0100,0.0200,0.0200,0.0000,0.0000,0.0000,-2.1000,2.6000,1.9418,0.0000,0.0000,0.0000,-2.0517,0.7288,1.9947,-0.0079,-0.0260,0.0426,0.0000,0.0000,0.0000,0.0000,0.0000,0.0000,5.00,3.00,2.00,0.0003,0.0006,0.0004,0,0.000000
7,1.3800,0.0000,45.0000,-30.0000,0.0100,0.0200,0.0200,0.0000,0.0000,0.0000,-2.1000,2.6000,1.9418,0.0000,0.0000,0.0000,-2.0785,0.7268,1.9918,0.0166,-0.0673,-0.0102,0.0000,0.0000,0.0000,0.0000,0.0000,0.0000,5.00,3.00,2.00,0.0003,0.0006,0.0004,0,0.000000
7,1.4000,0.0000,45.0000,-30.0000,0.0100,0.0200,0.0200,0.0000,0.0000,0.0000,-2.1000,2.6000,1.9418,0.0000,0.0000,0.0000,-2.0753,0.7248,1.9582,-0.0265,-0.0416,0.0009,0.0000,0.0000,0.0000,0.0000,0.0000,0.0000,5.00,3.00,2.00,0.0003,0.0006,0.0004,0,0.000000
7,1.4200,0.0000,45.0000,-30.0000,0.0100,0.0200,0.0200,0.0000,0.0000,0.0000,-2.1000,2.6000,1.9418,0.0000,0.0000,0.0000,-2.1152,0.7212,1.9362,-0.0105,0.0016,0.0009,0.0000,0.0000,0.0000,0.0000,0.0000,0.0000,5.00,3.00,2.00,0.0003,0.0006,0.0004,0,0.000000
7,1.4400,0.0000,45.0000,-30.0000,0.0100,0.0200,0.0200,0.0000,0.0000,0.0000,-2.1000,2.6000,1.9418,0.0000,0.0000,0.0000,-2.1122,0.7176,1.9270,0.0015,-0.0115,0.0144,0.0000,0.0000,0.0000,0.0000,0.0000,0.0000,5.00,3.00,2.00,0.0003,0.0006,0.0004,0,0.000000
7,1.4600,0.0000,45.0000,-30.0000,0.0100,0.0200,0.0200,0.0000,0.0000,0.0000,-2.1000,2.6000,1.9418,0.0000,0.0000,0.0000,-2.0994,0.7200,1.9484,0.0006,-0.0064,-0.0068,0.0000,0.0000,0.0000,0.0000,0.0000,0.0000,5.00,3.00,2.00,0.0003,0.0006,0.0004,0,0.000000
7,1.4800,0.0000,45.0000,-30.0000,0.0100,0.0200,0.0200,0.0000,0.0000,0.0000,-2.1000,2.6000,1.9418,0.0000,0.0000,0.0000,-2.1000,0.7200,1.9418,0.0000,0.0000,0.0000,0.0000,0.0000,0.0000,0.0000,0.0000,0.0000,5.00,3.00,2.00,0.0003,0.0006,0.0004,0,0.000000
7,1.5000,0.0000,45.0000,-30.0000,0.0100,0.0200,0.0200,0.0000,0.0000,0.0000,-2.1000,2.6000,1.9418,0.0000,0.0000,0.0000,-2.1031,0.7202,1.9388,0.0031,0.0060,-0.0079,0.0000,0.0000,0.0000,0.0000,0.0000,0.0000,5.00,3.00,2.00,0.0003,0.0006,0.0004,0,0.000000
8,0.0200,1.1200,45.5500,-30.2700,0.1824,0.3675,0.3196,0.4000,1.0000,-0.6000,-3.7683,2.6419,-1.1467,1.5833,2.0915,2.6652,-1.8852,0.7129,1.8371,0.0105,-0.2428,-0.0017,152.6857,544.8571,275.6571,27.8490,200.2197,88.1024,5.00,3.00,2.00,0.0832,0.2026,0.1021,0,0.252937
8,0.0400,2.2400,46.1000,-30.5400,0.1848,0.3748,0.3184,0.4000,1.0000,-0.6000,-3.7367,2.6836,-1.0934,1.5833,2.0829,2.6652,-2.0561,0.7268,1.8453,-0.0230,-0.1824,-0.0214,152.6857,544.8571,275.6571,28.2093,204.1994,87.7809,5.00,3.00,2.00,0.0853,0.2107,0.1014,0,0.256152
8,0.0600,3.3600,46.6500,-30.8100,0.1870,0.3817,0.3165,0.4000,1.0000,-0.6000,-3.7050,2.7251,-1.0401,1.5833,2.0686,2.6652,-1.7934,0.7003,1.9701,-0.1296,-0.1987,0.0059,152.6857,544.8571,275.6571,28.5592,207.9983,87.2520,5.00,3.00,2.00,0.0875,0.2186,0.1002,0,0.259048
8,0.0800,4.4800,47.2000,-31.0800,0.1892,0.3882,0.3139,0.4000,1.0000,-0.6000,-3.6733,2.7663,-0.9868,1.5833,2.0486,2.6652,-1.8834,0.7062,1.9668,0.0333,-0.1860,0.0423,152.6857,544.8571,275.6571,28.8936,211.5310,86.5261,5.00,3.00,2.00,0.0895,0.2261,0.0985,0,0.261561
8,0.1000,5.6000,47.7500,-31.3500,0.1913,0.3941,0.3106,0.4000,1.0000,-0.6000,-3.6417,2.8071,-0.9335,1.5833,2.0230,2.6652,-1.9896,0.7408,2.0687,0.1264,-0.0589,-0.0236,152.6857,544.8571,275.6571,29.2077,214.7184,85.6174,5.00,3.00,2.00,0.0915,0.2330,0.0965,0,0.263635
8,0.1200,6.7200,48.3000,-31.6200,0.1932,0.3992,0.3067,0.4000,1.0000,-0.6000,-3.6100,2.8472,-0.8802,1.5833,1.9919,2.6652,-1.7684,0.7429,2.0605,-0.1025,-0.2492,-0.1181,152.6857,544.8571,275.6571,29.4970,217.4886,84.5436,5.00,3.00,2.00,0.0933,0.2390,0.0941,0,0.265223
8,0.1400,7.8400,48.8500,-31.8900,0.1949,0.4034,0.3023,0.4000,1.0000,-0.6000,-3.5783,2.8867,-0.8269,1.5833,1.9553,2.6652,-1.7635,0.7496,1.9917,-0.0490,-0.1084,0.1006,152.6857,544.8571,275.6571,29.7574,219.7797,83.3259,5.00,3.00,2.00,0.0950,0.2441,0.0914,0,0.266290
8,0.1600,8.9600,49.4000,-32.1600,0.1964,0.4066,0.2974,0.4000,1.0000,-0.6000,-3.5467,2.9254,-0.7736,1.5833,1.9133,2.6652,-2.0732,0.7179,1.9418,0.1000,-0.0690,0.0747,152.6857,544.8571,275.6571,29.9850,221.5400,81.9880,5.00,3.00,2.00,0.0964,0.2480,0.0885,0,0.266810
8,0.1800,10.0800,49.9500,-32.4300,0.1976,0.4088,0.2922,0.4000,1.0000,-0.6000,-3.5150,2.9632,-0.7203,1.5833,1.8661,2.6652,-2.0569,0.7251,1.9167,-0.1104,-0.0194,-0.0897,152.6857,544.8571,275.6571,30.1767,222.7301,80.5560,5.00,3.00,2.00,0.0977,0.2507,0.0854,0,0.266770
8,0.2000,11.2000,50.5000,-32.7000,0.1986,0.4099,0.2868,0.4000,1.0000,-0.6000,-3.4833,3.0000,-0.6670,1.5833,1.8138,2.6652,-1.8787,0.7458,1.8792,-0.0266,-0.1649,-0.0968,152.6857,544.8571,275.6571,30.3296,223.3232,79.0581,5.00,3.00,2.00,0.0986,0.2520,0.0823,0,0.266169
8,0.2200,12.3200,51.0500,-32.9700,0.1994,0.4098,0.2812,0.4000,1.0000,-0.6000,-3.4517,3.0357,-0.6136,1.5833,1.7565,2.6652,-1.7925,0.6987,2.1698,0.0461,-0.0827,-0.0467,152.6857,544.8571,275.6571,30.4416,223.3060,77.5235,5.00,3.00,2.00,0.0994,0.2520,0.0791,0,0.265017
8,0.2400,13.4400,51.6000,-33.2400,0.1998,0.4087,0.2756,0.4000,1.0000,-0.6000,-3.4200,3.0702,-0.5603,1.5833,1.6944,2.6652,-1.8078,0.7283,1.8792,-0.0554,-0.1933,-0.0969,152.6857,544.8571,275.6571,30.5111,222.6790,75.9823,5.00,3.00,2.00,0.0998,0.2505,0.0760,0,0.263338
8,0.2600,14.5600,52.1500,-33.5100,0.2000,0.4064,0.2701,0.4000,1.0000,-0.6000,-3.3883,3.1035,-0.5070,1.5833,1.6277,2.6652,-2.0662,0.7026,2.1059,0.0232,-0.0724,0.0743,152.6857,544.8571,275.6571,30.5370,221.4561,74.4646,5.00,3.00,2.00,0.1000,0.2478,0.0730,0,0.261166
8,0.2800,15.6800,52.7000,-33.7800,0.1999,0.4032,0.2648,0.4000,1.0000,-0.6000,-3.3567,3.1353,-0.4537,1.5833,1.5564,2.6652,-1.9728,0.7151,1.9059,0.1340,0.0071,-0.1343,152.6857,544.8571,275.6571,30.5190,219.6649,73.0001,5.00,3.00,2.00,0.0999,0.2438,0.0701,0,0.258547
8,0.3000,16.8000,53.2500,-34.0500,0.1995,0.3989,0.2598,0.4000,1.0000,-0.6000,-3.3250,3.1657,-0.4004,1.5833,1.4810,2.6652,-2.0267,0.7340,1.8588,-0.0084,-0.0702,-0.1283,152.6857,544.8571,275.6571,30.4573,217.3455,71.6174,5.00,3.00,2.00,0.0995,0.2387,0.0675,0,0.255536
8,0.3200,17.9200,53.8000,-34.3200,0.1988,0.3938,0.2552,0.4000,1.0000,-0.6000,-3.2933,3.1945,-0.3471,1.5833,1.4014,2.6652,-1.7426,0.7181,2.0739,-0.0588,-0.0886,-0.0520,152.6857,544.8571,275.6571,30.3528,214.5501,70.3437,5.00,3.00,2.00,0.0988,0.2326,0.0651,0,0.252197
8,0.3400,19.0400,54.3500,-34.5900,0.1978,0.3879,0.2511,0.4000,1.0000,-0.6000,-3.2617,3.2217,-0.2938,1.5833,1.3180,2.6652,-1.7707,0.7119,2.1451,0.1496,-0.2268,0.1397,152.6857,544.8571,275.6571,30.2071,211.3415,69.2039,5.00,3.00,2.00,0.0979,0.2257,0.0630,0,0.248602
8,0.3600,5.0400,54.9000,-34.8600,0.1966,0.3814,0.2475,0.1000,1.0000,-0.6000,-3.2300,3.2472,-0.2405,1.5833,1.2311,2.6652,-1.8713,0.7349,1.9608,-0.1211,-0.2219,0.0177,38.1714,544.8571,275.6571,7.5056,207.7916,68.2202,5.00,3.00,2.00,0.0967,0.2182,0.0612,0,0.226814
8,0.3800,5.3200,55.4500,-35.1300,0.1952,0.3744,0.2445,0.1000,1.0000,-0.6000,-3.1983,3.2709,-0.1872,1.5833,1.1407,2.6652,-1.9353,0.7489,1.9400,-0.0236,-0.2159,0.1099,38.1714,544.8571,275.6571,7.4502,203.9803,67.4119,5.00,3.00,2.00,0.0952,0.2102,0.0598,0,0.223074
8,0.4000,5.6000,56.0000,-35.4000,0.1935,0.3671,0.2423,0.1000,1.0000,-0.6000,-3.1667,3.2928,-0.1339,1.5833,1.0472,2.6652,-1.7437,0.7411,1.9220,0.1272,-0.0984,0.0972,38.1714,544.8571,275.6571,7.3865,199.9931,66.7948,5.00,3.00,2.00,0.0936,0.2021,0.0587,0,0.219340
8,0.4200,5.8800,56.5500,-35.6700,0.1916,0.3596,0.2408,0.1000,1.0000,-0.6000,-3.1350,3.3128,-0.0806,1.5833,0.9508,2.6652,-1.9966,0.7071,1.8321,-0.1210,-0.1366,0.0663,38.1714,544.8571,275.6571,7.3154,195.9195,66.3810,5.00,3.00,2.00,0.0918,0.1939,0.0580,0,0.215693
8,0.4400,6.1600,57.1000,-22.0800,0.1896,0.3521,0.2401,0.1000,1.0000,0.8000,-3.1033,3.3308,-0.0273,1.5833,0.8519,2.6652,-3.1033,2.7108,-0.0273,1.5833,0.8519,2.6652,38.1714,544.8571,367.5429,7.2379,191.8511,88.2382,5.00,3.00,2.00,0.0899,0.1860,0.0576,1,0.229862
8,0.4600,6.4400,57.6500,-21.7200,0.1874,0.3448,0.2401,0.1000,1.0000,0.8000,-3.0717,3.3469,0.0260,1.5833,0.7506,2.6652,-3.0717,2.7269,0.0260,1.5833,0.7506,2.6652,38.1714,544.8571,367.5429,7.1552,187.8792,88.2555,5.00,3.00,2.00,0.0878,0.1784,0.0577,1,0.226632
8,0.4800,6.7200,58.2000,-21.3600,0.1852,0.3379,0.2410,0.1000,1.0000,0.8000,-3.0400,3.3608,0.0793,1.5833,0.6472,2.6652,-3.0400,2.7408,0.0793,1.5833,0.6472,2.6652,38.1714,544.8571,367.5429,7.0683,184.0931,88.5595,5.00,3.00,2.00,0.0857,0.1712,0.0581,1,0.223777
8,0.5000,7.0000,50.5000,-21.0000,0.1828,0.3314,0.2425,0.1000,0.4000,0.8000,-3.0083,3.3727,0.1326,1.5833,0.5421,2.6652,-3.0083,2.7527,0.1326,1.5833,0.5421,2.6652,38.1714,217.9429,367.5429,6.9786,72.2310,89.1445,5.00,3.00,2.00,0.0836,0.1648,0.0588,1,0.134683
8,0.5200,7.2800,50.7200,-20.6400,0.1804,0.3256,0.2449,0.1000,0.4000,0.8000,-2.9767,3.3825,0.1859,1.5833,0.4354,2.6652,-2.9767,2.7625,0.1859,1.5833,0.4354,2.6652,38.1714,217.9429,367.5429,6.8873,70.9647,89.9988,5.00,3.00,2.00,0.0814,0.1590,0.0600,1,0.134281
8,0.5400,7.5600,50.9400,-20.2800,0.1780,0.3206,0.2479,0.1000,0.4000,0.8000,-2.9450,3.3902,0.2392,1.5833,0.3276,2.6652,-2.9450,2.7702,0.2392,1.5833,0.3276,2.6652,38.1714,217.9429,367.5429,6.7959,69.8668,91.1058,5.00,3.00,2.00,0.0792,0.1542,0.0614,1,0.134215
8,0.5600,7.8400,51.1600,-19.9200,0.1757,0.3164,0.2515,0.1000,0.4000,0.8000,-2.9133,3.3956,0.2925,1.5833,0.2189,2.6652,-2.9133,2.7756,0.2925,1.5833,0.2189,2.6652,38.1714,217.9429,367.5429,6.7054,68.9617,92.4439,5.00,3.00,2.00,0.0771,0.1502,0.0633,1,0.134489
8,0.5800,8.1200,51.3800,-19.5600,0.1734,0.3132,0.2557,0.1000,0.4000,0.8000,-2.8817,3.3989,0.3458,1.5833,0.1096,2.6652,-2.8817,2.7789,0.3458,1.5833,0.1096,2.6652,38.1714,217.9429,367.5429,6.6174,68.2700,93.9868,5.00,3.00,2.00,0.0751,0.1472,0.0654,1,0.135099
8,0.6000,8.4000,51.6000,-19.2000,0.1711,0.3111,0.2604,0.1000,0.4000,0.8000,-2.8500,3.4000,0.3991,1.5833,0.0000,2.6652,-2.8500,2.7800,0.3991,1.5833,0.0000,2.6652,38.1714,217.9429,367.5429,6.5330,67.8071,95.7043,5.00,3.00,2.00,0.0732,0.1452,0.0678,1,0.136036
8,0.6200,8.6800,51.8200,-18.8400,0.1691,0.3101,0.2654,0.1000,0.4000,0.8000,-2.8183,3.3989,0.4525,1.5833,-0.1096,2.6652,-2.8183,2.7789,0.4525,1.5833,-0.1096,2.6652,38.1714,217.9429,367.5429,6.4535,67.5835,97.5629,5.00,3.00,2.00,0.0715,0.1442,0.0705,1,0.137280
8,0.6400,8.9600,52.0400,-18.4800,0.1671,0.3102,0.2708,0.1000,0.4000,0.8000,-2.7867,3.3956,0.5058,1.5833,-0.2189,2.6652,-2.7867,2.7756,0.5058,1.5833,-0.2189,2.6652,38.1714,217.9429,367.5429,6.3800,67.6041,99.5262,5.00,3.00,2.00,0.0698,0.1443,0.0733,1,0.138808
8,0.6600,9.2400,52.2600,-18.1200,0.1654,0.3114,0.2763,0.1000,0.4000,0.8000,-2.7550,3.3902,0.5591,1.5833,-0.3276,2.6652,-2.7550,2.7702,0.5591,1.5833,-0.3276,2.6652,38.1714,217.9429,367.5429,6.3135,67.8685,101.5557,5.00,3.00,2.00,0.0684,0.1455,0.0763,1,0.140590
8,0.6800,9.5200,52.4800,-17.7600,0.1639,0.3137,0.2819,0.1000,0.4000,0.8000,-2.7233,3.3825,0.6124,1.5833,-0.4354,2.6652,-2.7233,2.7625,0.6124,1.5833,-0.4354,2.6652,38.1714,217.9429,367.5429,6.2551,68.3707,103.6117,5.00,3.00,2.00,0.0671,0.1476,0.0795,1,0.142590
8,0.7000,9.8000,52.7000,-17.4000,0.1626,0.3171,0.2875,0.1000,0.4000,0.8000,-2.6917,3.3727,0.6657,1.5833,-0.5421,2.6652,-2.6917,2.7527,0.6657,1.5833,-0.5421,2.6652,38.1714,217.9429,367.5429,6.2055,69.0995,105.6541,5.00,3.00,2.00,0.0661,0.1508,0.0826,1,0.144767
8,0.7200,10.0800,52.9200,-17.0400,0.1615,0.3214,0.2929,0.1000,0.4000,0.8000,-2.6600,3.3608,0.7190,1.5833,-0.6472,2.6652,-2.6600,2.7408,0.7190,1.5833,-0.6472,2.6652,38.1714,217.9429,367.5429,6.1655,70.0385,107.6427,5.00,3.00,2.00,0.0652,0.1549,0.0858,1,0.147077
8,0.7400,10.3600,53.1400,-16.6800,0.1607,0.3265,0.2980,0.1000,0.4000,0.8000,-2.6283,3.3469,0.7723,1.5833,-0.7506,2.6652,-2.6283,2.7269,0.7723,1.5833,-0.7506,2.6652,38.1714,217.9429,367.5429,6.1356,71.1666,109.5389,5.00,3.00,2.00,0.0646,0.1599,0.0888,1,0.149473
8,0.7600,10.6400,53.3600,-16.3200,0.1602,0.3325,0.3028,0.1000,0.4000,0.8000,-2.5967,3.3308,0.8256,1.5833,-0.8519,2.6652,-2.5967,2.7108,0.8256,1.5833,-0.8519,2.6652,38.1714,217.9429,367.5429,6.1163,72.4585,111.3053,5.00,3.00,2.00,0.0642,0.1658,0.0917,1,0.151904
8,0.7800,10.9200,53.5800,-15.9600,0.1600,0.3390,0.3072,0.1000,0.4000,0.8000,-2.5650,3.3128,0.8789,1.5833,-0.9508,2.6652,-2.5650,2.6928,0.8789,1.5833,-0.9508,2.6652,38.1714,217.9429,367.5429,6.1078,73.8852,112.9075,5.00,3.00,2.00,0.0640,0.1724,0.0944,1,0.154320
8,0.8000,11.2000,53.8000,-15.6000,0.1601,0.3460,0.3110,0.1000,0.4000,0.8000,-2.5333,3.2928,0.9322,1.5833,-1.0472,2.6652,-2.5333,2.6728,0.9322,1.5833,-1.0472,2.6652,38.1714,217.9429,367.5429,6.1104,75.4146,114.3141,5.00,3.00,2.00,0.0641,0.1796,0.0967,1,0.156671
8,0.8200,11.4800,54.0200,-15.2400,0.1604,0.3534,0.3142,0.1000,0.4000,0.8000,-2.5017,3.2709,0.9855,1.5833,-1.1407,2.6652,-2.5017,2.6509,0.9855,1.5833,-1.1407,2.6652,38.1714,217.9429,367.5429,6.1238,77.0124,115.4976,5.00,3.00,2.00,0.0643,0.1873,0.0987,1,0.158907
8,0.8400,11.7600,54.2400,-14.8800,0.1611,0.3608,0.3168,0.1000,0.4000,0.8000,-2.4700,3.2472,1.0388,1.5833,-1.2311,2.6652,-2.4700,2.6272,1.0388,1.5833,-1.2311,2.6652,38.1714,217.9429,367.5429,6.1480,78.6427,116.4349,5.00,3.00,2.00,0.0649,0.1953,0.1004,1,0.160980
8,0.8600,12.0400,54.4600,-14.5200,0.1620,0.3683,0.3186,0.1000,0.4000,0.8000,-2.4383,3.2217,1.0921,1.5833,-1.3180,2.6652,-2.4383,2.6017,1.0921,1.5833,-1.3180,2.6652,38.1714,217.9429,367.5429,6.1826,80.2688,117.1075,5.00,3.00,2.00,0.0656,0.2035,0.1015,1,0.162847
8,0.8800,12.3200,54.6800,-14.1600,0.1631,0.3756,0.3197,0.1000,0.4000,0.8000,-2.4067,3.1945,1.1454,1.5833,-1.4014,2.6652,-2.4067,2.5745,1.1454,1.5833,-1.4014,2.6652,38.1714,217.9429,367.5429,6.2271,81.8543,117.5023,5.00,3.00,2.00,0.0665,0.2116,0.1022,1,0.164467
8,0.9000,0.0000,54.9000,-13.8000,0.0100,0.3825,0.3200,0.0000,0.4000,0.8000,-2.3750,3.1657,1.1987,1.5833,-1.4810,2.6652,-2.3750,2.5457,1.1987,1.5833,-1.4810,2.6652,0.0000,217.9429,367.5429,0.0000,83.3636,117.6116,5.00,3.00,2.00,0.0003,0.2195,0.1024,1,0.160780
8,0.9200,0.0000,55.1200,-13.4400,0.0100,0.3889,0.3195,0.0000,0.4000,0.8000,-2.3433,3.1353,1.2520,1.5833,-1.5564,2.6652,-2.3433,2.5153,1.2520,1.5833,-1.5564,2.6652,0.0000,217.9429,367.5429,0.0000,84.7628,117.4333,5.00,3.00,2.00,0.0003,0.2269,0.1021,1,0.161757
8,0.9400,0.0000,55.3400,-13.0800,0.0100,0.3947,0.3183,0.0000,0.4000,0.8000,-2.3117,3.1035,1.3053,1.5833,-1.6277,2.6652,-2.3117,2.4835,1.3053,1.5833,-1.6277,2.6652,0.0000,217.9429,367.5429,0.0000,86.0204,116.9709,5.00,3.00,2.00,0.0003,0.2337,0.1013,1,0.162393
8,0.9600,0.0000,55.5600,-30.0000,0.0100,0.3997,0.0200,0.0000,0.4000,0.0000,-2.2800,3.0702,1.3586,1.5833,-1.6944,2.6652,-2.2800,2.4502,1.3586,1.5833,-1.6944,2.6652,0.0000,217.9429,0.0000,0.0000,87.1081,0.0000,5.00,3.00,2.00,0.0003,0.2396,0.0004,1,0.069687
8,0.9800,0.0000,55.7800,-30.0000,0.0100,0.4038,0.0200,0.0000,0.4000,0.0000,-2.2483,3.0357,1.4119,1.5833,-1.7565,2.6652,-2.2483,2.4157,1.4119,1.5833,-1.7565,2.6652,0.0000,217.9429,0.0000,0.0000,88.0017,0.0000,5.00,3.00,2.00,0.0003,0.2446,0.0004,1,0.070401
8,1.0000,0.0000,45.0000,-30.0000,0.0100,0.0200,0.0200,0.0000,0.0000,0.0000,-2.2167,3.0000,1.4652,1.5833,-1.8138,2.6652,-2.2167,2.3800,1.4652,1.5833,-1.8138,2.6652,0.0000,0.0000,0.0000,0.0000,0.0000,0.0000,5.00,3.00,2.00,0.0003,0.0006,0.0004,1,0.000000
8,1.0200,0.0000,45.0000,-30.0000,0.0100,0.0200,0.0200,0.0000,0.0000,0.0000,-2.1850,2.9632,1.5186,1.5833,-1.8661,2.6652,-2.1850,2.3432,1.5186,1.5833,-1.8661,2.6652,0.0000,0.0000,0.0000,0.0000,0.0000,0.0000,5.00,3.00,2.00,0.0003,0.0006,0.0004,1,0.000000
8,1.0400,0.0000,45.0000,-30.0000,0.0100,0.0200,0.0200,0.0000,0.0000,0.0000,-2.1533,2.9254,1.5719,1.5833,-1.9133,2.6652,-2.1533,2.3054,1.5719,1.5833,-1.9133,2.6652,0.0000,0.0000,0.0000,0.0000,0.0000,0.0000,5.00,3.00,2.00,0.0003,0.0006,0.0004,1,0.000000
8,1.0600,0.0000,45.0000,-30.0000,0.0100,0.0200,0.0200,0.0000,0.0000,0.0000,-2.1217,2.8867,1.6252,1.5833,-1.9553,2.6652,-2.1217,2.2667,1.6252,1.5833,-1.9553,2.6652,0.0000,0.0000,0.0000,0.0000,0.0000,0.0000,5.00,3.00,2.00,0.0003,0.0006,0.0004,1,0.000000
8,1.0800,0.0000,45.0000,-30.0000,0.0100,0.0200,0.0200,0.0000,0.0000,0.0000,-2.0900,2.8472,1.6785,1.5833,-1.9919,2.6652,-2.0900,2.2272,1.6785,1.5833,-1.9919,2.6652,0.0000,0.0000,0.0000,0.0000,0.0000,0.0000,5.00,3.00,2.00,0.0003,0.0006,0.0004,1,0.000000
8,1.1000,0.0000,45.0000,-30.0000,0.0100,0.0200,0.0200,0.0000,0.0000,0.0000,-2.0583,2.8071,1.7318,1.5833,-2.0230,2.6652,-2.0583,2.1871,1.7318,1.5833,-2.0230,2.6652,0.0000,0.0000,0.0000,0.0000,0.0000,0.0000,5.00,3.00,2.00,0.0003,0.0006,0.0004,1,0.000000
8,1.1200,0.0000,45.0000,-30.0000,0.0100,0.0200,0.0200,0.0000,0.0000,0.0000,-2.0267,2.7663,1.7851,1.5833,-2.0486,2.6652,-2.0267,2.1463,1.7851,1.5833,-2.0486,2.6652,0.0000,0.0000,0.0000,0.0000,0.0000,0.0000,5.00,3.00,2.00,0.0003,0.0006,0.0004,1,0.000000
8,1.1400,0.0000,45.0000,-30.0000,0.0100,0.0200,0.0200,0.0000,0.0000,0.0000,-1.9950,2.7251,1.8384,1.5833,-2.0686,2.6652,-1.9112,0.7333,2.0567,-0.0079,-0.0327,-0.0775,0.0000,0.0000,0.0000,0.0000,0.0000,0.0000,5.00,3.00,2.00,0.0003,0.0006,0.0004,0,0.000000
8,1.1600,0.0000,45.0000,-30.0000,0.0100,0.0200,0.0200,0.0000,0.0000,0.0000,-1.9633,2.6836,1.8917,1.5833,-2.0829,2.6652,-1.7913,0.7093,1.9471,-0.0593,-0.1244,-0.1045,0.0000,0.0000,0.0000,0.0000,0.0000,0.0000,5.00,3.00,2.00,0.0003,0.0006,0.0004,0,0.000000
8,1.1800,0.0000,45.0000,-30.0000,0.0100,0.0200,0.0200,0.0000,0.0000,0.0000,-1.9317,2.6419,1.9450,1.5833,-2.0915,2.6652,-1.8531,0.6976,2.0402,0.0134,-0.1909,0.0294,0.0000,0.0000,0.0000,0.0000,0.0000,0.0000,5.00,3.00,2.00,0.0003,0.0006,0.0004,0,0.000000
8,1.2000,0.0000,45.0000,-30.0000,0.0100,0.0200,0.0200,0.0000,0.0000,0.0000,-1.9000,2.6000,1.9983,0.0000,0.0000,0.0000,-1.8344,0.7207,1.9575,0.0802,-0.1081,0.0433,0.0000,0.0000,0.0000,0.0000,0.0000,0.0000,5.00,3.00,2.00,0.0003,0.0006,0.0004,0,0.000000
8,1.2200,0.0000,45.0000,-30.0000,0.0100,0.0200,0.0200,0.0000,0.0000,0.0000,-1.9000,2.6000,1.9983,0.0000,0.0000,0.0000,-2.0200,0.7389,2.0919,-0.0902,-0.0143,0.0635,0.0000,0.0000,0.0000,0.0000,0.0000,0.0000,5.00,3.00,2.00,0.0003,0.0006,0.0004,0,0.000000
8,1.2400,0.0000,45.0000,-30.0000,0.0100,0.0200,0.0200,0.0000,0.0000,0.0000,-1.9000,2.6000,1.9983,0.0000,0.0000,0.0000,-1.7974,0.7193,1.9673,0.0349,-0.0408,-0.0281,0.0000,0.0000,0.0000,0.0000,0.0000,0.0000,5.00,3.00,2.00,0.0003,0.0006,0.0004,0,0.000000
8,1.2600,0.0000,45.0000,-30.0000,0.0100,0.0200,0.0200,0.0000,0.0000,0.0000,-1.9000,2.6000,1.9983,0.0000,0.0000,0.0000,-1.8148,0.7358,1.9463,-0.0712,-0.0461,0.0577,0.0000,0.0000,0.0000,0.0000,0.0000,0.0000,5.00,3.00,2.00,0.0003,0.0006,0.0004,0,0.000000
8,1.2800,0.0000,45.0000,-30.0000,0.0100,0.0200,0.0200,0.0000,0.0000,0.0000,-1.9000,2.6000,1.9983,0.0000,0.0000,0.0000,-1.8948,0.7252,1.9954,-0.0533,-0.0943,-0.0077,0.0000,0.0000,0.0000,0.0000,0.0000,0.0000,5.00,3.00,2.00,0.0003,0.0006,0.0004,0,0.000000
8,1.3000,0.0000,45.0000,-30.0000,0.0100,0.0200,0.0200,0.0000,0.0000,0.0000,-1.9000,2.6000,1.9983,0.0000,0.0000,0.0000,-1.9568,0.7253,1.9469,-0.0119,-0.0706,0.0543,0.0000,0.0000,0.0000,0.0000,0.0000,0.0000,5.00,3.00,2.00,0.0003,0.0006,0.0004,0,0.000000
8,1.3200,0.0000,45.0000,-30.0000,0.0100,0.0200,0.0200,0.0000,0.0000,0.0000,-1.9000,2.6000,1.9983,0.0000,0.0000,0.0000,-1.9213,0.7233,1.9766,0.0648,-0.0533,0.0377,0.0000,0.0000,0.0000,0.0000,0.0000,0.0000,5.00,3.00,2.00,0.0003,0.0006,0.0004,0,0.000000
8,1.3400,0.0000,45.0000,-30.0000,0.0100,0.0200,0.0200,0.0000,0.0000,0.0000,-1.9000,2.6000,1.9983,0.0000,0.0000,0.0000,-1.9187,0.7260,2.0028,0.0055,-0.0564,0.0448,0.0000,0.0000,0.0000,0.0000,0.0000,0.0000,5.00,3.00,2.00,0.0003,0.0006,0.0004,0,0.000000
8,1.3600,0.0000,45.0000,-30.0000,0.0100,0.0200,0.0200,0.0000,0.0000,0.0000,-1.9000,2.6000,1.9983,0.0000,0.0000,0.0000,-1.8715,0.7296,1.9890,-0.0220,-0.0167,-0.0360,0.0000,0.0000,0.0000,0.0000,0.0000,0.0000,5.00,3.00,2.00,0.0003,0.0006,0.0004,0,0.000000
8,1.3800,0.0000,45.0000,-30.0000,0.0100,0.0200,0.0200,0.0000,0.0000,0.0000,-1.9000,2.6000,1.9983,0.0000,0.0000,0.0000,-1.9146,0.7221,2.0417,0.0033,-0.0430,0.0178,0.0000,0.0000,0.0000,0.0000,0.0000,0.0000,5.00,3.00,2.00,0.0003,0.0006,0.0004,0,0.000000
8,1.4000,0.0000,45.0000,-30.0000,0.0100,0.0200,0.0200,0.0000,0.0000,0.0000,-1.9000,2.6000,1.9983,0.0000,0.0000,0.0000,-1.9240,0.7248,2.0117,-0.0062,0.0044,-0.0274,0.0000,0.0000,0.0000,0.0000,0.0000,0.0000,5.00,3.00,2.00,0.0003,0.0006,0.0004,0,0.000000
8,1.4200,0.0000,45.0000,-30.0000,0.0100,0.0200,0.0200,0.0000,0.0000,0.0000,-1.9000,2.6000,1.9983,0.0000,0.0000,0.0000,-1.8953,0.7201,1.9755,0.0004,-0.0263,-0.0247,0.0000,0.0000,0.0000,0.0000,0.0000,0.0000,5.00,3.00,2.00,0.0003,0.0006,0.0004,0,0.000000
8,1.4400,0.0000,45.0000,-30.0000,0.0100,0.0200,0.0200,0.0000,0.0000,0.0000,-1.9000,2.6000,1.9983,0.0000,0.0000,0.0000,-1.8802,0.7227,1.9981,-0.0006,-0.0029,0.0109,0.0000,0.0000,0.0000,0.0000,0.0000,0.0000,5.00,3.00,2.00,0.0003,0.0006,0.0004,0,0.000000
8,1.4600,0.0000,45.0000,-30.0000,0.0100,0.0200,0.0200,0.0000,0.0000,0.0000,-1.9000,2.6000,1.9983,0.0000,0.0000,0.0000,-1.9043,0.7216,1.9944,0.0017,-0.0065,-0.0036,0.0000,0.0000,0.0000,0.0000,0.0000,0.0000,5.00,3.00,2.00,0.0003,0.0006,0.0004,0,0.000000
8,1.4800,0.0000,45.0000,-30.0000,0.0100,0.0200,0.0200,0.0000,0.0000,0.0000,-1.9000,2.6000,1.9983,0.0000,0.0000,0.0000,-1.9000,0.7200,1.9983,0.0000,0.0000,0.0000,0.0000,0.0000,0.0000,0.0000,0.0000,0.0000,5.00,3.00,2.00,0.0003,0.0006,0.0004,0,0.000000
8,1.5000,0.0000,45.0000,-30.0000,0.0100,0.0200,0.0200,0.0000,0.0000,0.0000,-1.9000,2.6000,1.9983,0.0000,0.0000,0.0000,-1.9086,0.7189,2.0022,-0.0025,0.0008,-0.0013,0.0000,0.0000,0.0000,0.0000,0.0000,0.0000,5.00,3.00,2.00,0.0003,0.0006,0.0004,0,0.000000
9,0.0200,1.1200,45.5500,-30.2700,0.1824,0.3675,0.3196,0.4000,1.0000,-0.6000,-3.7650,2.6419,-1.1484,1.7500,2.0915,2.5795,-1.8384,0.7476,2.0238,-0.0172,0.0404,0.1031,151.7714,541.7143,274.1143,27.6822,199.0648,87.6093,5.00,3.00,2.00,0.0832,0.2026,0.1021,0,0.251485
9,0.0400,2.2400,46.1000,-30.5400,0.1848,0.3748,0.3184,0.4000,1.0000,-0.6000,-3.7300,2.6836,-1.0968,1.7500,2.0829,2.5795,-1.6053,0.7037,1.9580,-0.0250,-0.1646,0.0796,151.7714,541.7143,274.1143,28.0404,203.0215,87.2896,5.00,3.00,2.00,0.0853,0.2107,0.1014,0,0.254681
9,0.0600,3.3600,46.6500,-30.8100,0.1870,0.3817,0.3165,0.4000,1.0000,-0.6000,-3.6950,2.7251,-1.0452,1.7500,2.0686,2.5795,-1.6481,0.7424,2.0315,-0.1174,-0.1729,-0.0485,151.7714,541.7143,274.1143,28.3882,206.7985,86.7636,5.00,3.00,2.00,0.0875,0.2186,0.1002,0,0.257560
9,0.0800,4.4800,47.2000,-31.0800,0.1892,0.3882,0.3139,0.4000,1.0000,-0.6000,-3.6600,2.7663,-0.9936,1.7500,2.0486,2.5795,-1.7337,0.7259,1.8650,-0.0355,-0.1374,0.1486,151.7714,541.7143,274.1143,28.7206,210.3109,86.0418,5.00,3.00,2.00,0.0895,0.2261,0.0985,0,0.260059
9,0.1000,5.6000,47.7500,-31.3500,0.1913,0.3941,0.3106,0.4000,1.0000,-0.6000,-3.6250,2.8071,-0.9421,1.7500,2.0230,2.5795,-1.8520,0.7203,1.8735,-0.0356,-0.0758,-0.0058,151.7714,541.7143,274.1143,29.0328,213.4798,85.1382,5.00,3.00,2.00,0.0915,0.2330,0.0965,0,0.262121
9,0.1200,6.7200,48.3000,-31.6200,0.1932,0.3992,0.3067,0.4000,1.0000,-0.6000,-3.5900,2.8472,-0.8905,1.7500,1.9919,2.5795,-1.6278,0.7107,1.7571,0.1262,-0.1404,0.0854,151.7714,541.7143,274.1143,29.3204,216.2341,84.0704,5.00,3.00,2.00,0.0933,0.2390,0.0941,0,0.263700
9,0.1400,7.8400,48.8500,-31.8900,0.1949,0.4034,0.3023,0.4000,1.0000,-0.6000,-3.5550,2.8867,-0.8389,1.7500,1.9553,2.5795,-1.5312,0.7404,1.7194,-0.0111,0.0015,-0.0857,151.7714,541.7143,274.1143,29.5792,218.5119,82.8595,5.00,3.00,2.00,0.0950,0.2441,0.0914,0,0.264760
9,0.1600,8.9600,49.4000,-32.1600,0.1964,0.4066,0.2974,0.4000,1.0000,-0.6000,-3.5200,2.9254,-0.7873,1.7500,1.9133,2.5795,-1.6597,0.7269,1.9384,-0.0761,-0.1209,-0.0917,151.7714,541.7143,274.1143,29.8055,220.2621,81.5291,5.00,3.00,2.00,0.0964,0.2480,0.0885,0,0.265277
9,0.1800,10.0800,49.9500,-32.4300,0.1976,0.4088,0.2922,0.4000,1.0000,-0.6000,-3.4850,2.9632,-0.7357,1.7500,1.8661,2.5795,-1.5700,0.7392,1.9206,0.1401,-0.1766,-0.0941,151.7714,541.7143,274.1143,29.9960,221.4453,80.1052,5.00,3.00,2.00,0.0977,0.2507,0.0854,0,0.265237
9,0.2000,11.2000,50.5000,-32.7000,0.1986,0.4099,0.2868,0.4000,1.0000,-0.6000,-3.4500,3.0000,-0.6841,1.7500,1.8138,2.5795,-1.8224,0.7340,1.9259,0.1084,-0.1405,-0.0109,151.7714,541.7143,274.1143,30.1480,222.0350,78.6156,5.00,3.00,2.00,0.0986,0.2520,0.0823,0,0.264639
9,0.2200,12.3200,51.0500,-32.9700,0.1994,0.4098,0.2812,0.4000,1.0000,-0.6000,-3.4150,3.0357,-0.6325,1.7500,1.7565,2.5795,-1.7344,0.7129,1.9486,-0.0921,-0.0352,0.1322,151.7714,541.7143,274.1143,30.2593,222.0179,77.0896,5.00,3.00,2.00,0.0994,0.2520,0.0791,0,0.263494
9,0.2400,13.4400,51.6000,-33.2400,0.1998,0.4087,0.2756,0.4000,1.0000,-0.6000,-3.3800,3.0702,-0.5809,1.7500,1.6944,2.5795,-1.6462,0.7334,1.8981,-0.1219,-0.2081,-0.0248,151.7714,541.7143,274.1143,30.3284,221.3945,75.5570,5.00,3.00,2.00,0.0998,0.2505,0.0760,0,0.261824
9,0.2600,14.5600,52.1500,-33.5100,0.2000,0.4064,0.2701,0.4000,1.0000,-0.6000,-3.3450,3.1035,-0.5293,1.7500,1.6277,2.5795,-1.7622,0.7466,1.9893,-0.0897,-0.0191,0.0782,151.7714,541.7143,274.1143,30.3541,220.1787,74.0478,5.00,3.00,2.00,0.1000,0.2478,0.0730,0,0.259664
9,0.2800,15.6800,52.7000,-33.7800,0.1999,0.4032,0.2648,0.4000,1.0000,-0.6000,-3.3100,3.1353,-0.4777,1.7500,1.5564,2.5795,-1.7447,0.7399,1.7421,-0.0766,-0.0940,0.0784,151.7714,541.7143,274.1143,30.3362,218.3978,72.5915,5.00,3.00,2.00,0.0999,0.2438,0.0701,0,0.257060
9,0.3000,16.8000,53.2500,-34.0500,0.1995,0.3989,0.2598,0.4000,1.0000,-0.6000,-3.2750,3.1657,-0.4262,1.7500,1.4810,2.5795,-1.5521,0.7340,1.7512,0.1288,-0.0218,0.0394,151.7714,541.7143,274.1143,30.2749,216.0918,71.2166,5.00,3.00,2.00,0.0995,0.2387,0.0675,0,0.254067
9,0.3200,17.9200,53.8000,-34.3200,0.1988,0.3938,0.2552,0.4000,1.0000,-0.6000,-3.2400,3.1945,-0.3746,1.7500,1.4014,2.5795,-1.8081,0.6965,1.8863,0.0143,-0.2324,-0.0131,151.7714,541.7143,274.1143,30.1711,213.3125,69.9500,5.00,3.00,2.00,0.0988,0.2326,0.0651,0,0.250747
9,0.3400,19.0400,54.3500,-34.5900,0.1978,0.3879,0.2511,0.4000,1.0000,-0.6000,-3.2050,3.2217,-0.3230,1.7500,1.3180,2.5795,-1.6760,0.7151,2.0389,0.0537,-0.0710,0.0620,151.7714,541.7143,274.1143,30.0262,210.1224,68.8165,5.00,3.00,2.00,0.0979,0.2257,0.0630,0,0.247172
9,0.3600,5.0400,54.9000,-34.8600,0.1966,0.3814,0.2475,0.1000,1.0000,-0.6000,-3.1700,3.2472,-0.2714,1.7500,1.2311,2.5795,-1.6327,0.7361,1.9602,-0.1042,-0.0581,-0.0596,37.9429,541.7143,274.1143,7.4606,206.5930,67.8383,5.00,3.00,2.00,0.0967,0.2182,0.0612,0,0.225514
9,0.3800,5.3200,55.4500,-35.1300,0.1952,0.3744,0.2445,0.1000,1.0000,-0.6000,-3.1350,3.2709,-0.2198,1.7500,1.1407,2.5795,-1.7267,0.7475,2.0626,0.0972,-0.1044,0.0101,37.9429,541.7143,274.1143,7.4056,202.8037,67.0346,5.00,3.00,2.00,0.0952,0.2102,0.0598,0,0.221795
9,0.4000,5.6000,56.0000,-35.4000,0.1935,0.3671,0.2423,0.1000,1.0000,-0.6000,-3.1000,3.2928,-0.1682,1.7500,1.0472,2.5795,-1.7398,0.6996,2.0256,0.1159,-0.1653,0.1447,37.9429,541.7143,274.1143,7.3423,198.8395,66.4209,5.00,3.00,2.00,0.0936,0.2021,0.0587,0,0.218082
9,0.4200,5.8800,56.5500,-35.6700,0.1916,0.3596,0.2408,0.1000,1.0000,-0.6000,-3.0650,3.3128,-0.1166,1.7500,0.9508,2.5795,-1.5772,0.7332,2.0620,0.1128,0.0181,-0.1404,37.9429,541.7143,274.1143,7.2716,194.7894,66.0095,5.00,3.00,2.00,0.0918,0.1939,0.0580,0,0.214456
9,0.4400,6.1600,57.1000,-22.0800,0.1896,0.3521,0.2401,0.1000,1.0000,0.8000,-3.0300,3.3308,-0.0650,1.7500,0.8519,2.5795,-3.0300,2.7108,-0.0650,1.7500,0.8519,2.5795,37.9429,541.7143,365.4857,7.1946,190.7445,87.7443,5.00,3.00,2.00,0.0899,0.1860,0.0576,1,0.228547
9,0.4600,6.4400,57.6500,-21.7200,0.1874,0.3448,0.2401,0.1000,1.0000,0.8000,-2.9950,3.3469,-0.0134,1.7500,0.7506,2.5795,-2.9950,2.7269,-0.0134,1.7500,0.7506,2.5795,37.9429,541.7143,365.4857,7.1123,186.7955,87.7615,5.00,3.00,2.00,0.0878,0.1784,0.0577,1,0.225335
9,0.4800,6.7200,58.2000,-21.3600,0.1852,0.3379,0.2410,0.1000,1.0000,0.8000,-2.9600,3.3608,0.0382,1.7500,0.6472,2.5795,-2.9600,2.7408,0.0382,1.7500,0.6472,2.5795,37.9429,541.7143,365.4857,7.0260,183.0312,88.0639,5.00,3.00,2.00,0.0857,0.1712,0.0581,1,0.222497
9,0.5000,7.0000,50.5000,-21.0000,0.1828,0.3314,0.2425,0.1000,0.4000,0.8000,-2.9250,3.3727,0.0897,1.7500,0.5421,2.5795,-2.9250,2.7527,0.0897,1.7500,0.5421,2.5795,37.9429,216.6857,365.4857,6.9368,71.8144,88.6455,5.00,3.00,2.00,0.0836,0.1648,0.0588,1,0.133917
9,0.5200,7.2800,50.7200,-20.6400,0.1804,0.3256,0.2449,0.1000,0.4000,0.8000,-2.8900,3.3825,0.1413,1.7500,0.4354,2.5795,-2.8900,2.7625,0.1413,1.7500,0.4354,2.5795,37.9429,216.6857,365.4857,6.8461,70.5554,89.4951,5.00,3.00,2.00,0.0814,0.1590,0.0600,1,0.133517
9,0.5400,7.5600,50.9400,-20.2800,0.1780,0.3206,0.2479,0.1000,0.4000,0.8000,-2.8550,3.3902,0.1929,1.7500,0.3276,2.5795,-2.8550,2.7702,0.1929,1.7500,0.3276,2.5795,37.9429,216.6857,365.4857,6.7552,69.4637,90.5959,5.00,3.00,2.00,0.0792,0.1542,0.0614,1,0.133452
9,0.5600,7.8400,51.1600,-19.9200,0.1757,0.3164,0.2515,0.1000,0.4000,0.8000,-2.8200,3.3956,0.2445,1.7500,0.2189,2.5795,-2.8200,2.7756,0.2445,1.7500,0.2189,2.5795,37.9429,216.6857,365.4857,6.6653,68.5640,91.9265,5.00,3.00,2.00,0.0771,0.1502,0.0633,1,0.133725
9,0.5800,8.1200,51.3800,-19.5600,0.1734,0.3132,0.2557,0.1000,0.4000,0.8000,-2.7850,3.3989,0.2961,1.7500,0.1096,2.5795,-2.7850,2.7789,0.2961,1.7500,0.1096,2.5795,37.9429,216.6857,365.4857,6.5778,67.8762,93.4607,5.00,3.00,2.00,0.0751,0.1472,0.0654,1,0.134332
9,0.6000,8.4000,51.6000,-19.2000,0.1711,0.3111,0.2604,0.1000,0.4000,0.8000,-2.7500,3.4000,0.3477,1.7500,0.0000,2.5795,-2.7500,2.7800,0.3477,1.7500,0.0000,2.5795,37.9429,216.6857,365.4857,6.4939,67.4160,95.1687,5.00,3.00,2.00,0.0732,0.1452,0.0678,1,0.135263
9,0.6200,8.6800,51.8200,-18.8400,0.1691,0.3101,0.2654,0.1000,0.4000,0.8000,-2.7150,3.3989,0.3993,1.7500,-0.1096,2.5795,-2.7150,2.7789,0.3993,1.7500,-0.1096,2.5795,37.9429,216.6857,365.4857,6.4149,67.1937,97.0168,5.00,3.00,2.00,0.0715,0.1442,0.0705,1,0.136500
9,0.6400,8.9600,52.0400,-18.4800,0.1671,0.3102,0.2708,0.1000,0.4000,0.8000,-2.6800,3.3956,0.4509,1.7500,-0.2189,2.5795,-2.6800,2.7756,0.4509,1.7500,-0.2189,2.5795,37.9429,216.6857,365.4857,6.3418,67.2141,98.9691,5.00,3.00,2.00,0.0698,0.1443,0.0733,1,0.138020
9,0.6600,9.2400,52.2600,-18.1200,0.1654,0.3114,0.2763,0.1000,0.4000,0.8000,-2.6450,3.3902,0.5025,1.7500,-0.3276,2.5795,-2.6450,2.7702,0.5025,1.7500,-0.3276,2.5795,37.9429,216.6857,365.4857,6.2757,67.4770,100.9872,5.00,3.00,2.00,0.0684,0.1455,0.0763,1,0.139792
9,0.6800,9.5200,52.4800,-17.7600,0.1639,0.3137,0.2819,0.1000,0.4000,0.8000,-2.6100,3.3825,0.5541,1.7500,-0.4354,2.5795,-2.6100,2.7625,0.5541,1.7500,-0.4354,2.5795,37.9429,216.6857,365.4857,6.2176,67.9763,103.0318,5.00,3.00,2.00,0.0671,0.1476,0.0795,1,0.141781
9,0.7000,9.8000,52.7000,-17.4000,0.1626,0.3171,0.2875,0.1000,0.4000,0.8000,-2.5750,3.3727,0.6056,1.7500,-0.5421,2.5795,-2.5750,2.7527,0.6056,1.7500,-0.5421,2.5795,37.9429,216.6857,365.4857,6.1683,68.7009,105.0627,5.00,3.00,2.00,0.0661,0.1508,0.0826,1,0.143946
9,0.7200,10.0800,52.9200,-17.0400,0.1615,0.3214,0.2929,0.1000,0.4000,0.8000,-2.5400,3.3608,0.6572,1.7500,-0.6472,2.5795,-2.5400,2.7408,0.6572,1.7500,-0.6472,2.5795,37.9429,216.6857,365.4857,6.1285,69.6345,107.0403,5.00,3.00,2.00,0.0652,0.1549,0.0858,1,0.146243
9,0.7400,10.3600,53.1400,-16.6800,0.1607,0.3265,0.2980,0.1000,0.4000,0.8000,-2.5050,3.3469,0.7088,1.7500,-0.7506,2.5795,-2.5050,2.7269,0.7088,1.7500,-0.7506,2.5795,37.9429,216.6857,365.4857,6.0988,70.7561,108.9258,5.00,3.00,2.00,0.0646,0.1599,0.0888,1,0.148625
9,0.7600,10.6400,53.3600,-16.3200,0.1602,0.3325,0.3028,0.1000,0.4000,0.8000,-2.4700,3.3308,0.7604,1.7500,-0.8519,2.5795,-2.4700,2.7108,0.7604,1.7500,-0.8519,2.5795,37.9429,216.6857,365.4857,6.0797,72.0406,110.6823,5.00,3.00,2.00,0.0642,0.1658,0.0917,1,0.151042
9,0.7800,10.9200,53.5800,-15.9600,0.1600,0.3390,0.3072,0.1000,0.4000,0.8000,-2.4350,3.3128,0.8120,1.7500,-0.9508,2.5795,-2.4350,2.6928,0.8120,1.7500,-0.9508,2.5795,37.9429,216.6857,365.4857,6.0713,73.4590,112.2756,5.00,3.00,2.00,0.0640,0.1724,0.0944,1,0.153445
9,0.8000,11.2000,53.8000,-15.6000,0.1601,0.3460,0.3110,0.1000,0.4000,0.8000,-2.4000,3.2928,0.8636,1.7500,-1.0472,2.5795,-2.4000,2.6728,0.8636,1.7500,-1.0472,2.5795,37.9429,216.6857,365.4857,6.0738,74.9796,113.6743,5.00,3.00,2.00,0.0641,0.1796,0.0967,1,0.155782
9,0.8200,11.4800,54.0200,-15.2400,0.1604,0.3534,0.3142,0.1000,0.4000,0.8000,-2.3650,3.2709,0.9152,1.7500,-1.1407,2.5795,-2.3650,2.6509,0.9152,1.7500,-1.1407,2.5795,37.9429,216.6857,365.4857,6.0872,76.5682,114.8512,5.00,3.00,2.00,0.0643,0.1873,0.0987,1,0.158005
9,0.8400,11.7600,54.2400,-14.8800,0.1611,0.3608,0.3168,0.1000,0.4000,0.8000,-2.3300,3.2472,0.9668,1.7500,-1.2311,2.5795,-2.3300,2.6272,0.9668,1.7500,-1.2311,2.5795,37.9429,216.6857,365.4857,6.1112,78.1890,115.7832,5.00,3.00,2.00,0.0649,0.1953,0.1004,1,0.160067
9,0.8600,12.0400,54.4600,-14.5200,0.1620,0.3683,0.3186,0.1000,0.4000,0.8000,-2.2950,3.2217,1.0184,1.7500,-1.3180,2.5795,-2.2950,2.6017,1.0184,1.7500,-1.3180,2.5795,37.9429,216.6857,365.4857,6.1456,79.8058,116.4520,5.00,3.00,2.00,0.0656,0.2035,0.1015,1,0.161923
9,0.8800,12.3200,54.6800,-14.1600,0.1631,0.3756,0.3197,0.1000,0.4000,0.8000,-2.2600,3.1945,1.0700,1.7500,-1.4014,2.5795,-2.2600,2.5745,1.0700,1.7500,-1.4014,2.5795,37.9429,216.6857,365.4857,6.1899,81.3822,116.8446,5.00,3.00,2.00,0.0665,0.2116,0.1022,1,0.163533
9,0.9000,0.0000,54.9000,-13.8000,0.0100,0.3825,0.3200,0.0000,0.4000,0.8000,-2.2250,3.1657,1.1215,1.7500,-1.4810,2.5795,-2.2250,2.5457,1.1215,1.7500,-1.4810,2.5795,0.0000,216.6857,365.4857,0.0000,82.8828,116.9534,5.00,3.00,2.00,0.0003,0.2195,0.1024,1,0.159869
9,0.9200,0.0000,55.1200,-13.4400,0.0100,0.3889,0.3195,0.0000,0.4000,0.8000,-2.1900,3.1353,1.1731,1.7500,-1.5564,2.5795,-2.1900,2.5153,1.1731,1.7500,-1.5564,2.5795,0.0000,216.6857,365.4857,0.0000,84.2738,116.7760,5.00,3.00,2.00,0.0003,0.2269,0.1021,1,0.160840
9,0.9400,0.0000,55.3400,-13.0800,0.0100,0.3947,0.3183,0.0000,0.4000,0.8000,-2.1550,3.1035,1.2247,1.7500,-1.6277,2.5795,-2.1550,2.4835,1.2247,1.7500,-1.6277,2.5795,0.0000,216.6857,365.4857,0.0000,85.5242,116.3162,5.00,3.00,2.00,0.0003,0.2337,0.1013,1,0.161472
9,0.9600,0.0000,55.5600,-30.0000,0.0100,0.3997,0.0200,0.0000,0.4000,0.0000,-2.1200,3.0702,1.2763,1.7500,-1.6944,2.5795,-2.1200,2.4502,1.2763,1.7500,-1.6944,2.5795,0.0000,216.6857,0.0000,0.0000,86.6057,0.0000,5.00,3.00,2.00,0.0003,0.2396,0.0004,1,0.069285
9,0.9800,0.0000,55.7800,-30.0000,0.0100,0.4038,0.0200,0.0000,0.4000,0.0000,-2.0850,3.0357,1.3279,1.7500,-1.7565,2.5795,-2.0850,2.4157,1.3279,1.7500,-1.7565,2.5795,0.0000,216.6857,0.0000,0.0000,87.4941,0.0000,5.00,3.00,2.00,0.0003,0.2446,0.0004,1,0.069995
9,1.0000,0.0000,45.0000,-30.0000,0.0100,0.0200,0.0200,0.0000,0.0000,0.0000,-2.0500,3.0000,1.3795,1.7500,-1.8138,2.5795,-2.0500,2.3800,1.3795,1.7500,-1.8138,2.5795,0.0000,0.0000,0.0000,0.0000,0.0000,0.0000,5.00,3.00,2.00,0.0003,0.0006,0.0004,1,0.000000
9,1.0200,0.0000,45.0000,-30.0000,0.0100,0.0200,0.0200,0.0000,0.0000,0.0000,-2.0150,2.9632,1.4311,1.7500,-1.8661,2.5795,-2.0150,2.3432,1.4311,1.7500,-1.8661,2.5795,0.0000,0.0000,0.0000,0.0000,0.0000,0.0000,5.00,3.00,2.00,0.0003,0.0006,0.0004,1,0.000000
9,1.0400,0.0000,45.0000,-30.0000,0.0100,0.0200,0.0200,0.0000,0.0000,0.0000,-1.9800,2.9254,1.4827,1.7500,-1.9133,2.5795,-1.9800,2.3054,1.4827,1.7500,-1.9133,2.5795,0.0000,0.0000,0.0000,0.0000,0.0000,0.0000,5.00,3.00,2.00,0.0003,0.0006,0.0004,1,0.000000
9,1.0600,0.0000,45.0000,-30.0000,0.0100,0.0200,0.0200,0.0000,0.0000,0.0000,-1.9450,2.8867,1.5343,1.7500,-1.9553,2.5795,-1.9450,2.2667,1.5343,1.7500,-1.9553,2.5795,0.0000,0.0000,0.0000,0.0000,0.0000,0.0000,5.00,3.00,2.00,0.0003,0.0006,0.0004,1,0.000000
9,1.0800,0.0000,45.0000,-30.0000,0.0100,0.0200,0.0200,0.0000,0.0000,0.0000,-1.9100,2.8472,1.5859,1.7500,-1.9919,2.5795,-1.9100,2.2272,1.5859,1.7500,-1.9919,2.5795,0.0000,0.0000,0.0000,0.0000,0.0000,0.0000,5.00,3.00,2.00,0.0003,0.0006,0.0004,1,0.000000
9,1.1000,0.0000,45.0000,-30.0000,0.0100,0.0200,0.0200,0.0000,0.0000,0.0000,-1.8750,2.8071,1.6374,1.7500,-2.0230,2.5795,-1.8750,2.1871,1.6374,1.7500,-2.0230,2.5795,0.0000,0.0000,0.0000,0.0000,0.0000,0.0000,5.00,3.00,2.00,0.0003,0.0006,0.0004,1,0.000000
9,1.1200,0.0000,45.0000,-30.0000,0.0100,0.0200,0.0200,0.0000,0.0000,0.0000,-1.8400,2.7663,1.6890,1.7500,-2.0486,2.5795,-1.8400,2.1463,1.6890,1.7500,-2.0486,2.5795,0.0000,0.0000,0.0000,0.0000,0.0000,0.0000,5.00,3.00,2.00,0.0003,0.0006,0.0004,1,0.000000
9,1.1400,0.0000,45.0000,-30.0000,0.0100,0.0200,0.0200,0.0000,0.0000,0.0000,-1.8050,2.7251,1.7406,1.7500,-2.0686,2.5795,-1.5495,0.7359,2.0262,-0.0554,-0.0564,-0.0423,0.0000,0.0000,0.0000,0.0000,0.0000,0.0000,5.00,3.00,2.00,0.0003,0.0006,0.0004,0,0.000000
9,1.1600,0.0000,45.0000,-30.0000,0.0100,0.0200,0.0200,0.0000,0.0000,0.0000,-1.7700,2.6836,1.7922,1.7500,-2.0829,2.5795,-1.5841,0.7305,1.8105,-0.0353,-0.0735,0.0673,0.0000,0.0000,0.0000,0.0000,0.0000,0.0000,5.00,3.00,2.00,0.0003,0.0006,0.0004,0,0.000000
9,1.1800,0.0000,45.0000,-30.0000,0.0100,0.0200,0.0200,0.0000,0.0000,0.0000,-1.7350,2.6419,1.8438,1.7500,-2.0915,2.5795,-1.8256,0.7329,1.7735,0.0745,-0.0824,0.0755,0.0000,0.0000,0.0000,0.0000,0.0000,0.0000,5.00,3.00,2.00,0.0003,0.0006,0.0004,0,0.000000
9,1.2000,0.0000,45.0000,-30.0000,0.0100,0.0200,0.0200,0.0000,0.0000,0.0000,-1.7000,2.6000,1.8954,0.0000,0.0000,0.0000,-1.6532,0.7142,1.9296,0.1029,-0.1575,0.0931,0.0000,0.0000,0.0000,0.0000,0.0000,0.0000,5.00,3.00,2.00,0.0003,0.0006,0.0004,0,0.000000
9,1.2200,0.0000,45.0000,-30.0000,0.0100,0.0200,0.0200,0.0000,0.0000,0.0000,-1.7000,2.6000,1.8954,0.0000,0.0000,0.0000,-1.6754,0.7278,1.8009,0.0902,0.0010,0.0816,0.0000,0.0000,0.0000,0.0000,0.0000,0.0000,5.00,3.00,2.00,0.0003,0.0006,0.0004,0,0.000000
9,1.2400,0.0000,45.0000,-30.0000,0.0100,0.0200,0.0200,0.0000,0.0000,0.0000,-1.7000,2.6000,1.8954,0.0000,0.0000,0.0000,-1.6415,0.7324,1.9851,0.0296,-0.1247,0.0720,0.0000,0.0000,0.0000,0.0000,0.0000,0.0000,5.00,3.00,2.00,0.0003,0.0006,0.0004,0,0.000000
9,1.2600,0.0000,45.0000,-30.0000,0.0100,0.0200,0.0200,0.0000,0.0000,0.0000,-1.7000,2.6000,1.8954,0.0000,0.0000,0.0000,-1.7183,0.7061,1.8568,0.0209,0.0235,0.0529,0.0000,0.0000,0.0000,0.0000,0.0000,0.0000,5.00,3.00,2.00,0.0003,0.0006,0.0004,0,0.000000
9,1.2800,0.0000,45.0000,-30.0000,0.0100,0.0200,0.0200,0.0000,0.0000,0.0000,-1.7000,2.6000,1.8954,0.0000,0.0000,0.0000,-1.7402,0.7041,1.9158,-0.0651,-0.0047,0.0040,0.0000,0.0000,0.0000,0.0000,0.0000,0.0000,5.00,3.00,2.00,0.0003,0.0006,0.0004,0,0.000000
9,1.3000,0.0000,45.0000,-30.0000,0.0100,0.0200,0.0200,0.0000,0.0000,0.0000,-1.7000,2.6000,1.8954,0.0000,0.0000,0.0000,-1.6300,0.7063,1.8444,-0.0508,-0.0937,0.0027,0.0000,0.0000,0.0000,0.0000,0.0000,0.0000,5.00,3.00,2.00,0.0003,0.0006,0.0004,0,0.000000
9,1.3200,0.0000,45.0000,-30.0000,0.0100,0.0200,0.0200,0.0000,0.0000,0.0000,-1.7000,2.6000,1.8954,0.0000,0.0000,0.0000,-1.7144,0.7067,1.9148,0.0647,-0.0165,0.0605,0.0000,0.0000,0.0000,0.0000,0.0000,0.0000,5.00,3.00,2.00,0.0003,0.0006,0.0004,0,0.000000
9,1.3400,0.0000,45.0000,-30.0000,0.0100,0.0200,0.0200,0.0000,0.0000,0.0000,-1.7000,2.6000,1.8954,0.0000,0.0000,0.0000,-1.7401,0.7304,1.9457,-0.0165,-0.0244,0.0288,0.0000,0.0000,0.0000,0.0000,0.0000,0.0000,5.00,3.00,2.00,0.0003,0.0006,0.0004,0,0.000000
9,1.3600,0.0000,45.0000,-30.0000,0.0100,0.0200,0.0200,0.0000,0.0000,0.0000,-1.7000,2.6000,1.8954,0.0000,0.0000,0.0000,-1.6546,0.7187,1.9012,-0.0266,-0.0452,-0.0118,0.0000,0.0000,0.0000,0.0000,0.0000,0.0000,5.00,3.00,2.00,0.0003,0.0006,0.0004,0,0.000000
9,1.3800,0.0000,45.0000,-30.0000,0.0100,0.0200,0.0200,0.0000,0.0000,0.0000,-1.7000,2.6000,1.8954,0.0000,0.0000,0.0000,-1.7023,0.7126,1.8868,0.0278,-0.0159,-0.0303,0.0000,0.0000,0.0000,0.0000,0.0000,0.0000,5.00,3.00,2.00,0.0003,0.0006,0.0004,0,0.000000
9,1.4000,0.0000,45.0000,-30.0000,0.0100,0.0200,0.0200,0.0000,0.0000,0.0000,-1.7000,2.6000,1.8954,0.0000,0.0000,0.0000,-1.7162,0.7198,1.9254,0.0075,-0.0537,0.0197,0.0000,0.0000,0.0000,0.0000,0.0000,0.0000,5.00,3.00,2.00,0.0003,0.0006,0.0004,0,0.000000
9,1.4200,0.0000,45.0000,-30.0000,0.0100,0.0200,0.0200,0.0000,0.0000,0.0000,-1.7000,2.6000,1.8954,0.0000,0.0000,0.0000,-1.6904,0.7208,1.9015,-0.0072,-0.0298,-0.0146,0.0000,0.0000,0.0000,0.0000,0.0000,0.0000,5.00,3.00,2.00,0.0003,0.0006,0.0004,0,0.000000
9,1.4400,0.0000,45.0000,-30.0000,0.0100,0.0200,0.0200,0.0000,0.0000,0.0000,-1.7000,2.6000,1.8954,0.0000,0.0000,0.0000,-1.7105,0.7195,1.8919,-0.0043,-0.0144,-0.0161,0.0000,0.0000,0.0000,0.0000,0.0000,0.0000,5.00,3.00,2.00,0.0003,0.0006,0.0004,0,0.000000
9,1.4600,0.0000,45.0000,-30.0000,0.0100,0.0200,0.0200,0.0000,0.0000,0.0000,-1.7000,2.6000,1.8954,0.0000,0.0000,0.0000,-1.6914,0.7215,1.8933,0.0059,-0.0100,-0.0021,0.0000,0.0000,0.0000,0.0000,0.0000,0.0000,5.00,3.00,2.00,0.0003,0.0006,0.0004,0,0.000000
9,1.4800,0.0000,45.0000,-30.0000,0.0100,0.0200,0.0200,0.0000,0.0000,0.0000,-1.7000,2.6000,1.8954,0.0000,0.0000,0.0000,-1.7000,0.7200,1.8954,0.0000,0.0000,0.0000,0.0000,0.0000,0.0000,0.0000,0.0000,0.0000,5.00,3.00,2.00,0.0003,0.0006,0.0004,0,0.000000
9,1.5000,0.0000,45.0000,-30.0000,0.0100,0.0200,0.0200,0.0000,0.0000,0.0000,-1.7000,2.6000,1.8954,0.0000,0.0000,0.0000,-1.6921,0.7197,1.8982,0.0003,0.0024,0.0046,0.0000,0.0000,0.0000,0.0000,0.0000,0.0000,5.00,3.00,2.00,0.0003,0.0006,0.0004,0,0.000000
10,0.0200,1.1200,45.5500,-30.2700,0.1824,0.3675,0.3196,0.4000,1.0000,-0.6000,-3.7617,2.6419,-1.1527,1.9167,2.0915,2.3643,-1.6517,0.7261,1.7879,-0.1308,-0.0405,-0.1377,150.8571,538.5714,272.5714,27.5155,197.9099,87.1162,5.00,3.00,2.00,0.0832,0.2026,0.1021,0,0.250033
10,0.0400,2.2400,46.1000,-30.5400,0.1848,0.3748,0.3184,0.4000,1.0000,-0.6000,-3.7233,2.6836,-1.1054,1.9167,2.0829,2.3643,-1.6281,0.7213,1.5275,-0.0480,0.0486,0.1351,150.8571,538.5714,272.5714,27.8715,201.8437,86.7983,5.00,3.00,2.00,0.0853,0.2107,0.1014,0,0.253211
10,0.0600,3.3600,46.6500,-30.8100,0.1870,0.3817,0.3165,0.4000,1.0000,-0.6000,-3.6850,2.7251,-1.0581,1.9167,2.0686,2.3643,-1.3307,0.6964,1.6924,-0.0305,0.0213,0.0605,150.8571,538.5714,272.5714,28.2171,205.5987,86.2753,5.00,3.00,2.00,0.0875,0.2186,0.1002,0,0.256073
10,0.0800,4.4800,47.2000,-31.0800,0.1892,0.3882,0.3139,0.4000,1.0000,-0.6000,-3.6467,2.7663,-1.0109,1.9167,2.0486,2.3643,-1.4141,0.7165,1.5490,0.0011,-0.0591,-0.0382,150.8571,538.5714,272.5714,28.5475,209.0907,85.5575,5.00,3.00,2.00,0.0895,0.2261,0.0985,0,0.258557
10,0.1000,5.6000,47.7500,-31.3500,0.1913,0.3941,0.3106,0.4000,1.0000,-0.6000,-3.6083,2.8071,-0.9636,1.9167,2.0230,2.3643,-1.6318,0.7395,1.7809,-0.0159,-0.1743,0.0485,150.8571,538.5714,272.5714,28.8579,212.2413,84.6590,5.00,3.00,2.00,0.0915,0.2330,0.0965,0,0.260607
10,0.1200,6.7200,48.3000,-31.6200,0.1932,0.3992,0.3067,0.4000,1.0000,-0.6000,-3.5700,2.8472,-0.9163,1.9167,1.9919,2.3643,-1.3745,0.7352,1.7247,-0.0937,-0.1625,0.0895,150.8571,538.5714,272.5714,29.1437,214.9796,83.5973,5.00,3.00,2.00,0.0933,0.2390,0.0941,0,0.262176
10,0.1400,7.8400,48.8500,-31.8900,0.1949,0.4034,0.3023,0.4000,1.0000,-0.6000,-3.5317,2.8867,-0.8690,1.9167,1.9553,2.3643,-1.6450,0.7419,1.5444,-0.0429,-0.0367,0.0624,150.8571,538.5714,272.5714,29.4010,217.2442,82.3931,5.00,3.00,2.00,0.0950,0.2441,0.0914,0,0.263231
10,0.1600,8.9600,49.4000,-32.1600,0.1964,0.4066,0.2974,0.4000,1.0000,-0.6000,-3.4933,2.9254,-0.8217,1.9167,1.9133,2.3643,-1.6166,0.7282,1.6946,0.0632,0.0092,0.0230,150.8571,538.5714,272.5714,29.6259,218.9842,81.0702,5.00,3.00,2.00,0.0964,0.2480,0.0885,0,0.263744
10,0.1800,10.0800,49.9500,-32.4300,0.1976,0.4088,0.2922,0.4000,1.0000,-0.6000,-3.4550,2.9632,-0.7744,1.9167,1.8661,2.3643,-1.4992,0.7323,1.6991,0.0474,-0.0261,-0.0762,150.8571,538.5714,272.5714,29.8153,220.1606,79.6543,5.00,3.00,2.00,0.0977,0.2507,0.0854,0,0.263704
10,0.2000,11.2000,50.5000,-32.7000,0.1986,0.4099,0.2868,0.4000,1.0000,-0.6000,-3.4167,3.0000,-0.7271,1.9167,1.8138,2.3643,-1.3311,0.7245,1.8046,0.0138,0.0290,0.1119,150.8571,538.5714,272.5714,29.9664,220.7468,78.1731,5.00,3.00,2.00,0.0986,0.2520,0.0823,0,0.263109
10,0.2200,12.3200,51.0500,-32.9700,0.1994,0.4098,0.2812,0.4000,1.0000,-0.6000,-3.3783,3.0357,-0.6798,1.9167,1.7565,2.3643,-1.6289,0.7318,1.5545,0.0101,-0.1026,-0.0774,150.8571,538.5714,272.5714,30.0770,220.7299,76.6557,5.00,3.00,2.00,0.0994,0.2520,0.0791,0,0.261970
10,0.2400,13.4400,51.6000,-33.2400,0.1998,0.4087,0.2756,0.4000,1.0000,-0.6000,-3.3400,3.0702,-0.6326,1.9167,1.6944,2.3643,-1.6053,0.7370,1.7507,0.1065,-0.1596,-0.1384,150.8571,538.5714,272.5714,30.1457,220.1100,75.1317,5.00,3.00,2.00,0.0998,0.2505,0.0760,0,0.260310
10,0.2600,14.5600,52.1500,-33.5100,0.2000,0.4064,0.2701,0.4000,1.0000,-0.6000,-3.3017,3.1035,-0.5853,1.9167,1.6277,2.3643,-1.5146,0.7129,1.7204,0.0141,-0.1518,-0.1499,150.8571,538.5714,272.5714,30.1713,218.9013,73.6310,5.00,3.00,2.00,0.1000,0.2478,0.0730,0,0.258163
10,0.2800,15.6800,52.7000,-33.7800,0.1999,0.4032,0.2648,0.4000,1.0000,-0.6000,-3.2633,3.1353,-0.5380,1.9167,1.5564,2.3643,-1.4232,0.7154,1.8033,-0.0533,0.0334,0.0140,150.8571,538.5714,272.5714,30.1535,217.1307,72.1829,5.00,3.00,2.00,0.0999,0.2438,0.0701,0,0.255574
10,0.3000,16.8000,53.2500,-34.0500,0.1995,0.3989,0.2598,0.4000,1.0000,-0.6000,-3.2250,3.1657,-0.4907,1.9167,1.4810,2.3643,-1.3237,0.7014,1.4598,-0.0009,-0.1844,0.0650,150.8571,538.5714,272.5714,30.0925,214.8381,70.8157,5.00,3.00,2.00,0.0995,0.2387,0.0675,0,0.252597
10,0.3200,17.9200,53.8000,-34.3200,0.1988,0.3938,0.2552,0.4000,1.0000,-0.6000,-3.1867,3.1945,-0.4434,1.9167,1.4014,2.3643,-1.3800,0.7231,1.7940,-0.0392,-0.1855,-0.1459,150.8571,538.5714,272.5714,29.9893,212.0750,69.5563,5.00,3.00,2.00,0.0988,0.2326,0.0651,0,0.249296
10,0.3400,19.0400,54.3500,-34.5900,0.1978,0.3879,0.2511,0.4000,1.0000,-0.6000,-3.1483,3.2217,-0.3961,1.9167,1.3180,2.3643,-1.5224,0.7286,1.5093,-0.0247,-0.0990,-0.1256,150.8571,538.5714,272.5714,29.8454,208.9033,68.4292,5.00,3.00,2.00,0.0979,0.2257,0.0630,0,0.245742
10,0.3600,5.0400,54.9000,-34.8600,0.1966,0.3814,0.2475,0.1000,1.0000,-0.6000,-3.1100,3.2472,-0.3488,1.9167,1.2311,2.3643,-1.4058,0.7288,1.6027,0.0400,-0.1904,-0.0406,37.7143,538.5714,272.5714,7.4157,205.3944,67.4565,5.00,3.00,2.00,0.0967,0.2182,0.0612,0,0.224213
10,0.3800,5.3200,55.4500,-35.1300,0.1952,0.3744,0.2445,0.1000,1.0000,-0.6000,-3.0717,3.2709,-0.3016,1.9167,1.1407,2.3643,-1.4947,0.7153,1.5464,0.1394,-0.0002,0.0021,37.7143,538.5714,272.5714,7.3610,201.6271,66.6573,5.00,3.00,2.00,0.0952,0.2102,0.0598,0,0.220516
10,0.4000,5.6000,56.0000,-35.4000,0.1935,0.3671,0.2423,0.1000,1.0000,-0.6000,-3.0333,3.2928,-0.2543,1.9167,1.0472,2.3643,-1.3519,0.7392,1.7281,0.0670,-0.0869,-0.0599,37.7143,538.5714,272.5714,7.2981,197.6859,66.0471,5.00,3.00,2.00,0.0936,0.2021,0.0587,0,0.216825
10,0.4200,5.8800,56.5500,-35.6700,0.1916,0.3596,0.2408,0.1000,1.0000,-0.6000,-2.9950,3.3128,-0.2070,1.9167,0.9508,2.3643,-1.5955,0.7326,1.6602,-0.1204,-0.2435,0.0750,37.7143,538.5714,272.5714,7.2278,193.6593,65.6379,5.00,3.00,2.00,0.0918,0.1939,0.0580,0,0.213220
10,0.4400,6.1600,57.1000,-22.0800,0.1896,0.3521,0.2401,0.1000,1.0000,0.8000,-2.9567,3.3308,-0.1597,1.9167,0.8519,2.3643,-2.9567,2.7108,-0.1597,1.9167,0.8519,2.3643,37.7143,538.5714,363.4286,7.1512,189.6378,87.2504,5.00,3.00,2.00,0.0899,0.1860,0.0576,1,0.227232
10,0.4600,6.4400,57.6500,-21.7200,0.1874,0.3448,0.2401,0.1000,1.0000,0.8000,-2.9183,3.3469,-0.1124,1.9167,0.7506,2.3643,-2.9183,2.7269,-0.1124,1.9167,0.7506,2.3643,37.7143,538.5714,363.4286,7.0695,185.7118,87.2675,5.00,3.00,2.00,0.0878,0.1784,0.0577,1,0.224039
10,0.4800,6.7200,58.2000,-21.3600,0.1852,0.3379,0.2410,0.1000,1.0000,0.8000,-2.8800,3.3608,-0.0651,1.9167,0.6472,2.3643,-2.8800,2.7408,-0.0651,1.9167,0.6472,2.3643,37.7143,538.5714,363.4286,6.9836,181.9693,87.5682,5.00,3.00,2.00,0.0857,0.1712,0.0581,1,0.221217
10,0.5000,7.0000,50.5000,-21.0000,0.1828,0.3314,0.2425,0.1000,0.4000,0.8000,-2.8417,3.3727,-0.0178,1.9167,0.5421,2.3643,-2.8417,2.7527,-0.0178,1.9167,0.5421,2.3643,37.7143,215.4286,363.4286,6.8950,71.3978,88.1466,5.00,3.00,2.00,0.0836,0.1648,0.0588,1,0.133151
10,0.5200,7.2800,50.7200,-20.6400,0.1804,0.3256,0.2449,0.1000,0.4000,0.8000,-2.8033,3.3825,0.0294,1.9167,0.4354,2.3643,-2.8033,2.7625,0.0294,1.9167,0.4354,2.3643,37.7143,215.4286,363.4286,6.8049,70.1461,88.9914,5.00,3.00,2.00,0.0814,0.1590,0.0600,1,0.132754
10,0.5400,7.5600,50.9400,-20.2800,0.1780,0.3206,0.2479,0.1000,0.4000,0.8000,-2.7650,3.3902,0.0767,1.9167,0.3276,2.3643,-2.7650,2.7702,0.0767,1.9167,0.3276,2.3643,37.7143,215.4286,363.4286,6.7145,69.0607,90.0860,5.00,3.00,2.00,0.0792,0.1542,0.0614,1,0.132689
10,0.5600,7.8400,51.1600,-19.9200,0.1757,0.3164,0.2515,0.1000,0.4000,0.8000,-2.7267,3.3956,0.1240,1.9167,0.2189,2.3643,-2.7267,2.7756,0.1240,1.9167,0.2189,2.3643,37.7143,215.4286,363.4286,6.6251,68.1662,91.4091,5.00,3.00,2.00,0.0771,0.1502,0.0633,1,0.132960
10,0.5800,8.1200,51.3800,-19.5600,0.1734,0.3132,0.2557,0.1000,0.4000,0.8000,-2.6883,3.3989,0.1713,1.9167,0.1096,2.3643,-2.6883,2.7789,0.1713,1.9167,0.1096,2.3643,37.7143,215.4286,363.4286,6.5382,67.4824,92.9347,5.00,3.00,2.00,0.0751,0.1472,0.0654,1,0.133564
10,0.6000,8.4000,51.6000,-19.2000,0.1711,0.3111,0.2604,0.1000,0.4000,0.8000,-2.6500,3.4000,0.2186,1.9167,0.0000,2.3643,-2.6500,2.7800,0.2186,1.9167,0.0000,2.3643,37.7143,215.4286,363.4286,6.4548,67.0249,94.6330,5.00,3.00,2.00,0.0732,0.1452,0.0678,1,0.134490
10,0.6200,8.6800,51.8200,-18.8400,0.1691,0.3101,0.2654,0.1000,0.4000,0.8000,-2.6117,3.3989,0.2659,1.9167,-0.1096,2.3643,-2.6117,2.7789,0.2659,1.9167,-0.1096,2.3643,37.7143,215.4286,363.4286,6.3762,66.8038,96.4708,5.00,3.00,2.00,0.0715,0.1442,0.0705,1,0.135721
10,0.6400,8.9600,52.0400,-18.4800,0.1671,0.3102,0.2708,0.1000,0.4000,0.8000,-2.5733,3.3956,0.3132,1.9167,-0.2189,2.3643,-2.5733,2.7756,0.3132,1.9167,-0.2189,2.3643,37.7143,215.4286,363.4286,6.3036,66.8242,98.4121,5.00,3.00,2.00,0.0698,0.1443,0.0733,1,0.137232
10,0.6600,9.2400,52.2600,-18.1200,0.1654,0.3114,0.2763,0.1000,0.4000,0.8000,-2.5350,3.3902,0.3605,1.9167,-0.3276,2.3643,-2.5350,2.7702,0.3605,1.9167,-0.3276,2.3643,37.7143,215.4286,363.4286,6.2379,67.0855,100.4188,5.00,3.00,2.00,0.0684,0.1455,0.0763,1,0.138994
10,0.6800,9.5200,52.4800,-17.7600,0.1639,0.3137,0.2819,0.1000,0.4000,0.8000,-2.4967,3.3825,0.4077,1.9167,-0.4354,2.3643,-2.4967,2.7625,0.4077,1.9167,-0.4354,2.3643,37.7143,215.4286,363.4286,6.1802,67.5819,102.4519,5.00,3.00,2.00,0.0671,0.1476,0.0795,1,0.140971
10,0.7000,9.8000,52.7000,-17.4000,0.1626,0.3171,0.2875,0.1000,0.4000,0.8000,-2.4583,3.3727,0.4550,1.9167,-0.5421,2.3643,-2.4583,2.7527,0.4550,1.9167,-0.5421,2.3643,37.7143,215.4286,363.4286,6.1312,68.3023,104.4714,5.00,3.00,2.00,0.0661,0.1508,0.0826,1,0.143124
10,0.7200,10.0800,52.9200,-17.0400,0.1615,0.3214,0.2929,0.1000,0.4000,0.8000,-2.4200,3.3608,0.5023,1.9167,-0.6472,2.3643,-2.4200,2.7408,0.5023,1.9167,-0.6472,2.3643,37.7143,215.4286,363.4286,6.0916,69.2305,106.4378,5.00,3.00,2.00,0.0652,0.1549,0.0858,1,0.145408
10,0.7400,10.3600,53.1400,-16.6800,0.1607,0.3265,0.2980,0.1000,0.4000,0.8000,-2.3817,3.3469,0.5496,1.9167,-0.7506,2.3643,-2.3817,2.7269,0.5496,1.9167,-0.7506,2.3643,37.7143,215.4286,363.4286,6.0621,70.3456,108.3127,5.00,3.00,2.00,0.0646,0.1599,0.0888,1,0.147776
10,0.7600,10.6400,53.3600,-16.3200,0.1602,0.3325,0.3028,0.1000,0.4000,0.8000,-2.3433,3.3308,0.5969,1.9167,-0.8519,2.3643,-2.3433,2.7108,0.5969,1.9167,-0.8519,2.3643,37.7143,215.4286,363.4286,6.0430,71.6226,110.0594,5.00,3.00,2.00,0.0642,0.1658,0.0917,1,0.150180
10,0.7800,10.9200,53.5800,-15.9600,0.1600,0.3390,0.3072,0.1000,0.4000,0.8000,-2.3050,3.3128,0.6442,1.9167,-0.9508,2.3643,-2.3050,2.6928,0.6442,1.9167,-0.9508,2.3643,37.7143,215.4286,363.4286,6.0347,73.0328,111.6436,5.00,3.00,2.00,0.0640,0.1724,0.0944,1,0.152569
10,0.8000,11.2000,53.8000,-15.6000,0.1601,0.3460,0.3110,0.1000,0.4000,0.8000,-2.2667,3.2928,0.6915,1.9167,-1.0472,2.3643,-2.2667,2.6728,0.6915,1.9167,-1.0472,2.3643,37.7143,215.4286,363.4286,6.0372,74.5446,113.0345,5.00,3.00,2.00,0.0641,0.1796,0.0967,1,0.154893
10,0.8200,11.4800,54.0200,-15.2400,0.1604,0.3534,0.3142,0.1000,0.4000,0.8000,-2.2283,3.2709,0.7387,1.9167,-1.1407,2.3643,-2.2283,2.6509,0.7387,1.9167,-1.1407,2.3643,37.7143,215.4286,363.4286,6.0505,76.1239,114.2048,5.00,3.00,2.00,0.0643,0.1873,0.0987,1,0.157103
10,0.8400,11.7600,54.2400,-14.8800,0.1611,0.3608,0.3168,0.1000,0.4000,0.8000,-2.1900,3.2472,0.7860,1.9167,-1.2311,2.3643,-2.1900,2.6272,0.7860,1.9167,-1.2311,2.3643,37.7143,215.4286,363.4286,6.0744,77.7354,115.1315,5.00,3.00,2.00,0.0649,0.1953,0.1004,1,0.159153
10,0.8600,12.0400,54.4600,-14.5200,0.1620,0.3683,0.3186,0.1000,0.4000,0.8000,-2.1517,3.2217,0.8333,1.9167,-1.3180,2.3643,-2.1517,2.6017,0.8333,1.9167,-1.3180,2.3643,37.7143,215.4286,363.4286,6.1086,79.3428,115.7966,5.00,3.00,2.00,0.0656,0.2035,0.1015,1,0.160998
10,0.8800,12.3200,54.6800,-14.1600,0.1631,0.3756,0.3197,0.1000,0.4000,0.8000,-2.1133,3.1945,0.8806,1.9167,-1.4014,2.3643,-2.1133,2.5745,0.8806,1.9167,-1.4014,2.3643,37.7143,215.4286,363.4286,6.1526,80.9100,116.1870,5.00,3.00,2.00,0.0665,0.2116,0.1022,1,0.162600
10,0.9000,0.0000,54.9000,-13.8000,0.0100,0.3825,0.3200,0.0000,0.4000,0.8000,-2.0750,3.1657,0.9279,1.9167,-1.4810,2.3643,-2.0750,2.5457,0.9279,1.9167,-1.4810,2.3643,0.0000,215.4286,363.4286,0.0000,82.4019,116.2951,5.00,3.00,2.00,0.0003,0.2195,0.1024,1,0.158958
10,0.9200,0.0000,55.1200,-13.4400,0.0100,0.3889,0.3195,0.0000,0.4000,0.8000,-2.0367,3.1353,0.9752,1.9167,-1.5564,2.3643,-2.0367,2.5153,0.9752,1.9167,-1.5564,2.3643,0.0000,215.4286,363.4286,0.0000,83.7849,116.1188,5.00,3.00,2.00,0.0003,0.2269,0.1021,1,0.159923
10,0.9400,0.0000,55.3400,-13.0800,0.0100,0.3947,0.3183,0.0000,0.4000,0.8000,-1.9983,3.1035,1.0225,1.9167,-1.6277,2.3643,-1.9983,2.4835,1.0225,1.9167,-1.6277,2.3643,0.0000,215.4286,363.4286,0.0000,85.0280,115.6615,5.00,3.00,2.00,0.0003,0.2337,0.1013,1,0.160552
10,0.9600,0.0000,55.5600,-30.0000,0.0100,0.3997,0.0200,0.0000,0.4000,0.0000,-1.9600,3.0702,1.0698,1.9167,-1.6944,2.3643,-1.9600,2.4502,1.0698,1.9167,-1.6944,2.3643,0.0000,215.4286,0.0000,0.0000,86.1032,0.0000,5.00,3.00,2.00,0.0003,0.2396,0.0004,1,0.068883
10,0.9800,0.0000,55.7800,-30.0000,0.0100,0.4038,0.0200,0.0000,0.4000,0.0000,-1.9217,3.0357,1.1170,1.9167,-1.7565,2.3643,-1.9217,2.4157,1.1170,1.9167,-1.7565,2.3643,0.0000,215.4286,0.0000,0.0000,86.9865,0.0000,5.00,3.00,2.00,0.0003,0.2446,0.0004,1,0.069589
10,1.0000,0.0000,45.0000,-30.0000,0.0100,0.0200,0.0200,0.0000,0.0000,0.0000,-1.8833,3.0000,1.1643,1.9167,-1.8138,2.3643,-1.8833,2.3800,1.1643,1.9167,-1.8138,2.3643,0.0000,0.0000,0.0000,0.0000,0.0000,0.0000,5.00,3.00,2.00,0.0003,0.0006,0.0004,1,0.000000
10,1.0200,0.0000,45.0000,-30.0000,0.0100,0.0200,0.0200,0.0000,0.0000,0.0000,-1.8450,2.9632,1.2116,1.9167,-1.8661,2.3643,-1.8450,2.3432,1.2116,1.9167,-1.8661,2.3643,0.0000,0.0000,0.0000,0.0000,0.0000,0.0000,5.00,3.00,2.00,0.0003,0.0006,0.0004,1,0.000000
10,1.0400,0.0000,45.0000,-30.0000,0.0100,0.0200,0.0200,0.0000,0.0000,0.0000,-1.8067,2.9254,1.2589,1.9167,-1.9133,2.3643,-1.8067,2.3054,1.2589,1.9167,-1.9133,2.3643,0.0000,0.0000,0.0000,0.0000,0.0000,0.0000,5.00,3.00,2.00,0.0003,0.0006,0.0004,1,0.000000
10,1.0600,0.0000,45.0000,-30.0000,0.0100,0.0200,0.0200,0.0000,0.0000,0.0000,-1.7683,2.8867,1.3062,1.9167,-1.9553,2.3643,-1.7683,2.2667,1.3062,1.9167,-1.9553,2.3643,0.0000,0.0000,0.0000,0.0000,0.0000,0.0000,5.00,3.00,2.00,0.0003,0.0006,0.0004,1,0.000000
10,1.0800,0.0000,45.0000,-30.0000,0.0100,0.0200,0.0200,0.0000,0.0000,0.0000,-1.7300,2.8472,1.3535,1.9167,-1.9919,2.3643,-1.7300,2.2272,1.3535,1.9167,-1.9919,2.3643,0.0000,0.0000,0.0000,0.0000,0.0000,0.0000,5.00,3.00,2.00,0.0003,0.0006,0.0004,1,0.000000
10,1.1000,0.0000,45.0000,-30.0000,0.0100,0.0200,0.0200,0.0000,0.0000,0.0000,-1.6917,2.8071,1.4008,1.9167,-2.0230,2.3643,-1.6917,2.1871,1.4008,1.9167,-2.0230,2.3643,0.0000,0.0000,0.0000,0.0000,0.0000,0.0000,5.00,3.00,2.00,0.0003,0.0006,0.0004,1,0.000000
10,1.1200,0.0000,45.0000,-30.0000,0.0100,0.0200,0.0200,0.0000,0.0000,0.0000,-1.6533,2.7663,1.4480,1.9167,-2.0486,2.3643,-1.6533,2.1463,1.4480,1.9167,-2.0486,2.3643,0.0000,0.0000,0.0000,0.0000,0.0000,0.0000,5.00,3.00,2.00,0.0003,0.0006,0.0004,1,0.000000
10,1.1400,0.0000,45.0000,-30.0000,0.0100,0.0200,0.0200,0.0000,0.0000,0.0000,-1.6150,2.7251,1.4953,1.9167,-2.0686,2.3643,-1.6349,0.6968,1.5239,0.0617,-0.2052,0.0523,0.0000,0.0000,0.0000,0.0000,0.0000,0.0000,5.00,3.00,2.00,0.0003,0.0006,0.0004,0,0.000000
10,1.1600,0.0000,45.0000,-30.0000,0.0100,0.0200,0.0200,0.0000,0.0000,0.0000,-1.5767,2.6836,1.5426,1.9167,-2.0829,2.3643,-1.3862,0.7091,1.7716,0.1014,-0.0727,-0.0540,0.0000,0.0000,0.0000,0.0000,0.0000,0.0000,5.00,3.00,2.00,0.0003,0.0006,0.0004,0,0.000000
10,1.1800,0.0000,45.0000,-30.0000,0.0100,0.0200,0.0200,0.0000,0.0000,0.0000,-1.5383,2.6419,1.5899,1.9167,-2.0915,2.3643,-1.6072,0.7128,1.7849,0.0356,0.0372,0.0741,0.0000,0.0000,0.0000,0.0000,0.0000,0.0000,5.00,3.00,2.00,0.0003,0.0006,0.0004,0,0.000000
10,1.2000,0.0000,45.0000,-30.0000,0.0100,0.0200,0.0200,0.0000,0.0000,0.0000,-1.5000,2.6000,1.6372,0.0000,0.0000,0.0000,-1.5087,0.7372,1.6984,-0.0167,-0.0876,-0.0244,0.0000,0.0000,0.0000,0.0000,0.0000,0.0000,5.00,3.00,2.00,0.0003,0.0006,0.0004,0,0.000000
10,1.2200,0.0000,45.0000,-30.0000,0.0100,0.0200,0.0200,0.0000,0.0000,0.0000,-1.5000,2.6000,1.6372,0.0000,0.0000,0.0000,-1.5622,0.7293,1.5329,0.0746,-0.1410,0.0634,0.0000,0.0000,0.0000,0.0000,0.0000,0.0000,5.00,3.00,2.00,0.0003,0.0006,0.0004,0,0.000000
10,1.2400,0.0000,45.0000,-30.0000,0.0100,0.0200,0.0200,0.0000,0.0000,0.0000,-1.5000,2.6000,1.6372,0.0000,0.0000,0.0000,-1.4958,0.7265,1.6673,0.0309,-0.0607,-0.0783,0.0000,0.0000,0.0000,0.0000,0.0000,0.0000,5.00,3.00,2.00,0.0003,0.0006,0.0004,0,0.000000
10,1.2600,0.0000,45.0000,-30.0000,0.0100,0.0200,0.0200,0.0000,0.0000,0.0000,-1.5000,2.6000,1.6372,0.0000,0.0000,0.0000,-1.5665,0.7309,1.5961,0.0116,-0.1328,0.0067,0.0000,0.0000,0.0000,0.0000,0.0000,0.0000,5.00,3.00,2.00,0.0003,0.0006,0.0004,0,0.000000
10,1.2800,0.0000,45.0000,-30.0000,0.0100,0.0200,0.0200,0.0000,0.0000,0.0000,-1.5000,2.6000,1.6372,0.0000,0.0000,0.0000,-1.4826,0.7044,1.5890,-0.0075,-0.0421,-0.0521,0.0000,0.0000,0.0000,0.0000,0.0000,0.0000,5.00,3.00,2.00,0.0003,0.0006,0.0004,0,0.000000
10,1.3000,0.0000,45.0000,-30.0000,0.0100,0.0200,0.0200,0.0000,0.0000,0.0000,-1.5000,2.6000,1.6372,0.0000,0.0000,0.0000,-1.5345,0.7228,1.6783,0.0401,-0.0305,-0.0521,0.0000,0.0000,0.0000,0.0000,0.0000,0.0000,5.00,3.00,2.00,0.0003,0.0006,0.0004,0,0.000000
10,1.3200,0.0000,45.0000,-30.0000,0.0100,0.0200,0.0200,0.0000,0.0000,0.0000,-1.5000,2.6000,1.6372,0.0000,0.0000,0.0000,-1.5750,0.7247,1.6584,0.0362,-0.0502,-0.0141,0.0000,0.0000,0.0000,0.0000,0.0000,0.0000,5.00,3.00,2.00,0.0003,0.0006,0.0004,0,0.000000
10,1.3400,0.0000,45.0000,-30.0000,0.0100,0.0200,0.0200,0.0000,0.0000,0.0000,-1.5000,2.6000,1.6372,0.0000,0.0000,0.0000,-1.4880,0.7086,1.5830,-0.0435,-0.0549,0.0464,0.0000,0.0000,0.0000,0.0000,0.0000,0.0000,5.00,3.00,2.00,0.0003,0.0006,0.0004,0,0.000000
10,1.3600,0.0000,45.0000,-30.0000,0.0100,0.0200,0.0200,0.0000,0.0000,0.0000,-1.5000,2.6000,1.6372,0.0000,0.0000,0.0000,-1.4793,0.7198,1.6764,0.0384,-0.0388,-0.0315,0.0000,0.0000,0.0000,0.0000,0.0000,0.0000,5.00,3.00,2.00,0.0003,0.0006,0.0004,0,0.000000
10,1.3800,0.0000,45.0000,-30.0000,0.0100,0.0200,0.0200,0.0000,0.0000,0.0000,-1.5000,2.6000,1.6372,0.0000,0.0000,0.0000,-1.5017,0.7268,1.6632,-0.0265,0.0007,-0.0061,0.0000,0.0000,0.0000,0.0000,0.0000,0.0000,5.00,3.00,2.00,0.0003,0.0006,0.0004,0,0.000000
10,1.4000,0.0000,45.0000,-30.0000,0.0100,0.0200,0.0200,0.0000,0.0000,0.0000,-1.5000,2.6000,1.6372,0.0000,0.0000,0.0000,-1.5291,0.7241,1.6079,0.0275,-0.0198,0.0060,0.0000,0.0000,0.0000,0.0000,0.0000,0.0000,5.00,3.00,2.00,0.0003,0.0006,0.0004,0,0.000000
10,1.4200,0.0000,45.0000,-30.0000,0.0100,0.0200,0.0200,0.0000,0.0000,0.0000,-1.5000,2.6000,1.6372,0.0000,0.0000,0.0000,-1.5261,0.7225,1.6092,-0.0014,-0.0105,0.0178,0.0000,0.0000,0.0000,0.0000,0.0000,0.0000,5.00,3.00,2.00,0.0003,0.0006,0.0004,0,0.000000
10,1.4400,0.0000,45.0000,-30.0000,0.0100,0.0200,0.0200,0.0000,0.0000,0.0000,-1.5000,2.6000,1.6372,0.0000,0.0000,0.0000,-1.5010,0.7195,1.6308,0.0140,0.0048,-0.0134,0.0000,0.0000,0.0000,0.0000,0.0000,0.0000,5.00,3.00,2.00,0.0003,0.0006,0.0004,0,0.000000
10,1.4600,0.0000,45.0000,-30.0000,0.0100,0.0200,0.0200,0.0000,0.0000,0.0000,-1.5000,2.6000,1.6372,0.0000,0.0000,0.0000,-1.5015,0.7199,1.6406,-0.0023,-0.0008,-0.0068,0.0000,0.0000,0.0000,0.0000,0.0000,0.0000,5.00,3.00,2.00,0.0003,0.0006,0.0004,0,0.000000
10,1.4800,0.0000,45.0000,-30.0000,0.0100,0.0200,0.0200,0.0000,0.0000,0.0000,-1.5000,2.6000,1.6372,0.0000,0.0000,0.0000,-1.5000,0.7200,1.6372,0.0000,0.0000,0.0000,0.0000,0.0000,0.0000,0.0000,0.0000,0.0000,5.00,3.00,2.00,0.0003,0.0006,0.0004,0,0.000000
10,1.5000,0.0000,45.0000,-30.0000,0.0100,0.0200,0.0200,0.0000,0.0000,0.0000,-1.5000,2.6000,1.6372,0.0000,0.0000,0.0000,-1.4979,0.7188,1.6305,0.0049,0.0033,-0.0025,0.0000,0.0000,0.0000,0.0000,0.0000,0.0000,5.00,3.00,2.00,0.0003,0.0006,0.0004,0,0.000000
11,0.0200,1.1200,45.5500,-30.2700,0.1824,0.3675,0.3196,0.4000,1.0000,-0.6000,-3.7583,2.6419,-1.1594,2.0833,2.0915,2.0283,-1.3860,0.7304,1.2251,0.0067,-0.2312,0.0338,149.9429,535.4286,271.0286,27.3487,196.7550,86.6231,5.00,3.00,2.00,0.0832,0.2026,0.1021,0,0.248581
11,0.0400,2.2400,46.1000,-30.5400,0.1848,0.3748,0.3184,0.4000,1.0000,-0.6000,-3.7167,2.6836,-1.1189,2.0833,2.0829,2.0283,-1.1687,0.7020,1.3654,0.1413,-0.1276,-0.1443,149.9429,535.4286,271.0286,27.7026,200.6658,86.3069,5.00,3.00,2.00,0.0853,0.2107,0.1014,0,0.251740
11,0.0600,3.3600,46.6500,-30.8100,0.1870,0.3817,0.3165,0.4000,1.0000,-0.6000,-3.6750,2.7251,-1.0783,2.0833,2.0686,2.0283,-1.1758,0.7239,1.3881,0.0486,-0.0225,-0.0355,149.9429,535.4286,271.0286,28.0461,204.3989,85.7869,5.00,3.00,2.00,0.0875,0.2186,0.1002,0,0.254586
11,0.0800,4.4800,47.2000,-31.0800,0.1892,0.3882,0.3139,0.4000,1.0000,-0.6000,-3.6333,2.7663,-1.0377,2.0833,2.0486,2.0283,-1.2071,0.7365,1.0623,-0.1378,-0.0847,-0.1164,149.9429,535.4286,271.0286,28.3745,207.8706,85.0732,5.00,3.00,2.00,0.0895,0.2261,0.0985,0,0.257055
11,0.1000,5.6000,47.7500,-31.3500,0.1913,0.3941,0.3106,0.4000,1.0000,-0.6000,-3.5917,2.8071,-0.9972,2.0833,2.0230,2.0283,-1.3204,0.7213,1.2217,-0.0573,-0.2263,0.0822,149.9429,535.4286,271.0286,28.6830,211.0027,84.1798,5.00,3.00,2.00,0.0915,0.2330,0.0965,0,0.259092
11,0.1200,6.7200,48.3000,-31.6200,0.1932,0.3992,0.3067,0.4000,1.0000,-0.6000,-3.5500,2.8472,-0.9566,2.0833,1.9919,2.0283,-1.4720,0.7062,1.3386,0.0568,-0.0528,-0.0590,149.9429,535.4286,271.0286,28.9671,213.7251,83.1241,5.00,3.00,2.00,0.0933,0.2390,0.0941,0,0.260653
11,0.1400,7.8400,48.8500,-31.8900,0.1949,0.4034,0.3023,0.4000,1.0000,-0.6000,-3.5083,2.8867,-0.9160,2.0833,1.9553,2.0283,-1.2559,0.7441,1.1969,-0.1333,-0.1011,0.0249,149.9429,535.4286,271.0286,29.2228,215.9764,81.9268,5.00,3.00,2.00,0.0950,0.2441,0.0914,0,0.261701
11,0.1600,8.9600,49.4000,-32.1600,0.1964,0.4066,0.2974,0.4000,1.0000,-0.6000,-3.4667,2.9254,-0.8755,2.0833,1.9133,2.0283,-1.3981,0.7134,1.0598,-0.1115,-0.0406,0.0658,149.9429,535.4286,271.0286,29.4464,217.7063,80.6113,5.00,3.00,2.00,0.0964,0.2480,0.0885,0,0.262211
11,0.1800,10.0800,49.9500,-32.4300,0.1976,0.4088,0.2922,0.4000,1.0000,-0.6000,-3.4250,2.9632,-0.8349,2.0833,1.8661,2.0283,-1.1934,0.7339,1.0866,-0.0146,-0.1157,0.1080,149.9429,535.4286,271.0286,29.6346,218.8758,79.2034,5.00,3.00,2.00,0.0977,0.2507,0.0854,0,0.262171
11,0.2000,11.2000,50.5000,-32.7000,0.1986,0.4099,0.2868,0.4000,1.0000,-0.6000,-3.3833,3.0000,-0.7943,2.0833,1.8138,2.0283,-1.2540,0.7032,1.0982,-0.0410,-0.2263,0.0124,149.9429,535.4286,271.0286,29.7848,219.4587,77.7306,5.00,3.00,2.00,0.0986,0.2520,0.0823,0,0.261579
11,0.2200,12.3200,51.0500,-32.9700,0.1994,0.4098,0.2812,0.4000,1.0000,-0.6000,-3.3417,3.0357,-0.7538,2.0833,1.7565,2.0283,-1.4271,0.7234,1.0974,-0.1227,0.0346,-0.1086,149.9429,535.4286,271.0286,29.8948,219.4418,76.2218,5.00,3.00,2.00,0.0994,0.2520,0.0791,0,0.260447
11,0.2400,13.4400,51.6000,-33.2400,0.1998,0.4087,0.2756,0.4000,1.0000,-0.6000,-3.3000,3.0702,-0.7132,2.0833,1.6944,2.0283,-1.3978,0.6994,1.3806,0.0374,-0.2381,0.1071,149.9429,535.4286,271.0286,29.9630,218.8256,74.7065,5.00,3.00,2.00,0.0998,0.2505,0.0760,0,0.258796
11,0.2600,14.5600,52.1500,-33.5100,0.2000,0.4064,0.2701,0.4000,1.0000,-0.6000,-3.2583,3.1035,-0.6726,2.0833,1.6277,2.0283,-1.1255,0.7322,1.1545,-0.0180,-0.0060,-0.1015,149.9429,535.4286,271.0286,29.9884,217.6239,73.2142,5.00,3.00,2.00,0.1000,0.2478,0.0730,0,0.256661
11,0.2800,15.6800,52.7000,-33.7800,0.1999,0.4032,0.2648,0.4000,1.0000,-0.6000,-3.2167,3.1353,-0.6321,2.0833,1.5564,2.0283,-1.4456,0.7089,1.3505,0.0739,-0.0961,-0.0456,149.9429,535.4286,271.0286,29.9707,215.8636,71.7743,5.00,3.00,2.00,0.0999,0.2438,0.0701,0,0.254087
11,0.3000,16.8000,53.2500,-34.0500,0.1995,0.3989,0.2598,0.4000,1.0000,-0.6000,-3.1750,3.1657,-0.5915,2.0833,1.4810,2.0283,-1.2340,0.7243,1.3500,0.1292,-0.2316,-0.0189,149.9429,535.4286,271.0286,29.9101,213.5844,70.4149,5.00,3.00,2.00,0.0995,0.2387,0.0675,0,0.251128
11,0.3200,17.9200,53.8000,-34.3200,0.1988,0.3938,0.2552,0.4000,1.0000,-0.6000,-3.1333,3.1945,-0.5509,2.0833,1.4014,2.0283,-1.4150,0.7055,1.3500,0.1068,0.0226,0.1321,149.9429,535.4286,271.0286,29.8076,210.8374,69.1626,5.00,3.00,2.00,0.0988,0.2326,0.0651,0,0.247846
11,0.3400,19.0400,54.3500,-34.5900,0.1978,0.3879,0.2511,0.4000,1.0000,-0.6000,-3.0917,3.2217,-0.5104,2.0833,1.3180,2.0283,-1.3135,0.6982,1.2126,0.1135,0.0200,0.0126,149.9429,535.4286,271.0286,29.6645,207.6843,68.0419,5.00,3.00,2.00,0.0979,0.2257,0.0630,0,0.244312
11,0.3600,5.0400,54.9000,-34.8600,0.1966,0.3814,0.2475,0.1000,1.0000,-0.6000,-3.0500,3.2472,-0.4698,2.0833,1.2311,2.0283,-1.1876,0.7003,1.3030,-0.0799,-0.1100,0.0736,37.4857,535.4286,271.0286,7.3707,204.1959,67.0747,5.00,3.00,2.00,0.0967,0.2182,0.0612,0,0.222913
11,0.3800,5.3200,55.4500,-35.1300,0.1952,0.3744,0.2445,0.1000,1.0000,-0.6000,-3.0083,3.2709,-0.4292,2.0833,1.1407,2.0283,-1.2709,0.7013,1.2005,0.1384,-0.1697,0.0792,37.4857,535.4286,271.0286,7.3164,200.4505,66.2799,5.00,3.00,2.00,0.0952,0.2102,0.0598,0,0.219237
11,0.4000,5.6000,56.0000,-35.4000,0.1935,0.3671,0.2423,0.1000,1.0000,-0.6000,-2.9667,3.2928,-0.3887,2.0833,1.0472,2.0283,-1.2217,0.7140,1.0695,0.0818,-0.1276,-0.0367,37.4857,535.4286,271.0286,7.2538,196.5323,65.6732,5.00,3.00,2.00,0.0936,0.2021,0.0587,0,0.215567
11,0.4200,5.8800,56.5500,-35.6700,0.1916,0.3596,0.2408,0.1000,1.0000,-0.6000,-2.9250,3.3128,-0.3481,2.0833,0.9508,2.0283,-1.3664,0.7078,1.0880,-0.0090,-0.1168,0.0842,37.4857,535.4286,271.0286,7.1840,192.5292,65.2664,5.00,3.00,2.00,0.0918,0.1939,0.0580,0,0.211984
11,0.4400,6.1600,57.1000,-22.0800,0.1896,0.3521,0.2401,0.1000,1.0000,0.8000,-2.8833,3.3308,-0.3075,2.0833,0.8519,2.0283,-2.8833,2.7108,-0.3075,2.0833,0.8519,2.0283,37.4857,535.4286,361.3714,7.1079,188.5312,86.7566,5.00,3.00,2.00,0.0899,0.1860,0.0576,1,0.225917
11,0.4600,6.4400,57.6500,-21.7200,0.1874,0.3448,0.2401,0.1000,1.0000,0.8000,-2.8417,3.3469,-0.2670,2.0833,0.7506,2.0283,-2.8417,2.7269,-0.2670,2.0833,0.7506,2.0283,37.4857,535.4286,361.3714,7.0266,184.6280,86.7736,5.00,3.00,2.00,0.0878,0.1784,0.0577,1,0.222743
11,0.4800,6.7200,58.2000,-21.3600,0.1852,0.3379,0.2410,0.1000,1.0000,0.8000,-2.8000,3.3608,-0.2264,2.0833,0.6472,2.0283,-2.8000,2.7408,-0.2264,2.0833,0.6472,2.0283,37.4857,535.4286,361.3714,6.9413,180.9074,87.0725,5.00,3.00,2.00,0.0857,0.1712,0.0581,1,0.219937
11,0.5000,7.0000,50.5000,-21.0000,0.1828,0.3314,0.2425,0.1000,0.4000,0.8000,-2.7583,3.3727,-0.1858,2.0833,0.5421,2.0283,-2.7583,2.7527,-0.1858,2.0833,0.5421,2.0283,37.4857,214.1714,361.3714,6.8532,70.9811,87.6477,5.00,3.00,2.00,0.0836,0.1648,0.0588,1,0.132386
11,0.5200,7.2800,50.7200,-20.6400,0.1804,0.3256,0.2449,0.1000,0.4000,0.8000,-2.7167,3.3825,-0.1453,2.0833,0.4354,2.0283,-2.7167,2.7625,-0.1453,2.0833,0.4354,2.0283,37.4857,214.1714,361.3714,6.7636,69.7367,88.4876,5.00,3.00,2.00,0.0814,0.1590,0.0600,1,0.131990
11,0.5400,7.5600,50.9400,-20.2800,0.1780,0.3206,0.2479,0.1000,0.4000,0.8000,-2.6750,3.3902,-0.1047,2.0833,0.3276,2.0283,-2.6750,2.7702,-0.1047,2.0833,0.3276,2.0283,37.4857,214.1714,361.3714,6.6738,68.6577,89.5761,5.00,3.00,2.00,0.0792,0.1542,0.0614,1,0.131926
11,0.5600,7.8400,51.1600,-19.9200,0.1757,0.3164,0.2515,0.1000,0.4000,0.8000,-2.6333,3.3956,-0.0641,2.0833,0.2189,2.0283,-2.6333,2.7756,-0.0641,2.0833,0.2189,2.0283,37.4857,214.1714,361.3714,6.5850,67.7684,90.8917,5.00,3.00,2.00,0.0771,0.1502,0.0633,1,0.132196
11,0.5800,8.1200,51.3800,-19.5600,0.1734,0.3132,0.2557,0.1000,0.4000,0.8000,-2.5917,3.3989,-0.0236,2.0833,0.1096,2.0283,-2.5917,2.7789,-0.0236,2.0833,0.1096,2.0283,37.4857,214.1714,361.3714,6.4985,67.0886,92.4087,5.00,3.00,2.00,0.0751,0.1472,0.0654,1,0.132797
11,0.6000,8.4000,51.6000,-19.2000,0.1711,0.3111,0.2604,0.1000,0.4000,0.8000,-2.5500,3.4000,0.0170,2.0833,0.0000,2.0283,-2.5500,2.7800,0.0170,2.0833,0.0000,2.0283,37.4857,214.1714,361.3714,6.4157,66.6338,94.0973,5.00,3.00,2.00,0.0732,0.1452,0.0678,1,0.133717
11,0.6200,8.6800,51.8200,-18.8400,0.1691,0.3101,0.2654,0.1000,0.4000,0.8000,-2.5083,3.3989,0.0576,2.0833,-0.1096,2.0283,-2.5083,2.7789,0.0576,2.0833,-0.1096,2.0283,37.4857,214.1714,361.3714,6.3376,66.4140,95.9247,5.00,3.00,2.00,0.0715,0.1442,0.0705,1,0.134941
11,0.6400,8.9600,52.0400,-18.4800,0.1671,0.3102,0.2708,0.1000,0.4000,0.8000,-2.4667,3.3956,0.0981,2.0833,-0.2189,2.0283,-2.4667,2.7756,0.0981,2.0833,-0.2189,2.0283,37.4857,214.1714,361.3714,6.2654,66.4342,97.8550,5.00,3.00,2.00,0.0698,0.1443,0.0733,1,0.136444
11,0.6600,9.2400,52.2600,-18.1200,0.1654,0.3114,0.2763,0.1000,0.4000,0.8000,-2.4250,3.3902,0.1387,2.0833,-0.3276,2.0283,-2.4250,2.7702,0.1387,2.0833,-0.3276,2.0283,37.4857,214.1714,361.3714,6.2001,66.6940,99.8504,5.00,3.00,2.00,0.0684,0.1455,0.0763,1,0.138196
11,0.6800,9.5200,52.4800,-17.7600,0.1639,0.3137,0.2819,0.1000,0.4000,0.8000,-2.3833,3.3825,0.1793,2.0833,-0.4354,2.0283,-2.3833,2.7625,0.1793,2.0833,-0.4354,2.0283,37.4857,214.1714,361.3714,6.1427,67.1876,101.8720,5.00,3.00,2.00,0.0671,0.1476,0.0795,1,0.140162
11,0.7000,9.8000,52.7000,-17.4000,0.1626,0.3171,0.2875,0.1000,0.4000,0.8000,-2.3417,3.3727,0.2198,2.0833,-0.5421,2.0283,-2.3417,2.7527,0.2198,2.0833,-0.5421,2.0283,37.4857,214.1714,361.3714,6.0940,67.9038,103.8800,5.00,3.00,2.00,0.0661,0.1508,0.0826,1,0.142302
11,0.7200,10.0800,52.9200,-17.0400,0.1615,0.3214,0.2929,0.1000,0.4000,0.8000,-2.3000,3.3608,0.2604,2.0833,-0.6472,2.0283,-2.3000,2.7408,0.2604,2.0833,-0.6472,2.0283,37.4857,214.1714,361.3714,6.0547,68.8265,105.8353,5.00,3.00,2.00,0.0652,0.1549,0.0858,1,0.144573
11,0.7400,10.3600,53.1400,-16.6800,0.1607,0.3265,0.2980,0.1000,0.4000,0.8000,-2.2583,3.3469,0.3010,2.0833,-0.7506,2.0283,-2.2583,2.7269,0.3010,2.0833,-0.7506,2.0283,37.4857,214.1714,361.3714,6.0254,69.9351,107.6996,5.00,3.00,2.00,0.0646,0.1599,0.0888,1,0.146928
11,0.7600,10.6400,53.3600,-16.3200,0.1602,0.3325,0.3028,0.1000,0.4000,0.8000,-2.2167,3.3308,0.3415,2.0833,-0.8519,2.0283,-2.2167,2.7108,0.3415,2.0833,-0.8519,2.0283,37.4857,214.1714,361.3714,6.0064,71.2047,109.4364,5.00,3.00,2.00,0.0642,0.1658,0.0917,1,0.149318
11,0.7800,10.9200,53.5800,-15.9600,0.1600,0.3390,0.3072,0.1000,0.4000,0.8000,-2.1750,3.3128,0.3821,2.0833,-0.9508,2.0283,-2.1750,2.6928,0.3821,2.0833,-0.9508,2.0283,37.4857,214.1714,361.3714,5.9981,72.6066,111.0117,5.00,3.00,2.00,0.0640,0.1724,0.0944,1,0.151693
11,0.8000,11.2000,53.8000,-15.6000,0.1601,0.3460,0.3110,0.1000,0.4000,0.8000,-2.1333,3.2928,0.4227,2.0833,-1.0472,2.0283,-2.1333,2.6728,0.4227,2.0833,-1.0472,2.0283,37.4857,214.1714,361.3714,6.0006,74.1096,112.3947,5.00,3.00,2.00,0.0641,0.1796,0.0967,1,0.154004
11,0.8200,11.4800,54.0200,-15.2400,0.1604,0.3534,0.3142,0.1000,0.4000,0.8000,-2.0917,3.2709,0.4632,2.0833,-1.1407,2.0283,-2.0917,2.6509,0.4632,2.0833,-1.1407,2.0283,37.4857,214.1714,361.3714,6.0138,75.6797,113.5583,5.00,3.00,2.00,0.0643,0.1873,0.0987,1,0.156201
11,0.8400,11.7600,54.2400,-14.8800,0.1611,0.3608,0.3168,0.1000,0.4000,0.8000,-2.0500,3.2472,0.5038,2.0833,-1.2311,2.0283,-2.0500,2.6272,0.5038,2.0833,-1.2311,2.0283,37.4857,214.1714,361.3714,6.0376,77.2818,114.4798,5.00,3.00,2.00,0.0649,0.1953,0.1004,1,0.158239
11,0.8600,12.0400,54.4600,-14.5200,0.1620,0.3683,0.3186,0.1000,0.4000,0.8000,-2.0083,3.2217,0.5444,2.0833,-1.3180,2.0283,-2.0083,2.6017,0.5444,2.0833,-1.3180,2.0283,37.4857,214.1714,361.3714,6.0716,78.8798,115.1411,5.00,3.00,2.00,0.0656,0.2035,0.1015,1,0.160074
11,0.8800,12.3200,54.6800,-14.1600,0.1631,0.3756,0.3197,0.1000,0.4000,0.8000,-1.9667,3.1945,0.5849,2.0833,-1.4014,2.0283,-1.9667,2.5745,0.5849,2.0833,-1.4014,2.0283,37.4857,214.1714,361.3714,6.1153,80.4379,115.5293,5.00,3.00,2.00,0.0665,0.2116,0.1022,1,0.161666
11,0.9000,0.0000,54.9000,-13.8000,0.0100,0.3825,0.3200,0.0000,0.4000,0.8000,-1.9250,3.1657,0.6255,2.0833,-1.4810,2.0283,-1.9250,2.5457,0.6255,2.0833,-1.4810,2.0283,0.0000,214.1714,361.3714,0.0000,81.9210,115.6368,5.00,3.00,2.00,0.0003,0.2195,0.1024,1,0.158046
11,0.9200,0.0000,55.1200,-13.4400,0.0100,0.3889,0.3195,0.0000,0.4000,0.8000,-1.8833,3.1353,0.6661,2.0833,-1.5564,2.0283,-1.8833,2.5153,0.6661,2.0833,-1.5564,2.0283,0.0000,214.1714,361.3714,0.0000,83.2960,115.4615,5.00,3.00,2.00,0.0003,0.2269,0.1021,1,0.159006
11,0.9400,0.0000,55.3400,-13.0800,0.0100,0.3947,0.3183,0.0000,0.4000,0.8000,-1.8417,3.1035,0.7066,2.0833,-1.6277,2.0283,-1.8417,2.4835,0.7066,2.0833,-1.6277,2.0283,0.0000,214.1714,361.3714,0.0000,84.5318,115.0068,5.00,3.00,2.00,0.0003,0.2337,0.1013,1,0.159631
11,0.9600,0.0000,55.5600,-30.0000,0.0100,0.3997,0.0200,0.0000,0.4000,0.0000,-1.8000,3.0702,0.7472,2.0833,-1.6944,2.0283,-1.8000,2.4502,0.7472,2.0833,-1.6944,2.0283,0.0000,214.1714,0.0000,0.0000,85.6008,0.0000,5.00,3.00,2.00,0.0003,0.2396,0.0004,1,0.068481
11,0.9800,0.0000,55.7800,-30.0000,0.0100,0.4038,0.0200,0.0000,0.4000,0.0000,-1.7583,3.0357,0.7878,2.0833,-1.7565,2.0283,-1.7583,2.4157,0.7878,2.0833,-1.7565,2.0283,0.0000,214.1714,0.0000,0.0000,86.4789,0.0000,5.00,3.00,2.00,0.0003,0.2446,0.0004,1,0.069183
11,1.0000,0.0000,45.0000,-30.0000,0.0100,0.0200,0.0200,0.0000,0.0000,0.0000,-1.7167,3.0000,0.8283,2.0833,-1.8138,2.0283,-1.7167,2.3800,0.8283,2.0833,-1.8138,2.0283,0.0000,0.0000,0.0000,0.0000,0.0000,0.0000,5.00,3.00,2.00,0.0003,0.0006,0.0004,1,0.000000
11,1.0200,0.0000,45.0000,-30.0000,0.0100,0.0200,0.0200,0.0000,0.0000,0.0000,-1.6750,2.9632,0.8689,2.0833,-1.8661,2.0283,-1.6750,2.3432,0.8689,2.0833,-1.8661,2.0283,0.0000,0.0000,0.0000,0.0000,0.0000,0.0000,5.00,3.00,2.00,0.0003,0.0006,0.0004,1,0.000000
11,1.0400,0.0000,45.0000,-30.0000,0.0100,0.0200,0.0200,0.0000,0.0000,0.0000,-1.6333,2.9254,0.9095,2.0833,-1.9133,2.0283,-1.6333,2.3054,0.9095,2.0833,-1.9133,2.0283,0.0000,0.0000,0.0000,0.0000,0.0000,0.0000,5.00,3.00,2.00,0.0003,0.0006,0.0004,1,0.000000
11,1.0600,0.0000,45.0000,-30.0000,0.0100,0.0200,0.0200,0.0000,0.0000,0.0000,-1.5917,2.8867,0.9500,2.0833,-1.9553,2.0283,-1.5917,2.2667,0.9500,2.0833,-1.9553,2.0283,0.0000,0.0000,0.0000,0.0000,0.0000,0.0000,5.00,3.00,2.00,0.0003,0.0006,0.0004,1,0.000000
11,1.0800,0.0000,45.0000,-30.0000,0.0100,0.0200,0.0200,0.0000,0.0000,0.0000,-1.5500,2.8472,0.9906,2.0833,-1.9919,2.0283,-1.5500,2.2272,0.9906,2.0833,-1.9919,2.0283,0.0000,0.0000,0.0000,0.0000,0.0000,0.0000,5.00,3.00,2.00,0.0003,0.0006,0.0004,1,0.000000
11,1.1000,0.0000,45.0000,-30.0000,0.0100,0.0200,0.0200,0.0000,0.0000,0.0000,-1.5083,2.8071,1.0312,2.0833,-2.0230,2.0283,-1.5083,2.1871,1.0312,2.0833,-2.0230,2.0283,0.0000,0.0000,0.0000,0.0000,0.0000,0.0000,5.00,3.00,2.00,0.0003,0.0006,0.0004,1,0.000000
11,1.1200,0.0000,45.0000,-30.0000,0.0100,0.0200,0.0200,0.0000,0.0000,0.0000,-1.4667,2.7663,1.0717,2.0833,-2.0486,2.0283,-1.4667,2.1463,1.0717,2.0833,-2.0486,2.0283,0.0000,0.0000,0.0000,0.0000,0.0000,0.0000,5.00,3.00,2.00,0.0003,0.0006,0.0004,1,0.000000
11,1.1400,0.0000,45.0000,-30.0000,0.0100,0.0200,0.0200,0.0000,0.0000,0.0000,-1.4250,2.7251,1.1123,2.0833,-2.0686,2.0283,-1.4582,0.6990,1.3339,-0.0457,0.0408,0.0501,0.0000,0.0000,0.0000,0.0000,0.0000,0.0000,5.00,3.00,2.00,0.0003,0.0006,0.0004,0,0.000000
11,1.1600,0.0000,45.0000,-30.0000,0.0100,0.0200,0.0200,0.0000,0.0000,0.0000,-1.3833,2.6836,1.1529,2.0833,-2.0829,2.0283,-1.2293,0.7049,1.2068,-0.0582,0.0270,-0.0422,0.0000,0.0000,0.0000,0.0000,0.0000,0.0000,5.00,3.00,2.00,0.0003,0.0006,0.0004,0,0.000000
11,1.1800,0.0000,45.0000,-30.0000,0.0100,0.0200,0.0200,0.0000,0.0000,0.0000,-1.3417,2.6419,1.1934,2.0833,-2.0915,2.0283,-1.2532,0.7175,1.1153,-0.1057,-0.1208,0.0934,0.0000,0.0000,0.0000,0.0000,0.0000,0.0000,5.00,3.00,2.00,0.0003,0.0006,0.0004,0,0.000000
11,1.2000,0.0000,45.0000,-30.0000,0.0100,0.0200,0.0200,0.0000,0.0000,0.0000,-1.3000,2.6000,1.2340,0.0000,0.0000,0.0000,-1.4316,0.7069,1.3715,-0.1030,-0.1622,0.0019,0.0000,0.0000,0.0000,0.0000,0.0000,0.0000,5.00,3.00,2.00,0.0003,0.0006,0.0004,0,0.000000
11,1.2200,0.0000,45.0000,-30.0000,0.0100,0.0200,0.0200,0.0000,0.0000,0.0000,-1.3000,2.6000,1.2340,0.0000,0.0000,0.0000,-1.1967,0.7282,1.2934,-0.0947,-0.0587,0.0222,0.0000,0.0000,0.0000,0.0000,0.0000,0.0000,5.00,3.00,2.00,0.0003,0.0006,0.0004,0,0.000000
11,1.2400,0.0000,45.0000,-30.0000,0.0100,0.0200,0.0200,0.0000,0.0000,0.0000,-1.3000,2.6000,1.2340,0.0000,0.0000,0.0000,-1.3126,0.7137,1.2885,0.0822,-0.1269,-0.0324,0.0000,0.0000,0.0000,0.0000,0.0000,0.0000,5.00,3.00,2.00,0.0003,0.0006,0.0004,0,0.000000
11,1.2600,0.0000,45.0000,-30.0000,0.0100,0.0200,0.0200,0.0000,0.0000,0.0000,-1.3000,2.6000,1.2340,0.0000,0.0000,0.0000,-1.2007,0.7105,1.1703,0.0422,-0.1087,-0.0824,0.0000,0.0000,0.0000,0.0000,0.0000,0.0000,5.00,3.00,2.00,0.0003,0.0006,0.0004,0,0.000000
11,1.2800,0.0000,45.0000,-30.0000,0.0100,0.0200,0.0200,0.0000,0.0000,0.0000,-1.3000,2.6000,1.2340,0.0000,0.0000,0.0000,-1.3302,0.7179,1.2272,0.0336,-0.1195,0.0764,0.0000,0.0000,0.0000,0.0000,0.0000,0.0000,5.00,3.00,2.00,0.0003,0.0006,0.0004,0,0.000000
11,1.3000,0.0000,45.0000,-30.0000,0.0100,0.0200,0.0200,0.0000,0.0000,0.0000,-1.3000,2.6000,1.2340,0.0000,0.0000,0.0000,-1.3408,0.7122,1.3145,-0.0418,-0.0590,-0.0413,0.0000,0.0000,0.0000,0.0000,0.0000,0.0000,5.00,3.00,2.00,0.0003,0.0006,0.0004,0,0.000000
11,1.3200,0.0000,45.0000,-30.0000,0.0100,0.0200,0.0200,0.0000,0.0000,0.0000,-1.3000,2.6000,1.2340,0.0000,0.0000,0.0000,-1.2537,0.7327,1.3125,-0.0286,-0.0522,-0.0283,0.0000,0.0000,0.0000,0.0000,0.0000,0.0000,5.00,3.00,2.00,0.0003,0.0006,0.0004,0,0.000000
11,1.3400,0.0000,45.0000,-30.0000,0.0100,0.0200,0.0200,0.0000,0.0000,0.0000,-1.3000,2.6000,1.2340,0.0000,0.0000,0.0000,-1.2372,0.7237,1.2556,0.0365,0.0001,0.0108,0.0000,0.0000,0.0000,0.0000,0.0000,0.0000,5.00,3.00,2.00,0.0003,0.0006,0.0004,0,0.000000
11,1.3600,0.0000,45.0000,-30.0000,0.0100,0.0200,0.0200,0.0000,0.0000,0.0000,-1.3000,2.6000,1.2340,0.0000,0.0000,0.0000,-1.2863,0.7249,1.2041,0.0267,-0.0708,-0.0392,0.0000,0.0000,0.0000,0.0000,0.0000,0.0000,5.00,3.00,2.00,0.0003,0.0006,0.0004,0,0.000000
11,1.3800,0.0000,45.0000,-30.0000,0.0100,0.0200,0.0200,0.0000,0.0000,0.0000,-1.3000,2.6000,1.2340,0.0000,0.0000,0.0000,-1.2837,0.7167,1.2819,0.0367,-0.0103,0.0169,0.0000,0.0000,0.0000,0.0000,0.0000,0.0000,5.00,3.00,2.00,0.0003,0.0006,0.0004,0,0.000000
11,1.4000,0.0000,45.0000,-30.0000,0.0100,0.0200,0.0200,0.0000,0.0000,0.0000,-1.3000,2.6000,1.2340,0.0000,0.0000,0.0000,-1.3366,0.7159,1.2398,0.0180,-0.0029,-0.0117,0.0000,0.0000,0.0000,0.0000,0.0000,0.0000,5.00,3.00,2.00,0.0003,0.0006,0.0004,0,0.000000
11,1.4200,0.0000,45.0000,-30.0000,0.0100,0.0200,0.0200,0.0000,0.0000,0.0000,-1.3000,2.6000,1.2340,0.0000,0.0000,0.0000,-1.2907,0.7173,1.2581,0.0001,-0.0356,-0.0139,0.0000,0.0000,0.0000,0.0000,0.0000,0.0000,5.00,3.00,2.00,0.0003,0.0006,0.0004,0,0.000000
11,1.4400,0.0000,45.0000,-30.0000,0.0100,0.0200,0.0200,0.0000,0.0000,0.0000,-1.3000,2.6000,1.2340,0.0000,0.0000,0.0000,-1.3061,0.7211,1.2460,0.0141,-0.0017,0.0027,0.0000,0.0000,0.0000,0.0000,0.0000,0.0000,5.00,3.00,2.00,0.0003,0.0006,0.0004,0,0.000000
11,1.4600,0.0000,45.0000,-30.0000,0.0100,0.0200,0.0200,0.0000,0.0000,0.0000,-1.3000,2.6000,1.2340,0.0000,0.0000,0.0000,-1.3021,0.7201,1.2360,0.0062,-0.0124,-0.0021,0.0000,0.0000,0.0000,0.0000,0.0000,0.0000,5.00,3.00,2.00,0.0003,0.0006,0.0004,0,0.000000
11,1.4800,0.0000,45.0000,-30.0000,0.0100,0.0200,0.0200,0.0000,0.0000,0.0000,-1.3000,2.6000,1.2340,0.0000,0.0000,0.0000,-1.3000,0.7200,1.2340,0.0000,0.0000,0.0000,0.0000,0.0000,0.0000,0.0000,0.0000,0.0000,5.00,3.00,2.00,0.0003,0.0006,0.0004,0,0.000000
11,1.5000,0.0000,45.0000,-30.0000,0.0100,0.0200,0.0200,0.0000,0.0000,0.0000,-1.3000,2.6000,1.2340,0.0000,0.0000,0.0000,-1.2949,0.7188,1.2387,0.0035,0.0098,0.0042,0.0000,0.0000,0.0000,0.0000,0.0000,0.0000,5.00,3.00,2.00,0.0003,0.0006,0.0004,0,0.000000
12,0.0200,1.1200,45.5500,-30.2700,0.1824,0.3675,0.3196,0.4000,1.0000,-0.6000,-3.7550,2.6419,-1.1683,2.2500,2.0915,1.5849,-1.0228,0.7007,0.8343,-0.0508,-0.2028,0.0323,149.0286,532.2857,269.4857,27.1820,195.6000,86.1300,5.00,3.00,2.00,0.0832,0.2026,0.1021,0,0.247130
12,0.0400,2.2400,46.1000,-30.5400,0.1848,0.3748,0.3184,0.4000,1.0000,-0.6000,-3.7100,2.6836,-1.1366,2.2500,2.0829,1.5849,-1.0314,0.6967,0.7461,-0.1415,-0.1242,-0.0120,149.0286,532.2857,269.4857,27.5336,199.4879,85.8156,5.00,3.00,2.00,0.0853,0.2107,0.1014,0,0.250270
12,0.0600,3.3600,46.6500,-30.8100,0.1870,0.3817,0.3165,0.4000,1.0000,-0.6000,-3.6650,2.7251,-1.1049,2.2500,2.0686,1.5849,-1.1692,0.7344,0.7082,-0.0310,-0.0864,-0.0980,149.0286,532.2857,269.4857,27.8751,203.1992,85.2986,5.00,3.00,2.00,0.0875,0.2186,0.1002,0,0.253098
12,0.0800,4.4800,47.2000,-31.0800,0.1892,0.3882,0.3139,0.4000,1.0000,-0.6000,-3.6200,2.7663,-1.0732,2.2500,2.0486,1.5849,-1.2438,0.7001,0.5612,-0.0895,-0.2311,-0.0650,149.0286,532.2857,269.4857,28.2015,206.6504,84.5889,5.00,3.00,2.00,0.0895,0.2261,0.0985,0,0.255553
12,0.1000,5.6000,47.7500,-31.3500,0.1913,0.3941,0.3106,0.4000,1.0000,-0.6000,-3.5750,2.8071,-1.0415,2.2500,2.0230,1.5849,-1.2040,0.7390,0.7625,0.0784,-0.1730,-0.0679,149.0286,532.2857,269.4857,28.5081,209.7642,83.7006,5.00,3.00,2.00,0.0915,0.2330,0.0965,0,0.257578
12,0.1200,6.7200,48.3000,-31.6200,0.1932,0.3992,0.3067,0.4000,1.0000,-0.6000,-3.5300,2.8472,-1.0098,2.2500,1.9919,1.5849,-0.9359,0.6936,0.6739,0.0164,-0.1875,0.0312,149.0286,532.2857,269.4857,28.7905,212.4705,82.6509,5.00,3.00,2.00,0.0933,0.2390,0.0941,0,0.259130
12,0.1400,7.8400,48.8500,-31.8900,0.1949,0.4034,0.3023,0.4000,1.0000,-0.6000,-3.4850,2.8867,-0.9781,2.2500,1.9553,1.5849,-1.0228,0.6939,0.6582,0.1482,-0.1951,0.1424,149.0286,532.2857,269.4857,29.0446,214.7087,81.4604,5.00,3.00,2.00,0.0950,0.2441,0.0914,0,0.260171
12,0.1600,8.9600,49.4000,-32.1600,0.1964,0.4066,0.2974,0.4000,1.0000,-0.6000,-3.4400,2.9254,-0.9464,2.2500,1.9133,1.5849,-1.0105,0.7307,0.5532,0.0459,-0.0906,0.0953,149.0286,532.2857,269.4857,29.2668,216.4284,80.1524,5.00,3.00,2.00,0.0964,0.2480,0.0885,0,0.260678
12,0.1800,10.0800,49.9500,-32.4300,0.1976,0.4088,0.2922,0.4000,1.0000,-0.6000,-3.3950,2.9632,-0.9147,2.2500,1.8661,1.5849,-1.0558,0.7410,0.6310,-0.1220,-0.1938,-0.1275,149.0286,532.2857,269.4857,29.4539,217.5910,78.7525,5.00,3.00,2.00,0.0977,0.2507,0.0854,0,0.260638
12,0.2000,11.2000,50.5000,-32.7000,0.1986,0.4099,0.2868,0.4000,1.0000,-0.6000,-3.3500,3.0000,-0.8830,2.2500,1.8138,1.5849,-1.2309,0.7208,0.5632,0.0253,-0.2141,-0.0476,149.0286,532.2857,269.4857,29.6032,218.1705,77.2881,5.00,3.00,2.00,0.0986,0.2520,0.0823,0,0.260049
12,0.2200,12.3200,51.0500,-32.9700,0.1994,0.4098,0.2812,0.4000,1.0000,-0.6000,-3.3050,3.0357,-0.8513,2.2500,1.7565,1.5849,-0.9419,0.7458,0.8299,-0.0452,-0.2282,-0.0420,149.0286,532.2857,269.4857,29.7125,218.1537,75.7879,5.00,3.00,2.00,0.0994,0.2520,0.0791,0,0.258923
12,0.2400,13.4400,51.6000,-33.2400,0.1998,0.4087,0.2756,0.4000,1.0000,-0.6000,-3.2600,3.0702,-0.8196,2.2500,1.6944,1.5849,-1.2665,0.7352,0.7133,0.1240,-0.0454,-0.0059,149.0286,532.2857,269.4857,29.7803,217.5411,74.2812,5.00,3.00,2.00,0.0998,0.2505,0.0760,0,0.257282
12,0.2600,14.5600,52.1500,-33.5100,0.2000,0.4064,0.2701,0.4000,1.0000,-0.6000,-3.2150,3.1035,-0.7879,2.2500,1.6277,1.5849,-0.9940,0.6964,0.8767,-0.1096,-0.1142,-0.0348,149.0286,532.2857,269.4857,29.8055,216.3465,72.7974,5.00,3.00,2.00,0.1000,0.2478,0.0730,0,0.255160
12,0.2800,15.6800,52.7000,-33.7800,0.1999,0.4032,0.2648,0.4000,1.0000,-0.6000,-3.1700,3.1353,-0.7562,2.2500,1.5564,1.5849,-1.2092,0.7235,0.6243,0.1052,-0.2084,-0.0278,149.0286,532.2857,269.4857,29.7880,214.5966,71.3657,5.00,3.00,2.00,0.0999,0.2438,0.0701,0,0.252600
12,0.3000,16.8000,53.2500,-34.0500,0.1995,0.3989,0.2598,0.4000,1.0000,-0.6000,-3.1250,3.1657,-0.7245,2.2500,1.4810,1.5849,-0.9307,0.7418,0.8357,-0.0458,-0.1245,0.0586,149.0286,532.2857,269.4857,29.7278,212.3307,70.0140,5.00,3.00,2.00,0.0995,0.2387,0.0675,0,0.249658
12,0.3200,17.9200,53.8000,-34.3200,0.1988,0.3938,0.2552,0.4000,1.0000,-0.6000,-3.0800,3.1945,-0.6928,2.2500,1.4014,1.5849,-1.1038,0.6978,0.8622,-0.1388,-0.2335,-0.0739,149.0286,532.2857,269.4857,29.6258,209.5998,68.7689,5.00,3.00,2.00,0.0988,0.2326,0.0651,0,0.246396
12,0.3400,19.0400,54.3500,-34.5900,0.1978,0.3879,0.2511,0.4000,1.0000,-0.6000,-3.0350,3.2217,-0.6611,2.2500,1.3180,1.5849,-1.2372,0.7140,0.7402,0.0681,-0.0654,0.0835,149.0286,532.2857,269.4857,29.4836,206.4652,67.6545,5.00,3.00,2.00,0.0979,0.2257,0.0630,0,0.242883
12,0.3600,5.0400,54.9000,-34.8600,0.1966,0.3814,0.2475,0.1000,1.0000,-0.6000,-2.9900,3.2472,-0.6294,2.2500,1.2311,1.5849,-1.1771,0.7326,0.5820,0.0969,-0.1604,-0.1257,37.2571,532.2857,269.4857,7.3258,202.9973,66.6928,5.00,3.00,2.00,0.0967,0.2182,0.0612,0,0.221613
12,0.3800,5.3200,55.4500,-35.1300,0.1952,0.3744,0.2445,0.1000,1.0000,-0.6000,-2.9450,3.2709,-0.5977,2.2500,1.1407,1.5849,-1.2479,0.6901,0.5435,0.0692,-0.1336,0.0185,37.2571,532.2857,269.4857,7.2718,199.2739,65.9026,5.00,3.00,2.00,0.0952,0.2102,0.0598,0,0.217959
12,0.4000,5.6000,56.0000,-35.4000,0.1935,0.3671,0.2423,0.1000,1.0000,-0.6000,-2.9000,3.2928,-0.5660,2.2500,1.0472,1.5849,-1.2595,0.6953,0.8065,-0.0155,-0.1363,-0.0871,37.2571,532.2857,269.4857,7.2096,195.3787,65.2994,5.00,3.00,2.00,0.0936,0.2021,0.0587,0,0.214310
12,0.4200,5.8800,56.5500,-35.6700,0.1916,0.3596,0.2408,0.1000,1.0000,-0.6000,-2.8550,3.3128,-0.5344,2.2500,0.9508,1.5849,-1.1042,0.7314,0.6423,0.1009,-0.1227,0.0156,37.2571,532.2857,269.4857,7.1402,191.3991,64.8949,5.00,3.00,2.00,0.0918,0.1939,0.0580,0,0.210747
12,0.4400,6.1600,57.1000,-22.0800,0.1896,0.3521,0.2401,0.1000,1.0000,0.8000,-2.8100,3.3308,-0.5027,2.2500,0.8519,1.5849,-2.8100,2.7108,-0.5027,2.2500,0.8519,1.5849,37.2571,532.2857,359.3143,7.0646,187.4246,86.2627,5.00,3.00,2.00,0.0899,0.1860,0.0576,1,0.224601
12,0.4600,6.4400,57.6500,-21.7200,0.1874,0.3448,0.2401,0.1000,1.0000,0.8000,-2.7650,3.3469,-0.4710,2.2500,0.7506,1.5849,-2.7650,2.7269,-0.4710,2.2500,0.7506,1.5849,37.2571,532.2857,359.3143,6.9838,183.5443,86.2796,5.00,3.00,2.00,0.0878,0.1784,0.0577,1,0.221446
12,0.4800,6.7200,58.2000,-21.3600,0.1852,0.3379,0.2410,0.1000,1.0000,0.8000,-2.7200,3.3608,-0.4393,2.2500,0.6472,1.5849,-2.7200,2.7408,-0.4393,2.2500,0.6472,1.5849,37.2571,532.2857,359.3143,6.8990,179.8455,86.5769,5.00,3.00,2.00,0.0857,0.1712,0.0581,1,0.218657
12,0.5000,7.0000,50.5000,-21.0000,0.1828,0.3314,0.2425,0.1000,0.4000,0.8000,-2.6750,3.3727,-0.4076,2.2500,0.5421,1.5849,-2.6750,2.7527,-0.4076,2.2500,0.5421,1.5849,37.2571,212.9143,359.3143,6.8114,70.5645,87.1487,5.00,3.00,2.00,0.0836,0.1648,0.0588,1,0.131620
12,0.5200,7.2800,50.7200,-20.6400,0.1804,0.3256,0.2449,0.1000,0.4000,0.8000,-2.6300,3.3825,-0.3759,2.2500,0.4354,1.5849,-2.6300,2.7625,-0.3759,2.2500,0.4354,1.5849,37.2571,212.9143,359.3143,6.7224,69.3274,87.9839,5.00,3.00,2.00,0.0814,0.1590,0.0600,1,0.131227
12,0.5400,7.5600,50.9400,-20.2800,0.1780,0.3206,0.2479,0.1000,0.4000,0.8000,-2.5850,3.3902,-0.3442,2.2500,0.3276,1.5849,-2.5850,2.7702,-0.3442,2.2500,0.3276,1.5849,37.2571,212.9143,359.3143,6.6331,68.2547,89.0662,5.00,3.00,2.00,0.0792,0.1542,0.0614,1,0.131163
12,0.5600,7.8400,51.1600,-19.9200,0.1757,0.3164,0.2515,0.1000,0.4000,0.8000,-2.5400,3.3956,-0.3125,2.2500,0.2189,1.5849,-2.5400,2.7756,-0.3125,2.2500,0.2189,1.5849,37.2571,212.9143,359.3143,6.5448,67.3706,90.3743,5.00,3.00,2.00,0.0771,0.1502,0.0633,1,0.131432
12,0.5800,8.1200,51.3800,-19.5600,0.1734,0.3132,0.2557,0.1000,0.4000,0.8000,-2.4950,3.3989,-0.2808,2.2500,0.1096,1.5849,-2.4950,2.7789,-0.2808,2.2500,0.1096,1.5849,37.2571,212.9143,359.3143,6.4589,66.6948,91.8826,5.00,3.00,2.00,0.0751,0.1472,0.0654,1,0.132029
12,0.6000,8.4000,51.6000,-19.2000,0.1711,0.3111,0.2604,0.1000,0.4000,0.8000,-2.4500,3.4000,-0.2491,2.2500,0.0000,1.5849,-2.4500,2.7800,-0.2491,2.2500,0.0000,1.5849,37.2571,212.9143,359.3143,6.3765,66.2426,93.5617,5.00,3.00,2.00,0.0732,0.1452,0.0678,1,0.132945
12,0.6200,8.6800,51.8200,-18.8400,0.1691,0.3101,0.2654,0.1000,0.4000,0.8000,-2.4050,3.3989,-0.2174,2.2500,-0.1096,1.5849,-2.4050,2.7789,-0.2174,2.2500,-0.1096,1.5849,37.2571,212.9143,359.3143,6.2989,66.0241,95.3787,5.00,3.00,2.00,0.0715,0.1442,0.0705,1,0.134161
12,0.6400,8.9600,52.0400,-18.4800,0.1671,0.3102,0.2708,0.1000,0.4000,0.8000,-2.3600,3.3956,-0.1857,2.2500,-0.2189,1.5849,-2.3600,2.7756,-0.1857,2.2500,-0.2189,1.5849,37.2571,212.9143,359.3143,6.2272,66.0443,97.2980,5.00,3.00,2.00,0.0698,0.1443,0.0733,1,0.135655
12,0.6600,9.2400,52.2600,-18.1200,0.1654,0.3114,0.2763,0.1000,0.4000,0.8000,-2.3150,3.3902,-0.1540,2.2500,-0.3276,1.5849,-2.3150,2.7702,-0.1540,2.2500,-0.3276,1.5849,37.2571,212.9143,359.3143,6.1623,66.3025,99.2820,5.00,3.00,2.00,0.0684,0.1455,0.0763,1,0.137397
12,0.6800,9.5200,52.4800,-17.7600,0.1639,0.3137,0.2819,0.1000,0.4000,0.8000,-2.2700,3.3825,-0.1223,2.2500,-0.4354,1.5849,-2.2700,2.7625,-0.1223,2.2500,-0.4354,1.5849,37.2571,212.9143,359.3143,6.1052,66.7932,101.2920,5.00,3.00,2.00,0.0671,0.1476,0.0795,1,0.139352
12,0.7000,9.8000,52.7000,-17.4000,0.1626,0.3171,0.2875,0.1000,0.4000,0.8000,-2.2250,3.3727,-0.0906,2.2500,-0.5421,1.5849,-2.2250,2.7527,-0.0906,2.2500,-0.5421,1.5849,37.2571,212.9143,359.3143,6.0568,67.5052,103.2887,5.00,3.00,2.00,0.0661,0.1508,0.0826,1,0.141481
12,0.7200,10.0800,52.9200,-17.0400,0.1615,0.3214,0.2929,0.1000,0.4000,0.8000,-2.1800,3.3608,-0.0589,2.2500,-0.6472,1.5849,-2.1800,2.7408,-0.0589,2.2500,-0.6472,1.5849,37.2571,212.9143,359.3143,6.0178,68.4225,105.2328,5.00,3.00,2.00,0.0652,0.1549,0.0858,1,0.143738
12,0.7400,10.3600,53.1400,-16.6800,0.1607,0.3265,0.2980,0.1000,0.4000,0.8000,-2.1350,3.3469,-0.0272,2.2500,-0.7506,1.5849,-2.1350,2.7269,-0.0272,2.2500,-0.7506,1.5849,37.2571,212.9143,359.3143,5.9886,69.5246,107.0865,5.00,3.00,2.00,0.0646,0.1599,0.0888,1,0.146080
12,0.7600,10.6400,53.3600,-16.3200,0.1602,0.3325,0.3028,0.1000,0.4000,0.8000,-2.0900,3.3308,0.0045,2.2500,-0.8519,1.5849,-2.0900,2.7108,0.0045,2.2500,-0.8519,1.5849,37.2571,212.9143,359.3143,5.9698,70.7867,108.8134,5.00,3.00,2.00,0.0642,0.1658,0.0917,1,0.148456
12,0.7800,10.9200,53.5800,-15.9600,0.1600,0.3390,0.3072,0.1000,0.4000,0.8000,-2.0450,3.3128,0.0362,2.2500,-0.9508,1.5849,-2.0450,2.6928,0.0362,2.2500,-0.9508,1.5849,37.2571,212.9143,359.3143,5.9615,72.1805,110.3798,5.00,3.00,2.00,0.0640,0.1724,0.0944,1,0.150817
12,0.8000,11.2000,53.8000,-15.6000,0.1601,0.3460,0.3110,0.1000,0.4000,0.8000,-2.0000,3.2928,0.0679,2.2500,-1.0472,1.5849,-2.0000,2.6728,0.0679,2.2500,-1.0472,1.5849,37.2571,212.9143,359.3143,5.9640,73.6746,111.7549,5.00,3.00,2.00,0.0641,0.1796,0.0967,1,0.153115
12,0.8200,11.4800,54.0200,-15.2400,0.1604,0.3534,0.3142,0.1000,0.4000,0.8000,-1.9550,3.2709,0.0996,2.2500,-1.1407,1.5849,-1.9550,2.6509,0.0996,2.2500,-1.1407,1.5849,37.2571,212.9143,359.3143,5.9771,75.2355,112.9119,5.00,3.00,2.00,0.0643,0.1873,0.0987,1,0.155300
12,0.8400,11.7600,54.2400,-14.8800,0.1611,0.3608,0.3168,0.1000,0.4000,0.8000,-1.9100,3.2472,0.1313,2.2500,-1.2311,1.5849,-1.9100,2.6272,0.1313,2.2500,-1.2311,1.5849,37.2571,212.9143,359.3143,6.0008,76.8281,113.8281,5.00,3.00,2.00,0.0649,0.1953,0.1004,1,0.157326
12,0.8600,12.0400,54.4600,-14.5200,0.1620,0.3683,0.3186,0.1000,0.4000,0.8000,-1.8650,3.2217,0.1630,2.2500,-1.3180,1.5849,-1.8650,2.6017,0.1630,2.2500,-1.3180,1.5849,37.2571,212.9143,359.3143,6.0346,78.4168,114.4857,5.00,3.00,2.00,0.0656,0.2035,0.1015,1,0.159150
12,0.8800,12.3200,54.6800,-14.1600,0.1631,0.3756,0.3197,0.1000,0.4000,0.8000,-1.8200,3.1945,0.1947,2.2500,-1.4014,1.5849,-1.8200,2.5745,0.1947,2.2500,-1.4014,1.5849,37.2571,212.9143,359.3143,6.0780,79.9657,114.8717,5.00,3.00,2.00,0.0665,0.2116,0.1022,1,0.160732
12,0.9000,0.0000,54.9000,-13.8000,0.0100,0.3825,0.3200,0.0000,0.4000,0.8000,-1.7750,3.1657,0.2264,2.2500,-1.4810,1.5849,-1.7750,2.5457,0.2264,2.2500,-1.4810,1.5849,0.0000,212.9143,359.3143,0.0000,81.4402,114.9785,5.00,3.00,2.00,0.0003,0.2195,0.1024,1,0.157135
12,0.9200,0.0000,55.1200,-13.4400,0.0100,0.3889,0.3195,0.0000,0.4000,0.8000,-1.7300,3.1353,0.2581,2.2500,-1.5564,1.5849,-1.7300,2.5153,0.2581,2.2500,-1.5564,1.5849,0.0000,212.9143,359.3143,0.0000,82.8070,114.8042,5.00,3.00,2.00,0.0003,0.2269,0.1021,1,0.158089
12,0.9400,0.0000,55.3400,-13.0800,0.0100,0.3947,0.3183,0.0000,0.4000,0.8000,-1.6850,3.1035,0.2898,2.2500,-1.6277,1.5849,-1.6850,2.4835,0.2898,2.2500,-1.6277,1.5849,0.0000,212.9143,359.3143,0.0000,84.0356,114.3521,5.00,3.00,2.00,0.0003,0.2337,0.1013,1,0.158710
12,0.9600,0.0000,55.5600,-30.0000,0.0100,0.3997,0.0200,0.0000,0.4000,0.0000,-1.6400,3.0702,0.3215,2.2500,-1.6944,1.5849,-1.6400,2.4502,0.3215,2.2500,-1.6944,1.5849,0.0000,212.9143,0.0000,0.0000,85.0983,0.0000,5.00,3.00,2.00,0.0003,0.2396,0.0004,1,0.068079
12,0.9800,0.0000,55.7800,-30.0000,0.0100,0.4038,0.0200,0.0000,0.4000,0.0000,-1.5950,3.0357,0.3532,2.2500,-1.7565,1.5849,-1.5950,2.4157,0.3532,2.2500,-1.7565,1.5849,0.0000,212.9143,0.0000,0.0000,85.9712,0.0000,5.00,3.00,2.00,0.0003,0.2446,0.0004,1,0.068777
12,1.0000,0.0000,45.0000,-30.0000,0.0100,0.0200,0.0200,0.0000,0.0000,0.0000,-1.5500,3.0000,0.3849,2.2500,-1.8138,1.5849,-1.5500,2.3800,0.3849,2.2500,-1.8138,1.5849,0.0000,0.0000,0.0000,0.0000,0.0000,0.0000,5.00,3.00,2.00,0.0003,0.0006,0.0004,1,0.000000
12,1.0200,0.0000,45.0000,-30.0000,0.0100,0.0200,0.0200,0.0000,0.0000,0.0000,-1.5050,2.9632,0.4166,2.2500,-1.8661,1.5849,-1.5050,2.3432,0.4166,2.2500,-1.8661,1.5849,0.0000,0.0000,0.0000,0.0000,0.0000,0.0000,5.00,3.00,2.00,0.0003,0.0006,0.0004,1,0.000000
12,1.0400,0.0000,45.0000,-30.0000,0.0100,0.0200,0.0200,0.0000,0.0000,0.0000,-1.4600,2.9254,0.4483,2.2500,-1.9133,1.5849,-1.4600,2.3054,0.4483,2.2500,-1.9133,1.5849,0.0000,0.0000,0.0000,0.0000,0.0000,0.0000,5.00,3.00,2.00,0.0003,0.0006,0.0004,1,0.000000
12,1.0600,0.0000,45.0000,-30.0000,0.0100,0.0200,0.0200,0.0000,0.0000,0.0000,-1.4150,2.8867,0.4800,2.2500,-1.9553,1.5849,-1.4150,2.2667,0.4800,2.2500,-1.9553,1.5849,0.0000,0.0000,0.0000,0.0000,0.0000,0.0000,5.00,3.00,2.00,0.0003,0.0006,0.0004,1,0.000000
12,1.0800,0.0000,45.0000,-30.0000,0.0100,0.0200,0.0200,0.0000,0.0000,0.0000,-1.3700,2.8472,0.5117,2.2500,-1.9919,1.5849,-1.3700,2.2272,0.5117,2.2500,-1.9919,1.5849,0.0000,0.0000,0.0000,0.0000,0.0000,0.0000,5.00,3.00,2.00,0.0003,0.0006,0.0004,1,0.000000
12,1.1000,0.0000,45.0000,-30.0000,0.0100,0.0200,0.0200,0.0000,0.0000,0.0000,-1.3250,2.8071,0.5434,2.2500,-2.0230,1.5849,-1.3250,2.1871,0.5434,2.2500,-2.0230,1.5849,0.0000,0.0000,0.0000,0.0000,0.0000,0.0000,5.00,3.00,2.00,0.0003,0.0006,0.0004,1,0.000000
12,1.1200,0.0000,45.0000,-30.0000,0.0100,0.0200,0.0200,0.0000,0.0000,0.0000,-1.2800,2.7663,0.5751,2.2500,-2.0486,1.5849,-1.2800,2.1463,0.5751,2.2500,-2.0486,1.5849,0.0000,0.0000,0.0000,0.0000,0.0000,0.0000,5.00,3.00,2.00,0.0003,0.0006,0.0004,1,0.000000
12,1.1400,0.0000,45.0000,-30.0000,0.0100,0.0200,0.0200,0.0000,0.0000,0.0000,-1.2350,2.7251,0.6068,2.2500,-2.0686,1.5849,-1.0882,0.7346,0.5493,0.0657,-0.2316,-0.1265,0.0000,0.0000,0.0000,0.0000,0.0000,0.0000,5.00,3.00,2.00,0.0003,0.0006,0.0004,0,0.000000
12,1.1600,0.0000,45.0000,-30.0000,0.0100,0.0200,0.0200,0.0000,0.0000,0.0000,-1.1900,2.6836,0.6385,2.2500,-2.0829,1.5849,-1.0112,0.7184,0.8435,0.0017,-0.0716,-0.0189,0.0000,0.0000,0.0000,0.0000,0.0000,0.0000,5.00,3.00,2.00,0.0003,0.0006,0.0004,0,0.000000
12,1.1800,0.0000,45.0000,-30.0000,0.0100,0.0200,0.0200,0.0000,0.0000,0.0000,-1.1450,2.6419,0.6702,2.2500,-2.0915,1.5849,-1.1779,0.7024,0.7211,0.0727,-0.1438,-0.0208,0.0000,0.0000,0.0000,0.0000,0.0000,0.0000,5.00,3.00,2.00,0.0003,0.0006,0.0004,0,0.000000
12,1.2000,0.0000,45.0000,-30.0000,0.0100,0.0200,0.0200,0.0000,0.0000,0.0000,-1.1000,2.6000,0.7019,0.0000,0.0000,0.0000,-1.0621,0.7321,0.7696,-0.0271,0.0343,0.1089,0.0000,0.0000,0.0000,0.0000,0.0000,0.0000,5.00,3.00,2.00,0.0003,0.0006,0.0004,0,0.000000
12,1.2200,0.0000,45.0000,-30.0000,0.0100,0.0200,0.0200,0.0000,0.0000,0.0000,-1.1000,2.6000,0.7019,0.0000,0.0000,0.0000,-1.1097,0.7274,0.5771,-0.0224,-0.1289,0.0921,0.0000,0.0000,0.0000,0.0000,0.0000,0.0000,5.00,3.00,2.00,0.0003,0.0006,0.0004,0,0.000000
12,1.2400,0.0000,45.0000,-30.0000,0.0100,0.0200,0.0200,0.0000,0.0000,0.0000,-1.1000,2.6000,0.7019,0.0000,0.0000,0.0000,-1.1135,0.7180,0.6503,0.0230,-0.1090,0.0083,0.0000,0.0000,0.0000,0.0000,0.0000,0.0000,5.00,3.00,2.00,0.0003,0.0006,0.0004,0,0.000000
12,1.2600,0.0000,45.0000,-30.0000,0.0100,0.0200,0.0200,0.0000,0.0000,0.0000,-1.1000,2.6000,0.7019,0.0000,0.0000,0.0000,-1.2035,0.7148,0.8087,-0.0905,0.0220,0.0767,0.0000,0.0000,0.0000,0.0000,0.0000,0.0000,5.00,3.00,2.00,0.0003,0.0006,0.0004,0,0.000000
12,1.2800,0.0000,45.0000,-30.0000,0.0100,0.0200,0.0200,0.0000,0.0000,0.0000,-1.1000,2.6000,0.7019,0.0000,0.0000,0.0000,-1.0762,0.7217,0.7065,-0.0231,-0.1042,-0.0447,0.0000,0.0000,0.0000,0.0000,0.0000,0.0000,5.00,3.00,2.00,0.0003,0.0006,0.0004,0,0.000000
12,1.3000,0.0000,45.0000,-30.0000,0.0100,0.0200,0.0200,0.0000,0.0000,0.0000,-1.1000,2.6000,0.7019,0.0000,0.0000,0.0000,-1.0738,0.7259,0.6896,0.0627,-0.0949,0.0248,0.0000,0.0000,0.0000,0.0000,0.0000,0.0000,5.00,3.00,2.00,0.0003,0.0006,0.0004,0,0.000000
12,1.3200,0.0000,45.0000,-30.0000,0.0100,0.0200,0.0200,0.0000,0.0000,0.0000,-1.1000,2.6000,0.7019,0.0000,0.0000,0.0000,-1.0504,0.7107,0.7461,-0.0554,-0.0752,-0.0206,0.0000,0.0000,0.0000,0.0000,0.0000,0.0000,5.00,3.00,2.00,0.0003,0.0006,0.0004,0,0.000000
12,1.3400,0.0000,45.0000,-30.0000,0.0100,0.0200,0.0200,0.0000,0.0000,0.0000,-1.1000,2.6000,0.7019,0.0000,0.0000,0.0000,-1.1653,0.7172,0.6642,-0.0563,-0.0899,-0.0449,0.0000,0.0000,0.0000,0.0000,0.0000,0.0000,5.00,3.00,2.00,0.0003,0.0006,0.0004,0,0.000000
12,1.3600,0.0000,45.0000,-30.0000,0.0100,0.0200,0.0200,0.0000,0.0000,0.0000,-1.1000,2.6000,0.7019,0.0000,0.0000,0.0000,-1.1427,0.7225,0.7450,-0.0477,-0.0072,0.0401,0.0000,0.0000,0.0000,0.0000,0.0000,0.0000,5.00,3.00,2.00,0.0003,0.0006,0.0004,0,0.000000
12,1.3800,0.0000,45.0000,-30.0000,0.0100,0.0200,0.0200,0.0000,0.0000,0.0000,-1.1000,2.6000,0.7019,0.0000,0.0000,0.0000,-1.1069,0.7221,0.7324,0.0270,-0.0057,-0.0058,0.0000,0.0000,0.0000,0.0000,0.0000,0.0000,5.00,3.00,2.00,0.0003,0.0006,0.0004,0,0.000000
12,1.4000,0.0000,45.0000,-30.0000,0.0100,0.0200,0.0200,0.0000,0.0000,0.0000,-1.1000,2.6000,0.7019,0.0000,0.0000,0.0000,-1.1045,0.7147,0.6988,0.0192,-0.0055,0.0028,0.0000,0.0000,0.0000,0.0000,0.0000,0.0000,5.00,3.00,2.00,0.0003,0.0006,0.0004,0,0.000000
12,1.4200,0.0000,45.0000,-30.0000,0.0100,0.0200,0.0200,0.0000,0.0000,0.0000,-1.1000,2.6000,0.7019,0.0000,0.0000,0.0000,-1.1004,0.7203,0.6868,0.0060,-0.0014,-0.0181,0.0000,0.0000,0.0000,0.0000,0.0000,0.0000,5.00,3.00,2.00,0.0003,0.0006,0.0004,0,0.000000
12,1.4400,0.0000,45.0000,-30.0000,0.0100,0.0200,0.0200,0.0000,0.0000,0.0000,-1.1000,2.6000,0.7019,0.0000,0.0000,0.0000,-1.0894,0.7230,0.6854,0.0047,0.0047,0.0024,0.0000,0.0000,0.0000,0.0000,0.0000,0.0000,5.00,3.00,2.00,0.0003,0.0006,0.0004,0,0.000000
12,1.4600,0.0000,45.0000,-30.0000,0.0100,0.0200,0.0200,0.0000,0.0000,0.0000,-1.1000,2.6000,0.7019,0.0000,0.0000,0.0000,-1.0963,0.7203,0.7016,-0.0015,-0.0103,0.0014,0.0000,0.0000,0.0000,0.0000,0.0000,0.0000,5.00,3.00,2.00,0.0003,0.0006,0.0004,0,0.000000
12,1.4800,0.0000,45.0000,-30.0000,0.0100,0.0200,0.0200,0.0000,0.0000,0.0000,-1.1000,2.6000,0.7019,0.0000,0.0000,0.0000,-1.1000,0.7200,0.7019,0.0000,0.0000,0.0000,0.0000,0.0000,0.0000,0.0000,0.0000,0.0000,5.00,3.00,2.00,0.0003,0.0006,0.0004,0,0.000000
12,1.5000,0.0000,45.0000,-30.0000,0.0100,0.0200,0.0200,0.0000,0.0000,0.0000,-1.1000,2.6000,0.7019,0.0000,0.0000,0.0000,-1.1072,0.7184,0.7041,0.0026,0.0032,0.0055,0.0000,0.0000,0.0000,0.0000,0.0000,0.0000,5.00,3.00,2.00,0.0003,0.0006,0.0004,0,0.000000
13,0.0200,1.1200,45.5500,-30.2700,0.1824,0.3675,0.3196,0.4000,1.0000,-0.6000,-3.7517,2.6419,-1.1790,2.4167,2.0915,1.0517,-0.7620,0.7047,0.1088,0.0569,-0.0928,0.0109,148.1143,529.1429,267.9429,27.0152,194.4451,85.6369,5.00,3.00,2.00,0.0832,0.2026,0.1021,0,0.245678
13,0.0400,2.2400,46.1000,-30.5400,0.1848,0.3748,0.3184,0.4000,1.0000,-0.6000,-3.7033,2.6836,-1.1579,2.4167,2.0829,1.0517,-0.7680,0.7215,0.1772,0.0667,-0.1726,0.0950,148.1143,529.1429,267.9429,27.3647,198.3100,85.3243,5.00,3.00,2.00,0.0853,0.2107,0.1014,0,0.248799
13,0.0600,3.3600,46.6500,-30.8100,0.1870,0.3817,0.3165,0.4000,1.0000,-0.6000,-3.6550,2.7251,-1.1369,2.4167,2.0686,1.0517,-0.7873,0.7374,0.1180,-0.0800,-0.2090,-0.1011,148.1143,529.1429,267.9429,27.7041,201.9994,84.8102,5.00,3.00,2.00,0.0875,0.2186,0.1002,0,0.251611
13,0.0800,4.4800,47.2000,-31.0800,0.1892,0.3882,0.3139,0.4000,1.0000,-0.6000,-3.6067,2.7663,-1.1159,2.4167,2.0486,1.0517,-0.7410,0.6921,0.2002,0.1137,-0.1251,-0.1116,148.1143,529.1429,267.9429,28.0285,205.4303,84.1046,5.00,3.00,2.00,0.0895,0.2261,0.0985,0,0.254051
13,0.1000,5.6000,47.7500,-31.3500,0.1913,0.3941,0.3106,0.4000,1.0000,-0.6000,-3.5583,2.8071,-1.0948,2.4167,2.0230,1.0517,-0.8620,0.7477,-0.1038,0.0529,-0.0223,0.0956,148.1143,529.1429,267.9429,28.3332,208.5256,83.2214,5.00,3.00,2.00,0.0915,0.2330,0.0965,0,0.256064
13,0.1200,6.7200,48.3000,-31.6200,0.1932,0.3992,0.3067,0.4000,1.0000,-0.6000,-3.5100,2.8472,-1.0738,2.4167,1.9919,1.0517,-0.8097,0.7151,-0.0088,0.1260,-0.0229,0.0686,148.1143,529.1429,267.9429,28.6139,211.2160,82.1777,5.00,3.00,2.00,0.0933,0.2390,0.0941,0,0.257606
13,0.1400,7.8400,48.8500,-31.8900,0.1949,0.4034,0.3023,0.4000,1.0000,-0.6000,-3.4617,2.8867,-1.0528,2.4167,1.9553,1.0517,-0.7408,0.7498,-0.0901,0.1356,-0.0875,0.0578,148.1143,529.1429,267.9429,28.8664,213.4410,80.9940,5.00,3.00,2.00,0.0950,0.2441,0.0914,0,0.258641
13,0.1600,8.9600,49.4000,-32.1600,0.1964,0.4066,0.2974,0.4000,1.0000,-0.6000,-3.4133,2.9254,-1.0317,2.4167,1.9133,1.0517,-0.8053,0.7290,0.0135,-0.1142,-0.0346,0.0588,148.1143,529.1429,267.9429,29.0873,215.1505,79.6935,5.00,3.00,2.00,0.0964,0.2480,0.0885,0,0.259145
13,0.1800,10.0800,49.9500,-32.4300,0.1976,0.4088,0.2922,0.4000,1.0000,-0.6000,-3.3650,2.9632,-1.0107,2.4167,1.8661,1.0517,-0.7500,0.7276,0.1879,-0.0831,-0.1284,0.0319,148.1143,529.1429,267.9429,29.2732,216.3063,78.3017,5.00,3.00,2.00,0.0977,0.2507,0.0854,0,0.259105
13,0.2000,11.2000,50.5000,-32.7000,0.1986,0.4099,0.2868,0.4000,1.0000,-0.6000,-3.3167,3.0000,-0.9897,2.4167,1.8138,1.0517,-0.9777,0.6902,0.1801,0.0007,-0.2247,0.0186,148.1143,529.1429,267.9429,29.4215,216.8823,76.8457,5.00,3.00,2.00,0.0986,0.2520,0.0823,0,0.258520
13,0.2200,12.3200,51.0500,-32.9700,0.1994,0.4098,0.2812,0.4000,1.0000,-0.6000,-3.2683,3.0357,-0.9686,2.4167,1.7565,1.0517,-0.9011,0.7014,0.1576,-0.1496,0.0414,0.1020,148.1143,529.1429,267.9429,29.5302,216.8656,75.3540,5.00,3.00,2.00,0.0994,0.2520,0.0791,0,0.257400
13,0.2400,13.4400,51.6000,-33.2400,0.1998,0.4087,0.2756,0.4000,1.0000,-0.6000,-3.2200,3.0702,-0.9476,2.4167,1.6944,1.0517,-0.8952,0.7436,-0.1059,0.1280,-0.1627,-0.1082,148.1143,529.1429,267.9429,29.5976,216.2567,73.8559,5.00,3.00,2.00,0.0998,0.2505,0.0760,0,0.255768
13,0.2600,14.5600,52.1500,-33.5100,0.2000,0.4064,0.2701,0.4000,1.0000,-0.6000,-3.1717,3.1035,-0.9266,2.4167,1.6277,1.0517,-1.0492,0.7494,0.0597,-0.0927,-0.2152,0.0799,148.1143,529.1429,267.9429,29.6227,215.0690,72.3807,5.00,3.00,2.00,0.1000,0.2478,0.0730,0,0.253658
13,0.2800,15.6800,52.7000,-33.7800,0.1999,0.4032,0.2648,0.4000,1.0000,-0.6000,-3.1233,3.1353,-0.9055,2.4167,1.5564,1.0517,-0.8055,0.7192,-0.0302,-0.0469,-0.0221,-0.1104,148.1143,529.1429,267.9429,29.6052,213.3295,70.9571,5.00,3.00,2.00,0.0999,0.2438,0.0701,0,0.251113
13,0.3000,16.8000,53.2500,-34.0500,0.1995,0.3989,0.2598,0.4000,1.0000,-0.6000,-3.0750,3.1657,-0.8845,2.4167,1.4810,1.0517,-0.7311,0.7217,-0.1134,0.0591,-0.0593,0.0759,148.1143,529.1429,267.9429,29.5454,211.0770,69.6132,5.00,3.00,2.00,0.0995,0.2387,0.0675,0,0.248188
13,0.3200,17.9200,53.8000,-34.3200,0.1988,0.3938,0.2552,0.4000,1.0000,-0.6000,-3.0267,3.1945,-0.8635,2.4167,1.4014,1.0517,-0.7558,0.7164,0.2107,0.0047,-0.1135,-0.0446,148.1143,529.1429,267.9429,29.4441,208.3623,68.3751,5.00,3.00,2.00,0.0988,0.2326,0.0651,0,0.244945
13,0.3400,19.0400,54.3500,-34.5900,0.1978,0.3879,0.2511,0.4000,1.0000,-0.6000,-2.9783,3.2217,-0.8424,2.4167,1.3180,1.0517,-0.7462,0.7357,0.1263,0.0076,-0.0682,0.0976,148.1143,529.1429,267.9429,29.3027,205.2461,67.2672,5.00,3.00,2.00,0.0979,0.2257,0.0630,0,0.241453
13,0.3600,5.0400,54.9000,-34.8600,0.1966,0.3814,0.2475,0.1000,1.0000,-0.6000,-2.9300,3.2472,-0.8214,2.4167,1.2311,1.0517,-0.8416,0.7494,0.0030,0.0631,-0.2087,-0.0253,37.0286,529.1429,267.9429,7.2808,201.7987,66.3110,5.00,3.00,2.00,0.0967,0.2182,0.0612,0,0.220312
13,0.3800,5.3200,55.4500,-35.1300,0.1952,0.3744,0.2445,0.1000,1.0000,-0.6000,-2.8817,3.2709,-0.8004,2.4167,1.1407,1.0517,-1.0394,0.6956,0.2017,-0.1315,-0.0281,0.0294,37.0286,529.1429,267.9429,7.2271,198.0973,65.5253,5.00,3.00,2.00,0.0952,0.2102,0.0598,0,0.216680
13,0.4000,5.6000,56.0000,-35.4000,0.1935,0.3671,0.2423,0.1000,1.0000,-0.6000,-2.8333,3.2928,-0.7793,2.4167,1.0472,1.0517,-0.9655,0.6992,0.0370,0.0400,-0.2404,-0.0169,37.0286,529.1429,267.9429,7.1654,194.2251,64.9255,5.00,3.00,2.00,0.0936,0.2021,0.0587,0,0.213053
13,0.4200,5.8800,56.5500,-35.6700,0.1916,0.3596,0.2408,0.1000,1.0000,-0.6000,-2.7850,3.3128,-0.7583,2.4167,0.9508,1.0517,-0.7822,0.7390,-0.0254,-0.0658,-0.2422,0.1053,37.0286,529.1429,267.9429,7.0964,190.2690,64.5233,5.00,3.00,2.00,0.0918,0.1939,0.0580,0,0.209511
13,0.4400,6.1600,57.1000,-22.0800,0.1896,0.3521,0.2401,0.1000,1.0000,0.8000,-2.7367,3.3308,-0.7373,2.4167,0.8519,1.0517,-2.7367,2.7108,-0.7373,2.4167,0.8519,1.0517,37.0286,529.1429,357.2571,7.0212,186.3179,85.7688,5.00,3.00,2.00,0.0899,0.1860,0.0576,1,0.223286
13,0.4600,6.4400,57.6500,-21.7200,0.1874,0.3448,0.2401,0.1000,1.0000,0.8000,-2.6883,3.3469,-0.7162,2.4167,0.7506,1.0517,-2.6883,2.7269,-0.7162,2.4167,0.7506,1.0517,37.0286,529.1429,357.2571,6.9409,182.4606,85.7856,5.00,3.00,2.00,0.0878,0.1784,0.0577,1,0.220150
13,0.4800,6.7200,58.2000,-21.3600,0.1852,0.3379,0.2410,0.1000,1.0000,0.8000,-2.6400,3.3608,-0.6952,2.4167,0.6472,1.0517,-2.6400,2.7408,-0.6952,2.4167,0.6472,1.0517,37.0286,529.1429,357.2571,6.8567,178.7836,86.0812,5.00,3.00,2.00,0.0857,0.1712,0.0581,1,0.217377
13,0.5000,7.0000,50.5000,-21.0000,0.1828,0.3314,0.2425,0.1000,0.4000,0.8000,-2.5917,3.3727,-0.6742,2.4167,0.5421,1.0517,-2.5917,2.7527,-0.6742,2.4167,0.5421,1.0517,37.0286,211.6571,357.2571,6.7697,70.1478,86.6498,5.00,3.00,2.00,0.0836,0.1648,0.0588,1,0.130854
13,0.5200,7.2800,50.7200,-20.6400,0.1804,0.3256,0.2449,0.1000,0.4000,0.8000,-2.5433,3.3825,-0.6531,2.4167,0.4354,1.0517,-2.5433,2.7625,-0.6531,2.4167,0.4354,1.0517,37.0286,211.6571,357.2571,6.6811,68.9180,87.4802,5.00,3.00,2.00,0.0814,0.1590,0.0600,1,0.130463
13,0.5400,7.5600,50.9400,-20.2800,0.1780,0.3206,0.2479,0.1000,0.4000,0.8000,-2.4950,3.3902,-0.6321,2.4167,0.3276,1.0517,-2.4950,2.7702,-0.6321,2.4167,0.3276,1.0517,37.0286,211.6571,357.2571,6.5924,67.8517,88.5562,5.00,3.00,2.00,0.0792,0.1542,0.0614,1,0.130400
13,0.5600,7.8400,51.1600,-19.9200,0.1757,0.3164,0.2515,0.1000,0.4000,0.8000,-2.4467,3.3956,-0.6111,2.4167,0.2189,1.0517,-2.4467,2.7756,-0.6111,2.4167,0.2189,1.0517,37.0286,211.6571,357.2571,6.5047,66.9728,89.8568,5.00,3.00,2.00,0.0771,0.1502,0.0633,1,0.130667
13,0.5800,8.1200,51.3800,-19.5600,0.1734,0.3132,0.2557,0.1000,0.4000,0.8000,-2.3983,3.3989,-0.5900,2.4167,0.1096,1.0517,-2.3983,2.7789,-0.5900,2.4167,0.1096,1.0517,37.0286,211.6571,357.2571,6.4193,66.3010,91.3566,5.00,3.00,2.00,0.0751,0.1472,0.0654,1,0.131262
13,0.6000,8.4000,51.6000,-19.2000,0.1711,0.3111,0.2604,0.1000,0.4000,0.8000,-2.3500,3.4000,-0.5690,2.4167,0.0000,1.0517,-2.3500,2.7800,-0.5690,2.4167,0.0000,1.0517,37.0286,211.6571,357.2571,6.3374,65.8515,93.0260,5.00,3.00,2.00,0.0732,0.1452,0.0678,1,0.132172
13,0.6200,8.6800,51.8200,-18.8400,0.1691,0.3101,0.2654,0.1000,0.4000,0.8000,-2.3017,3.3989,-0.5480,2.4167,-0.1096,1.0517,-2.3017,2.7789,-0.5480,2.4167,-0.1096,1.0517,37.0286,211.6571,357.2571,6.2603,65.6343,94.8326,5.00,3.00,2.00,0.0715,0.1442,0.0705,1,0.133382
13,0.6400,8.9600,52.0400,-18.4800,0.1671,0.3102,0.2708,0.1000,0.4000,0.8000,-2.2533,3.3956,-0.5269,2.4167,-0.2189,1.0517,-2.2533,2.7756,-0.5269,2.4167,-0.2189,1.0517,37.0286,211.6571,357.2571,6.1890,65.6543,96.7409,5.00,3.00,2.00,0.0698,0.1443,0.0733,1,0.134867
13,0.6600,9.2400,52.2600,-18.1200,0.1654,0.3114,0.2763,0.1000,0.4000,0.8000,-2.2050,3.3902,-0.5059,2.4167,-0.3276,1.0517,-2.2050,2.7702,-0.5059,2.4167,-0.3276,1.0517,37.0286,211.6571,357.2571,6.1245,65.9111,98.7136,5.00,3.00,2.00,0.0684,0.1455,0.0763,1,0.136599
13,0.6800,9.5200,52.4800,-17.7600,0.1639,0.3137,0.2819,0.1000,0.4000,0.8000,-2.1567,3.3825,-0.4849,2.4167,-0.4354,1.0517,-2.1567,2.7625,-0.4849,2.4167,-0.4354,1.0517,37.0286,211.6571,357.2571,6.0678,66.3988,100.7121,5.00,3.00,2.00,0.0671,0.1476,0.0795,1,0.138543
13,0.7000,9.8000,52.7000,-17.4000,0.1626,0.3171,0.2875,0.1000,0.4000,0.8000,-2.1083,3.3727,-0.4638,2.4167,-0.5421,1.0517,-2.1083,2.7527,-0.4638,2.4167,-0.5421,1.0517,37.0286,211.6571,357.2571,6.0197,67.1066,102.6973,5.00,3.00,2.00,0.0661,0.1508,0.0826,1,0.140659
13,0.7200,10.0800,52.9200,-17.0400,0.1615,0.3214,0.2929,0.1000,0.4000,0.8000,-2.0600,3.3608,-0.4428,2.4167,-0.6472,1.0517,-2.0600,2.7408,-0.4428,2.4167,-0.6472,1.0517,37.0286,211.6571,357.2571,5.9809,68.0185,104.6304,5.00,3.00,2.00,0.0652,0.1549,0.0858,1,0.142904
13,0.7400,10.3600,53.1400,-16.6800,0.1607,0.3265,0.2980,0.1000,0.4000,0.8000,-2.0117,3.3469,-0.4218,2.4167,-0.7506,1.0517,-2.0117,2.7269,-0.4218,2.4167,-0.7506,1.0517,37.0286,211.6571,357.2571,5.9519,69.1141,106.4734,5.00,3.00,2.00,0.0646,0.1599,0.0888,1,0.145232
13,0.7600,10.6400,53.3600,-16.3200,0.1602,0.3325,0.3028,0.1000,0.4000,0.8000,-1.9633,3.3308,-0.4007,2.4167,-0.8519,1.0517,-1.9633,2.7108,-0.4007,2.4167,-0.8519,1.0517,37.0286,211.6571,357.2571,5.9332,70.3687,108.1904,5.00,3.00,2.00,0.0642,0.1658,0.0917,1,0.147594
13,0.7800,10.9200,53.5800,-15.9600,0.1600,0.3390,0.3072,0.1000,0.4000,0.8000,-1.9150,3.3128,-0.3797,2.4167,-0.9508,1.0517,-1.9150,2.6928,-0.3797,2.4167,-0.9508,1.0517,37.0286,211.6571,357.2571,5.9250,71.7543,109.7478,5.00,3.00,2.00,0.0640,0.1724,0.0944,1,0.149942
13,0.8000,11.2000,53.8000,-15.6000,0.1601,0.3460,0.3110,0.1000,0.4000,0.8000,-1.8667,3.2928,-0.3587,2.4167,-1.0472,1.0517,-1.8667,2.6728,-0.3587,2.4167,-1.0472,1.0517,37.0286,211.6571,357.2571,5.9274,73.2396,111.1151,5.00,3.00,2.00,0.0641,0.1796,0.0967,1,0.152226
13,0.8200,11.4800,54.0200,-15.2400,0.1604,0.3534,0.3142,0.1000,0.4000,0.8000,-1.8183,3.2709,-0.3376,2.4167,-1.1407,1.0517,-1.8183,2.6509,-0.3376,2.4167,-1.1407,1.0517,37.0286,211.6571,357.2571,5.9405,74.7913,112.2654,5.00,3.00,2.00,0.0643,0.1873,0.0987,1,0.154398
13,0.8400,11.7600,54.2400,-14.8800,0.1611,0.3608,0.3168,0.1000,0.4000,0.8000,-1.7700,3.2472,-0.3166,2.4167,-1.2311,1.0517,-1.7700,2.6272,-0.3166,2.4167,-1.2311,1.0517,37.0286,211.6571,357.2571,5.9640,76.3745,113.1764,5.00,3.00,2.00,0.0649,0.1953,0.1004,1,0.156412
13,0.8600,12.0400,54.4600,-14.5200,0.1620,0.3683,0.3186,0.1000,0.4000,0.8000,-1.7217,3.2217,-0.2956,2.4167,-1.3180,1.0517,-1.7217,2.6017,-0.2956,2.4167,-1.3180,1.0517,37.0286,211.6571,357.2571,5.9975,77.9538,113.8302,5.00,3.00,2.00,0.0656,0.2035,0.1015,1,0.158225
13,0.8800,12.3200,54.6800,-14.1600,0.1631,0.3756,0.3197,0.1000,0.4000,0.8000,-1.6733,3.1945,-0.2745,2.4167,-1.4014,1.0517,-1.6733,2.5745,-0.2745,2.4167,-1.4014,1.0517,37.0286,211.6571,357.2571,6.0407,79.4936,114.2140,5.00,3.00,2.00,0.0665,0.2116,0.1022,1,0.159799
13,0.9000,0.0000,54.9000,-13.8000,0.0100,0.3825,0.3200,0.0000,0.4000,0.8000,-1.6250,3.1657,-0.2535,2.4167,-1.4810,1.0517,-1.6250,2.5457,-0.2535,2.4167,-1.4810,1.0517,0.0000,211.6571,357.2571,0.0000,80.9593,114.3203,5.00,3.00,2.00,0.0003,0.2195,0.1024,1,0.156224
13,0.9200,0.0000,55.1200,-13.4400,0.0100,0.3889,0.3195,0.0000,0.4000,0.8000,-1.5767,3.1353,-0.2325,2.4167,-1.5564,1.0517,-1.5767,2.5153,-0.2325,2.4167,-1.5564,1.0517,0.0000,211.6571,357.2571,0.0000,82.3181,114.1469,5.00,3.00,2.00,0.0003,0.2269,0.1021,1,0.157172
13,0.9400,0.0000,55.3400,-13.0800,0.0100,0.3947,0.3183,0.0000,0.4000,0.8000,-1.5283,3.1035,-0.2114,2.4167,-1.6277,1.0517,-1.5283,2.4835,-0.2114,2.4167,-1.6277,1.0517,0.0000,211.6571,357.2571,0.0000,83.5394,113.6974,5.00,3.00,2.00,0.0003,0.2337,0.1013,1,0.157789
13,0.9600,0.0000,55.5600,-30.0000,0.0100,0.3997,0.0200,0.0000,0.4000,0.0000,-1.4800,3.0702,-0.1904,2.4167,-1.6944,1.0517,-1.4800,2.4502,-0.1904,2.4167,-1.6944,1.0517,0.0000,211.6571,0.0000,0.0000,84.5958,0.0000,5.00,3.00,2.00,0.0003,0.2396,0.0004,1,0.067677
13,0.9800,0.0000,55.7800,-30.0000,0.0100,0.4038,0.0200,0.0000,0.4000,0.0000,-1.4317,3.0357,-0.1694,2.4167,-1.7565,1.0517,-1.4317,2.4157,-0.1694,2.4167,-1.7565,1.0517,0.0000,211.6571,0.0000,0.0000,85.4636,0.0000,5.00,3.00,2.00,0.0003,0.2446,0.0004,1,0.068371
13,1.0000,0.0000,45.0000,-30.0000,0.0100,0.0200,0.0200,0.0000,0.0000,0.0000,-1.3833,3.0000,-0.1483,2.4167,-1.8138,1.0517,-1.3833,2.3800,-0.1483,2.4167,-1.8138,1.0517,0.0000,0.0000,0.0000,0.0000,0.0000,0.0000,5.00,3.00,2.00,0.0003,0.0006,0.0004,1,0.000000
13,1.0200,0.0000,45.0000,-30.0000,0.0100,0.0200,0.0200,0.0000,0.0000,0.0000,-1.3350,2.9632,-0.1273,2.4167,-1.8661,1.0517,-1.3350,2.3432,-0.1273,2.4167,-1.8661,1.0517,0.0000,0.0000,0.0000,0.0000,0.0000,0.0000,5.00,3.00,2.00,0.0003,0.0006,0.0004,1,0.000000
13,1.0400,0.0000,45.0000,-30.0000,0.0100,0.0200,0.0200,0.0000,0.0000,0.0000,-1.2867,2.9254,-0.1063,2.4167,-1.9133,1.0517,-1.2867,2.3054,-0.1063,2.4167,-1.9133,1.0517,0.0000,0.0000,0.0000,0.0000,0.0000,0.0000,5.00,3.00,2.00,0.0003,0.0006,0.0004,1,0.000000
13,1.0600,0.0000,45.0000,-30.0000,0.0100,0.0200,0.0200,0.0000,0.0000,0.0000,-1.2383,2.8867,-0.0852,2.4167,-1.9553,1.0517,-1.2383,2.2667,-0.0852,2.4167,-1.9553,1.0517,0.0000,0.0000,0.0000,0.0000,0.0000,0.0000,5.00,3.00,2.00,0.0003,0.0006,0.0004,1,0.000000
13,1.0800,0.0000,45.0000,-30.0000,0.0100,0.0200,0.0200,0.0000,0.0000,0.0000,-1.1900,2.8472,-0.0642,2.4167,-1.9919,1.0517,-1.1900,2.2272,-0.0642,2.4167,-1.9919,1.0517,0.0000,0.0000,0.0000,0.0000,0.0000,0.0000,5.00,3.00,2.00,0.0003,0.0006,0.0004,1,0.000000
13,1.1000,0.0000,45.0000,-30.0000,0.0100,0.0200,0.0200,0.0000,0.0000,0.0000,-1.1417,2.8071,-0.0432,2.4167,-2.0230,1.0517,-1.1417,2.1871,-0.0432,2.4167,-2.0230,1.0517,0.0000,0.0000,0.0000,0.0000,0.0000,0.0000,5.00,3.00,2.00,0.0003,0.0006,0.0004,1,0.000000
13,1.1200,0.0000,45.0000,-30.0000,0.0100,0.0200,0.0200,0.0000,0.0000,0.0000,-1.0933,2.7663,-0.0221,2.4167,-2.0486,1.0517,-1.0933,2.1463,-0.0221,2.4167,-2.0486,1.0517,0.0000,0.0000,0.0000,0.0000,0.0000,0.0000,5.00,3.00,2.00,0.0003,0.0006,0.0004,1,0.000000
13,1.1400,0.0000,45.0000,-30.0000,0.0100,0.0200,0.0200,0.0000,0.0000,0.0000,-1.0450,2.7251,-0.0011,2.4167,-2.0686,1.0517,-0.9931,0.7240,0.0738,-0.1014,-0.1613,-0.0413,0.0000,0.0000,0.0000,0.0000,0.0000,0.0000,5.00,3.00,2.00,0.0003,0.0006,0.0004,0,0.000000
13,1.1600,0.0000,45.0000,-30.0000,0.0100,0.0200,0.0200,0.0000,0.0000,0.0000,-0.9967,2.6836,0.0199,2.4167,-2.0829,1.0517,-1.0320,0.7060,0.1837,-0.0217,-0.0406,0.0720,0.0000,0.0000,0.0000,0.0000,0.0000,0.0000,5.00,3.00,2.00,0.0003,0.0006,0.0004,0,0.000000
13,1.1800,0.0000,45.0000,-30.0000,0.0100,0.0200,0.0200,0.0000,0.0000,0.0000,-0.9483,2.6419,0.0410,2.4167,-2.0915,1.0517,-0.8112,0.7079,0.0290,0.0242,-0.0623,0.0107,0.0000,0.0000,0.0000,0.0000,0.0000,0.0000,5.00,3.00,2.00,0.0003,0.0006,0.0004,0,0.000000
13,1.2000,0.0000,45.0000,-30.0000,0.0100,0.0200,0.0200,0.0000,0.0000,0.0000,-0.9000,2.6000,0.0620,0.0000,0.0000,0.0000,-0.7978,0.7358,0.1181,-0.0431,-0.1483,-0.0463,0.0000,0.0000,0.0000,0.0000,0.0000,0.0000,5.00,3.00,2.00,0.0003,0.0006,0.0004,0,0.000000
13,1.2200,0.0000,45.0000,-30.0000,0.0100,0.0200,0.0200,0.0000,0.0000,0.0000,-0.9000,2.6000,0.0620,0.0000,0.0000,0.0000,-0.7906,0.7111,0.1218,-0.0574,-0.0293,0.0628,0.0000,0.0000,0.0000,0.0000,0.0000,0.0000,5.00,3.00,2.00,0.0003,0.0006,0.0004,0,0.000000
13,1.2400,0.0000,45.0000,-30.0000,0.0100,0.0200,0.0200,0.0000,0.0000,0.0000,-0.9000,2.6000,0.0620,0.0000,0.0000,0.0000,-0.8837,0.7153,0.1733,-0.0030,-0.0698,0.0135,0.0000,0.0000,0.0000,0.0000,0.0000,0.0000,5.00,3.00,2.00,0.0003,0.0006,0.0004,0,0.000000
13,1.2600,0.0000,45.0000,-30.0000,0.0100,0.0200,0.0200,0.0000,0.0000,0.0000,-0.9000,2.6000,0.0620,0.0000,0.0000,0.0000,-0.8162,0.7373,0.1344,0.0062,0.0258,0.0004,0.0000,0.0000,0.0000,0.0000,0.0000,0.0000,5.00,3.00,2.00,0.0003,0.0006,0.0004,0,0.000000
13,1.2800,0.0000,45.0000,-30.0000,0.0100,0.0200,0.0200,0.0000,0.0000,0.0000,-0.9000,2.6000,0.0620,0.0000,0.0000,0.0000,-0.8565,0.7333,0.0564,0.0267,0.0007,0.0455,0.0000,0.0000,0.0000,0.0000,0.0000,0.0000,5.00,3.00,2.00,0.0003,0.0006,0.0004,0,0.000000
13,1.3000,0.0000,45.0000,-30.0000,0.0100,0.0200,0.0200,0.0000,0.0000,0.0000,-0.9000,2.6000,0.0620,0.0000,0.0000,0.0000,-0.9803,0.7119,0.0138,0.0322,-0.0627,-0.0469,0.0000,0.0000,0.0000,0.0000,0.0000,0.0000,5.00,3.00,2.00,0.0003,0.0006,0.0004,0,0.000000
13,1.3200,0.0000,45.0000,-30.0000,0.0100,0.0200,0.0200,0.0000,0.0000,0.0000,-0.9000,2.6000,0.0620,0.0000,0.0000,0.0000,-0.9559,0.7310,0.0416,-0.0356,-0.0816,0.0627,0.0000,0.0000,0.0000,0.0000,0.0000,0.0000,5.00,3.00,2.00,0.0003,0.0006,0.0004,0,0.000000
13,1.3400,0.0000,45.0000,-30.0000,0.0100,0.0200,0.0200,0.0000,0.0000,0.0000,-0.9000,2.6000,0.0620,0.0000,0.0000,0.0000,-0.8826,0.7282,0.0675,-0.0478,0.0020,-0.0234,0.0000,0.0000,0.0000,0.0000,0.0000,0.0000,5.00,3.00,2.00,0.0003,0.0006,0.0004,0,0.000000
13,1.3600,0.0000,45.0000,-30.0000,0.0100,0.0200,0.0200,0.0000,0.0000,0.0000,-0.9000,2.6000,0.0620,0.0000,0.0000,0.0000,-0.8633,0.7162,0.0950,0.0322,-0.0117,0.0113,0.0000,0.0000,0.0000,0.0000,0.0000,0.0000,5.00,3.00,2.00,0.0003,0.0006,0.0004,0,0.000000
13,1.3800,0.0000,45.0000,-30.0000,0.0100,0.0200,0.0200,0.0000,0.0000,0.0000,-0.9000,2.6000,0.0620,0.0000,0.0000,0.0000,-0.8786,0.7172,0.0985,-0.0252,-0.0197,-0.0168,0.0000,0.0000,0.0000,0.0000,0.0000,0.0000,5.00,3.00,2.00,0.0003,0.0006,0.0004,0,0.000000
13,1.4000,0.0000,45.0000,-30.0000,0.0100,0.0200,0.0200,0.0000,0.0000,0.0000,-0.9000,2.6000,0.0620,0.0000,0.0000,0.0000,-0.8736,0.7168,0.0585,0.0304,-0.0435,-0.0021,0.0000,0.0000,0.0000,0.0000,0.0000,0.0000,5.00,3.00,2.00,0.0003,0.0006,0.0004,0,0.000000
13,1.4200,0.0000,45.0000,-30.0000,0.0100,0.0200,0.0200,0.0000,0.0000,0.0000,-0.9000,2.6000,0.0620,0.0000,0.0000,0.0000,-0.8966,0.7235,0.0900,0.0138,-0.0250,0.0037,0.0000,0.0000,0.0000,0.0000,0.0000,0.0000,5.00,3.00,2.00,0.0003,0.0006,0.0004,0,0.000000
13,1.4400,0.0000,45.0000,-30.0000,0.0100,0.0200,0.0200,0.0000,0.0000,0.0000,-0.9000,2.6000,0.0620,0.0000,0.0000,0.0000,-0.9122,0.7210,0.0720,0.0120,0.0025,-0.0126,0.0000,0.0000,0.0000,0.0000,0.0000,0.0000,5.00,3.00,2.00,0.0003,0.0006,0.0004,0,0.000000
13,1.4600,0.0000,45.0000,-30.0000,0.0100,0.0200,0.0200,0.0000,0.0000,0.0000,-0.9000,2.6000,0.0620,0.0000,0.0000,0.0000,-0.8907,0.7204,0.0530,-0.0055,0.0003,0.0004,0.0000,0.0000,0.0000,0.0000,0.0000,0.0000,5.00,3.00,2.00,0.0003,0.0006,0.0004,0,0.000000
13,1.4800,0.0000,45.0000,-30.0000,0.0100,0.0200,0.0200,0.0000,0.0000,0.0000,-0.9000,2.6000,0.0620,0.0000,0.0000,0.0000,-0.9000,0.7200,0.0620,0.0000,0.0000,0.0000,0.0000,0.0000,0.0000,0.0000,0.0000,0.0000,5.00,3.00,2.00,0.0003,0.0006,0.0004,0,0.000000
13,1.5000,0.0000,45.0000,-30.0000,0.0100,0.0200,0.0200,0.0000,0.0000,0.0000,-0.9000,2.6000,0.0620,0.0000,0.0000,0.0000,-0.8964,0.7185,0.0657,0.0071,0.0072,-0.0077,0.0000,0.0000,0.0000,0.0000,0.0000,0.0000,5.00,3.00,2.00,0.0003,0.0006,0.0004,0,0.000000
14,0.0200,1.1200,45.5500,-30.2700,0.1824,0.3675,0.3196,0.4000,1.0000,-0.6000,-3.7483,2.6419,-1.1910,2.5833,2.0915,0.4500,-0.6950,0.7301,-0.5984,-0.1286,-0.0901,0.1491,147.2000,526.0000,266.4000,26.8484,193.2902,85.1437,5.00,3.00,2.00,0.0832,0.2026,0.1021,0,0.244226
14,0.0400,2.2400,46.1000,-30.5400,0.1848,0.3748,0.3184,0.4000,1.0000,-0.6000,-3.6967,2.6836,-1.1820,2.5833,2.0829,0.4500,-0.7600,0.6918,-0.4883,-0.0896,-0.0619,-0.1297,147.2000,526.0000,266.4000,27.1958,197.1322,84.8330,5.00,3.00,2.00,0.0853,0.2107,0.1014,0,0.247329
14,0.0600,3.3600,46.6500,-30.8100,0.1870,0.3817,0.3165,0.4000,1.0000,-0.6000,-3.6450,2.7251,-1.1730,2.5833,2.0686,0.4500,-0.5690,0.7413,-0.6881,0.0730,-0.1796,0.1411,147.2000,526.0000,266.4000,27.5331,200.7996,84.3219,5.00,3.00,2.00,0.0875,0.2186,0.1002,0,0.250124
14,0.0800,4.4800,47.2000,-31.0800,0.1892,0.3882,0.3139,0.4000,1.0000,-0.6000,-3.5933,2.7663,-1.1640,2.5833,2.0486,0.4500,-0.7900,0.7294,-0.6939,0.1290,0.0374,0.1350,147.2000,526.0000,266.4000,27.8555,204.2101,83.6204,5.00,3.00,2.00,0.0895,0.2261,0.0985,0,0.252549
14,0.1000,5.6000,47.7500,-31.3500,0.1913,0.3941,0.3106,0.4000,1.0000,-0.6000,-3.5417,2.8071,-1.1550,2.5833,2.0230,0.4500,-0.5367,0.7463,-0.5330,0.1146,-0.1138,-0.0357,147.2000,526.0000,266.4000,28.1583,207.2871,82.7422,5.00,3.00,2.00,0.0915,0.2330,0.0965,0,0.254550
14,0.1200,6.7200,48.3000,-31.6200,0.1932,0.3992,0.3067,0.4000,1.0000,-0.6000,-3.4900,2.8472,-1.1460,2.5833,1.9919,0.4500,-0.7866,0.6973,-0.7519,0.0865,-0.1465,-0.0775,147.2000,526.0000,266.4000,28.4372,209.9615,81.7045,5.00,3.00,2.00,0.0933,0.2390,0.0941,0,0.256083
14,0.1400,7.8400,48.8500,-31.8900,0.1949,0.4034,0.3023,0.4000,1.0000,-0.6000,-3.4383,2.8867,-1.1370,2.5833,1.9553,0.4500,-0.7179,0.7435,-0.8062,-0.1346,0.0018,0.0974,147.2000,526.0000,266.4000,28.6882,212.1732,80.5276,5.00,3.00,2.00,0.0950,0.2441,0.0914,0,0.257111
14,0.1600,8.9600,49.4000,-32.1600,0.1964,0.4066,0.2974,0.4000,1.0000,-0.6000,-3.3867,2.9254,-1.1280,2.5833,1.9133,0.4500,-0.6822,0.7378,-0.6225,-0.0160,-0.0235,-0.1061,147.2000,526.0000,266.4000,28.9077,213.8726,79.2346,5.00,3.00,2.00,0.0964,0.2480,0.0885,0,0.257612
14,0.1800,10.0800,49.9500,-32.4300,0.1976,0.4088,0.2922,0.4000,1.0000,-0.6000,-3.3350,2.9632,-1.1190,2.5833,1.8661,0.4500,-0.6416,0.7248,-0.5814,-0.0470,-0.0028,0.0739,147.2000,526.0000,266.4000,29.0925,215.0215,77.8508,5.00,3.00,2.00,0.0977,0.2507,0.0854,0,0.257572
14,0.2000,11.2000,50.5000,-32.7000,0.1986,0.4099,0.2868,0.4000,1.0000,-0.6000,-3.2833,3.0000,-1.1100,2.5833,1.8138,0.4500,-0.6803,0.7250,-0.5846,0.0664,-0.2147,0.0283,147.2000,526.0000,266.4000,29.2399,215.5941,76.4032,5.00,3.00,2.00,0.0986,0.2520,0.0823,0,0.256990
14,0.2200,12.3200,51.0500,-32.9700,0.1994,0.4098,0.2812,0.4000,1.0000,-0.6000,-3.2317,3.0357,-1.1010,2.5833,1.7565,0.4500,-0.8281,0.7171,-0.6328,0.0288,0.0326,0.0017,147.2000,526.0000,266.4000,29.3479,215.5776,74.9201,5.00,3.00,2.00,0.0994,0.2520,0.0791,0,0.255876
14,0.2400,13.4400,51.6000,-33.2400,0.1998,0.4087,0.2756,0.4000,1.0000,-0.6000,-3.1800,3.0702,-1.0920,2.5833,1.6944,0.4500,-0.5837,0.6945,-0.6566,-0.0959,-0.1621,-0.0473,147.2000,526.0000,266.4000,29.4149,214.9722,73.4306,5.00,3.00,2.00,0.0998,0.2505,0.0760,0,0.254254
14,0.2600,14.5600,52.1500,-33.5100,0.2000,0.4064,0.2701,0.4000,1.0000,-0.6000,-3.1283,3.1035,-1.0830,2.5833,1.6277,0.4500,-0.5645,0.7019,-0.5458,0.0245,-0.1358,-0.1017,147.2000,526.0000,266.4000,29.4398,213.7916,71.9639,5.00,3.00,2.00,0.1000,0.2478,0.0730,0,0.252156
14,0.2800,15.6800,52.7000,-33.7800,0.1999,0.4032,0.2648,0.4000,1.0000,-0.6000,-3.0767,3.1353,-1.0740,2.5833,1.5564,0.4500,-0.7556,0.7204,-0.7739,0.0620,-0.1840,0.1124,147.2000,526.0000,266.4000,29.4225,212.0624,70.5486,5.00,3.00,2.00,0.0999,0.2438,0.0701,0,0.249627
14,0.3000,16.8000,53.2500,-34.0500,0.1995,0.3989,0.2598,0.4000,1.0000,-0.6000,-3.0250,3.1657,-1.0650,2.5833,1.4810,0.4500,-0.6415,0.7450,-0.7330,-0.0005,-0.1799,0.0783,147.2000,526.0000,266.4000,29.3630,209.8233,69.2124,5.00,3.00,2.00,0.0995,0.2387,0.0675,0,0.246719
14,0.3200,17.9200,53.8000,-34.3200,0.1988,0.3938,0.2552,0.4000,1.0000,-0.6000,-2.9733,3.1945,-1.0560,2.5833,1.4014,0.4500,-0.6884,0.7337,-0.5613,-0.0002,0.0221,-0.0335,147.2000,526.0000,266.4000,29.2623,207.1247,67.9814,5.00,3.00,2.00,0.0988,0.2326,0.0651,0,0.243495
14,0.3400,19.0400,54.3500,-34.5900,0.1978,0.3879,0.2511,0.4000,1.0000,-0.6000,-2.9217,3.2217,-1.0470,2.5833,1.3180,0.4500,-0.7904,0.7472,-0.5321,-0.1203,-0.0629,0.0538,147.2000,526.0000,266.4000,29.1218,204.0271,66.8798,5.00,3.00,2.00,0.0979,0.2257,0.0630,0,0.240023
14,0.3600,5.0400,54.9000,-34.8600,0.1966,0.3814,0.2475,0.1000,1.0000,-0.6000,-2.8700,3.2472,-1.0380,2.5833,1.2311,0.4500,-0.6508,0.7189,-0.7370,-0.0372,-0.1099,0.0376,36.8000,526.0000,266.4000,7.2359,200.6001,65.9292,5.00,3.00,2.00,0.0967,0.2182,0.0612,0,0.219012
14,0.3800,5.3200,55.4500,-35.1300,0.1952,0.3744,0.2445,0.1000,1.0000,-0.6000,-2.8183,3.2709,-1.0290,2.5833,1.1407,0.4500,-0.5456,0.7484,-0.7668,0.0146,-0.1372,0.0332,36.8000,526.0000,266.4000,7.1825,196.9207,65.1480,5.00,3.00,2.00,0.0952,0.2102,0.0598,0,0.215401
14,0.4000,5.6000,56.0000,-35.4000,0.1935,0.3671,0.2423,0.1000,1.0000,-0.6000,-2.7667,3.2928,-1.0200,2.5833,1.0472,0.4500,-0.7321,0.7163,-0.7568,0.0603,0.0300,-0.1423,36.8000,526.0000,266.4000,7.1211,193.0715,64.5517,5.00,3.00,2.00,0.0936,0.2021,0.0587,0,0.211795
14,0.4200,5.8800,56.5500,-35.6700,0.1916,0.3596,0.2408,0.1000,1.0000,-0.6000,-2.7150,3.3128,-1.0110,2.5833,0.9508,0.4500,-0.8051,0.7095,-0.5370,0.0746,-0.0556,0.0193,36.8000,526.0000,266.4000,7.0526,189.1389,64.1518,5.00,3.00,2.00,0.0918,0.1939,0.0580,0,0.208275
14,0.4400,6.1600,57.1000,-22.0800,0.1896,0.3521,0.2401,0.1000,1.0000,0.8000,-2.6633,3.3308,-1.0020,2.5833,0.8519,0.4500,-2.6633,2.7108,-1.0020,2.5833,0.8519,0.4500,36.8000,526.0000,355.2000,6.9779,185.2113,85.2749,5.00,3.00,2.00,0.0899,0.1860,0.0576,1,0.221971
14,0.4600,6.4400,57.6500,-21.7200,0.1874,0.3448,0.2401,0.1000,1.0000,0.8000,-2.6117,3.3469,-0.9930,2.5833,0.7506,0.4500,-2.6117,2.7269,-0.9930,2.5833,0.7506,0.4500,36.8000,526.0000,355.2000,6.8981,181.3769,85.2917,5.00,3.00,2.00,0.0878,0.1784,0.0577,1,0.218853
14,0.4800,6.7200,58.2000,-21.3600,0.1852,0.3379,0.2410,0.1000,1.0000,0.8000,-2.5600,3.3608,-0.9840,2.5833,0.6472,0.4500,-2.5600,2.7408,-0.9840,2.5833,0.6472,0.4500,36.8000,526.0000,355.2000,6.8143,177.7217,85.5855,5.00,3.00,2.00,0.0857,0.1712,0.0581,1,0.216097
14,0.5000,7.0000,50.5000,-21.0000,0.1828,0.3314,0.2425,0.1000,0.4000,0.8000,-2.5083,3.3727,-0.9750,2.5833,0.5421,0.4500,-2.5083,2.7527,-0.9750,2.5833,0.5421,0.4500,36.8000,210.4000,355.2000,6.7279,69.7312,86.1508,5.00,3.00,2.00,0.0836,0.1648,0.0588,1,0.130088
14,0.5200,7.2800,50.7200,-20.6400,0.1804,0.3256,0.2449,0.1000,0.4000,0.8000,-2.4567,3.3825,-0.9660,2.5833,0.4354,0.4500,-2.4567,2.7625,-0.9660,2.5833,0.4354,0.4500,36.8000,210.4000,355.2000,6.6399,68.5087,86.9765,5.00,3.00,2.00,0.0814,0.1590,0.0600,1,0.129700
14,0.5400,7.5600,50.9400,-20.2800,0.1780,0.3206,0.2479,0.1000,0.4000,0.8000,-2.4050,3.3902,-0.9570,2.5833,0.3276,0.4500,-2.4050,2.7702,-0.9570,2.5833,0.3276,0.4500,36.8000,210.4000,355.2000,6.5517,67.4487,88.0463,5.00,3.00,2.00,0.0792,0.1542,0.0614,1,0.129637
14,0.5600,7.8400,51.1600,-19.9200,0.1757,0.3164,0.2515,0.1000,0.4000,0.8000,-2.3533,3.3956,-0.9480,2.5833,0.2189,0.4500,-2.3533,2.7756,-0.9480,2.5833,0.2189,0.4500,36.8000,210.4000,355.2000,6.4645,66.5750,89.3394,5.00,3.00,2.00,0.0771,0.1502,0.0633,1,0.129903
14,0.5800,8.1200,51.3800,-19.5600,0.1734,0.3132,0.2557,0.1000,0.4000,0.8000,-2.3017,3.3989,-0.9390,2.5833,0.1096,0.4500,-2.3017,2.7789,-0.9390,2.5833,0.1096,0.4500,36.8000,210.4000,355.2000,6.3797,65.9072,90.8305,5.00,3.00,2.00,0.0751,0.1472,0.0654,1,0.130494
14,0.6000,8.4000,51.6000,-19.2000,0.1711,0.3111,0.2604,0.1000,0.4000,0.8000,-2.2500,3.4000,-0.9300,2.5833,0.0000,0.4500,-2.2500,2.7800,-0.9300,2.5833,0.0000,0.4500,36.8000,210.4000,355.2000,6.2983,65.4604,92.4904,5.00,3.00,2.00,0.0732,0.1452,0.0678,1,0.131399
14,0.6200,8.6800,51.8200,-18.8400,0.1691,0.3101,0.2654,0.1000,0.4000,0.8000,-2.1983,3.3989,-0.9210,2.5833,-0.1096,0.4500,-2.1983,2.7789,-0.9210,2.5833,-0.1096,0.4500,36.8000,210.4000,355.2000,6.2216,65.2445,94.2865,5.00,3.00,2.00,0.0715,0.1442,0.0705,1,0.132602
14,0.6400,8.9600,52.0400,-18.4800,0.1671,0.3102,0.2708,0.1000,0.4000,0.8000,-2.1467,3.3956,-0.9120,2.5833,-0.2189,0.4500,-2.1467,2.7756,-0.9120,2.5833,-0.2189,0.4500,36.8000,210.4000,355.2000,6.1508,65.2643,96.1839,5.00,3.00,2.00,0.0698,0.1443,0.0733,1,0.134079
14,0.6600,9.2400,52.2600,-18.1200,0.1654,0.3114,0.2763,0.1000,0.4000,0.8000,-2.0950,3.3902,-0.9030,2.5833,-0.3276,0.4500,-2.0950,2.7702,-0.9030,2.5833,-0.3276,0.4500,36.8000,210.4000,355.2000,6.0867,65.5196,98.1452,5.00,3.00,2.00,0.0684,0.1455,0.0763,1,0.135801
14,0.6800,9.5200,52.4800,-17.7600,0.1639,0.3137,0.2819,0.1000,0.4000,0.8000,-2.0433,3.3825,-0.8940,2.5833,-0.4354,0.4500,-2.0433,2.7625,-0.8940,2.5833,-0.4354,0.4500,36.8000,210.4000,355.2000,6.0303,66.0044,100.1322,5.00,3.00,2.00,0.0671,0.1476,0.0795,1,0.137734
14,0.7000,9.8000,52.7000,-17.4000,0.1626,0.3171,0.2875,0.1000,0.4000,0.8000,-1.9917,3.3727,-0.8850,2.5833,-0.5421,0.4500,-1.9917,2.7527,-0.8850,2.5833,-0.5421,0.4500,36.8000,210.4000,355.2000,5.9825,66.7080,102.1060,5.00,3.00,2.00,0.0661,0.1508,0.0826,1,0.139837
14,0.7200,10.0800,52.9200,-17.0400,0.1615,0.3214,0.2929,0.1000,0.4000,0.8000,-1.9400,3.3608,-0.8760,2.5833,-0.6472,0.4500,-1.9400,2.7408,-0.8760,2.5833,-0.6472,0.4500,36.8000,210.4000,355.2000,5.9439,67.6145,104.0279,5.00,3.00,2.00,0.0652,0.1549,0.0858,1,0.142069
14,0.7400,10.3600,53.1400,-16.6800,0.1607,0.3265,0.2980,0.1000,0.4000,0.8000,-1.8883,3.3469,-0.8670,2.5833,-0.7506,0.4500,-1.8883,2.7269,-0.8670,2.5833,-0.7506,0.4500,36.8000,210.4000,355.2000,5.9151,68.7036,105.8603,5.00,3.00,2.00,0.0646,0.1599,0.0888,1,0.144383
14,0.7600,10.6400,53.3600,-16.3200,0.1602,0.3325,0.3028,0.1000,0.4000,0.8000,-1.8367,3.3308,-0.8580,2.5833,-0.8519,0.4500,-1.8367,2.7108,-0.8580,2.5833,-0.8519,0.4500,36.8000,210.4000,355.2000,5.8965,69.9508,107.5675,5.00,3.00,2.00,0.0642,0.1658,0.0917,1,0.146732
14,0.7800,10.9200,53.5800,-15.9600,0.1600,0.3390,0.3072,0.1000,0.4000,0.8000,-1.7850,3.3128,-0.8490,2.5833,-0.9508,0.4500,-1.7850,2.6928,-0.8490,2.5833,-0.9508,0.4500,36.8000,210.4000,355.2000,5.8884,71.3281,109.1159,5.00,3.00,2.00,0.0640,0.1724,0.0944,1,0.149066
14,0.8000,11.2000,53.8000,-15.6000,0.1601,0.3460,0.3110,0.1000,0.4000,0.8000,-1.7333,3.2928,-0.8400,2.5833,-1.0472,0.4500,-1.7333,2.6728,-0.8400,2.5833,-1.0472,0.4500,36.8000,210.4000,355.2000,5.8908,72.8045,110.4752,5.00,3.00,2.00,0.0641,0.1796,0.0967,1,0.151336
14,0.8200,11.4800,54.0200,-15.2400,0.1604,0.3534,0.3142,0.1000,0.4000,0.8000,-1.6817,3.2709,-0.8310,2.5833,-1.1407,0.4500,-1.6817,2.6509,-0.8310,2.5833,-1.1407,0.4500,36.8000,210.4000,355.2000,5.9038,74.3470,111.6190,5.00,3.00,2.00,0.0643,0.1873,0.0987,1,0.153496
14,0.8400,11.7600,54.2400,-14.8800,0.1611,0.3608,0.3168,0.1000,0.4000,0.8000,-1.6300,3.2472,-0.8220,2.5833,-1.2311,0.4500,-1.6300,2.6272,-0.8220,2.5833,-1.2311,0.4500,36.8000,210.4000,355.2000,5.9271,75.9209,112.5247,5.00,3.00,2.00,0.0649,0.1953,0.1004,1,0.155498
14,0.8600,12.0400,54.4600,-14.5200,0.1620,0.3683,0.3186,0.1000,0.4000,0.8000,-1.5783,3.2217,-0.8130,2.5833,-1.3180,0.4500,-1.5783,2.6017,-0.8130,2.5833,-1.3180,0.4500,36.8000,210.4000,355.2000,5.9605,77.4908,113.1748,5.00,3.00,2.00,0.0656,0.2035,0.1015,1,0.157301
14,0.8800,12.3200,54.6800,-14.1600,0.1631,0.3756,0.3197,0.1000,0.4000,0.8000,-1.5267,3.1945,-0.8040,2.5833,-1.4014,0.4500,-1.5267,2.5745,-0.8040,2.5833,-1.4014,0.4500,36.8000,210.4000,355.2000,6.0034,79.0214,113.5563,5.00,3.00,2.00,0.0665,0.2116,0.1022,1,0.158865
14,0.9000,0.0000,54.9000,-13.8000,0.0100,0.3825,0.3200,0.0000,0.4000,0.8000,-1.4750,3.1657,-0.7950,2.5833,-1.4810,0.4500,-1.4750,2.5457,-0.7950,2.5833,-1.4810,0.4500,0.0000,210.4000,355.2000,0.0000,80.4785,113.6620,5.00,3.00,2.00,0.0003,0.2195,0.1024,1,0.155312
14,0.9200,0.0000,55.1200,-13.4400,0.0100,0.3889,0.3195,0.0000,0.4000,0.8000,-1.4233,3.1353,-0.7860,2.5833,-1.5564,0.4500,-1.4233,2.5153,-0.7860,2.5833,-1.5564,0.4500,0.0000,210.4000,355.2000,0.0000,81.8292,113.4897,5.00,3.00,2.00,0.0003,0.2269,0.1021,1,0.156255
14,0.9400,0.0000,55.3400,-13.0800,0.0100,0.3947,0.3183,0.0000,0.4000,0.8000,-1.3717,3.1035,-0.7770,2.5833,-1.6277,0.4500,-1.3717,2.4835,-0.7770,2.5833,-1.6277,0.4500,0.0000,210.4000,355.2000,0.0000,83.0432,113.0427,5.00,3.00,2.00,0.0003,0.2337,0.1013,1,0.156869
14,0.9600,0.0000,55.5600,-30.0000,0.0100,0.3997,0.0200,0.0000,0.4000,0.0000,-1.3200,3.0702,-0.7680,2.5833,-1.6944,0.4500,-1.3200,2.4502,-0.7680,2.5833,-1.6944,0.4500,0.0000,210.4000,0.0000,0.0000,84.0934,0.0000,5.00,3.00,2.00,0.0003,0.2396,0.0004,1,0.067275
14,0.9800,0.0000,55.7800,-30.0000,0.0100,0.4038,0.0200,0.0000,0.4000,0.0000,-1.2683,3.0357,-0.7590,2.5833,-1.7565,0.4500,-1.2683,2.4157,-0.7590,2.5833,-1.7565,0.4500,0.0000,210.4000,0.0000,0.0000,84.9560,0.0000,5.00,3.00,2.00,0.0003,0.2446,0.0004,1,0.067965
14,1.0000,0.0000,45.0000,-30.0000,0.0100,0.0200,0.0200,0.0000,0.0000,0.0000,-1.2167,3.0000,-0.7500,2.5833,-1.8138,0.4500,-1.2167,2.3800,-0.7500,2.5833,-1.8138,0.4500,0.0000,0.0000,0.0000,0.0000,0.0000,0.0000,5.00,3.00,2.00,0.0003,0.0006,0.0004,1,0.000000
14,1.0200,0.0000,45.0000,-30.0000,0.0100,0.0200,0.0200,0.0000,0.0000,0.0000,-1.1650,2.9632,-0.7410,2.5833,-1.8661,0.4500,-1.1650,2.3432,-0.7410,2.5833,-1.8661,0.4500,0.0000,0.0000,0.0000,0.0000,0.0000,0.0000,5.00,3.00,2.00,0.0003,0.0006,0.0004,1,0.000000
14,1.0400,0.0000,45.0000,-30.0000,0.0100,0.0200,0.0200,0.0000,0.0000,0.0000,-1.1133,2.9254,-0.7320,2.5833,-1.9133,0.4500,-1.1133,2.3054,-0.7320,2.5833,-1.9133,0.4500,0.0000,0.0000,0.0000,0.0000,0.0000,0.0000,5.00,3.00,2.00,0.0003,0.0006,0.0004,1,0.000000
14,1.0600,0.0000,45.0000,-30.0000,0.0100,0.0200,0.0200,0.0000,0.0000,0.0000,-1.0617,2.8867,-0.7230,2.5833,-1.9553,0.4500,-1.0617,2.2667,-0.7230,2.5833,-1.9553,0.4500,0.0000,0.0000,0.0000,0.0000,0.0000,0.0000,5.00,3.00,2.00,0.0003,0.0006,0.0004,1,0.000000
14,1.0800,0.0000,45.0000,-30.0000,0.0100,0.0200,0.0200,0.0000,0.0000,0.0000,-1.0100,2.8472,-0.7140,2.5833,-1.9919,0.4500,-1.0100,2.2272,-0.7140,2.5833,-1.9919,0.4500,0.0000,0.0000,0.0000,0.0000,0.0000,0.0000,5.00,3.00,2.00,0.0003,0.0006,0.0004,1,0.000000
14,1.1000,0.0000,45.0000,-30.0000,0.0100,0.0200,0.0200,0.0000,0.0000,0.0000,-0.9583,2.8071,-0.7050,2.5833,-2.0230,0.4500,-0.9583,2.1871,-0.7050,2.5833,-2.0230,0.4500,0.0000,0.0000,0.0000,0.0000,0.0000,0.0000,5.00,3.00,2.00,0.0003,0.0006,0.0004,1,0.000000
14,1.1200,0.0000,45.0000,-30.0000,0.0100,0.0200,0.0200,0.0000,0.0000,0.0000,-0.9067,2.7663,-0.6960,2.5833,-2.0486,0.4500,-0.9067,2.1463,-0.6960,2.5833,-2.0486,0.4500,0.0000,0.0000,0.0000,0.0000,0.0000,0.0000,5.00,3.00,2.00,0.0003,0.0006,0.0004,1,0.000000
14,1.1400,0.0000,45.0000,-30.0000,0.0100,0.0200,0.0200,0.0000,0.0000,0.0000,-0.8550,2.7251,-0.6870,2.5833,-2.0686,0.4500,-0.6769,0.7130,-0.7310,-0.0201,-0.1418,-0.0206,0.0000,0.0000,0.0000,0.0000,0.0000,0.0000,5.00,3.00,2.00,0.0003,0.0006,0.0004,0,0.000000
14,1.1600,0.0000,45.0000,-30.0000,0.0100,0.0200,0.0200,0.0000,0.0000,0.0000,-0.8033,2.6836,-0.6780,2.5833,-2.0829,0.4500,-0.7622,0.7065,-0.5374,0.0012,-0.2036,0.0635,0.0000,0.0000,0.0000,0.0000,0.0000,0.0000,5.00,3.00,2.00,0.0003,0.0006,0.0004,0,0.000000
14,1.1800,0.0000,45.0000,-30.0000,0.0100,0.0200,0.0200,0.0000,0.0000,0.0000,-0.7517,2.6419,-0.6690,2.5833,-2.0915,0.4500,-0.6734,0.7093,-0.6754,0.0430,-0.0660,-0.0599,0.0000,0.0000,0.0000,0.0000,0.0000,0.0000,5.00,3.00,2.00,0.0003,0.0006,0.0004,0,0.000000
14,1.2000,0.0000,45.0000,-30.0000,0.0100,0.0200,0.0200,0.0000,0.0000,0.0000,-0.7000,2.6000,-0.6600,0.0000,0.0000,0.0000,-0.6839,0.7426,-0.7012,-0.0785,-0.1737,-0.0071,0.0000,0.0000,0.0000,0.0000,0.0000,0.0000,5.00,3.00,2.00,0.0003,0.0006,0.0004,0,0.000000
14,1.2200,0.0000,45.0000,-30.0000,0.0100,0.0200,0.0200,0.0000,0.0000,0.0000,-0.7000,2.6000,-0.6600,0.0000,0.0000,0.0000,-0.7891,0.7221,-0.7849,0.0714,0.0124,-0.0435,0.0000,0.0000,0.0000,0.0000,0.0000,0.0000,5.00,3.00,2.00,0.0003,0.0006,0.0004,0,0.000000
14,1.2400,0.0000,45.0000,-30.0000,0.0100,0.0200,0.0200,0.0000,0.0000,0.0000,-0.7000,2.6000,-0.6600,0.0000,0.0000,0.0000,-0.6190,0.7355,-0.5799,0.0444,-0.0051,-0.0819,0.0000,0.0000,0.0000,0.0000,0.0000,0.0000,5.00,3.00,2.00,0.0003,0.0006,0.0004,0,0.000000
14,1.2600,0.0000,45.0000,-30.0000,0.0100,0.0200,0.0200,0.0000,0.0000,0.0000,-0.7000,2.6000,-0.6600,0.0000,0.0000,0.0000,-0.7365,0.7200,-0.6291,0.0507,-0.1082,-0.0680,0.0000,0.0000,0.0000,0.0000,0.0000,0.0000,5.00,3.00,2.00,0.0003,0.0006,0.0004,0,0.000000
14,1.2800,0.0000,45.0000,-30.0000,0.0100,0.0200,0.0200,0.0000,0.0000,0.0000,-0.7000,2.6000,-0.6600,0.0000,0.0000,0.0000,-0.6545,0.7335,-0.6865,-0.0011,-0.1202,0.0245,0.0000,0.0000,0.0000,0.0000,0.0000,0.0000,5.00,3.00,2.00,0.0003,0.0006,0.0004,0,0.000000
14,1.3000,0.0000,45.0000,-30.0000,0.0100,0.0200,0.0200,0.0000,0.0000,0.0000,-0.7000,2.6000,-0.6600,0.0000,0.0000,0.0000,-0.6862,0.7211,-0.6141,0.0122,-0.0963,0.0247,0.0000,0.0000,0.0000,0.0000,0.0000,0.0000,5.00,3.00,2.00,0.0003,0.0006,0.0004,0,0.000000
14,1.3200,0.0000,45.0000,-30.0000,0.0100,0.0200,0.0200,0.0000,0.0000,0.0000,-0.7000,2.6000,-0.6600,0.0000,0.0000,0.0000,-0.7462,0.7175,-0.6940,0.0429,-0.0749,0.0380,0.0000,0.0000,0.0000,0.0000,0.0000,0.0000,5.00,3.00,2.00,0.0003,0.0006,0.0004,0,0.000000
14,1.3400,0.0000,45.0000,-30.0000,0.0100,0.0200,0.0200,0.0000,0.0000,0.0000,-0.7000,2.6000,-0.6600,0.0000,0.0000,0.0000,-0.7130,0.7194,-0.6802,0.0098,-0.0194,-0.0371,0.0000,0.0000,0.0000,0.0000,0.0000,0.0000,5.00,3.00,2.00,0.0003,0.0006,0.0004,0,0.000000
14,1.3600,0.0000,45.0000,-30.0000,0.0100,0.0200,0.0200,0.0000,0.0000,0.0000,-0.7000,2.6000,-0.6600,0.0000,0.0000,0.0000,-0.6515,0.7273,-0.6626,-0.0141,-0.0496,-0.0431,0.0000,0.0000,0.0000,0.0000,0.0000,0.0000,5.00,3.00,2.00,0.0003,0.0006,0.0004,0,0.000000
14,1.3800,0.0000,45.0000,-30.0000,0.0100,0.0200,0.0200,0.0000,0.0000,0.0000,-0.7000,2.6000,-0.6600,0.0000,0.0000,0.0000,-0.6880,0.7247,-0.6360,-0.0230,-0.0331,-0.0265,0.0000,0.0000,0.0000,0.0000,0.0000,0.0000,5.00,3.00,2.00,0.0003,0.0006,0.0004,0,0.000000
14,1.4000,0.0000,45.0000,-30.0000,0.0100,0.0200,0.0200,0.0000,0.0000,0.0000,-0.7000,2.6000,-0.6600,0.0000,0.0000,0.0000,-0.7318,0.7222,-0.6652,-0.0085,-0.0387,-0.0097,0.0000,0.0000,0.0000,0.0000,0.0000,0.0000,5.00,3.00,2.00,0.0003,0.0006,0.0004,0,0.000000
14,1.4200,0.0000,45.0000,-30.0000,0.0100,0.0200,0.0200,0.0000,0.0000,0.0000,-0.7000,2.6000,-0.6600,0.0000,0.0000,0.0000,-0.6974,0.7176,-0.6482,-0.0165,-0.0161,-0.0048,0.0000,0.0000,0.0000,0.0000,0.0000,0.0000,5.00,3.00,2.00,0.0003,0.0006,0.0004,0,0.000000
14,1.4400,0.0000,45.0000,-30.0000,0.0100,0.0200,0.0200,0.0000,0.0000,0.0000,-0.7000,2.6000,-0.6600,0.0000,0.0000,0.0000,-0.6879,0.7201,-0.6709,0.0119,-0.0155,0.0089,0.0000,0.0000,0.0000,0.0000,0.0000,0.0000,5.00,3.00,2.00,0.0003,0.0006,0.0004,0,0.000000
14,1.4600,0.0000,45.0000,-30.0000,0.0100,0.0200,0.0200,0.0000,0.0000,0.0000,-0.7000,2.6000,-0.6600,0.0000,0.0000,0.0000,-0.6945,0.7188,-0.6653,-0.0052,-0.0041,-0.0042,0.0000,0.0000,0.0000,0.0000,0.0000,0.0000,5.00,3.00,2.00,0.0003,0.0006,0.0004,0,0.000000
14,1.4800,0.0000,45.0000,-30.0000,0.0100,0.0200,0.0200,0.0000,0.0000,0.0000,-0.7000,2.6000,-0.6600,0.0000,0.0000,0.0000,-0.7000,0.7200,-0.6600,0.0000,0.0000,0.0000,0.0000,0.0000,0.0000,0.0000,0.0000,0.0000,5.00,3.00,2.00,0.0003,0.0006,0.0004,0,0.000000
14,1.5000,0.0000,45.0000,-30.0000,0.0100,0.0200,0.0200,0.0000,0.0000,0.0000,-0.7000,2.6000,-0.6600,0.0000,0.0000,0.0000,-0.7085,0.7184,-0.6694,0.0066,0.0019,-0.0018,0.0000,0.0000,0.0000,0.0000,0.0000,0.0000,5.00,3.00,2.00,0.0003,0.0006,0.0004,0,0.000000
15,0.0200,1.1200,45.5500,-30.2700,0.1824,0.3675,0.3196,0.4000,1.0000,-0.6000,-3.7450,2.6419,-1.2039,2.7500,2.0915,-0.1963,-0.5542,0.6921,-1.5352,-0.1496,-0.2379,-0.0267,146.2857,522.8571,264.8571,26.6817,192.1353,84.6506,5.00,3.00,2.00,0.0832,0.2026,0.1021,0,0.242774
15,0.0400,2.2400,46.1000,-30.5400,0.1848,0.3748,0.3184,0.4000,1.0000,-0.6000,-3.6900,2.6836,-1.2079,2.7500,2.0829,-0.1963,-0.5055,0.7341,-1.4874,-0.1274,-0.0831,0.0976,146.2857,522.8571,264.8571,27.0269,195.9543,84.3417,5.00,3.00,2.00,0.0853,0.2107,0.1014,0,0.245858
15,0.0600,3.3600,46.6500,-30.8100,0.1870,0.3817,0.3165,0.4000,1.0000,-0.6000,-3.6350,2.7251,-1.2118,2.7500,2.0686,-0.1963,-0.3771,0.7359,-1.4672,0.1419,-0.1149,-0.0622,146.2857,522.8571,264.8571,27.3621,199.5998,83.8335,5.00,3.00,2.00,0.0875,0.2186,0.1002,0,0.248636
15,0.0800,4.4800,47.2000,-31.0800,0.1892,0.3882,0.3139,0.4000,1.0000,-0.6000,-3.5800,2.7663,-1.2157,2.7500,2.0486,-0.1963,-0.3406,0.7450,-1.5885,-0.0931,-0.1885,-0.1396,146.2857,522.8571,264.8571,27.6825,202.9899,83.1361,5.00,3.00,2.00,0.0895,0.2261,0.0985,0,0.251047
15,0.1000,5.6000,47.7500,-31.3500,0.1913,0.3941,0.3106,0.4000,1.0000,-0.6000,-3.5250,2.8071,-1.2196,2.7500,2.0230,-0.1963,-0.6238,0.7415,-1.5097,-0.0639,-0.1765,0.0070,146.2857,522.8571,264.8571,27.9834,206.0486,82.2630,5.00,3.00,2.00,0.0915,0.2330,0.0965,0,0.253036
15,0.1200,6.7200,48.3000,-31.6200,0.1932,0.3992,0.3067,0.4000,1.0000,-0.6000,-3.4700,2.8472,-1.2236,2.7500,1.9919,-0.1963,-0.5234,0.7318,-1.3302,0.0360,-0.0982,-0.0495,146.2857,522.8571,264.8571,28.2606,208.7070,81.2313,5.00,3.00,2.00,0.0933,0.2390,0.0941,0,0.254559
15,0.1400,7.8400,48.8500,-31.8900,0.1949,0.4034,0.3023,0.4000,1.0000,-0.6000,-3.4150,2.8867,-1.2275,2.7500,1.9553,-0.1963,-0.4841,0.7363,-1.5785,0.0986,-0.0397,0.1062,146.2857,522.8571,264.8571,28.5100,210.9055,80.0613,5.00,3.00,2.00,0.0950,0.2441,0.0914,0,0.255581
15,0.1600,8.9600,49.4000,-32.1600,0.1964,0.4066,0.2974,0.4000,1.0000,-0.6000,-3.3600,2.9254,-1.2314,2.7500,1.9133,-0.1963,-0.3596,0.6956,-1.3772,-0.0381,0.0034,-0.0907,146.2857,522.8571,264.8571,28.7281,212.5947,78.7757,5.00,3.00,2.00,0.0964,0.2480,0.0885,0,0.256079
15,0.1800,10.0800,49.9500,-32.4300,0.1976,0.4088,0.2922,0.4000,1.0000,-0.6000,-3.3050,2.9632,-1.2353,2.7500,1.8661,-0.1963,-0.3207,0.7471,-1.4221,0.0527,-0.2011,0.0911,146.2857,522.8571,264.8571,28.9118,213.7368,77.3999,5.00,3.00,2.00,0.0977,0.2507,0.0854,0,0.256039
15,0.2000,11.2000,50.5000,-32.7000,0.1986,0.4099,0.2868,0.4000,1.0000,-0.6000,-3.2500,3.0000,-1.2393,2.7500,1.8138,-0.1963,-0.4882,0.6996,-1.3170,-0.0935,0.0036,-0.0952,146.2857,522.8571,264.8571,29.0583,214.3059,75.9607,5.00,3.00,2.00,0.0986,0.2520,0.0823,0,0.255460
15,0.2200,12.3200,51.0500,-32.9700,0.1994,0.4098,0.2812,0.4000,1.0000,-0.6000,-3.1950,3.0357,-1.2432,2.7500,1.7565,-0.1963,-0.6379,0.7019,-1.4391,0.0998,-0.0580,0.1079,146.2857,522.8571,264.8571,29.1656,214.2895,74.4862,5.00,3.00,2.00,0.0994,0.2520,0.0791,0,0.254353
15,0.2400,13.4400,51.6000,-33.2400,0.1998,0.4087,0.2756,0.4000,1.0000,-0.6000,-3.1400,3.0702,-1.2471,2.7500,1.6944,-0.1963,-0.6681,0.7033,-1.5226,-0.1269,-0.1214,0.0535,146.2857,522.8571,264.8571,29.2322,213.6877,73.0054,5.00,3.00,2.00,0.0998,0.2505,0.0760,0,0.252740
15,0.2600,14.5600,52.1500,-33.5100,0.2000,0.4064,0.2701,0.4000,1.0000,-0.6000,-3.0850,3.1035,-1.2510,2.7500,1.6277,-0.1963,-0.6116,0.6969,-1.5380,-0.0837,-0.1602,-0.1164,146.2857,522.8571,264.8571,29.2570,212.5142,71.5471,5.00,3.00,2.00,0.1000,0.2478,0.0730,0,0.250655
15,0.2800,15.6800,52.7000,-33.7800,0.1999,0.4032,0.2648,0.4000,1.0000,-0.6000,-3.0300,3.1353,-1.2550,2.7500,1.5564,-0.1963,-0.5459,0.7370,-1.6107,-0.1211,-0.1633,-0.0619,146.2857,522.8571,264.8571,29.2397,210.7953,70.1400,5.00,3.00,2.00,0.0999,0.2438,0.0701,0,0.248140
15,0.3000,16.8000,53.2500,-34.0500,0.1995,0.3989,0.2598,0.4000,1.0000,-0.6000,-2.9750,3.1657,-1.2589,2.7500,1.4810,-0.1963,-0.3251,0.7356,-1.4234,0.1467,-0.2238,-0.0462,146.2857,522.8571,264.8571,29.1806,208.5696,68.8115,5.00,3.00,2.00,0.0995,0.2387,0.0675,0,0.245249
15,0.3200,17.9200,53.8000,-34.3200,0.1988,0.3938,0.2552,0.4000,1.0000,-0.6000,-2.9200,3.1945,-1.2628,2.7500,1.4014,-0.1963,-0.4980,0.7114,-1.2818,0.1261,-0.0365,0.0010,146.2857,522.8571,264.8571,29.0806,205.8871,67.5877,5.00,3.00,2.00,0.0988,0.2326,0.0651,0,0.242044
15,0.3400,19.0400,54.3500,-34.5900,0.1978,0.3879,0.2511,0.4000,1.0000,-0.6000,-2.8650,3.2217,-1.2667,2.7500,1.3180,-0.1963,-0.5490,0.6935,-1.4525,0.0908,-0.1480,0.0370,146.2857,522.8571,264.8571,28.9410,202.8080,66.4925,5.00,3.00,2.00,0.0979,0.2257,0.0630,0,0.238593
15,0.3600,5.0400,54.9000,-34.8600,0.1966,0.3814,0.2475,0.1000,1.0000,-0.6000,-2.8100,3.2472,-1.2707,2.7500,1.2311,-0.1963,-0.3418,0.7453,-1.4274,0.1077,-0.1043,-0.1354,36.5714,522.8571,264.8571,7.1910,199.4015,65.5474,5.00,3.00,2.00,0.0967,0.2182,0.0612,0,0.217712
15,0.3800,5.3200,55.4500,-35.1300,0.1952,0.3744,0.2445,0.1000,1.0000,-0.6000,-2.7550,3.2709,-1.2746,2.7500,1.1407,-0.1963,-0.4682,0.7087,-1.3057,0.0651,-0.0052,-0.1314,36.5714,522.8571,264.8571,7.1379,195.7441,64.7707,5.00,3.00,2.00,0.0952,0.2102,0.0598,0,0.214122
15,0.4000,5.6000,56.0000,-35.4000,0.1935,0.3671,0.2423,0.1000,1.0000,-0.6000,-2.7000,3.2928,-1.2785,2.7500,1.0472,-0.1963,-0.6190,0.6912,-1.2884,-0.0910,0.0040,0.1142,36.5714,522.8571,264.8571,7.0769,191.9179,64.1778,5.00,3.00,2.00,0.0936,0.2021,0.0587,0,0.210538
15,0.4200,5.8800,56.5500,-35.6700,0.1916,0.3596,0.2408,0.1000,1.0000,-0.6000,-2.6450,3.3128,-1.2824,2.7500,0.9508,-0.1963,-0.5627,0.6926,-1.5673,0.1236,-0.0786,-0.1281,36.5714,522.8571,264.8571,7.0088,188.0088,63.7803,5.00,3.00,2.00,0.0918,0.1939,0.0580,0,0.207038
15,0.4400,6.1600,57.1000,-22.0800,0.1896,0.3521,0.2401,0.1000,1.0000,0.8000,-2.5900,3.3308,-1.2864,2.7500,0.8519,-0.1963,-2.5900,2.7108,-1.2864,2.7500,0.8519,-0.1963,36.5714,522.8571,353.1429,6.9345,184.1046,84.7811,5.00,3.00,2.00,0.0899,0.1860,0.0576,1,0.220656
15,0.4600,6.4400,57.6500,-21.7200,0.1874,0.3448,0.2401,0.1000,1.0000,0.8000,-2.5350,3.3469,-1.2903,2.7500,0.7506,-0.1963,-2.5350,2.7269,-1.2903,2.7500,0.7506,-0.1963,36.5714,522.8571,353.1429,6.8552,180.2931,84.7977,5.00,3.00,2.00,0.0878,0.1784,0.0577,1,0.217557
15,0.4800,6.7200,58.2000,-21.3600,0.1852,0.3379,0.2410,0.1000,1.0000,0.8000,-2.4800,3.3608,-1.2942,2.7500,0.6472,-0.1963,-2.4800,2.7408,-1.2942,2.7500,0.6472,-0.1963,36.5714,522.8571,353.1429,6.7720,176.6598,85.0899,5.00,3.00,2.00,0.0857,0.1712,0.0581,1,0.214817
15,0.5000,7.0000,50.5000,-21.0000,0.1828,0.3314,0.2425,0.1000,0.4000,0.8000,-2.4250,3.3727,-1.2981,2.7500,0.5421,-0.1963,-2.4250,2.7527,-1.2981,2.7500,0.5421,-0.1963,36.5714,209.1429,353.1429,6.6861,69.3145,85.6519,5.00,3.00,2.00,0.0836,0.1648,0.0588,1,0.129322
15,0.5200,7.2800,50.7200,-20.6400,0.1804,0.3256,0.2449,0.1000,0.4000,0.8000,-2.3700,3.3825,-1.3021,2.7500,0.4354,-0.1963,-2.3700,2.7625,-1.3021,2.7500,0.4354,-0.1963,36.5714,209.1429,353.1429,6.5986,68.0994,86.4727,5.00,3.00,2.00,0.0814,0.1590,0.0600,1,0.128937
15,0.5400,7.5600,50.9400,-20.2800,0.1780,0.3206,0.2479,0.1000,0.4000,0.8000,-2.3150,3.3902,-1.3060,2.7500,0.3276,-0.1963,-2.3150,2.7702,-1.3060,2.7500,0.3276,-0.1963,36.5714,209.1429,353.1429,6.5110,67.0457,87.5364,5.00,3.00,2.00,0.0792,0.1542,0.0614,1,0.128874
15,0.5600,7.8400,51.1600,-19.9200,0.1757,0.3164,0.2515,0.1000,0.4000,0.8000,-2.2600,3.3956,-1.3099,2.7500,0.2189,-0.1963,-2.2600,2.7756,-1.3099,2.7500,0.2189,-0.1963,36.5714,209.1429,353.1429,6.4244,66.1772,88.8220,5.00,3.00,2.00,0.0771,0.1502,0.0633,1,0.129139
15,0.5800,8.1200,51.3800,-19.5600,0.1734,0.3132,0.2557,0.1000,0.4000,0.8000,-2.2050,3.3989,-1.3138,2.7500,0.1096,-0.1963,-2.2050,2.7789,-1.3138,2.7500,0.1096,-0.1963,36.5714,209.1429,353.1429,6.3400,65.5135,90.3045,5.00,3.00,2.00,0.0751,0.1472,0.0654,1,0.129726
15,0.6000,8.4000,51.6000,-19.2000,0.1711,0.3111,0.2604,0.1000,0.4000,0.8000,-2.1500,3.4000,-1.3178,2.7500,0.0000,-0.1963,-2.1500,2.7800,-1.3178,2.7500,0.0000,-0.1963,36.5714,209.1429,353.1429,6.2592,65.0693,91.9547,5.00,3.00,2.00,0.0732,0.1452,0.0678,1,0.130627
15,0.6200,8.6800,51.8200,-18.8400,0.1691,0.3101,0.2654,0.1000,0.4000,0.8000,-2.0950,3.3989,-1.3217,2.7500,-0.1096,-0.1963,-2.0950,2.7789,-1.3217,2.7500,-0.1096,-0.1963,36.5714,209.1429,353.1429,6.1830,64.8546,93.7405,5.00,3.00,2.00,0.0715,0.1442,0.0705,1,0.131822
15,0.6400,8.9600,52.0400,-18.4800,0.1671,0.3102,0.2708,0.1000,0.4000,0.8000,-2.0400,3.3956,-1.3256,2.7500,-0.2189,-0.1963,-2.0400,2.7756,-1.3256,2.7500,-0.2189,-0.1963,36.5714,209.1429,353.1429,6.1125,64.8744,95.6268,5.00,3.00,2.00,0.0698,0.1443,0.0733,1,0.133291
15,0.6600,9.2400,52.2600,-18.1200,0.1654,0.3114,0.2763,0.1000,0.4000,0.8000,-1.9850,3.3902,-1.3295,2.7500,-0.3276,-0.1963,-1.9850,2.7702,-1.3295,2.7500,-0.3276,-0.1963,36.5714,209.1429,353.1429,6.0489,65.1281,97.5768,5.00,3.00,2.00,0.0684,0.1455,0.0763,1,0.135003
15,0.6800,9.5200,52.4800,-17.7600,0.1639,0.3137,0.2819,0.1000,0.4000,0.8000,-1.9300,3.3825,-1.3335,2.7500,-0.4354,-0.1963,-1.9300,2.7625,-1.3335,2.7500,-0.4354,-0.1963,36.5714,209.1429,353.1429,5.9929,65.6101,99.5523,5.00,3.00,2.00,0.0671,0.1476,0.0795,1,0.136924
15,0.7000,9.8000,52.7000,-17.4000,0.1626,0.3171,0.2875,0.1000,0.4000,0.8000,-1.8750,3.3727,-1.3374,2.7500,-0.5421,-0.1963,-1.8750,2.7527,-1.3374,2.7500,-0.5421,-0.1963,36.5714,209.1429,353.1429,5.9454,66.3094,101.5146,5.00,3.00,2.00,0.0661,0.1508,0.0826,1,0.139016
15,0.7200,10.0800,52.9200,-17.0400,0.1615,0.3214,0.2929,0.1000,0.4000,0.8000,-1.8200,3.3608,-1.3413,2.7500,-0.6472,-0.1963,-1.8200,2.7408,-1.3413,2.7500,-0.6472,-0.1963,36.5714,209.1429,353.1429,5.9070,67.2105,103.4254,5.00,3.00,2.00,0.0652,0.1549,0.0858,1,0.141234
15,0.7400,10.3600,53.1400,-16.6800,0.1607,0.3265,0.2980,0.1000,0.4000,0.8000,-1.7650,3.3469,-1.3452,2.7500,-0.7506,-0.1963,-1.7650,2.7269,-1.3452,2.7500,-0.7506,-0.1963,36.5714,209.1429,353.1429,5.8784,68.2931,105.2472,5.00,3.00,2.00,0.0646,0.1599,0.0888,1,0.143535
15,0.7600,10.6400,53.3600,-16.3200,0.1602,0.3325,0.3028,0.1000,0.4000,0.8000,-1.7100,3.3308,-1.3492,2.7500,-0.8519,-0.1963,-1.7100,2.7108,-1.3492,2.7500,-0.8519,-0.1963,36.5714,209.1429,353.1429,5.8599,69.5328,106.9445,5.00,3.00,2.00,0.0642,0.1658,0.0917,1,0.145870
15,0.7800,10.9200,53.5800,-15.9600,0.1600,0.3390,0.3072,0.1000,0.4000,0.8000,-1.6550,3.3128,-1.3531,2.7500,-0.9508,-0.1963,-1.6550,2.6928,-1.3531,2.7500,-0.9508,-0.1963,36.5714,209.1429,353.1429,5.8518,70.9019,108.4839,5.00,3.00,2.00,0.0640,0.1724,0.0944,1,0.148190
15,0.8000,11.2000,53.8000,-15.6000,0.1601,0.3460,0.3110,0.1000,0.4000,0.8000,-1.6000,3.2928,-1.3570,2.7500,-1.0472,-0.1963,-1.6000,2.6728,-1.3570,2.7500,-1.0472,-0.1963,36.5714,209.1429,353.1429,5.8542,72.3695,109.8354,5.00,3.00,2.00,0.0641,0.1796,0.0967,1,0.150447
15,0.8200,11.4800,54.0200,-15.2400,0.1604,0.3534,0.3142,0.1000,0.4000,0.8000,-1.5450,3.2709,-1.3609,2.7500,-1.1407,-0.1963,-1.5450,2.6509,-1.3609,2.7500,-1.1407,-0.1963,36.5714,209.1429,353.1429,5.8671,73.9028,110.9726,5.00,3.00,2.00,0.0643,0.1873,0.0987,1,0.152594
15,0.8400,11.7600,54.2400,-14.8800,0.1611,0.3608,0.3168,0.1000,0.4000,0.8000,-1.4900,3.2472,-1.3649,2.7500,-1.2311,-0.1963,-1.4900,2.6272,-1.3649,2.7500,-1.2311,-0.1963,36.5714,209.1429,353.1429,5.8903,75.4673,111.8731,5.00,3.00,2.00,0.0649,0.1953,0.1004,1,0.154585
15,0.8600,12.0400,54.4600,-14.5200,0.1620,0.3683,0.3186,0.1000,0.4000,0.8000,-1.4350,3.2217,-1.3688,2.7500,-1.3180,-0.1963,-1.4350,2.6017,-1.3688,2.7500,-1.3180,-0.1963,36.5714,209.1429,353.1429,5.9235,77.0278,112.5193,5.00,3.00,2.00,0.0656,0.2035,0.1015,1,0.156376
15,0.8800,12.3200,54.6800,-14.1600,0.1631,0.3756,0.3197,0.1000,0.4000,0.8000,-1.3800,3.1945,-1.3727,2.7500,-1.4014,-0.1963,-1.3800,2.5745,-1.3727,2.7500,-1.4014,-0.1963,36.5714,209.1429,353.1429,5.9661,78.5493,112.8987,5.00,3.00,2.00,0.0665,0.2116,0.1022,1,0.157931
15,0.9000,0.0000,54.9000,-13.8000,0.0100,0.3825,0.3200,0.0000,0.4000,0.8000,-1.3250,3.1657,-1.3766,2.7500,-1.4810,-0.1963,-1.3250,2.5457,-1.3766,2.7500,-1.4810,-0.1963,0.0000,209.1429,353.1429,0.0000,79.9976,113.0037,5.00,3.00,2.00,0.0003,0.2195,0.1024,1,0.154401
15,0.9200,0.0000,55.1200,-13.4400,0.0100,0.3889,0.3195,0.0000,0.4000,0.8000,-1.2700,3.1353,-1.3806,2.7500,-1.5564,-0.1963,-1.2700,2.5153,-1.3806,2.7500,-1.5564,-0.1963,0.0000,209.1429,353.1429,0.0000,81.3403,112.8324,5.00,3.00,2.00,0.0003,0.2269,0.1021,1,0.155338
15,0.9400,0.0000,55.3400,-13.0800,0.0100,0.3947,0.3183,0.0000,0.4000,0.8000,-1.2150,3.1035,-1.3845,2.7500,-1.6277,-0.1963,-1.2150,2.4835,-1.3845,2.7500,-1.6277,-0.1963,0.0000,209.1429,353.1429,0.0000,82.5471,112.3880,5.00,3.00,2.00,0.0003,0.2337,0.1013,1,0.155948
15,0.9600,0.0000,55.5600,-30.0000,0.0100,0.3997,0.0200,0.0000,0.4000,0.0000,-1.1600,3.0702,-1.3884,2.7500,-1.6944,-0.1963,-1.1600,2.4502,-1.3884,2.7500,-1.6944,-0.1963,0.0000,209.1429,0.0000,0.0000,83.5909,0.0000,5.00,3.00,2.00,0.0003,0.2396,0.0004,1,0.066873
15,0.9800,0.0000,55.7800,-30.0000,0.0100,0.4038,0.0200,0.0000,0.4000,0.0000,-1.1050,3.0357,-1.3923,2.7500,-1.7565,-0.1963,-1.1050,2.4157,-1.3923,2.7500,-1.7565,-0.1963,0.0000,209.1429,0.0000,0.0000,84.4484,0.0000,5.00,3.00,2.00,0.0003,0.2446,0.0004,1,0.067559
15,1.0000,0.0000,45.0000,-30.0000,0.0100,0.0200,0.0200,0.0000,0.0000,0.0000,-1.0500,3.0000,-1.3963,2.7500,-1.8138,-0.1963,-1.0500,2.3800,-1.3963,2.7500,-1.8138,-0.1963,0.0000,0.0000,0.0000,0.0000,0.0000,0.0000,5.00,3.00,2.00,0.0003,0.0006,0.0004,1,0.000000
15,1.0200,0.0000,45.0000,-30.0000,0.0100,0.0200,0.0200,0.0000,0.0000,0.0000,-0.9950,2.9632,-1.4002,2.7500,-1.8661,-0.1963,-0.9950,2.3432,-1.4002,2.7500,-1.8661,-0.1963,0.0000,0.0000,0.0000,0.0000,0.0000,0.0000,5.00,3.00,2.00,0.0003,0.0006,0.0004,1,0.000000
15,1.0400,0.0000,45.0000,-30.0000,0.0100,0.0200,0.0200,0.0000,0.0000,0.0000,-0.9400,2.9254,-1.4041,2.7500,-1.9133,-0.1963,-0.9400,2.3054,-1.4041,2.7500,-1.9133,-0.1963,0.0000,0.0000,0.0000,0.0000,0.0000,0.0000,5.00,3.00,2.00,0.0003,0.0006,0.0004,1,0.000000
15,1.0600,0.0000,45.0000,-30.0000,0.0100,0.0200,0.0200,0.0000,0.0000,0.0000,-0.8850,2.8867,-1.4080,2.7500,-1.9553,-0.1963,-0.8850,2.2667,-1.4080,2.7500,-1.9553,-0.1963,0.0000,0.0000,0.0000,0.0000,0.0000,0.0000,5.00,3.00,2.00,0.0003,0.0006,0.0004,1,0.000000
15,1.0800,0.0000,45.0000,-30.0000,0.0100,0.0200,0.0200,0.0000,0.0000,0.0000,-0.8300,2.8472,-1.4120,2.7500,-1.9919,-0.1963,-0.8300,2.2272,-1.4120,2.7500,-1.9919,-0.1963,0.0000,0.0000,0.0000,0.0000,0.0000,0.0000,5.00,3.00,2.00,0.0003,0.0006,0.0004,1,0.000000
15,1.1000,0.0000,45.0000,-30.0000,0.0100,0.0200,0.0200,0.0000,0.0000,0.0000,-0.7750,2.8071,-1.4159,2.7500,-2.0230,-0.1963,-0.7750,2.1871,-1.4159,2.7500,-2.0230,-0.1963,0.0000,0.0000,0.0000,0.0000,0.0000,0.0000,5.00,3.00,2.00,0.0003,0.0006,0.0004,1,0.000000
15,1.1200,0.0000,45.0000,-30.0000,0.0100,0.0200,0.0200,0.0000,0.0000,0.0000,-0.7200,2.7663,-1.4198,2.7500,-2.0486,-0.1963,-0.7200,2.1463,-1.4198,2.7500,-2.0486,-0.1963,0.0000,0.0000,0.0000,0.0000,0.0000,0.0000,5.00,3.00,2.00,0.0003,0.0006,0.0004,1,0.000000
15,1.1400,0.0000,45.0000,-30.0000,0.0100,0.0200,0.0200,0.0000,0.0000,0.0000,-0.6650,2.7251,-1.4237,2.7500,-2.0686,-0.1963,-0.4145,0.7069,-1.4686,0.0601,0.0068,-0.0731,0.0000,0.0000,0.0000,0.0000,0.0000,0.0000,5.00,3.00,2.00,0.0003,0.0006,0.0004,0,0.000000
15,1.1600,0.0000,45.0000,-30.0000,0.0100,0.0200,0.0200,0.0000,0.0000,0.0000,-0.6100,2.6836,-1.4277,2.7500,-2.0829,-0.1963,-0.4490,0.7237,-1.4537,-0.0293,-0.1803,-0.0352,0.0000,0.0000,0.0000,0.0000,0.0000,0.0000,5.00,3.00,2.00,0.0003,0.0006,0.0004,0,0.000000
15,1.1800,0.0000,45.0000,-30.0000,0.0100,0.0200,0.0200,0.0000,0.0000,0.0000,-0.5550,2.6419,-1.4316,2.7500,-2.0915,-0.1963,-0.4187,0.7013,-1.5033,-0.0038,-0.1082,0.0688,0.0000,0.0000,0.0000,0.0000,0.0000,0.0000,5.00,3.00,2.00,0.0003,0.0006,0.0004,0,0.000000
15,1.2000,0.0000,45.0000,-30.0000,0.0100,0.0200,0.0200,0.0000,0.0000,0.0000,-0.5000,2.6000,-1.4355,0.0000,0.0000,0.0000,-0.5041,0.7335,-1.4243,0.0851,-0.0192,0.0446,0.0000,0.0000,0.0000,0.0000,0.0000,0.0000,5.00,3.00,2.00,0.0003,0.0006,0.0004,0,0.000000
15,1.2200,0.0000,45.0000,-30.0000,0.0100,0.0200,0.0200,0.0000,0.0000,0.0000,-0.5000,2.6000,-1.4355,0.0000,0.0000,0.0000,-0.4754,0.7056,-1.5107,0.0156,-0.0773,-0.0442,0.0000,0.0000,0.0000,0.0000,0.0000,0.0000,5.00,3.00,2.00,0.0003,0.0006,0.0004,0,0.000000
15,1.2400,0.0000,45.0000,-30.0000,0.0100,0.0200,0.0200,0.0000,0.0000,0.0000,-0.5000,2.6000,-1.4355,0.0000,0.0000,0.0000,-0.5026,0.7011,-1.4716,-0.0100,-0.1451,-0.0568,0.0000,0.0000,0.0000,0.0000,0.0000,0.0000,5.00,3.00,2.00,0.0003,0.0006,0.0004,0,0.000000
15,1.2600,0.0000,45.0000,-30.0000,0.0100,0.0200,0.0200,0.0000,0.0000,0.0000,-0.5000,2.6000,-1.4355,0.0000,0.0000,0.0000,-0.4679,0.7338,-1.4455,0.0218,-0.1422,-0.0466,0.0000,0.0000,0.0000,0.0000,0.0000,0.0000,5.00,3.00,2.00,0.0003,0.0006,0.0004,0,0.000000
15,1.2800,0.0000,45.0000,-30.0000,0.0100,0.0200,0.0200,0.0000,0.0000,0.0000,-0.5000,2.6000,-1.4355,0.0000,0.0000,0.0000,-0.4763,0.7293,-1.3628,0.0068,-0.0679,0.0366,0.0000,0.0000,0.0000,0.0000,0.0000,0.0000,5.00,3.00,2.00,0.0003,0.0006,0.0004,0,0.000000
15,1.3000,0.0000,45.0000,-30.0000,0.0100,0.0200,0.0200,0.0000,0.0000,0.0000,-0.5000,2.6000,-1.4355,0.0000,0.0000,0.0000,-0.4808,0.7302,-1.4097,-0.0212,-0.0610,0.0424,0.0000,0.0000,0.0000,0.0000,0.0000,0.0000,5.00,3.00,2.00,0.0003,0.0006,0.0004,0,0.000000
15,1.3200,0.0000,45.0000,-30.0000,0.0100,0.0200,0.0200,0.0000,0.0000,0.0000,-0.5000,2.6000,-1.4355,0.0000,0.0000,0.0000,-0.4947,0.7303,-1.4325,0.0282,-0.0955,0.0254,0.0000,0.0000,0.0000,0.0000,0.0000,0.0000,5.00,3.00,2.00,0.0003,0.0006,0.0004,0,0.000000
15,1.3400,0.0000,45.0000,-30.0000,0.0100,0.0200,0.0200,0.0000,0.0000,0.0000,-0.5000,2.6000,-1.4355,0.0000,0.0000,0.0000,-0.5656,0.7104,-1.4925,-0.0411,0.0079,-0.0432,0.0000,0.0000,0.0000,0.0000,0.0000,0.0000,5.00,3.00,2.00,0.0003,0.0006,0.0004,0,0.000000
15,1.3600,0.0000,45.0000,-30.0000,0.0100,0.0200,0.0200,0.0000,0.0000,0.0000,-0.5000,2.6000,-1.4355,0.0000,0.0000,0.0000,-0.5578,0.7164,-1.4932,-0.0442,0.0006,0.0024,0.0000,0.0000,0.0000,0.0000,0.0000,0.0000,5.00,3.00,2.00,0.0003,0.0006,0.0004,0,0.000000
15,1.3800,0.0000,45.0000,-30.0000,0.0100,0.0200,0.0200,0.0000,0.0000,0.0000,-0.5000,2.6000,-1.4355,0.0000,0.0000,0.0000,-0.5179,0.7261,-1.4124,-0.0172,-0.0489,0.0393,0.0000,0.0000,0.0000,0.0000,0.0000,0.0000,5.00,3.00,2.00,0.0003,0.0006,0.0004,0,0.000000
15,1.4000,0.0000,45.0000,-30.0000,0.0100,0.0200,0.0200,0.0000,0.0000,0.0000,-0.5000,2.6000,-1.4355,0.0000,0.0000,0.0000,-0.4738,0.7141,-1.4162,-0.0006,0.0088,0.0091,0.0000,0.0000,0.0000,0.0000,0.0000,0.0000,5.00,3.00,2.00,0.0003,0.0006,0.0004,0,0.000000
15,1.4200,0.0000,45.0000,-30.0000,0.0100,0.0200,0.0200,0.0000,0.0000,0.0000,-0.5000,2.6000,-1.4355,0.0000,0.0000,0.0000,-0.4908,0.7163,-1.4295,0.0033,0.0042,-0.0139,0.0000,0.0000,0.0000,0.0000,0.0000,0.0000,5.00,3.00,2.00,0.0003,0.0006,0.0004,0,0.000000
15,1.4400,0.0000,45.0000,-30.0000,0.0100,0.0200,0.0200,0.0000,0.0000,0.0000,-0.5000,2.6000,-1.4355,0.0000,0.0000,0.0000,-0.4921,0.7229,-1.4252,0.0088,-0.0082,0.0157,0.0000,0.0000,0.0000,0.0000,0.0000,0.0000,5.00,3.00,2.00,0.0003,0.0006,0.0004,0,0.000000
15,1.4600,0.0000,45.0000,-30.0000,0.0100,0.0200,0.0200,0.0000,0.0000,0.0000,-0.5000,2.6000,-1.4355,0.0000,0.0000,0.0000,-0.5069,0.7199,-1.4280,0.0039,-0.0052,-0.0066,0.0000,0.0000,0.0000,0.0000,0.0000,0.0000,5.00,3.00,2.00,0.0003,0.0006,0.0004,0,0.000000
15,1.4800,0.0000,45.0000,-30.0000,0.0100,0.0200,0.0200,0.0000,0.0000,0.0000,-0.5000,2.6000,-1.4355,0.0000,0.0000,0.0000,-0.5000,0.7200,-1.4355,0.0000,0.0000,0.0000,0.0000,0.0000,0.0000,0.0000,0.0000,0.0000,5.00,3.00,2.00,0.0003,0.0006,0.0004,0,0.000000
15,1.5000,0.0000,45.0000,-30.0000,0.0100,0.0200,0.0200,0.0000,0.0000,0.0000,-0.5000,2.6000,-1.4355,0.0000,0.0000,0.0000,-0.4910,0.7209,-1.4383,-0.0008,-0.0008,0.0073,0.0000,0.0000,0.0000,0.0000,0.0000,0.0000,5.00,3.00,2.00,0.0003,0.0006,0.0004,0,0.000000
16,0.0200,1.1200,45.5500,-30.2700,0.1824,0.3675,0.3196,0.4000,1.0000,-0.6000,-3.7417,2.6419,-1.2172,2.9167,2.0915,-0.8612,-0.1385,0.7224,-2.3697,-0.0129,-0.1016,0.0810,145.3714,519.7143,263.3143,26.5149,190.9804,84.1575,5.00,3.00,2.00,0.0832,0.2026,0.1021,0,0.241322
16,0.0400,2.2400,46.1000,-30.5400,0.1848,0.3748,0.3184,0.4000,1.0000,-0.6000,-3.6833,2.6836,-1.2344,2.9167,2.0829,-0.8612,-0.2895,0.7171,-2.2679,0.0895,-0.1418,0.1212,145.3714,519.7143,263.3143,26.8580,194.7764,83.8504,5.00,3.00,2.00,0.0853,0.2107,0.1014,0,0.244388
16,0.0600,3.3600,46.6500,-30.8100,0.1870,0.3817,0.3165,0.4000,1.0000,-0.6000,-3.6250,2.7251,-1.2517,2.9167,2.0686,-0.8612,-0.2044,0.7234,-2.3130,0.0782,-0.2077,0.0825,145.3714,519.7143,263.3143,27.1911,198.4000,83.3452,5.00,3.00,2.00,0.0875,0.2186,0.1002,0,0.247149
16,0.0800,4.4800,47.2000,-31.0800,0.1892,0.3882,0.3139,0.4000,1.0000,-0.6000,-3.5667,2.7663,-1.2689,2.9167,2.0486,-0.8612,-0.4465,0.6956,-2.2222,0.0410,-0.0128,-0.0250,145.3714,519.7143,263.3143,27.5094,201.7698,82.6518,5.00,3.00,2.00,0.0895,0.2261,0.0985,0,0.249545
16,0.1000,5.6000,47.7500,-31.3500,0.1913,0.3941,0.3106,0.4000,1.0000,-0.6000,-3.5083,2.8071,-1.2861,2.9167,2.0230,-0.8612,-0.2518,0.7220,-2.3801,-0.1378,-0.0955,0.0533,145.3714,519.7143,263.3143,27.8085,204.8100,81.7838,5.00,3.00,2.00,0.0915,0.2330,0.0965,0,0.251522
16,0.1200,6.7200,48.3000,-31.6200,0.1932,0.3992,0.3067,0.4000,1.0000,-0.6000,-3.4500,2.8472,-1.3033,2.9167,1.9919,-0.8612,-0.2709,0.6990,-2.3951,0.0586,-0.0053,-0.1357,145.3714,519.7143,263.3143,28.0840,207.4525,80.7581,5.00,3.00,2.00,0.0933,0.2390,0.0941,0,0.253036
16,0.1400,7.8400,48.8500,-31.8900,0.1949,0.4034,0.3023,0.4000,1.0000,-0.6000,-3.3917,2.8867,-1.3206,2.9167,1.9553,-0.8612,-0.1745,0.7317,-2.0619,-0.1175,-0.1886,-0.1287,145.3714,519.7143,263.3143,28.3319,209.6378,79.5949,5.00,3.00,2.00,0.0950,0.2441,0.0914,0,0.254052
16,0.1600,8.9600,49.4000,-32.1600,0.1964,0.4066,0.2974,0.4000,1.0000,-0.6000,-3.3333,2.9254,-1.3378,2.9167,1.9133,-0.8612,-0.2279,0.7441,-2.3458,-0.1207,-0.1440,-0.0056,145.3714,519.7143,263.3143,28.5486,211.3168,78.3169,5.00,3.00,2.00,0.0964,0.2480,0.0885,0,0.254546
16,0.1800,10.0800,49.9500,-32.4300,0.1976,0.4088,0.2922,0.4000,1.0000,-0.6000,-3.2750,2.9632,-1.3550,2.9167,1.8661,-0.8612,-0.3789,0.7075,-2.3781,0.1096,-0.1139,0.0869,145.3714,519.7143,263.3143,28.7311,212.4520,76.9490,5.00,3.00,2.00,0.0977,0.2507,0.0854,0,0.254506
16,0.2000,11.2000,50.5000,-32.7000,0.1986,0.4099,0.2868,0.4000,1.0000,-0.6000,-3.2167,3.0000,-1.3722,2.9167,1.8138,-0.8612,-0.2885,0.7087,-2.1437,0.0615,-0.0031,0.1383,145.3714,519.7143,263.3143,28.8767,213.0178,75.5182,5.00,3.00,2.00,0.0986,0.2520,0.0823,0,0.253930
16,0.2200,12.3200,51.0500,-32.9700,0.1994,0.4098,0.2812,0.4000,1.0000,-0.6000,-3.1583,3.0357,-1.3895,2.9167,1.7565,-0.8612,-0.2362,0.7193,-2.0764,0.0680,-0.1848,-0.0869,145.3714,519.7143,263.3143,28.9833,213.0014,74.0523,5.00,3.00,2.00,0.0994,0.2520,0.0791,0,0.252830
16,0.2400,13.4400,51.6000,-33.2400,0.1998,0.4087,0.2756,0.4000,1.0000,-0.6000,-3.1000,3.0702,-1.4067,2.9167,1.6944,-0.8612,-0.1729,0.6942,-2.1469,-0.0806,0.0236,-0.0165,145.3714,519.7143,263.3143,29.0495,212.4033,72.5801,5.00,3.00,2.00,0.0998,0.2505,0.0760,0,0.251226
16,0.2600,14.5600,52.1500,-33.5100,0.2000,0.4064,0.2701,0.4000,1.0000,-0.6000,-3.0417,3.1035,-1.4239,2.9167,1.6277,-0.8612,-0.1926,0.7491,-2.0932,-0.0118,0.0310,0.1166,145.3714,519.7143,263.3143,29.0741,211.2368,71.1303,5.00,3.00,2.00,0.1000,0.2478,0.0730,0,0.249153
16,0.2800,15.6800,52.7000,-33.7800,0.1999,0.4032,0.2648,0.4000,1.0000,-0.6000,-2.9833,3.1353,-1.4411,2.9167,1.5564,-0.8612,-0.3977,0.7222,-2.3486,0.0334,-0.0220,-0.0828,145.3714,519.7143,263.3143,29.0570,209.5283,69.7314,5.00,3.00,2.00,0.0999,0.2438,0.0701,0,0.246653
16,0.3000,16.8000,53.2500,-34.0500,0.1995,0.3989,0.2598,0.4000,1.0000,-0.6000,-2.9250,3.1657,-1.4584,2.9167,1.4810,-0.8612,-0.2714,0.7329,-2.1628,-0.0715,-0.2010,0.0011,145.3714,519.7143,263.3143,28.9982,207.3159,68.4107,5.00,3.00,2.00,0.0995,0.2387,0.0675,0,0.243780
16,0.3200,17.9200,53.8000,-34.3200,0.1988,0.3938,0.2552,0.4000,1.0000,-0.6000,-2.8667,3.1945,-1.4756,2.9167,1.4014,-0.8612,-0.3726,0.6986,-2.0993,-0.1454,-0.1207,0.0648,145.3714,519.7143,263.3143,28.8988,204.6495,67.1940,5.00,3.00,2.00,0.0988,0.2326,0.0651,0,0.240594
16,0.3400,19.0400,54.3500,-34.5900,0.1978,0.3879,0.2511,0.4000,1.0000,-0.6000,-2.8083,3.2217,-1.4928,2.9167,1.3180,-0.8612,-0.4316,0.7484,-2.1670,0.1434,-0.1766,-0.0651,145.3714,519.7143,263.3143,28.7601,201.5890,66.1052,5.00,3.00,2.00,0.0979,0.2257,0.0630,0,0.237163
16,0.3600,5.0400,54.9000,-34.8600,0.1966,0.3814,0.2475,0.1000,1.0000,-0.6000,-2.7500,3.2472,-1.5100,2.9167,1.2311,-0.8612,-0.2133,0.6930,-2.2770,0.0460,-0.2299,-0.0093,36.3429,519.7143,263.3143,7.1460,198.2029,65.1655,5.00,3.00,2.00,0.0967,0.2182,0.0612,0,0.216412
16,0.3800,5.3200,55.4500,-35.1300,0.1952,0.3744,0.2445,0.1000,1.0000,-0.6000,-2.6917,3.2709,-1.5273,2.9167,1.1407,-0.8612,-0.1560,0.6943,-2.2783,0.1082,-0.1071,-0.0639,36.3429,519.7143,263.3143,7.0933,194.5675,64.3934,5.00,3.00,2.00,0.0952,0.2102,0.0598,0,0.212843
16,0.4000,5.6000,56.0000,-35.4000,0.1935,0.3671,0.2423,0.1000,1.0000,-0.6000,-2.6333,3.2928,-1.5445,2.9167,1.0472,-0.8612,-0.1989,0.6940,-2.1512,0.0637,-0.2059,0.0006,36.3429,519.7143,263.3143,7.0327,190.7642,63.8040,5.00,3.00,2.00,0.0936,0.2021,0.0587,0,0.209281
16,0.4200,5.8800,56.5500,-35.6700,0.1916,0.3596,0.2408,0.1000,1.0000,-0.6000,-2.5750,3.3128,-1.5617,2.9167,0.9508,-0.8612,-0.2950,0.7255,-2.0870,-0.0789,0.0299,0.0804,36.3429,519.7143,263.3143,6.9650,186.8787,63.4087,5.00,3.00,2.00,0.0918,0.1939,0.0580,0,0.205802
16,0.4400,6.1600,57.1000,-22.0800,0.1896,0.3521,0.2401,0.1000,1.0000,0.8000,-2.5167,3.3308,-1.5789,2.9167,0.8519,-0.8612,-2.5167,2.7108,-1.5789,2.9167,0.8519,-0.8612,36.3429,519.7143,351.0857,6.8912,182.9980,84.2872,5.00,3.00,2.00,0.0899,0.1860,0.0576,1,0.219341
16,0.4600,6.4400,57.6500,-21.7200,0.1874,0.3448,0.2401,0.1000,1.0000,0.8000,-2.4583,3.3469,-1.5962,2.9167,0.7506,-0.8612,-2.4583,2.7269,-1.5962,2.9167,0.7506,-0.8612,36.3429,519.7143,351.0857,6.8124,179.2094,84.3037,5.00,3.00,2.00,0.0878,0.1784,0.0577,1,0.216260
16,0.4800,6.7200,58.2000,-21.3600,0.1852,0.3379,0.2410,0.1000,1.0000,0.8000,-2.4000,3.3608,-1.6134,2.9167,0.6472,-0.8612,-2.4000,2.7408,-1.6134,2.9167,0.6472,-0.8612,36.3429,519.7143,351.0857,6.7297,175.5979,84.5942,5.00,3.00,2.00,0.0857,0.1712,0.0581,1,0.213537
16,0.5000,7.0000,50.5000,-21.0000,0.1828,0.3314,0.2425,0.1000,0.4000,0.8000,-2.3417,3.3727,-1.6306,2.9167,0.5421,-0.8612,-2.3417,2.7527,-1.6306,2.9167,0.5421,-0.8612,36.3429,207.8857,351.0857,6.6443,68.8979,85.1529,5.00,3.00,2.00,0.0836,0.1648,0.0588,1,0.128556
16,0.5200,7.2800,50.7200,-20.6400,0.1804,0.3256,0.2449,0.1000,0.4000,0.8000,-2.2833,3.3825,-1.6478,2.9167,0.4354,-0.8612,-2.2833,2.7625,-1.6478,2.9167,0.4354,-0.8612,36.3429,207.8857,351.0857,6.5574,67.6900,85.9690,5.00,3.00,2.00,0.0814,0.1590,0.0600,1,0.128173
16,0.5400,7.5600,50.9400,-20.2800,0.1780,0.3206,0.2479,0.1000,0.4000,0.8000,-2.2250,3.3902,-1.6651,2.9167,0.3276,-0.8612,-2.2250,2.7702,-1.6651,2.9167,0.3276,-0.8612,36.3429,207.8857,351.0857,6.4703,66.6427,87.0265,5.00,3.00,2.00,0.0792,0.1542,0.0614,1,0.128112
16,0.5600,7.8400,51.1600,-19.9200,0.1757,0.3164,0.2515,0.1000,0.4000,0.8000,-2.1667,3.3956,-1.6823,2.9167,0.2189,-0.8612,-2.1667,2.7756,-1.6823,2.9167,0.2189,-0.8612,36.3429,207.8857,351.0857,6.3842,65.7794,88.3046,5.00,3.00,2.00,0.0771,0.1502,0.0633,1,0.128375
16,0.5800,8.1200,51.3800,-19.5600,0.1734,0.3132,0.2557,0.1000,0.4000,0.8000,-2.1083,3.3989,-1.6995,2.9167,0.1096,-0.8612,-2.1083,2.7789,-1.6995,2.9167,0.1096,-0.8612,36.3429,207.8857,351.0857,6.3004,65.1197,89.7784,5.00,3.00,2.00,0.0751,0.1472,0.0654,1,0.128959
16,0.6000,8.4000,51.6000,-19.2000,0.1711,0.3111,0.2604,0.1000,0.4000,0.8000,-2.0500,3.4000,-1.7167,2.9167,0.0000,-0.8612,-2.0500,2.7800,-1.7167,2.9167,0.0000,-0.8612,36.3429,207.8857,351.0857,6.2201,64.6781,91.4191,5.00,3.00,2.00,0.0732,0.1452,0.0678,1,0.129854
16,0.6200,8.6800,51.8200,-18.8400,0.1691,0.3101,0.2654,0.1000,0.4000,0.8000,-1.9917,3.3989,-1.7340,2.9167,-0.1096,-0.8612,-1.9917,2.7789,-1.7340,2.9167,-0.1096,-0.8612,36.3429,207.8857,351.0857,6.1443,64.4648,93.1944,5.00,3.00,2.00,0.0715,0.1442,0.0705,1,0.131043
16,0.6400,8.9600,52.0400,-18.4800,0.1671,0.3102,0.2708,0.1000,0.4000,0.8000,-1.9333,3.3956,-1.7512,2.9167,-0.2189,-0.8612,-1.9333,2.7756,-1.7512,2.9167,-0.2189,-0.8612,36.3429,207.8857,351.0857,6.0743,64.4844,95.0698,5.00,3.00,2.00,0.0698,0.1443,0.0733,1,0.132503
16,0.6600,9.2400,52.2600,-18.1200,0.1654,0.3114,0.2763,0.1000,0.4000,0.8000,-1.8750,3.3902,-1.7684,2.9167,-0.3276,-0.8612,-1.8750,2.7702,-1.7684,2.9167,-0.3276,-0.8612,36.3429,207.8857,351.0857,6.0111,64.7366,97.0084,5.00,3.00,2.00,0.0684,0.1455,0.0763,1,0.134205
16,0.6800,9.5200,52.4800,-17.7600,0.1639,0.3137,0.2819,0.1000,0.4000,0.8000,-1.8167,3.3825,-1.7856,2.9167,-0.4354,-0.8612,-1.8167,2.7625,-1.7856,2.9167,-0.4354,-0.8612,36.3429,207.8857,351.0857,5.9554,65.2157,98.9724,5.00,3.00,2.00,0.0671,0.1476,0.0795,1,0.136115
16,0.7000,9.8000,52.7000,-17.4000,0.1626,0.3171,0.2875,0.1000,0.4000,0.8000,-1.7583,3.3727,-1.8029,2.9167,-0.5421,-0.8612,-1.7583,2.7527,-1.8029,2.9167,-0.5421,-0.8612,36.3429,207.8857,351.0857,5.9082,65.9108,100.9233,5.00,3.00,2.00,0.0661,0.1508,0.0826,1,0.138194
16,0.7200,10.0800,52.9200,-17.0400,0.1615,0.3214,0.2929,0.1000,0.4000,0.8000,-1.7000,3.3608,-1.8201,2.9167,-0.6472,-0.8612,-1.7000,2.7408,-1.8201,2.9167,-0.6472,-0.8612,36.3429,207.8857,351.0857,5.8701,66.8065,102.8229,5.00,3.00,2.00,0.0652,0.1549,0.0858,1,0.140400
16,0.7400,10.3600,53.1400,-16.6800,0.1607,0.3265,0.2980,0.1000,0.4000,0.8000,-1.6417,3.3469,-1.8373,2.9167,-0.7506,-0.8612,-1.6417,2.7269,-1.8373,2.9167,-0.7506,-0.8612,36.3429,207.8857,351.0857,5.8417,67.8826,104.6341,5.00,3.00,2.00,0.0646,0.1599,0.0888,1,0.142687
16,0.7600,10.6400,53.3600,-16.3200,0.1602,0.3325,0.3028,0.1000,0.4000,0.8000,-1.5833,3.3308,-1.8545,2.9167,-0.8519,-0.8612,-1.5833,2.7108,-1.8545,2.9167,-0.8519,-0.8612,36.3429,207.8857,351.0857,5.8233,69.1149,106.3215,5.00,3.00,2.00,0.0642,0.1658,0.0917,1,0.145008
16,0.7800,10.9200,53.5800,-15.9600,0.1600,0.3390,0.3072,0.1000,0.4000,0.8000,-1.5250,3.3128,-1.8718,2.9167,-0.9508,-0.8612,-1.5250,2.6928,-1.8718,2.9167,-0.9508,-0.8612,36.3429,207.8857,351.0857,5.8152,70.4757,107.8520,5.00,3.00,2.00,0.0640,0.1724,0.0944,1,0.147314
16,0.8000,11.2000,53.8000,-15.6000,0.1601,0.3460,0.3110,0.1000,0.4000,0.8000,-1.4667,3.2928,-1.8890,2.9167,-1.0472,-0.8612,-1.4667,2.6728,-1.8890,2.9167,-1.0472,-0.8612,36.3429,207.8857,351.0857,5.8176,71.9345,109.1956,5.00,3.00,2.00,0.0641,0.1796,0.0967,1,0.149558
16,0.8200,11.4800,54.0200,-15.2400,0.1604,0.3534,0.3142,0.1000,0.4000,0.8000,-1.4083,3.2709,-1.9062,2.9167,-1.1407,-0.8612,-1.4083,2.6509,-1.9062,2.9167,-1.1407,-0.8612,36.3429,207.8857,351.0857,5.8305,73.4586,110.3261,5.00,3.00,2.00,0.0643,0.1873,0.0987,1,0.151692
16,0.8400,11.7600,54.2400,-14.8800,0.1611,0.3608,0.3168,0.1000,0.4000,0.8000,-1.3500,3.2472,-1.9234,2.9167,-1.2311,-0.8612,-1.3500,2.6272,-1.9234,2.9167,-1.2311,-0.8612,36.3429,207.8857,351.0857,5.8535,75.0136,111.2214,5.00,3.00,2.00,0.0649,0.1953,0.1004,1,0.153671
16,0.8600,12.0400,54.4600,-14.5200,0.1620,0.3683,0.3186,0.1000,0.4000,0.8000,-1.2917,3.2217,-1.9407,2.9167,-1.3180,-0.8612,-1.2917,2.6017,-1.9407,2.9167,-1.3180,-0.8612,36.3429,207.8857,351.0857,5.8865,76.5647,111.8639,5.00,3.00,2.00,0.0656,0.2035,0.1015,1,0.155452
16,0.8800,12.3200,54.6800,-14.1600,0.1631,0.3756,0.3197,0.1000,0.4000,0.8000,-1.2333,3.1945,-1.9579,2.9167,-1.4014,-0.8612,-1.2333,2.5745,-1.9579,2.9167,-1.4014,-0.8612,36.3429,207.8857,351.0857,5.9288,78.0771,112.2410,5.00,3.00,2.00,0.0665,0.2116,0.1022,1,0.156998
16,0.9000,0.0000,54.9000,-13.8000,0.0100,0.3825,0.3200,0.0000,0.4000,0.8000,-1.1750,3.1657,-1.9751,2.9167,-1.4810,-0.8612,-1.1750,2.5457,-1.9751,2.9167,-1.4810,-0.8612,0.0000,207.8857,351.0857,0.0000,79.5167,112.3454,5.00,3.00,2.00,0.0003,0.2195,0.1024,1,0.153490
16,0.9200,0.0000,55.1200,-13.4400,0.0100,0.3889,0.3195,0.0000,0.4000,0.8000,-1.1167,3.1353,-1.9923,2.9167,-1.5564,-0.8612,-1.1167,2.5153,-1.9923,2.9167,-1.5564,-0.8612,0.0000,207.8857,351.0857,0.0000,80.8513,112.1751,5.00,3.00,2.00,0.0003,0.2269,0.1021,1,0.154421
16,0.9400,0.0000,55.3400,-13.0800,0.0100,0.3947,0.3183,0.0000,0.4000,0.8000,-1.0583,3.1035,-2.0096,2.9167,-1.6277,-0.8612,-1.0583,2.4835,-2.0096,2.9167,-1.6277,-0.8612,0.0000,207.8857,351.0857,0.0000,82.0509,111.7334,5.00,3.00,2.00,0.0003,0.2337,0.1013,1,0.155027
16,0.9600,0.0000,55.5600,-30.0000,0.0100,0.3997,0.0200,0.0000,0.4000,0.0000,-1.0000,3.0702,-2.0268,2.9167,-1.6944,-0.8612,-1.0000,2.4502,-2.0268,2.9167,-1.6944,-0.8612,0.0000,207.8857,0.0000,0.0000,83.0885,0.0000,5.00,3.00,2.00,0.0003,0.2396,0.0004,1,0.066471
16,0.9800,0.0000,55.7800,-30.0000,0.0100,0.4038,0.0200,0.0000,0.4000,0.0000,-0.9417,3.0357,-2.0440,2.9167,-1.7565,-0.8612,-0.9417,2.4157,-2.0440,2.9167,-1.7565,-0.8612,0.0000,207.8857,0.0000,0.0000,83.9408,0.0000,5.00,3.00,2.00,0.0003,0.2446,0.0004,1,0.067153
16,1.0000,0.0000,45.0000,-30.0000,0.0100,0.0200,0.0200,0.0000,0.0000,0.0000,-0.8833,3.0000,-2.0612,2.9167,-1.8138,-0.8612,-0.8833,2.3800,-2.0612,2.9167,-1.8138,-0.8612,0.0000,0.0000,0.0000,0.0000,0.0000,0.0000,5.00,3.00,2.00,0.0003,0.0006,0.0004,1,0.000000
16,1.0200,0.0000,45.0000,-30.0000,0.0100,0.0200,0.0200,0.0000,0.0000,0.0000,-0.8250,2.9632,-2.0785,2.9167,-1.8661,-0.8612,-0.8250,2.3432,-2.0785,2.9167,-1.8661,-0.8612,0.0000,0.0000,0.0000,0.0000,0.0000,0.0000,5.00,3.00,2.00,0.0003,0.0006,0.0004,1,0.000000
16,1.0400,0.0000,45.0000,-30.0000,0.0100,0.0200,0.0200,0.0000,0.0000,0.0000,-0.7667,2.9254,-2.0957,2.9167,-1.9133,-0.8612,-0.7667,2.3054,-2.0957,2.9167,-1.9133,-0.8612,0.0000,0.0000,0.0000,0.0000,0.0000,0.0000,5.00,3.00,2.00,0.0003,0.0006,0.0004,1,0.000000
16,1.0600,0.0000,45.0000,-30.0000,0.0100,0.0200,0.0200,0.0000,0.0000,0.0000,-0.7083,2.8867,-2.1129,2.9167,-1.9553,-0.8612,-0.7083,2.2667,-2.1129,2.9167,-1.9553,-0.8612,0.0000,0.0000,0.0000,0.0000,0.0000,0.0000,5.00,3.00,2.00,0.0003,0.0006,0.0004,1,0.000000
16,1.0800,0.0000,45.0000,-30.0000,0.0100,0.0200,0.0200,0.0000,0.0000,0.0000,-0.6500,2.8472,-2.1301,2.9167,-1.9919,-0.8612,-0.6500,2.2272,-2.1301,2.9167,-1.9919,-0.8612,0.0000,0.0000,0.0000,0.0000,0.0000,0.0000,5.00,3.00,2.00,0.0003,0.0006,0.0004,1,0.000000
16,1.1000,0.0000,45.0000,-30.0000,0.0100,0.0200,0.0200,0.0000,0.0000,0.0000,-0.5917,2.8071,-2.1474,2.9167,-2.0230,-0.8612,-0.5917,2.1871,-2.1474,2.9167,-2.0230,-0.8612,0.0000,0.0000,0.0000,0.0000,0.0000,0.0000,5.00,3.00,2.00,0.0003,0.0006,0.0004,1,0.000000
16,1.1200,0.0000,45.0000,-30.0000,0.0100,0.0200,0.0200,0.0000,0.0000,0.0000,-0.5333,2.7663,-2.1646,2.9167,-2.0486,-0.8612,-0.5333,2.1463,-2.1646,2.9167,-2.0486,-0.8612,0.0000,0.0000,0.0000,0.0000,0.0000,0.0000,5.00,3.00,2.00,0.0003,0.0006,0.0004,1,0.000000
16,1.1400,0.0000,45.0000,-30.0000,0.0100,0.0200,0.0200,0.0000,0.0000,0.0000,-0.4750,2.7251,-2.1818,2.9167,-2.0686,-0.8612,-0.2754,0.7360,-2.2152,-0.0925,-0.1437,0.1311,0.0000,0.0000,0.0000,0.0000,0.0000,0.0000,5.00,3.00,2.00,0.0003,0.0006,0.0004,0,0.000000
16,1.1600,0.0000,45.0000,-30.0000,0.0100,0.0200,0.0200,0.0000,0.0000,0.0000,-0.4167,2.6836,-2.1990,2.9167,-2.0829,-0.8612,-0.3948,0.7067,-2.3002,0.1060,0.0099,0.0561,0.0000,0.0000,0.0000,0.0000,0.0000,0.0000,5.00,3.00,2.00,0.0003,0.0006,0.0004,0,0.000000
16,1.1800,0.0000,45.0000,-30.0000,0.0100,0.0200,0.0200,0.0000,0.0000,0.0000,-0.3583,2.6419,-2.2163,2.9167,-2.0915,-0.8612,-0.1966,0.7413,-2.1890,-0.0681,-0.1179,-0.1020,0.0000,0.0000,0.0000,0.0000,0.0000,0.0000,5.00,3.00,2.00,0.0003,0.0006,0.0004,0,0.000000
16,1.2000,0.0000,45.0000,-30.0000,0.0100,0.0200,0.0200,0.0000,0.0000,0.0000,-0.3000,2.6000,-2.2335,0.0000,0.0000,0.0000,-0.4041,0.7171,-2.1866,0.0200,-0.1397,-0.0315,0.0000,0.0000,0.0000,0.0000,0.0000,0.0000,5.00,3.00,2.00,0.0003,0.0006,0.0004,0,0.000000
16,1.2200,0.0000,45.0000,-30.0000,0.0100,0.0200,0.0200,0.0000,0.0000,0.0000,-0.3000,2.6000,-2.2335,0.0000,0.0000,0.0000,-0.1732,0.7166,-2.1486,-0.0688,-0.0800,0.0332,0.0000,0.0000,0.0000,0.0000,0.0000,0.0000,5.00,3.00,2.00,0.0003,0.0006,0.0004,0,0.000000
16,1.2400,0.0000,45.0000,-30.0000,0.0100,0.0200,0.0200,0.0000,0.0000,0.0000,-0.3000,2.6000,-2.2335,0.0000,0.0000,0.0000,-0.3297,0.7202,-2.3256,0.0222,-0.1505,-0.0431,0.0000,0.0000,0.0000,0.0000,0.0000,0.0000,5.00,3.00,2.00,0.0003,0.0006,0.0004,0,0.000000
16,1.2600,0.0000,45.0000,-30.0000,0.0100,0.0200,0.0200,0.0000,0.0000,0.0000,-0.3000,2.6000,-2.2335,0.0000,0.0000,0.0000,-0.2087,0.7283,-2.1795,-0.0160,-0.0324,-0.0503,0.0000,0.0000,0.0000,0.0000,0.0000,0.0000,5.00,3.00,2.00,0.0003,0.0006,0.0004,0,0.000000
16,1.2800,0.0000,45.0000,-30.0000,0.0100,0.0200,0.0200,0.0000,0.0000,0.0000,-0.3000,2.6000,-2.2335,0.0000,0.0000,0.0000,-0.2009,0.7328,-2.2944,-0.0803,0.0057,-0.0465,0.0000,0.0000,0.0000,0.0000,0.0000,0.0000,5.00,3.00,2.00,0.0003,0.0006,0.0004,0,0.000000
16,1.3000,0.0000,45.0000,-30.0000,0.0100,0.0200,0.0200,0.0000,0.0000,0.0000,-0.3000,2.6000,-2.2335,0.0000,0.0000,0.0000,-0.2363,0.7136,-2.2821,0.0473,-0.1087,-0.0007,0.0000,0.0000,0.0000,0.0000,0.0000,0.0000,5.00,3.00,2.00,0.0003,0.0006,0.0004,0,0.000000
16,1.3200,0.0000,45.0000,-30.0000,0.0100,0.0200,0.0200,0.0000,0.0000,0.0000,-0.3000,2.6000,-2.2335,0.0000,0.0000,0.0000,-0.3639,0.7330,-2.2258,-0.0415,-0.0863,0.0539,0.0000,0.0000,0.0000,0.0000,0.0000,0.0000,5.00,3.00,2.00,0.0003,0.0006,0.0004,0,0.000000
16,1.3400,0.0000,45.0000,-30.0000,0.0100,0.0200,0.0200,0.0000,0.0000,0.0000,-0.3000,2.6000,-2.2335,0.0000,0.0000,0.0000,-0.3509,0.7088,-2.1934,0.0161,-0.0364,-0.0156,0.0000,0.0000,0.0000,0.0000,0.0000,0.0000,5.00,3.00,2.00,0.0003,0.0006,0.0004,0,0.000000
16,1.3600,0.0000,45.0000,-30.0000,0.0100,0.0200,0.0200,0.0000,0.0000,0.0000,-0.3000,2.6000,-2.2335,0.0000,0.0000,0.0000,-0.2887,0.7147,-2.1920,-0.0136,-0.0521,0.0135,0.0000,0.0000,0.0000,0.0000,0.0000,0.0000,5.00,3.00,2.00,0.0003,0.0006,0.0004,0,0.000000
16,1.3800,0.0000,45.0000,-30.0000,0.0100,0.0200,0.0200,0.0000,0.0000,0.0000,-0.3000,2.6000,-2.2335,0.0000,0.0000,0.0000,-0.3154,0.7236,-2.2054,-0.0048,-0.0203,-0.0124,0.0000,0.0000,0.0000,0.0000,0.0000,0.0000,5.00,3.00,2.00,0.0003,0.0006,0.0004,0,0.000000
16,1.4000,0.0000,45.0000,-30.0000,0.0100,0.0200,0.0200,0.0000,0.0000,0.0000,-0.3000,2.6000,-2.2335,0.0000,0.0000,0.0000,-0.3264,0.7263,-2.2291,0.0071,-0.0336,-0.0215,0.0000,0.0000,0.0000,0.0000,0.0000,0.0000,5.00,3.00,2.00,0.0003,0.0006,0.0004,0,0.000000
16,1.4200,0.0000,45.0000,-30.0000,0.0100,0.0200,0.0200,0.0000,0.0000,0.0000,-0.3000,2.6000,-2.2335,0.0000,0.0000,0.0000,-0.3046,0.7206,-2.2398,0.0060,-0.0161,-0.0203,0.0000,0.0000,0.0000,0.0000,0.0000,0.0000,5.00,3.00,2.00,0.0003,0.0006,0.0004,0,0.000000
16,1.4400,0.0000,45.0000,-30.0000,0.0100,0.0200,0.0200,0.0000,0.0000,0.0000,-0.3000,2.6000,-2.2335,0.0000,0.0000,0.0000,-0.2906,0.7215,-2.2319,0.0114,-0.0186,0.0045,0.0000,0.0000,0.0000,0.0000,0.0000,0.0000,5.00,3.00,2.00,0.0003,0.0006,0.0004,0,0.000000
16,1.4600,0.0000,45.0000,-30.0000,0.0100,0.0200,0.0200,0.0000,0.0000,0.0000,-0.3000,2.6000,-2.2335,0.0000,0.0000,0.0000,-0.3012,0.7195,-2.2363,0.0055,-0.0068,0.0022,0.0000,0.0000,0.0000,0.0000,0.0000,0.0000,5.00,3.00,2.00,0.0003,0.0006,0.0004,0,0.000000
16,1.4800,0.0000,45.0000,-30.0000,0.0100,0.0200,0.0200,0.0000,0.0000,0.0000,-0.3000,2.6000,-2.2335,0.0000,0.0000,0.0000,-0.3000,0.7200,-2.2335,0.0000,0.0000,0.0000,0.0000,0.0000,0.0000,0.0000,0.0000,0.0000,5.00,3.00,2.00,0.0003,0.0006,0.0004,0,0.000000
16,1.5000,0.0000,45.0000,-30.0000,0.0100,0.0200,0.0200,0.0000,0.0000,0.0000,-0.3000,2.6000,-2.2335,0.0000,0.0000,0.0000,-0.3043,0.7195,-2.2314,0.0051,0.0136,0.0047,0.0000,0.0000,0.0000,0.0000,0.0000,0.0000,5.00,3.00,2.00,0.0003,0.0006,0.0004,0,0.000000
17,0.0200,1.1200,45.5500,-30.2700,0.1824,0.3675,0.3196,0.4000,1.0000,-0.6000,-3.7383,2.6419,-1.2304,3.0833,2.0915,-1.5185,-0.1542,0.7218,-2.9529,0.0326,-0.1855,0.1381,144.4571,516.5714,261.7714,26.3482,189.8255,83.6644,5.00,3.00,2.00,0.0832,0.2026,0.1021,0,0.239870
17,0.0400,2.2400,46.1000,-30.5400,0.1848,0.3748,0.3184,0.4000,1.0000,-0.6000,-3.6767,2.6836,-1.2607,3.0833,2.0829,-1.5185,0.0697,0.7484,-2.9420,0.0754,-0.0616,0.0257,144.4571,516.5714,261.7714,26.6890,193.5986,83.3591,5.00,3.00,2.00,0.0853,0.2107,0.1014,0,0.242917
17,0.0600,3.3600,46.6500,-30.8100,0.1870,0.3817,0.3165,0.4000,1.0000,-0.6000,-3.6150,2.7251,-1.2911,3.0833,2.0686,-1.5185,-0.2458,0.7203,-3.0440,-0.1065,-0.2490,-0.0801,144.4571,516.5714,261.7714,27.0201,197.2003,82.8568,5.00,3.00,2.00,0.0875,0.2186,0.1002,0,0.245662
17,0.0800,4.4800,47.2000,-31.0800,0.1892,0.3882,0.3139,0.4000,1.0000,-0.6000,-3.5533,2.7663,-1.3215,3.0833,2.0486,-1.5185,0.0761,0.7105,-3.0057,0.1261,-0.1808,0.1017,144.4571,516.5714,261.7714,27.3364,200.5496,82.1675,5.00,3.00,2.00,0.0895,0.2261,0.0985,0,0.248043
17,0.1000,5.6000,47.7500,-31.3500,0.1913,0.3941,0.3106,0.4000,1.0000,-0.6000,-3.4917,2.8071,-1.3518,3.0833,2.0230,-1.5185,-0.2066,0.7397,-3.1690,-0.1492,0.0217,0.1058,144.4571,516.5714,261.7714,27.6336,203.5715,81.3046,5.00,3.00,2.00,0.0915,0.2330,0.0965,0,0.250008
17,0.1200,6.7200,48.3000,-31.6200,0.1932,0.3992,0.3067,0.4000,1.0000,-0.6000,-3.4300,2.8472,-1.3822,3.0833,1.9919,-1.5185,-0.0287,0.7224,-2.9474,-0.0528,-0.1024,0.0738,144.4571,516.5714,261.7714,27.9073,206.1979,80.2849,5.00,3.00,2.00,0.0933,0.2390,0.0941,0,0.251512
17,0.1400,7.8400,48.8500,-31.8900,0.1949,0.4034,0.3023,0.4000,1.0000,-0.6000,-3.3683,2.8867,-1.4126,3.0833,1.9553,-1.5185,0.0596,0.7398,-3.1509,-0.0295,0.0072,-0.0150,144.4571,516.5714,261.7714,28.1537,208.3700,79.1285,5.00,3.00,2.00,0.0950,0.2441,0.0914,0,0.252522
17,0.1600,8.9600,49.4000,-32.1600,0.1964,0.4066,0.2974,0.4000,1.0000,-0.6000,-3.3067,2.9254,-1.4430,3.0833,1.9133,-1.5185,0.0482,0.7274,-2.8919,-0.0335,-0.1001,0.1391,144.4571,516.5714,261.7714,28.3690,210.0390,77.8580,5.00,3.00,2.00,0.0964,0.2480,0.0885,0,0.253013
17,0.1800,10.0800,49.9500,-32.4300,0.1976,0.4088,0.2922,0.4000,1.0000,-0.6000,-3.2450,2.9632,-1.4733,3.0833,1.8661,-1.5185,0.0632,0.7242,-2.9664,-0.1010,-0.1877,0.0533,144.4571,516.5714,261.7714,28.5504,211.1673,76.4982,5.00,3.00,2.00,0.0977,0.2507,0.0854,0,0.252973
17,0.2000,11.2000,50.5000,-32.7000,0.1986,0.4099,0.2868,0.4000,1.0000,-0.6000,-3.1833,3.0000,-1.5037,3.0833,1.8138,-1.5185,-0.0386,0.7157,-3.0943,0.1060,-0.1286,-0.0341,144.4571,516.5714,261.7714,28.6951,211.7296,75.0757,5.00,3.00,2.00,0.0986,0.2520,0.0823,0,0.252400
17,0.2200,12.3200,51.0500,-32.9700,0.1994,0.4098,0.2812,0.4000,1.0000,-0.6000,-3.1217,3.0357,-1.5341,3.0833,1.7565,-1.5185,0.0325,0.7481,-3.1777,0.1110,-0.2340,-0.1235,144.4571,516.5714,261.7714,28.8010,211.7133,73.6184,5.00,3.00,2.00,0.0994,0.2520,0.0791,0,0.251306
17,0.2400,13.4400,51.6000,-33.2400,0.1998,0.4087,0.2756,0.4000,1.0000,-0.6000,-3.0600,3.0702,-1.5644,3.0833,1.6944,-1.5185,0.0361,0.7363,-3.1975,0.0580,-0.1895,-0.0981,144.4571,516.5714,261.7714,28.8668,211.1188,72.1548,5.00,3.00,2.00,0.0998,0.2505,0.0760,0,0.249712
17,0.2600,14.5600,52.1500,-33.5100,0.2000,0.4064,0.2701,0.4000,1.0000,-0.6000,-2.9983,3.1035,-1.5948,3.0833,1.6277,-1.5185,-0.2473,0.7252,-3.0279,-0.1212,-0.2474,0.0321,144.4571,516.5714,261.7714,28.8913,209.9594,70.7135,5.00,3.00,2.00,0.1000,0.2478,0.0730,0,0.247651
17,0.2800,15.6800,52.7000,-33.7800,0.1999,0.4032,0.2648,0.4000,1.0000,-0.6000,-2.9367,3.1353,-1.6252,3.0833,1.5564,-1.5185,0.0718,0.7389,-3.0838,-0.1114,-0.2353,-0.0492,144.4571,516.5714,261.7714,28.8742,208.2612,69.3228,5.00,3.00,2.00,0.0999,0.2438,0.0701,0,0.245167
17,0.3000,16.8000,53.2500,-34.0500,0.1995,0.3989,0.2598,0.4000,1.0000,-0.6000,-2.8750,3.1657,-1.6555,3.0833,1.4810,-1.5185,-0.2088,0.7221,-3.0827,-0.1410,-0.0540,-0.1311,144.4571,516.5714,261.7714,28.8159,206.0622,68.0098,5.00,3.00,2.00,0.0995,0.2387,0.0675,0,0.242310
17,0.3200,17.9200,53.8000,-34.3200,0.1988,0.3938,0.2552,0.4000,1.0000,-0.6000,-2.8133,3.1945,-1.6859,3.0833,1.4014,-1.5185,-0.1193,0.6954,-3.0490,0.0768,-0.0899,0.1165,144.4571,516.5714,261.7714,28.7171,203.4120,66.8003,5.00,3.00,2.00,0.0988,0.2326,0.0651,0,0.239143
17,0.3400,19.0400,54.3500,-34.5900,0.1978,0.3879,0.2511,0.4000,1.0000,-0.6000,-2.7517,3.2217,-1.7163,3.0833,1.3180,-1.5185,-0.1425,0.6925,-2.9968,0.0820,-0.0969,0.0686,144.4571,516.5714,261.7714,28.5792,200.3699,65.7178,5.00,3.00,2.00,0.0979,0.2257,0.0630,0,0.235734
17,0.3600,5.0400,54.9000,-34.8600,0.1966,0.3814,0.2475,0.1000,1.0000,-0.6000,-2.6900,3.2472,-1.7466,3.0833,1.2311,-1.5185,0.0623,0.7056,-3.0697,-0.0054,-0.2283,0.0360,36.1143,516.5714,261.7714,7.1011,197.0043,64.7837,5.00,3.00,2.00,0.0967,0.2182,0.0612,0,0.215111
17,0.3800,5.3200,55.4500,-35.1300,0.1952,0.3744,0.2445,0.1000,1.0000,-0.6000,-2.6283,3.2709,-1.7770,3.0833,1.1407,-1.5185,-0.2103,0.7245,-3.0509,0.0578,0.0128,0.0268,36.1143,516.5714,261.7714,7.0487,193.3909,64.0161,5.00,3.00,2.00,0.0952,0.2102,0.0598,0,0.211565
17,0.4000,5.6000,56.0000,-35.4000,0.1935,0.3671,0.2423,0.1000,1.0000,-0.6000,-2.5667,3.2928,-1.8074,3.0833,1.0472,-1.5185,-0.2594,0.7344,-2.8711,0.0696,-0.0483,0.0056,36.1143,516.5714,261.7714,6.9884,189.6106,63.4301,5.00,3.00,2.00,0.0936,0.2021,0.0587,0,0.208023
17,0.4200,5.8800,56.5500,-35.6700,0.1916,0.3596,0.2408,0.1000,1.0000,-0.6000,-2.5050,3.3128,-1.8378,3.0833,0.9508,-1.5185,-0.0076,0.7409,-3.1598,0.1349,-0.1759,-0.1165,36.1143,516.5714,261.7714,6.9212,185.7486,63.0372,5.00,3.00,2.00,0.0918,0.1939,0.0580,0,0.204566
17,0.4400,6.1600,57.1000,-22.0800,0.1896,0.3521,0.2401,0.1000,1.0000,0.8000,-2.4433,3.3308,-1.8681,3.0833,0.8519,-1.5185,-2.4433,2.7108,-1.8681,3.0833,0.8519,-1.5185,36.1143,516.5714,349.0286,6.8479,181.8914,83.7933,5.00,3.00,2.00,0.0899,0.1860,0.0576,1,0.218026
17,0.4600,6.4400,57.6500,-21.7200,0.1874,0.3448,0.2401,0.1000,1.0000,0.8000,-2.3817,3.3469,-1.8985,3.0833,0.7506,-1.5185,-2.3817,2.7269,-1.8985,3.0833,0.7506,-1.5185,36.1143,516.5714,349.0286,6.7695,178.1257,83.8097,5.00,3.00,2.00,0.0878,0.1784,0.0577,1,0.214964
17,0.4800,6.7200,58.2000,-21.3600,0.1852,0.3379,0.2410,0.1000,1.0000,0.8000,-2.3200,3.3608,-1.9289,3.0833,0.6472,-1.5185,-2.3200,2.7408,-1.9289,3.0833,0.6472,-1.5185,36.1143,516.5714,349.0286,6.6874,174.5360,84.0985,5.00,3.00,2.00,0.0857,0.1712,0.0581,1,0.212258
17,0.5000,7.0000,50.5000,-21.0000,0.1828,0.3314,0.2425,0.1000,0.4000,0.8000,-2.2583,3.3727,-1.9592,3.0833,0.5421,-1.5185,-2.2583,2.7527,-1.9592,3.0833,0.5421,-1.5185,36.1143,206.6286,349.0286,6.6025,68.4812,84.6540,5.00,3.00,2.00,0.0836,0.1648,0.0588,1,0.127790
17,0.5200,7.2800,50.7200,-20.6400,0.1804,0.3256,0.2449,0.1000,0.4000,0.8000,-2.1967,3.3825,-1.9896,3.0833,0.4354,-1.5185,-2.1967,2.7625,-1.9896,3.0833,0.4354,-1.5185,36.1143,206.6286,349.0286,6.5162,67.2807,85.4653,5.00,3.00,2.00,0.0814,0.1590,0.0600,1,0.127410
17,0.5400,7.5600,50.9400,-20.2800,0.1780,0.3206,0.2479,0.1000,0.4000,0.8000,-2.1350,3.3902,-2.0200,3.0833,0.3276,-1.5185,-2.1350,2.7702,-2.0200,3.0833,0.3276,-1.5185,36.1143,206.6286,349.0286,6.4296,66.2397,86.5166,5.00,3.00,2.00,0.0792,0.1542,0.0614,1,0.127349
17,0.5600,7.8400,51.1600,-19.9200,0.1757,0.3164,0.2515,0.1000,0.4000,0.8000,-2.0733,3.3956,-2.0503,3.0833,0.2189,-1.5185,-2.0733,2.7756,-2.0503,3.0833,0.2189,-1.5185,36.1143,206.6286,349.0286,6.3441,65.3817,87.7872,5.00,3.00,2.00,0.0771,0.1502,0.0633,1,0.127610
17,0.5800,8.1200,51.3800,-19.5600,0.1734,0.3132,0.2557,0.1000,0.4000,0.8000,-2.0117,3.3989,-2.0807,3.0833,0.1096,-1.5185,-2.0117,2.7789,-2.0807,3.0833,0.1096,-1.5185,36.1143,206.6286,349.0286,6.2608,64.7259,89.2524,5.00,3.00,2.00,0.0751,0.1472,0.0654,1,0.128191
17,0.6000,8.4000,51.6000,-19.2000,0.1711,0.3111,0.2604,0.1000,0.4000,0.8000,-1.9500,3.4000,-2.1111,3.0833,0.0000,-1.5185,-1.9500,2.7800,-2.1111,3.0833,0.0000,-1.5185,36.1143,206.6286,349.0286,6.1809,64.2870,90.8834,5.00,3.00,2.00,0.0732,0.1452,0.0678,1,0.129081
17,0.6200,8.6800,51.8200,-18.8400,0.1691,0.3101,0.2654,0.1000,0.4000,0.8000,-1.8883,3.3989,-2.1415,3.0833,-0.1096,-1.5185,-1.8883,2.7789,-2.1415,3.0833,-0.1096,-1.5185,36.1143,206.6286,349.0286,6.1057,64.0750,92.6484,5.00,3.00,2.00,0.0715,0.1442,0.0705,1,0.130263
17,0.6400,8.9600,52.0400,-18.4800,0.1671,0.3102,0.2708,0.1000,0.4000,0.8000,-1.8267,3.3956,-2.1718,3.0833,-0.2189,-1.5185,-1.8267,2.7756,-2.1718,3.0833,-0.2189,-1.5185,36.1143,206.6286,349.0286,6.0361,64.0945,94.5127,5.00,3.00,2.00,0.0698,0.1443,0.0733,1,0.131715
17,0.6600,9.2400,52.2600,-18.1200,0.1654,0.3114,0.2763,0.1000,0.4000,0.8000,-1.7650,3.3902,-2.2022,3.0833,-0.3276,-1.5185,-1.7650,2.7702,-2.2022,3.0833,-0.3276,-1.5185,36.1143,206.6286,349.0286,5.9733,64.3451,96.4400,5.00,3.00,2.00,0.0684,0.1455,0.0763,1,0.133407
17,0.6800,9.5200,52.4800,-17.7600,0.1639,0.3137,0.2819,0.1000,0.4000,0.8000,-1.7033,3.3825,-2.2326,3.0833,-0.4354,-1.5185,-1.7033,2.7625,-2.2326,3.0833,-0.4354,-1.5185,36.1143,206.6286,349.0286,5.9180,64.8213,98.3925,5.00,3.00,2.00,0.0671,0.1476,0.0795,1,0.135305
17,0.7000,9.8000,52.7000,-17.4000,0.1626,0.3171,0.2875,0.1000,0.4000,0.8000,-1.6417,3.3727,-2.2629,3.0833,-0.5421,-1.5185,-1.6417,2.7527,-2.2629,3.0833,-0.5421,-1.5185,36.1143,206.6286,349.0286,5.8710,65.5123,100.3319,5.00,3.00,2.00,0.0661,0.1508,0.0826,1,0.137372
17,0.7200,10.0800,52.9200,-17.0400,0.1615,0.3214,0.2929,0.1000,0.4000,0.8000,-1.5800,3.3608,-2.2933,3.0833,-0.6472,-1.5185,-1.5800,2.7408,-2.2933,3.0833,-0.6472,-1.5185,36.1143,206.6286,349.0286,5.8332,66.4025,102.2204,5.00,3.00,2.00,0.0652,0.1549,0.0858,1,0.139565
17,0.7400,10.3600,53.1400,-16.6800,0.1607,0.3265,0.2980,0.1000,0.4000,0.8000,-1.5183,3.3469,-2.3237,3.0833,-0.7506,-1.5185,-1.5183,2.7269,-2.3237,3.0833,-0.7506,-1.5185,36.1143,206.6286,349.0286,5.8049,67.4721,104.0211,5.00,3.00,2.00,0.0646,0.1599,0.0888,1,0.141838
17,0.7600,10.6400,53.3600,-16.3200,0.1602,0.3325,0.3028,0.1000,0.4000,0.8000,-1.4567,3.3308,-2.3540,3.0833,-0.8519,-1.5185,-1.4567,2.7108,-2.3540,3.0833,-0.8519,-1.5185,36.1143,206.6286,349.0286,5.7867,68.6969,105.6985,5.00,3.00,2.00,0.0642,0.1658,0.0917,1,0.144146
17,0.7800,10.9200,53.5800,-15.9600,0.1600,0.3390,0.3072,0.1000,0.4000,0.8000,-1.3950,3.3128,-2.3844,3.0833,-0.9508,-1.5185,-1.3950,2.6928,-2.3844,3.0833,-0.9508,-1.5185,36.1143,206.6286,349.0286,5.7787,70.0495,107.2200,5.00,3.00,2.00,0.0640,0.1724,0.0944,1,0.146439
17,0.8000,11.2000,53.8000,-15.6000,0.1601,0.3460,0.3110,0.1000,0.4000,0.8000,-1.3333,3.2928,-2.4148,3.0833,-1.0472,-1.5185,-1.3333,2.6728,-2.4148,3.0833,-1.0472,-1.5185,36.1143,206.6286,349.0286,5.7811,71.4995,108.5558,5.00,3.00,2.00,0.0641,0.1796,0.0967,1,0.148669
17,0.8200,11.4800,54.0200,-15.2400,0.1604,0.3534,0.3142,0.1000,0.4000,0.8000,-1.2717,3.2709,-2.4451,3.0833,-1.1407,-1.5185,-1.2717,2.6509,-2.4451,3.0833,-1.1407,-1.5185,36.1143,206.6286,349.0286,5.7938,73.0144,109.6797,5.00,3.00,2.00,0.0643,0.1873,0.0987,1,0.150790
17,0.8400,11.7600,54.2400,-14.8800,0.1611,0.3608,0.3168,0.1000,0.4000,0.8000,-1.2100,3.2472,-2.4755,3.0833,-1.2311,-1.5185,-1.2100,2.6272,-2.4755,3.0833,-1.2311,-1.5185,36.1143,206.6286,349.0286,5.8167,74.5600,110.5697,5.00,3.00,2.00,0.0649,0.1953,0.1004,1,0.152757
17,0.8600,12.0400,54.4600,-14.5200,0.1620,0.3683,0.3186,0.1000,0.4000,0.8000,-1.1483,3.2217,-2.5059,3.0833,-1.3180,-1.5185,-1.1483,2.6017,-2.5059,3.0833,-1.3180,-1.5185,36.1143,206.6286,349.0286,5.8494,76.1017,111.2084,5.00,3.00,2.00,0.0656,0.2035,0.1015,1,0.154528
17,0.8800,12.3200,54.6800,-14.1600,0.1631,0.3756,0.3197,0.1000,0.4000,0.8000,-1.0867,3.1945,-2.5363,3.0833,-1.4014,-1.5185,-1.0867,2.5745,-2.5363,3.0833,-1.4014,-1.5185,36.1143,206.6286,349.0286,5.8915,77.6050,111.5833,5.00,3.00,2.00,0.0665,0.2116,0.1022,1,0.156064
17,0.9000,0.0000,54.9000,-13.8000,0.0100,0.3825,0.3200,0.0000,0.4000,0.8000,-1.0250,3.1657,-2.5666,3.0833,-1.4810,-1.5185,-1.0250,2.5457,-2.5666,3.0833,-1.4810,-1.5185,0.0000,206.6286,349.0286,0.0000,79.0359,111.6872,5.00,3.00,2.00,0.0003,0.2195,0.1024,1,0.152578
17,0.9200,0.0000,55.1200,-13.4400,0.0100,0.3889,0.3195,0.0000,0.4000,0.8000,-0.9633,3.1353,-2.5970,3.0833,-1.5564,-1.5185,-0.9633,2.5153,-2.5970,3.0833,-1.5564,-1.5185,0.0000,206.6286,349.0286,0.0000,80.3624,111.5178,5.00,3.00,2.00,0.0003,0.2269,0.1021,1,0.153504
17,0.9400,0.0000,55.3400,-13.0800,0.0100,0.3947,0.3183,0.0000,0.4000,0.8000,-0.9017,3.1035,-2.6274,3.0833,-1.6277,-1.5185,-0.9017,2.4835,-2.6274,3.0833,-1.6277,-1.5185,0.0000,206.6286,349.0286,0.0000,81.5547,111.0787,5.00,3.00,2.00,0.0003,0.2337,0.1013,1,0.154107
17,0.9600,0.0000,55.5600,-30.0000,0.0100,0.3997,0.0200,0.0000,0.4000,0.0000,-0.8400,3.0702,-2.6577,3.0833,-1.6944,-1.5185,-0.8400,2.4502,-2.6577,3.0833,-1.6944,-1.5185,0.0000,206.6286,0.0000,0.0000,82.5860,0.0000,5.00,3.00,2.00,0.0003,0.2396,0.0004,1,0.066069
17,0.9800,0.0000,55.7800,-30.0000,0.0100,0.4038,0.0200,0.0000,0.4000,0.0000,-0.7783,3.0357,-2.6881,3.0833,-1.7565,-1.5185,-0.7783,2.4157,-2.6881,3.0833,-1.7565,-1.5185,0.0000,206.6286,0.0000,0.0000,83.4332,0.0000,5.00,3.00,2.00,0.0003,0.2446,0.0004,1,0.066747
17,1.0000,0.0000,45.0000,-30.0000,0.0100,0.0200,0.0200,0.0000,0.0000,0.0000,-0.7167,3.0000,-2.7185,3.0833,-1.8138,-1.5185,-0.7167,2.3800,-2.7185,3.0833,-1.8138,-1.5185,0.0000,0.0000,0.0000,0.0000,0.0000,0.0000,5.00,3.00,2.00,0.0003,0.0006,0.0004,1,0.000000
17,1.0200,0.0000,45.0000,-30.0000,0.0100,0.0200,0.0200,0.0000,0.0000,0.0000,-0.6550,2.9632,-2.7488,3.0833,-1.8661,-1.5185,-0.6550,2.3432,-2.7488,3.0833,-1.8661,-1.5185,0.0000,0.0000,0.0000,0.0000,0.0000,0.0000,5.00,3.00,2.00,0.0003,0.0006,0.0004,1,0.000000
17,1.0400,0.0000,45.0000,-30.0000,0.0100,0.0200,0.0200,0.0000,0.0000,0.0000,-0.5933,2.9254,-2.7792,3.0833,-1.9133,-1.5185,-0.5933,2.3054,-2.7792,3.0833,-1.9133,-1.5185,0.0000,0.0000,0.0000,0.0000,0.0000,0.0000,5.00,3.00,2.00,0.0003,0.0006,0.0004,1,0.000000
17,1.0600,0.0000,45.0000,-30.0000,0.0100,0.0200,0.0200,0.0000,0.0000,0.0000,-0.5317,2.8867,-2.8096,3.0833,-1.9553,-1.5185,-0.5317,2.2667,-2.8096,3.0833,-1.9553,-1.5185,0.0000,0.0000,0.0000,0.0000,0.0000,0.0000,5.00,3.00,2.00,0.0003,0.0006,0.0004,1,0.000000
17,1.0800,0.0000,45.0000,-30.0000,0.0100,0.0200,0.0200,0.0000,0.0000,0.0000,-0.4700,2.8472,-2.8399,3.0833,-1.9919,-1.5185,-0.4700,2.2272,-2.8399,3.0833,-1.9919,-1.5185,0.0000,0.0000,0.0000,0.0000,0.0000,0.0000,5.00,3.00,2.00,0.0003,0.0006,0.0004,1,0.000000
17,1.1000,0.0000,45.0000,-30.0000,0.0100,0.0200,0.0200,0.0000,0.0000,0.0000,-0.4083,2.8071,-2.8703,3.0833,-2.0230,-1.5185,-0.4083,2.1871,-2.8703,3.0833,-2.0230,-1.5185,0.0000,0.0000,0.0000,0.0000,0.0000,0.0000,5.00,3.00,2.00,0.0003,0.0006,0.0004,1,0.000000
17,1.1200,0.0000,45.0000,-30.0000,0.0100,0.0200,0.0200,0.0000,0.0000,0.0000,-0.3467,2.7663,-2.9007,3.0833,-2.0486,-1.5185,-0.3467,2.1463,-2.9007,3.0833,-2.0486,-1.5185,0.0000,0.0000,0.0000,0.0000,0.0000,0.0000,5.00,3.00,2.00,0.0003,0.0006,0.0004,1,0.000000
17,1.1400,0.0000,45.0000,-30.0000,0.0100,0.0200,0.0200,0.0000,0.0000,0.0000,-0.2850,2.7251,-2.9311,3.0833,-2.0686,-1.5185,-0.0158,0.7106,-3.1739,0.0271,-0.0338,0.1323,0.0000,0.0000,0.0000,0.0000,0.0000,0.0000,5.00,3.00,2.00,0.0003,0.0006,0.0004,0,0.000000
17,1.1600,0.0000,45.0000,-30.0000,0.0100,0.0200,0.0200,0.0000,0.0000,0.0000,-0.2233,2.6836,-2.9614,3.0833,-2.0829,-1.5185,-0.2484,0.7042,-3.0845,0.0267,-0.1748,0.0771,0.0000,0.0000,0.0000,0.0000,0.0000,0.0000,5.00,3.00,2.00,0.0003,0.0006,0.0004,0,0.000000
17,1.1800,0.0000,45.0000,-30.0000,0.0100,0.0200,0.0200,0.0000,0.0000,0.0000,-0.1617,2.6419,-2.9918,3.0833,-2.0915,-1.5185,0.0404,0.7308,-3.0335,0.0529,0.0008,-0.1054,0.0000,0.0000,0.0000,0.0000,0.0000,0.0000,5.00,3.00,2.00,0.0003,0.0006,0.0004,0,0.000000
17,1.2000,0.0000,45.0000,-30.0000,0.0100,0.0200,0.0200,0.0000,0.0000,0.0000,-0.1000,2.6000,-3.0222,0.0000,0.0000,0.0000,-0.0600,0.7318,-3.1022,0.0785,-0.0314,0.0686,0.0000,0.0000,0.0000,0.0000,0.0000,0.0000,5.00,3.00,2.00,0.0003,0.0006,0.0004,0,0.000000
17,1.2200,0.0000,45.0000,-30.0000,0.0100,0.0200,0.0200,0.0000,0.0000,0.0000,-0.1000,2.6000,-3.0222,0.0000,0.0000,0.0000,0.0219,0.7265,-3.0561,-0.0971,-0.1769,0.0352,0.0000,0.0000,0.0000,0.0000,0.0000,0.0000,5.00,3.00,2.00,0.0003,0.0006,0.0004,0,0.000000
17,1.2400,0.0000,45.0000,-30.0000,0.0100,0.0200,0.0200,0.0000,0.0000,0.0000,-0.1000,2.6000,-3.0222,0.0000,0.0000,0.0000,-0.0733,0.7000,-3.1390,-0.0488,-0.0198,0.0475,0.0000,0.0000,0.0000,0.0000,0.0000,0.0000,5.00,3.00,2.00,0.0003,0.0006,0.0004,0,0.000000
17,1.2600,0.0000,45.0000,-30.0000,0.0100,0.0200,0.0200,0.0000,0.0000,0.0000,-0.1000,2.6000,-3.0222,0.0000,0.0000,0.0000,-0.0854,0.7236,-2.9428,-0.0086,-0.0324,0.0315,0.0000,0.0000,0.0000,0.0000,0.0000,0.0000,5.00,3.00,2.00,0.0003,0.0006,0.0004,0,0.000000
17,1.2800,0.0000,45.0000,-30.0000,0.0100,0.0200,0.0200,0.0000,0.0000,0.0000,-0.1000,2.6000,-3.0222,0.0000,0.0000,0.0000,-0.1432,0.7186,-3.0098,-0.0615,-0.0116,0.0761,0.0000,0.0000,0.0000,0.0000,0.0000,0.0000,5.00,3.00,2.00,0.0003,0.0006,0.0004,0,0.000000
17,1.3000,0.0000,45.0000,-30.0000,0.0100,0.0200,0.0200,0.0000,0.0000,0.0000,-0.1000,2.6000,-3.0222,0.0000,0.0000,0.0000,-0.1799,0.7063,-3.1101,-0.0691,-0.0790,-0.0010,0.0000,0.0000,0.0000,0.0000,0.0000,0.0000,5.00,3.00,2.00,0.0003,0.0006,0.0004,0,0.000000
17,1.3200,0.0000,45.0000,-30.0000,0.0100,0.0200,0.0200,0.0000,0.0000,0.0000,-0.1000,2.6000,-3.0222,0.0000,0.0000,0.0000,-0.0364,0.7310,-3.0004,-0.0320,-0.0275,-0.0581,0.0000,0.0000,0.0000,0.0000,0.0000,0.0000,5.00,3.00,2.00,0.0003,0.0006,0.0004,0,0.000000
17,1.3400,0.0000,45.0000,-30.0000,0.0100,0.0200,0.0200,0.0000,0.0000,0.0000,-0.1000,2.6000,-3.0222,0.0000,0.0000,0.0000,-0.0863,0.7313,-3.0660,0.0167,0.0182,-0.0377,0.0000,0.0000,0.0000,0.0000,0.0000,0.0000,5.00,3.00,2.00,0.0003,0.0006,0.0004,0,0.000000
17,1.3600,0.0000,45.0000,-30.0000,0.0100,0.0200,0.0200,0.0000,0.0000,0.0000,-0.1000,2.6000,-3.0222,0.0000,0.0000,0.0000,-0.0669,0.7242,-2.9644,0.0225,-0.0688,-0.0262,0.0000,0.0000,0.0000,0.0000,0.0000,0.0000,5.00,3.00,2.00,0.0003,0.0006,0.0004,0,0.000000
17,1.3800,0.0000,45.0000,-30.0000,0.0100,0.0200,0.0200,0.0000,0.0000,0.0000,-0.1000,2.6000,-3.0222,0.0000,0.0000,0.0000,-0.1282,0.7148,-3.0624,0.0035,-0.0234,-0.0215,0.0000,0.0000,0.0000,0.0000,0.0000,0.0000,5.00,3.00,2.00,0.0003,0.0006,0.0004,0,0.000000
17,1.4000,0.0000,45.0000,-30.0000,0.0100,0.0200,0.0200,0.0000,0.0000,0.0000,-0.1000,2.6000,-3.0222,0.0000,0.0000,0.0000,-0.1214,0.7245,-2.9913,-0.0058,0.0108,0.0315,0.0000,0.0000,0.0000,0.0000,0.0000,0.0000,5.00,3.00,2.00,0.0003,0.0006,0.0004,0,0.000000
17,1.4200,0.0000,45.0000,-30.0000,0.0100,0.0200,0.0200,0.0000,0.0000,0.0000,-0.1000,2.6000,-3.0222,0.0000,0.0000,0.0000,-0.0909,0.7207,-3.0105,0.0010,-0.0237,0.0162,0.0000,0.0000,0.0000,0.0000,0.0000,0.0000,5.00,3.00,2.00,0.0003,0.0006,0.0004,0,0.000000
17,1.4400,0.0000,45.0000,-30.0000,0.0100,0.0200,0.0200,0.0000,0.0000,0.0000,-0.1000,2.6000,-3.0222,0.0000,0.0000,0.0000,-0.1159,0.7187,-3.0033,0.0099,0.0007,0.0057,0.0000,0.0000,0.0000,0.0000,0.0000,0.0000,5.00,3.00,2.00,0.0003,0.0006,0.0004,0,0.000000
17,1.4600,0.0000,45.0000,-30.0000,0.0100,0.0200,0.0200,0.0000,0.0000,0.0000,-0.1000,2.6000,-3.0222,0.0000,0.0000,0.0000,-0.1003,0.7205,-3.0228,-0.0019,-0.0080,-0.0075,0.0000,0.0000,0.0000,0.0000,0.0000,0.0000,5.00,3.00,2.00,0.0003,0.0006,0.0004,0,0.000000
17,1.4800,0.0000,45.0000,-30.0000,0.0100,0.0200,0.0200,0.0000,0.0000,0.0000,-0.1000,2.6000,-3.0222,0.0000,0.0000,0.0000,-0.1000,0.7200,-3.0222,0.0000,0.0000,0.0000,0.0000,0.0000,0.0000,0.0000,0.0000,0.0000,5.00,3.00,2.00,0.0003,0.0006,0.0004,0,0.000000
17,1.5000,0.0000,45.0000,-30.0000,0.0100,0.0200,0.0200,0.0000,0.0000,0.0000,-0.1000,2.6000,-3.0222,0.0000,0.0000,0.0000,-0.0979,0.7205,-3.0193,0.0018,0.0134,-0.0048,0.0000,0.0000,0.0000,0.0000,0.0000,0.0000,5.00,3.00,2.00,0.0003,0.0006,0.0004,0,0.000000
18,0.0200,1.1200,45.5500,-30.2700,0.1824,0.3675,0.3196,0.4000,1.0000,-0.6000,-3.7350,2.6419,-1.2428,3.2500,2.0915,-2.1417,-0.0159,0.7011,-3.5941,-0.0855,0.0476,-0.0248,143.5429,513.4286,260.2286,26.1814,188.6706,83.1713,5.00,3.00,2.00,0.0832,0.2026,0.1021,0,0.238419
18,0.0400,2.2400,46.1000,-30.5400,0.1848,0.3748,0.3184,0.4000,1.0000,-0.6000,-3.6700,2.6836,-1.2857,3.2500,2.0829,-2.1417,0.0937,0.7053,-3.8229,-0.1026,-0.0630,0.1016,143.5429,513.4286,260.2286,26.5201,192.4207,82.8678,5.00,3.00,2.00,0.0853,0.2107,0.1014,0,0.241447
18,0.0600,3.3600,46.6500,-30.8100,0.1870,0.3817,0.3165,0.4000,1.0000,-0.6000,-3.6050,2.7251,-1.3285,3.2500,2.0686,-2.1417,0.0162,0.7153,-3.8298,-0.0224,-0.2329,0.1235,143.5429,513.4286,260.2286,26.8490,196.0005,82.3685,5.00,3.00,2.00,0.0875,0.2186,0.1002,0,0.244174
18,0.0800,4.4800,47.2000,-31.0800,0.1892,0.3882,0.3139,0.4000,1.0000,-0.6000,-3.5400,2.7663,-1.3713,3.2500,2.0486,-2.1417,0.1984,0.7408,-3.7762,0.1002,-0.1186,0.0493,143.5429,513.4286,260.2286,27.1634,199.3295,81.6832,5.00,3.00,2.00,0.0895,0.2261,0.0985,0,0.246541
18,0.1000,5.6000,47.7500,-31.3500,0.1913,0.3941,0.3106,0.4000,1.0000,-0.6000,-3.4750,2.8071,-1.4142,3.2500,2.0230,-2.1417,-0.0539,0.7427,-3.6799,0.0232,-0.2127,-0.1491,143.5429,513.4286,260.2286,27.4587,202.3329,80.8254,5.00,3.00,2.00,0.0915,0.2330,0.0965,0,0.248494
18,0.1200,6.7200,48.3000,-31.6200,0.1932,0.3992,0.3067,0.4000,1.0000,-0.6000,-3.4100,2.8472,-1.4570,3.2500,1.9919,-2.1417,0.0872,0.7324,-3.8495,-0.0954,-0.0645,0.0513,143.5429,513.4286,260.2286,27.7307,204.9434,79.8117,5.00,3.00,2.00,0.0933,0.2390,0.0941,0,0.249989
18,0.1400,7.8400,48.8500,-31.8900,0.1949,0.4034,0.3023,0.4000,1.0000,-0.6000,-3.3450,2.8867,-1.4998,3.2500,1.9553,-2.1417,0.1659,0.7062,-3.7165,-0.1347,0.0208,-0.1202,143.5429,513.4286,260.2286,27.9755,207.1023,78.6621,5.00,3.00,2.00,0.0950,0.2441,0.0914,0,0.250992
18,0.1600,8.9600,49.4000,-32.1600,0.1964,0.4066,0.2974,0.4000,1.0000,-0.6000,-3.2800,2.9254,-1.5427,3.2500,1.9133,-2.1417,0.1715,0.7390,-3.6952,-0.1318,-0.0983,-0.0299,143.5429,513.4286,260.2286,28.1895,208.7611,77.3991,5.00,3.00,2.00,0.0964,0.2480,0.0885,0,0.251480
18,0.1800,10.0800,49.9500,-32.4300,0.1976,0.4088,0.2922,0.4000,1.0000,-0.6000,-3.2150,2.9632,-1.5855,3.2500,1.8661,-2.1417,0.2018,0.7482,-3.8427,-0.0158,-0.0636,-0.0959,143.5429,513.4286,260.2286,28.3697,209.8825,76.0473,5.00,3.00,2.00,0.0977,0.2507,0.0854,0,0.251440
18,0.2000,11.2000,50.5000,-32.7000,0.1986,0.4099,0.2868,0.4000,1.0000,-0.6000,-3.1500,3.0000,-1.6283,3.2500,1.8138,-2.1417,0.0302,0.7106,-3.6813,-0.0526,-0.2073,-0.1159,143.5429,513.4286,260.2286,28.5135,210.4414,74.6332,5.00,3.00,2.00,0.0986,0.2520,0.0823,0,0.250870
18,0.2200,12.3200,51.0500,-32.9700,0.1994,0.4098,0.2812,0.4000,1.0000,-0.6000,-3.0850,3.0357,-1.6712,3.2500,1.7565,-2.1417,0.1601,0.7443,-3.9028,-0.0449,-0.0419,0.1250,143.5429,513.4286,260.2286,28.6188,210.4252,73.1845,5.00,3.00,2.00,0.0994,0.2520,0.0791,0,0.249783
18,0.2400,13.4400,51.6000,-33.2400,0.1998,0.4087,0.2756,0.4000,1.0000,-0.6000,-3.0200,3.0702,-1.7140,3.2500,1.6944,-2.1417,0.1213,0.6951,-3.6610,0.0489,-0.0273,0.0861,143.5429,513.4286,260.2286,28.6840,209.8343,71.7295,5.00,3.00,2.00,0.0998,0.2505,0.0760,0,0.248198
18,0.2600,14.5600,52.1500,-33.5100,0.2000,0.4064,0.2701,0.4000,1.0000,-0.6000,-2.9550,3.1035,-1.7569,3.2500,1.6277,-2.1417,0.0145,0.7333,-3.6101,-0.0349,-0.2093,0.0363,143.5429,513.4286,260.2286,28.7084,208.6820,70.2968,5.00,3.00,2.00,0.1000,0.2478,0.0730,0,0.246150
18,0.2800,15.6800,52.7000,-33.7800,0.1999,0.4032,0.2648,0.4000,1.0000,-0.6000,-2.8900,3.1353,-1.7997,3.2500,1.5564,-2.1417,0.2642,0.6907,-3.8160,-0.0449,-0.0117,-0.1037,143.5429,513.4286,260.2286,28.6915,206.9941,68.9142,5.00,3.00,2.00,0.0999,0.2438,0.0701,0,0.243680
18,0.3000,16.8000,53.2500,-34.0500,0.1995,0.3989,0.2598,0.4000,1.0000,-0.6000,-2.8250,3.1657,-1.8425,3.2500,1.4810,-2.1417,0.1737,0.6910,-3.9194,-0.1203,0.0128,-0.0677,143.5429,513.4286,260.2286,28.6335,204.8085,67.6090,5.00,3.00,2.00,0.0995,0.2387,0.0675,0,0.240841
18,0.3200,17.9200,53.8000,-34.3200,0.1988,0.3938,0.2552,0.4000,1.0000,-0.6000,-2.7600,3.1945,-1.8854,3.2500,1.4014,-2.1417,0.2528,0.7115,-3.9042,0.0105,-0.1348,0.1493,143.5429,513.4286,260.2286,28.5353,202.1744,66.4066,5.00,3.00,2.00,0.0988,0.2326,0.0651,0,0.237693
18,0.3400,19.0400,54.3500,-34.5900,0.1978,0.3879,0.2511,0.4000,1.0000,-0.6000,-2.6950,3.2217,-1.9282,3.2500,1.3180,-2.1417,0.2685,0.7109,-3.9057,0.0874,-0.0995,-0.0238,143.5429,513.4286,260.2286,28.3983,199.1508,65.3305,5.00,3.00,2.00,0.0979,0.2257,0.0630,0,0.234304
18,0.3600,5.0400,54.9000,-34.8600,0.1966,0.3814,0.2475,0.1000,1.0000,-0.6000,-2.6300,3.2472,-1.9710,3.2500,1.2311,-2.1417,0.1350,0.6972,-3.8680,0.0034,-0.1946,0.1197,35.8857,513.4286,260.2286,7.0561,195.8057,64.4019,5.00,3.00,2.00,0.0967,0.2182,0.0612,0,0.213811
18,0.3800,5.3200,55.4500,-35.1300,0.1952,0.3744,0.2445,0.1000,1.0000,-0.6000,-2.5650,3.2709,-2.0139,3.2500,1.1407,-2.1417,0.0049,0.7453,-3.8750,-0.1123,-0.1395,-0.1108,35.8857,513.4286,260.2286,7.0041,192.2143,63.6388,5.00,3.00,2.00,0.0952,0.2102,0.0598,0,0.210286
18,0.4000,5.6000,56.0000,-35.4000,0.1935,0.3671,0.2423,0.1000,1.0000,-0.6000,-2.5000,3.2928,-2.0567,3.2500,1.0472,-2.1417,0.1869,0.7090,-3.9102,0.1431,-0.0563,0.0530,35.8857,513.4286,260.2286,6.9442,188.4570,63.0563,5.00,3.00,2.00,0.0936,0.2021,0.0587,0,0.206766
18,0.4200,5.8800,56.5500,-35.6700,0.1916,0.3596,0.2408,0.1000,1.0000,-0.6000,-2.4350,3.3128,-2.0995,3.2500,0.9508,-2.1417,0.2193,0.7176,-3.8748,0.0086,-0.0284,-0.0348,35.8857,513.4286,260.2286,6.8774,184.6185,62.6657,5.00,3.00,2.00,0.0918,0.1939,0.0580,0,0.203329
18,0.4400,6.1600,57.1000,-22.0800,0.1896,0.3521,0.2401,0.1000,1.0000,0.8000,-2.3700,3.3308,-2.1424,3.2500,0.8519,-2.1417,-2.3700,2.7108,-2.1424,3.2500,0.8519,-2.1417,35.8857,513.4286,346.9714,6.8045,180.7847,83.2995,5.00,3.00,2.00,0.0899,0.1860,0.0576,1,0.216711
18,0.4600,6.4400,57.6500,-21.7200,0.1874,0.3448,0.2401,0.1000,1.0000,0.8000,-2.3050,3.3469,-2.1852,3.2500,0.7506,-2.1417,-2.3050,2.7269,-2.1852,3.2500,0.7506,-2.1417,35.8857,513.4286,346.9714,6.7267,177.0419,83.3158,5.00,3.00,2.00,0.0878,0.1784,0.0577,1,0.213668
18,0.4800,6.7200,58.2000,-21.3600,0.1852,0.3379,0.2410,0.1000,1.0000,0.8000,-2.2400,3.3608,-2.2280,3.2500,0.6472,-2.1417,-2.2400,2.7408,-2.2280,3.2500,0.6472,-2.1417,35.8857,513.4286,346.9714,6.6450,173.4742,83.6029,5.00,3.00,2.00,0.0857,0.1712,0.0581,1,0.210978
18,0.5000,7.0000,50.5000,-21.0000,0.1828,0.3314,0.2425,0.1000,0.4000,0.8000,-2.1750,3.3727,-2.2709,3.2500,0.5421,-2.1417,-2.1750,2.7527,-2.2709,3.2500,0.5421,-2.1417,35.8857,205.3714,346.9714,6.5607,68.0646,84.1551,5.00,3.00,2.00,0.0836,0.1648,0.0588,1,0.127024
18,0.5200,7.2800,50.7200,-20.6400,0.1804,0.3256,0.2449,0.1000,0.4000,0.8000,-2.1100,3.3825,-2.3137,3.2500,0.4354,-2.1417,-2.1100,2.7625,-2.3137,3.2500,0.4354,-2.1417,35.8857,205.3714,346.9714,6.4749,66.8713,84.9616,5.00,3.00,2.00,0.0814,0.1590,0.0600,1,0.126646
18,0.5400,7.5600,50.9400,-20.2800,0.1780,0.3206,0.2479,0.1000,0.4000,0.8000,-2.0450,3.3902,-2.3565,3.2500,0.3276,-2.1417,-2.0450,2.7702,-2.3565,3.2500,0.3276,-2.1417,35.8857,205.3714,346.9714,6.3889,65.8367,86.0066,5.00,3.00,2.00,0.0792,0.1542,0.0614,1,0.126586
18,0.5600,7.8400,51.1600,-19.9200,0.1757,0.3164,0.2515,0.1000,0.4000,0.8000,-1.9800,3.3956,-2.3994,3.2500,0.2189,-2.1417,-1.9800,2.7756,-2.3994,3.2500,0.2189,-2.1417,35.8857,205.3714,346.9714,6.3039,64.9839,87.2698,5.00,3.00,2.00,0.0771,0.1502,0.0633,1,0.126846
18,0.5800,8.1200,51.3800,-19.5600,0.1734,0.3132,0.2557,0.1000,0.4000,0.8000,-1.9150,3.3989,-2.4422,3.2500,0.1096,-2.1417,-1.9150,2.7789,-2.4422,3.2500,0.1096,-2.1417,35.8857,205.3714,346.9714,6.2212,64.3321,88.7263,5.00,3.00,2.00,0.0751,0.1472,0.0654,1,0.127424
18,0.6000,8.4000,51.6000,-19.2000,0.1711,0.3111,0.2604,0.1000,0.4000,0.8000,-1.8500,3.4000,-2.4850,3.2500,0.0000,-2.1417,-1.8500,2.7800,-2.4850,3.2500,0.0000,-2.1417,35.8857,205.3714,346.9714,6.1418,63.8959,90.3477,5.00,3.00,2.00,0.0732,0.1452,0.0678,1,0.128308
18,0.6200,8.6800,51.8200,-18.8400,0.1691,0.3101,0.2654,0.1000,0.4000,0.8000,-1.7850,3.3989,-2.5279,3.2500,-0.1096,-2.1417,-1.7850,2.7789,-2.5279,3.2500,-0.1096,-2.1417,35.8857,205.3714,346.9714,6.0671,63.6851,92.1023,5.00,3.00,2.00,0.0715,0.1442,0.0705,1,0.129484
18,0.6400,8.9600,52.0400,-18.4800,0.1671,0.3102,0.2708,0.1000,0.4000,0.8000,-1.7200,3.3956,-2.5707,3.2500,-0.2189,-2.1417,-1.7200,2.7756,-2.5707,3.2500,-0.2189,-2.1417,35.8857,205.3714,346.9714,5.9979,63.7045,93.9557,5.00,3.00,2.00,0.0698,0.1443,0.0733,1,0.130926
18,0.6600,9.2400,52.2600,-18.1200,0.1654,0.3114,0.2763,0.1000,0.4000,0.8000,-1.6550,3.3902,-2.6135,3.2500,-0.3276,-2.1417,-1.6550,2.7702,-2.6135,3.2500,-0.3276,-2.1417,35.8857,205.3714,346.9714,5.9355,63.9537,95.8716,5.00,3.00,2.00,0.0684,0.1455,0.0763,1,0.132609
18,0.6800,9.5200,52.4800,-17.7600,0.1639,0.3137,0.2819,0.1000,0.4000,0.8000,-1.5900,3.3825,-2.6564,3.2500,-0.4354,-2.1417,-1.5900,2.7625,-2.6564,3.2500,-0.4354,-2.1417,35.8857,205.3714,346.9714,5.8805,64.4269,97.8125,5.00,3.00,2.00,0.0671,0.1476,0.0795,1,0.134496
18,0.7000,9.8000,52.7000,-17.4000,0.1626,0.3171,0.2875,0.1000,0.4000,0.8000,-1.5250,3.3727,-2.6992,3.2500,-0.5421,-2.1417,-1.5250,2.7527,-2.6992,3.2500,-0.5421,-2.1417,35.8857,205.3714,346.9714,5.8339,65.1137,99.7406,5.00,3.00,2.00,0.0661,0.1508,0.0826,1,0.136551
18,0.7200,10.0800,52.9200,-17.0400,0.1615,0.3214,0.2929,0.1000,0.4000,0.8000,-1.4600,3.3608,-2.7420,3.2500,-0.6472,-2.1417,-1.4600,2.7408,-2.7420,3.2500,-0.6472,-2.1417,35.8857,205.3714,346.9714,5.7963,65.9985,101.6180,5.00,3.00,2.00,0.0652,0.1549,0.0858,1,0.138730
18,0.7400,10.3600,53.1400,-16.6800,0.1607,0.3265,0.2980,0.1000,0.4000,0.8000,-1.3950,3.3469,-2.7849,3.2500,-0.7506,-2.1417,-1.3950,2.7269,-2.7849,3.2500,-0.7506,-2.1417,35.8857,205.3714,346.9714,5.7682,67.0616,103.4080,5.00,3.00,2.00,0.0646,0.1599,0.0888,1,0.140990
18,0.7600,10.6400,53.3600,-16.3200,0.1602,0.3325,0.3028,0.1000,0.4000,0.8000,-1.3300,3.3308,-2.8277,3.2500,-0.8519,-2.1417,-1.3300,2.7108,-2.8277,3.2500,-0.8519,-2.1417,35.8857,205.3714,346.9714,5.7500,68.2790,105.0755,5.00,3.00,2.00,0.0642,0.1658,0.0917,1,0.143284
18,0.7800,10.9200,53.5800,-15.9600,0.1600,0.3390,0.3072,0.1000,0.4000,0.8000,-1.2650,3.3128,-2.8706,3.2500,-0.9508,-2.1417,-1.2650,2.6928,-2.8706,3.2500,-0.9508,-2.1417,35.8857,205.3714,346.9714,5.7421,69.6233,106.5881,5.00,3.00,2.00,0.0640,0.1724,0.0944,1,0.145563
18,0.8000,11.2000,53.8000,-15.6000,0.1601,0.3460,0.3110,0.1000,0.4000,0.8000,-1.2000,3.2928,-2.9134,3.2500,-1.0472,-2.1417,-1.2000,2.6728,-2.9134,3.2500,-1.0472,-2.1417,35.8857,205.3714,346.9714,5.7445,71.0645,107.9160,5.00,3.00,2.00,0.0641,0.1796,0.0967,1,0.147780
18,0.8200,11.4800,54.0200,-15.2400,0.1604,0.3534,0.3142,0.1000,0.4000,0.8000,-1.1350,3.2709,-2.9562,3.2500,-1.1407,-2.1417,-1.1350,2.6509,-2.9562,3.2500,-1.1407,-2.1417,35.8857,205.3714,346.9714,5.7571,72.5701,109.0332,5.00,3.00,2.00,0.0643,0.1873,0.0987,1,0.149888
18,0.8400,11.7600,54.2400,-14.8800,0.1611,0.3608,0.3168,0.1000,0.4000,0.8000,-1.0700,3.2472,-2.9991,3.2500,-1.2311,-2.1417,-1.0700,2.6272,-2.9991,3.2500,-1.2311,-2.1417,35.8857,205.3714,346.9714,5.7799,74.1064,109.9180,5.00,3.00,2.00,0.0649,0.1953,0.1004,1,0.151843
18,0.8600,12.0400,54.4600,-14.5200,0.1620,0.3683,0.3186,0.1000,0.4000,0.8000,-1.0050,3.2217,-3.0419,3.2500,-1.3180,-2.1417,-1.0050,2.6017,-3.0419,3.2500,-1.3180,-2.1417,35.8857,205.3714,346.9714,5.8124,75.6387,110.5530,5.00,3.00,2.00,0.0656,0.2035,0.1015,1,0.153603
18,0.8800,12.3200,54.6800,-14.1600,0.1631,0.3756,0.3197,0.1000,0.4000,0.8000,-0.9400,3.1945,-3.0847,3.2500,-1.4014,-2.1417,-0.9400,2.5745,-3.0847,3.2500,-1.4014,-2.1417,35.8857,205.3714,346.9714,5.8543,77.1328,110.9257,5.00,3.00,2.00,0.0665,0.2116,0.1022,1,0.155130
18,0.9000,0.0000,54.9000,-13.8000,0.0100,0.3825,0.3200,0.0000,0.4000,0.8000,-0.8750,3.1657,-3.1276,3.2500,-1.4810,-2.1417,-0.8750,2.5457,-3.1276,3.2500,-1.4810,-2.1417,0.0000,205.3714,346.9714,0.0000,78.5550,111.0289,5.00,3.00,2.00,0.0003,0.2195,0.1024,1,0.151667
18,0.9200,0.0000,55.1200,-13.4400,0.0100,0.3889,0.3195,0.0000,0.4000,0.8000,-0.8100,3.1353,-3.1704,3.2500,-1.5564,-2.1417,-0.8100,2.5153,-3.1704,3.2500,-1.5564,-2.1417,0.0000,205.3714,346.9714,0.0000,79.8735,110.8606,5.00,3.00,2.00,0.0003,0.2269,0.1021,1,0.152587
18,0.9400,0.0000,55.3400,-13.0800,0.0100,0.3947,0.3183,0.0000,0.4000,0.8000,-0.7450,3.1035,-3.2132,3.2500,-1.6277,-2.1417,-0.7450,2.4835,-3.2132,3.2500,-1.6277,-2.1417,0.0000,205.3714,346.9714,0.0000,81.0585,110.4240,5.00,3.00,2.00,0.0003,0.2337,0.1013,1,0.153186
18,0.9600,0.0000,55.5600,-30.0000,0.0100,0.3997,0.0200,0.0000,0.4000,0.0000,-0.6800,3.0702,-3.2561,3.2500,-1.6944,-2.1417,-0.6800,2.4502,-3.2561,3.2500,-1.6944,-2.1417,0.0000,205.3714,0.0000,0.0000,82.0835,0.0000,5.00,3.00,2.00,0.0003,0.2396,0.0004,1,0.065667
18,0.9800,0.0000,55.7800,-30.0000,0.0100,0.4038,0.0200,0.0000,0.4000,0.0000,-0.6150,3.0357,-3.2989,3.2500,-1.7565,-2.1417,-0.6150,2.4157,-3.2989,3.2500,-1.7565,-2.1417,0.0000,205.3714,0.0000,0.0000,82.9256,0.0000,5.00,3.00,2.00,0.0003,0.2446,0.0004,1,0.066340
18,1.0000,0.0000,45.0000,-30.0000,0.0100,0.0200,0.0200,0.0000,0.0000,0.0000,-0.5500,3.0000,-3.3417,3.2500,-1.8138,-2.1417,-0.5500,2.3800,-3.3417,3.2500,-1.8138,-2.1417,0.0000,0.0000,0.0000,0.0000,0.0000,0.0000,5.00,3.00,2.00,0.0003,0.0006,0.0004,1,0.000000
18,1.0200,0.0000,45.0000,-30.0000,0.0100,0.0200,0.0200,0.0000,0.0000,0.0000,-0.4850,2.9632,-3.3846,3.2500,-1.8661,-2.1417,-0.4850,2.3432,-3.3846,3.2500,-1.8661,-2.1417,0.0000,0.0000,0.0000,0.0000,0.0000,0.0000,5.00,3.00,2.00,0.0003,0.0006,0.0004,1,0.000000
18,1.0400,0.0000,45.0000,-30.0000,0.0100,0.0200,0.0200,0.0000,0.0000,0.0000,-0.4200,2.9254,-3.4274,3.2500,-1.9133,-2.1417,-0.4200,2.3054,-3.4274,3.2500,-1.9133,-2.1417,0.0000,0.0000,0.0000,0.0000,0.0000,0.0000,5.00,3.00,2.00,0.0003,0.0006,0.0004,1,0.000000
18,1.0600,0.0000,45.0000,-30.0000,0.0100,0.0200,0.0200,0.0000,0.0000,0.0000,-0.3550,2.8867,-3.4702,3.2500,-1.9553,-2.1417,-0.3550,2.2667,-3.4702,3.2500,-1.9553,-2.1417,0.0000,0.0000,0.0000,0.0000,0.0000,0.0000,5.00,3.00,2.00,0.0003,0.0006,0.0004,1,0.000000
18,1.0800,0.0000,45.0000,-30.0000,0.0100,0.0200,0.0200,0.0000,0.0000,0.0000,-0.2900,2.8472,-3.5131,3.2500,-1.9919,-2.1417,-0.2900,2.2272,-3.5131,3.2500,-1.9919,-2.1417,0.0000,0.0000,0.0000,0.0000,0.0000,0.0000,5.00,3.00,2.00,0.0003,0.0006,0.0004,1,0.000000
18,1.1000,0.0000,45.0000,-30.0000,0.0100,0.0200,0.0200,0.0000,0.0000,0.0000,-0.2250,2.8071,-3.5559,3.2500,-2.0230,-2.1417,-0.2250,2.1871,-3.5559,3.2500,-2.0230,-2.1417,0.0000,0.0000,0.0000,0.0000,0.0000,0.0000,5.00,3.00,2.00,0.0003,0.0006,0.0004,1,0.000000
18,1.1200,0.0000,45.0000,-30.0000,0.0100,0.0200,0.0200,0.0000,0.0000,0.0000,-0.1600,2.7663,-3.5987,3.2500,-2.0486,-2.1417,-0.1600,2.1463,-3.5987,3.2500,-2.0486,-2.1417,0.0000,0.0000,0.0000,0.0000,0.0000,0.0000,5.00,3.00,2.00,0.0003,0.0006,0.0004,1,0.000000
18,1.1400,0.0000,45.0000,-30.0000,0.0100,0.0200,0.0200,0.0000,0.0000,0.0000,-0.0950,2.7251,-3.6416,3.2500,-2.0686,-2.1417,0.1543,0.7329,-3.8251,0.1266,-0.1183,0.0814,0.0000,0.0000,0.0000,0.0000,0.0000,0.0000,5.00,3.00,2.00,0.0003,0.0006,0.0004,0,0.000000
18,1.1600,0.0000,45.0000,-30.0000,0.0100,0.0200,0.0200,0.0000,0.0000,0.0000,-0.0300,2.6836,-3.6844,3.2500,-2.0829,-2.1417,0.0992,0.7021,-3.7668,0.1205,-0.0214,0.0466,0.0000,0.0000,0.0000,0.0000,0.0000,0.0000,5.00,3.00,2.00,0.0003,0.0006,0.0004,0,0.000000
18,1.1800,0.0000,45.0000,-30.0000,0.0100,0.0200,0.0200,0.0000,0.0000,0.0000,0.0350,2.6419,-3.7272,3.2500,-2.0915,-2.1417,0.2279,0.7047,-3.6703,-0.0784,0.0075,0.1134,0.0000,0.0000,0.0000,0.0000,0.0000,0.0000,5.00,3.00,2.00,0.0003,0.0006,0.0004,0,0.000000
18,1.2000,0.0000,45.0000,-30.0000,0.0100,0.0200,0.0200,0.0000,0.0000,0.0000,0.1000,2.6000,-3.7701,0.0000,0.0000,0.0000,-0.0216,0.7339,-3.6329,0.1159,-0.0092,-0.1009,0.0000,0.0000,0.0000,0.0000,0.0000,0.0000,5.00,3.00,2.00,0.0003,0.0006,0.0004,0,0.000000
18,1.2200,0.0000,45.0000,-30.0000,0.0100,0.0200,0.0200,0.0000,0.0000,0.0000,0.1000,2.6000,-3.7701,0.0000,0.0000,0.0000,0.2005,0.7413,-3.7174,-0.0115,0.0274,-0.0994,0.0000,0.0000,0.0000,0.0000,0.0000,0.0000,5.00,3.00,2.00,0.0003,0.0006,0.0004,0,0.000000
18,1.2400,0.0000,45.0000,-30.0000,0.0100,0.0200,0.0200,0.0000,0.0000,0.0000,0.1000,2.6000,-3.7701,0.0000,0.0000,0.0000,0.0308,0.7027,-3.7986,0.0688,0.0037,-0.0086,0.0000,0.0000,0.0000,0.0000,0.0000,0.0000,5.00,3.00,2.00,0.0003,0.0006,0.0004,0,0.000000
18,1.2600,0.0000,45.0000,-30.0000,0.0100,0.0200,0.0200,0.0000,0.0000,0.0000,0.1000,2.6000,-3.7701,0.0000,0.0000,0.0000,0.1134,0.7123,-3.7686,-0.0144,-0.0376,-0.0544,0.0000,0.0000,0.0000,0.0000,0.0000,0.0000,5.00,3.00,2.00,0.0003,0.0006,0.0004,0,0.000000
18,1.2800,0.0000,45.0000,-30.0000,0.0100,0.0200,0.0200,0.0000,0.0000,0.0000,0.1000,2.6000,-3.7701,0.0000,0.0000,0.0000,0.1241,0.7296,-3.7573,-0.0106,-0.1304,-0.0080,0.0000,0.0000,0.0000,0.0000,0.0000,0.0000,5.00,3.00,2.00,0.0003,0.0006,0.0004,0,0.000000
18,1.3000,0.0000,45.0000,-30.0000,0.0100,0.0200,0.0200,0.0000,0.0000,0.0000,0.1000,2.6000,-3.7701,0.0000,0.0000,0.0000,0.1619,0.7244,-3.7526,-0.0367,-0.0556,0.0660,0.0000,0.0000,0.0000,0.0000,0.0000,0.0000,5.00,3.00,2.00,0.0003,0.0006,0.0004,0,0.000000
18,1.3200,0.0000,45.0000,-30.0000,0.0100,0.0200,0.0200,0.0000,0.0000,0.0000,0.1000,2.6000,-3.7701,0.0000,0.0000,0.0000,0.0830,0.7243,-3.7007,-0.0305,-0.1031,-0.0100,0.0000,0.0000,0.0000,0.0000,0.0000,0.0000,5.00,3.00,2.00,0.0003,0.0006,0.0004,0,0.000000
18,1.3400,0.0000,45.0000,-30.0000,0.0100,0.0200,0.0200,0.0000,0.0000,0.0000,0.1000,2.6000,-3.7701,0.0000,0.0000,0.0000,0.0418,0.7095,-3.8114,-0.0036,-0.0108,0.0215,0.0000,0.0000,0.0000,0.0000,0.0000,0.0000,5.00,3.00,2.00,0.0003,0.0006,0.0004,0,0.000000
18,1.3600,0.0000,45.0000,-30.0000,0.0100,0.0200,0.0200,0.0000,0.0000,0.0000,0.1000,2.6000,-3.7701,0.0000,0.0000,0.0000,0.0752,0.7116,-3.7891,-0.0124,-0.0208,0.0074,0.0000,0.0000,0.0000,0.0000,0.0000,0.0000,5.00,3.00,2.00,0.0003,0.0006,0.0004,0,0.000000
18,1.3800,0.0000,45.0000,-30.0000,0.0100,0.0200,0.0200,0.0000,0.0000,0.0000,0.1000,2.6000,-3.7701,0.0000,0.0000,0.0000,0.0947,0.7224,-3.8030,0.0239,-0.0381,-0.0413,0.0000,0.0000,0.0000,0.0000,0.0000,0.0000,5.00,3.00,2.00,0.0003,0.0006,0.0004,0,0.000000
18,1.4000,0.0000,45.0000,-30.0000,0.0100,0.0200,0.0200,0.0000,0.0000,0.0000,0.1000,2.6000,-3.7701,0.0000,0.0000,0.0000,0.1003,0.7193,-3.7349,-0.0166,-0.0154,-0.0124,0.0000,0.0000,0.0000,0.0000,0.0000,0.0000,5.00,3.00,2.00,0.0003,0.0006,0.0004,0,0.000000
18,1.4200,0.0000,45.0000,-30.0000,0.0100,0.0200,0.0200,0.0000,0.0000,0.0000,0.1000,2.6000,-3.7701,0.0000,0.0000,0.0000,0.0967,0.7246,-3.7637,-0.0029,-0.0192,-0.0156,0.0000,0.0000,0.0000,0.0000,0.0000,0.0000,5.00,3.00,2.00,0.0003,0.0006,0.0004,0,0.000000
18,1.4400,0.0000,45.0000,-30.0000,0.0100,0.0200,0.0200,0.0000,0.0000,0.0000,0.1000,2.6000,-3.7701,0.0000,0.0000,0.0000,0.1009,0.7186,-3.7809,-0.0139,-0.0166,0.0026,0.0000,0.0000,0.0000,0.0000,0.0000,0.0000,5.00,3.00,2.00,0.0003,0.0006,0.0004,0,0.000000
18,1.4600,0.0000,45.0000,-30.0000,0.0100,0.0200,0.0200,0.0000,0.0000,0.0000,0.1000,2.6000,-3.7701,0.0000,0.0000,0.0000,0.1100,0.7188,-3.7791,0.0063,-0.0115,0.0078,0.0000,0.0000,0.0000,0.0000,0.0000,0.0000,5.00,3.00,2.00,0.0003,0.0006,0.0004,0,0.000000
18,1.4800,0.0000,45.0000,-30.0000,0.0100,0.0200,0.0200,0.0000,0.0000,0.0000,0.1000,2.6000,-3.7701,0.0000,0.0000,0.0000,0.1000,0.7200,-3.7701,0.0000,0.0000,0.0000,0.0000,0.0000,0.0000,0.0000,0.0000,0.0000,5.00,3.00,2.00,0.0003,0.0006,0.0004,0,0.000000
18,1.5000,0.0000,45.0000,-30.0000,0.0100,0.0200,0.0200,0.0000,0.0000,0.0000,0.1000,2.6000,-3.7701,0.0000,0.0000,0.0000,0.0946,0.7196,-3.7658,-0.0072,0.0011,-0.0018,0.0000,0.0000,0.0000,0.0000,0.0000,0.0000,5.00,3.00,2.00,0.0003,0.0006,0.0004,0,0.000000
19,0.0200,1.1200,45.5500,-30.2700,0.1824,0.3675,0.3196,0.4000,1.0000,-0.6000,-3.7317,2.6419,-1.2541,3.4167,2.0915,-2.7062,0.2944,0.7400,-4.4662,0.1171,-0.2427,0.0853,142.6286,510.2857,258.6857,26.0146,187.5157,82.6782,5.00,3.00,2.00,0.0832,0.2026,0.1021,0,0.236967
19,0.0400,2.2400,46.1000,-30.5400,0.1848,0.3748,0.3184,0.4000,1.0000,-0.6000,-3.6633,2.6836,-1.3082,3.4167,2.0829,-2.7062,0.1482,0.7411,-4.3999,-0.1041,0.0057,-0.0493,142.6286,510.2857,258.6857,26.3512,191.2428,82.3765,5.00,3.00,2.00,0.0853,0.2107,0.1014,0,0.239976
19,0.0600,3.3600,46.6500,-30.8100,0.1870,0.3817,0.3165,0.4000,1.0000,-0.6000,-3.5950,2.7251,-1.3624,3.4167,2.0686,-2.7062,0.2445,0.7119,-4.5167,0.0279,-0.0136,-0.0827,142.6286,510.2857,258.6857,26.6780,194.8007,81.8801,5.00,3.00,2.00,0.0875,0.2186,0.1002,0,0.242687
19,0.0800,4.4800,47.2000,-31.0800,0.1892,0.3882,0.3139,0.4000,1.0000,-0.6000,-3.5267,2.7663,-1.4165,3.4167,2.0486,-2.7062,0.4639,0.7274,-4.5167,0.1415,-0.2079,-0.1097,142.6286,510.2857,258.6857,26.9904,198.1093,81.1989,5.00,3.00,2.00,0.0895,0.2261,0.0985,0,0.245039
19,0.1000,5.6000,47.7500,-31.3500,0.1913,0.3941,0.3106,0.4000,1.0000,-0.6000,-3.4583,2.8071,-1.4706,3.4167,2.0230,-2.7062,0.2261,0.7153,-4.5741,0.0862,-0.0484,0.1029,142.6286,510.2857,258.6857,27.2838,201.0944,80.3461,5.00,3.00,2.00,0.0915,0.2330,0.0965,0,0.246979
19,0.1200,6.7200,48.3000,-31.6200,0.1932,0.3992,0.3067,0.4000,1.0000,-0.6000,-3.3900,2.8472,-1.5247,3.4167,1.9919,-2.7062,0.4447,0.7256,-4.4393,0.0357,-0.0707,0.0008,142.6286,510.2857,258.6857,27.5541,203.6889,79.3385,5.00,3.00,2.00,0.0933,0.2390,0.0941,0,0.248465
19,0.1400,7.8400,48.8500,-31.8900,0.1949,0.4034,0.3023,0.4000,1.0000,-0.6000,-3.3217,2.8867,-1.5789,3.4167,1.9553,-2.7062,0.1667,0.6965,-4.5816,-0.0706,-0.0097,-0.0628,142.6286,510.2857,258.6857,27.7973,205.8345,78.1958,5.00,3.00,2.00,0.0950,0.2441,0.0914,0,0.249462
19,0.1600,8.9600,49.4000,-32.1600,0.1964,0.4066,0.2974,0.4000,1.0000,-0.6000,-3.2533,2.9254,-1.6330,3.4167,1.9133,-2.7062,0.2411,0.7474,-4.4056,0.0552,-0.0470,-0.0171,142.6286,510.2857,258.6857,28.0099,207.4832,76.9402,5.00,3.00,2.00,0.0964,0.2480,0.0885,0,0.249947
19,0.1800,10.0800,49.9500,-32.4300,0.1976,0.4088,0.2922,0.4000,1.0000,-0.6000,-3.1850,2.9632,-1.6871,3.4167,1.8661,-2.7062,0.3039,0.7006,-4.3326,-0.1313,0.0422,-0.1070,142.6286,510.2857,258.6857,28.1890,208.5977,75.5964,5.00,3.00,2.00,0.0977,0.2507,0.0854,0,0.249907
19,0.2000,11.2000,50.5000,-32.7000,0.1986,0.4099,0.2868,0.4000,1.0000,-0.6000,-3.1167,3.0000,-1.7412,3.4167,1.8138,-2.7062,0.2287,0.7208,-4.3778,-0.0560,-0.0713,0.0307,142.6286,510.2857,258.6857,28.3319,209.1532,74.1907,5.00,3.00,2.00,0.0986,0.2520,0.0823,0,0.249341
19,0.2200,12.3200,51.0500,-32.9700,0.1994,0.4098,0.2812,0.4000,1.0000,-0.6000,-3.0483,3.0357,-1.7954,3.4167,1.7565,-2.7062,0.3490,0.7075,-4.5626,0.0867,-0.1747,-0.0725,142.6286,510.2857,258.6857,28.4365,209.1372,72.7506,5.00,3.00,2.00,0.0994,0.2520,0.0791,0,0.248259
19,0.2400,13.4400,51.6000,-33.2400,0.1998,0.4087,0.2756,0.4000,1.0000,-0.6000,-2.9800,3.0702,-1.8495,3.4167,1.6944,-2.7062,0.4127,0.7336,-4.3511,0.0915,-0.1111,0.0540,142.6286,510.2857,258.6857,28.5013,208.5499,71.3043,5.00,3.00,2.00,0.0998,0.2505,0.0760,0,0.246684
19,0.2600,14.5600,52.1500,-33.5100,0.2000,0.4064,0.2701,0.4000,1.0000,-0.6000,-2.9117,3.1035,-1.9036,3.4167,1.6277,-2.7062,0.1549,0.7314,-4.3312,-0.1449,-0.0594,-0.0950,142.6286,510.2857,258.6857,28.5255,207.4046,69.8800,5.00,3.00,2.00,0.1000,0.2478,0.0730,0,0.244648
19,0.2800,15.6800,52.7000,-33.7800,0.1999,0.4032,0.2648,0.4000,1.0000,-0.6000,-2.8433,3.1353,-1.9577,3.4167,1.5564,-2.7062,0.3066,0.7266,-4.3591,0.0615,-0.1671,-0.0013,142.6286,510.2857,258.6857,28.5087,205.7270,68.5056,5.00,3.00,2.00,0.0999,0.2438,0.0701,0,0.242193
19,0.3000,16.8000,53.2500,-34.0500,0.1995,0.3989,0.2598,0.4000,1.0000,-0.6000,-2.7750,3.1657,-2.0119,3.4167,1.4810,-2.7062,0.1286,0.7404,-4.4043,-0.0363,-0.1549,-0.1245,142.6286,510.2857,258.6857,28.4511,203.5548,67.2081,5.00,3.00,2.00,0.0995,0.2387,0.0675,0,0.239371
19,0.3200,17.9200,53.8000,-34.3200,0.1988,0.3938,0.2552,0.4000,1.0000,-0.6000,-2.7067,3.1945,-2.0660,3.4167,1.4014,-2.7062,0.4114,0.7390,-4.4429,0.0076,-0.0614,0.0030,142.6286,510.2857,258.6857,28.3535,200.9368,66.0129,5.00,3.00,2.00,0.0988,0.2326,0.0651,0,0.236243
19,0.3400,19.0400,54.3500,-34.5900,0.1978,0.3879,0.2511,0.4000,1.0000,-0.6000,-2.6383,3.2217,-2.1201,3.4167,1.3180,-2.7062,0.1599,0.7229,-4.3733,-0.0426,0.0113,0.1350,142.6286,510.2857,258.6857,28.2174,197.9318,64.9432,5.00,3.00,2.00,0.0979,0.2257,0.0630,0,0.232874
19,0.3600,5.0400,54.9000,-34.8600,0.1966,0.3814,0.2475,0.1000,1.0000,-0.6000,-2.5700,3.2472,-2.1742,3.4167,1.2311,-2.7062,0.3632,0.7324,-4.3706,-0.1083,0.0397,-0.0649,35.6571,510.2857,258.6857,7.0112,194.6071,64.0200,5.00,3.00,2.00,0.0967,0.2182,0.0612,0,0.212511
19,0.3800,5.3200,55.4500,-35.1300,0.1952,0.3744,0.2445,0.1000,1.0000,-0.6000,-2.5017,3.2709,-2.2284,3.4167,1.1407,-2.7062,0.2353,0.7071,-4.3116,0.0031,-0.0115,0.1454,35.6571,510.2857,258.6857,6.9595,191.0377,63.2615,5.00,3.00,2.00,0.0952,0.2102,0.0598,0,0.209007
19,0.4000,5.6000,56.0000,-35.4000,0.1935,0.3671,0.2423,0.1000,1.0000,-0.6000,-2.4333,3.2928,-2.2825,3.4167,1.0472,-2.7062,0.4285,0.7459,-4.6221,0.0554,-0.0205,-0.0265,35.6571,510.2857,258.6857,6.9000,187.3034,62.6824,5.00,3.00,2.00,0.0936,0.2021,0.0587,0,0.205509
19,0.4200,5.8800,56.5500,-35.6700,0.1916,0.3596,0.2408,0.1000,1.0000,-0.6000,-2.3650,3.3128,-2.3366,3.4167,0.9508,-2.7062,0.3499,0.7160,-4.4799,0.0548,0.0486,0.0440,35.6571,510.2857,258.6857,6.8336,183.4884,62.2941,5.00,3.00,2.00,0.0918,0.1939,0.0580,0,0.202093
19,0.4400,6.1600,57.1000,-22.0800,0.1896,0.3521,0.2401,0.1000,1.0000,0.8000,-2.2967,3.3308,-2.3907,3.4167,0.8519,-2.7062,-2.2967,2.7108,-2.3907,3.4167,0.8519,-2.7062,35.6571,510.2857,344.9143,6.7612,179.6781,82.8056,5.00,3.00,2.00,0.0899,0.1860,0.0576,1,0.215396
19,0.4600,6.4400,57.6500,-21.7200,0.1874,0.3448,0.2401,0.1000,1.0000,0.8000,-2.2283,3.3469,-2.4448,3.4167,0.7506,-2.7062,-2.2283,2.7269,-2.4448,3.4167,0.7506,-2.7062,35.6571,510.2857,344.9143,6.6839,175.9582,82.8218,5.00,3.00,2.00,0.0878,0.1784,0.0577,1,0.212371
19,0.4800,6.7200,58.2000,-21.3600,0.1852,0.3379,0.2410,0.1000,1.0000,0.8000,-2.1600,3.3608,-2.4990,3.4167,0.6472,-2.7062,-2.1600,2.7408,-2.4990,3.4167,0.6472,-2.7062,35.6571,510.2857,344.9143,6.6027,172.4123,83.1072,5.00,3.00,2.00,0.0857,0.1712,0.0581,1,0.209698
19,0.5000,7.0000,50.5000,-21.0000,0.1828,0.3314,0.2425,0.1000,0.4000,0.8000,-2.0917,3.3727,-2.5531,3.4167,0.5421,-2.7062,-2.0917,2.7527,-2.5531,3.4167,0.5421,-2.7062,35.6571,204.1143,344.9143,6.5189,67.6480,83.6561,5.00,3.00,2.00,0.0836,0.1648,0.0588,1,0.126258
19,0.5200,7.2800,50.7200,-20.6400,0.1804,0.3256,0.2449,0.1000,0.4000,0.8000,-2.0233,3.3825,-2.6072,3.4167,0.4354,-2.7062,-2.0233,2.7625,-2.6072,3.4167,0.4354,-2.7062,35.6571,204.1143,344.9143,6.4337,66.4620,84.4579,5.00,3.00,2.00,0.0814,0.1590,0.0600,1,0.125883
19,0.5400,7.5600,50.9400,-20.2800,0.1780,0.3206,0.2479,0.1000,0.4000,0.8000,-1.9550,3.3902,-2.6613,3.4167,0.3276,-2.7062,-1.9550,2.7702,-2.6613,3.4167,0.3276,-2.7062,35.6571,204.1143,344.9143,6.3482,65.4337,85.4967,5.00,3.00,2.00,0.0792,0.1542,0.0614,1,0.125823
19,0.5600,7.8400,51.1600,-19.9200,0.1757,0.3164,0.2515,0.1000,0.4000,0.8000,-1.8867,3.3956,-2.7155,3.4167,0.2189,-2.7062,-1.8867,2.7756,-2.7155,3.4167,0.2189,-2.7062,35.6571,204.1143,344.9143,6.2638,64.5861,86.7524,5.00,3.00,2.00,0.0771,0.1502,0.0633,1,0.126082
19,0.5800,8.1200,51.3800,-19.5600,0.1734,0.3132,0.2557,0.1000,0.4000,0.8000,-1.8183,3.3989,-2.7696,3.4167,0.1096,-2.7062,-1.8183,2.7789,-2.7696,3.4167,0.1096,-2.7062,35.6571,204.1143,344.9143,6.1815,63.9383,88.2003,5.00,3.00,2.00,0.0751,0.1472,0.0654,1,0.126656
19,0.6000,8.4000,51.6000,-19.2000,0.1711,0.3111,0.2604,0.1000,0.4000,0.8000,-1.7500,3.4000,-2.8237,3.4167,0.0000,-2.7062,-1.7500,2.7800,-2.8237,3.4167,0.0000,-2.7062,35.6571,204.1143,344.9143,6.1027,63.5047,89.8121,5.00,3.00,2.00,0.0732,0.1452,0.0678,1,0.127536
19,0.6200,8.6800,51.8200,-18.8400,0.1691,0.3101,0.2654,0.1000,0.4000,0.8000,-1.6817,3.3989,-2.8778,3.4167,-0.1096,-2.7062,-1.6817,2.7789,-2.8778,3.4167,-0.1096,-2.7062,35.6571,204.1143,344.9143,6.0284,63.2953,91.5562,5.00,3.00,2.00,0.0715,0.1442,0.0705,1,0.128704
19,0.6400,8.9600,52.0400,-18.4800,0.1671,0.3102,0.2708,0.1000,0.4000,0.8000,-1.6133,3.3956,-2.9320,3.4167,-0.2189,-2.7062,-1.6133,2.7756,-2.9320,3.4167,-0.2189,-2.7062,35.6571,204.1143,344.9143,5.9597,63.3146,93.3986,5.00,3.00,2.00,0.0698,0.1443,0.0733,1,0.130138
19,0.6600,9.2400,52.2600,-18.1200,0.1654,0.3114,0.2763,0.1000,0.4000,0.8000,-1.5450,3.3902,-2.9861,3.4167,-0.3276,-2.7062,-1.5450,2.7702,-2.9861,3.4167,-0.3276,-2.7062,35.6571,204.1143,344.9143,5.8976,63.5622,95.3032,5.00,3.00,2.00,0.0684,0.1455,0.0763,1,0.131810
19,0.6800,9.5200,52.4800,-17.7600,0.1639,0.3137,0.2819,0.1000,0.4000,0.8000,-1.4767,3.3825,-3.0402,3.4167,-0.4354,-2.7062,-1.4767,2.7625,-3.0402,3.4167,-0.4354,-2.7062,35.6571,204.1143,344.9143,5.8431,64.0325,97.2326,5.00,3.00,2.00,0.0671,0.1476,0.0795,1,0.133687
19,0.7000,9.8000,52.7000,-17.4000,0.1626,0.3171,0.2875,0.1000,0.4000,0.8000,-1.4083,3.3727,-3.0943,3.4167,-0.5421,-2.7062,-1.4083,2.7527,-3.0943,3.4167,-0.5421,-2.7062,35.6571,204.1143,344.9143,5.7967,64.7151,99.1492,5.00,3.00,2.00,0.0661,0.1508,0.0826,1,0.135729
19,0.7200,10.0800,52.9200,-17.0400,0.1615,0.3214,0.2929,0.1000,0.4000,0.8000,-1.3400,3.3608,-3.1485,3.4167,-0.6472,-2.7062,-1.3400,2.7408,-3.1485,3.4167,-0.6472,-2.7062,35.6571,204.1143,344.9143,5.7593,65.5945,101.0155,5.00,3.00,2.00,0.0652,0.1549,0.0858,1,0.137895
19,0.7400,10.3600,53.1400,-16.6800,0.1607,0.3265,0.2980,0.1000,0.4000,0.8000,-1.2717,3.3469,-3.2026,3.4167,-0.7506,-2.7062,-1.2717,2.7269,-3.2026,3.4167,-0.7506,-2.7062,35.6571,204.1143,344.9143,5.7314,66.6511,102.7949,5.00,3.00,2.00,0.0646,0.1599,0.0888,1,0.140142
19,0.7600,10.6400,53.3600,-16.3200,0.1602,0.3325,0.3028,0.1000,0.4000,0.8000,-1.2033,3.3308,-3.2567,3.4167,-0.8519,-2.7062,-1.2033,2.7108,-3.2567,3.4167,-0.8519,-2.7062,35.6571,204.1143,344.9143,5.7134,67.8610,104.4526,5.00,3.00,2.00,0.0642,0.1658,0.0917,1,0.142422
19,0.7800,10.9200,53.5800,-15.9600,0.1600,0.3390,0.3072,0.1000,0.4000,0.8000,-1.1350,3.3128,-3.3108,3.4167,-0.9508,-2.7062,-1.1350,2.6928,-3.3108,3.4167,-0.9508,-2.7062,35.6571,204.1143,344.9143,5.7055,69.1972,105.9561,5.00,3.00,2.00,0.0640,0.1724,0.0944,1,0.144687
19,0.8000,11.2000,53.8000,-15.6000,0.1601,0.3460,0.3110,0.1000,0.4000,0.8000,-1.0667,3.2928,-3.3650,3.4167,-1.0472,-2.7062,-1.0667,2.6728,-3.3650,3.4167,-1.0472,-2.7062,35.6571,204.1143,344.9143,5.7079,70.6295,107.2762,5.00,3.00,2.00,0.0641,0.1796,0.0967,1,0.146891
19,0.8200,11.4800,54.0200,-15.2400,0.1604,0.3534,0.3142,0.1000,0.4000,0.8000,-0.9983,3.2709,-3.4191,3.4167,-1.1407,-2.7062,-0.9983,2.6509,-3.4191,3.4167,-1.1407,-2.7062,35.6571,204.1143,344.9143,5.7205,72.1259,108.3868,5.00,3.00,2.00,0.0643,0.1873,0.0987,1,0.148987
19,0.8400,11.7600,54.2400,-14.8800,0.1611,0.3608,0.3168,0.1000,0.4000,0.8000,-0.9300,3.2472,-3.4732,3.4167,-1.2311,-2.7062,-0.9300,2.6272,-3.4732,3.4167,-1.2311,-2.7062,35.6571,204.1143,344.9143,5.7431,73.6527,109.2663,5.00,3.00,2.00,0.0649,0.1953,0.1004,1,0.150930
19,0.8600,12.0400,54.4600,-14.5200,0.1620,0.3683,0.3186,0.1000,0.4000,0.8000,-0.8617,3.2217,-3.5273,3.4167,-1.3180,-2.7062,-0.8617,2.6017,-3.5273,3.4167,-1.3180,-2.7062,35.6571,204.1143,344.9143,5.7754,75.1757,109.8975,5.00,3.00,2.00,0.0656,0.2035,0.1015,1,0.152679
19,0.8800,12.3200,54.6800,-14.1600,0.1631,0.3756,0.3197,0.1000,0.4000,0.8000,-0.7933,3.1945,-3.5814,3.4167,-1.4014,-2.7062,-0.7933,2.5745,-3.5814,3.4167,-1.4014,-2.7062,35.6571,204.1143,344.9143,5.8170,76.6606,110.2680,5.00,3.00,2.00,0.0665,0.2116,0.1022,1,0.154197
19,0.9000,0.0000,54.9000,-13.8000,0.0100,0.3825,0.3200,0.0000,0.4000,0.8000,-0.7250,3.1657,-3.6356,3.4167,-1.4810,-2.7062,-0.7250,2.5457,-3.6356,3.4167,-1.4810,-2.7062,0.0000,204.1143,344.9143,0.0000,78.0742,110.3706,5.00,3.00,2.00,0.0003,0.2195,0.1024,1,0.150756
19,0.9200,0.0000,55.1200,-13.4400,0.0100,0.3889,0.3195,0.0000,0.4000,0.8000,-0.6567,3.1353,-3.6897,3.4167,-1.5564,-2.7062,-0.6567,2.5153,-3.6897,3.4167,-1.5564,-2.7062,0.0000,204.1143,344.9143,0.0000,79.3845,110.2033,5.00,3.00,2.00,0.0003,0.2269,0.1021,1,0.151670
19,0.9400,0.0000,55.3400,-13.0800,0.0100,0.3947,0.3183,0.0000,0.4000,0.8000,-0.5883,3.1035,-3.7438,3.4167,-1.6277,-2.7062,-0.5883,2.4835,-3.7438,3.4167,-1.6277,-2.7062,0.0000,204.1143,344.9143,0.0000,80.5623,109.7693,5.00,3.00,2.00,0.0003,0.2337,0.1013,1,0.152265
19,0.9600,0.0000,55.5600,-30.0000,0.0100,0.3997,0.0200,0.0000,0.4000,0.0000,-0.5200,3.0702,-3.7979,3.4167,-1.6944,-2.7062,-0.5200,2.4502,-3.7979,3.4167,-1.6944,-2.7062,0.0000,204.1143,0.0000,0.0000,81.5811,0.0000,5.00,3.00,2.00,0.0003,0.2396,0.0004,1,0.065265
19,0.9800,0.0000,55.7800,-30.0000,0.0100,0.4038,0.0200,0.0000,0.4000,0.0000,-0.4517,3.0357,-3.8521,3.4167,-1.7565,-2.7062,-0.4517,2.4157,-3.8521,3.4167,-1.7565,-2.7062,0.0000,204.1143,0.0000,0.0000,82.4179,0.0000,5.00,3.00,2.00,0.0003,0.2446,0.0004,1,0.065934
19,1.0000,0.0000,45.0000,-30.0000,0.0100,0.0200,0.0200,0.0000,0.0000,0.0000,-0.3833,3.0000,-3.9062,3.4167,-1.8138,-2.7062,-0.3833,2.3800,-3.9062,3.4167,-1.8138,-2.7062,0.0000,0.0000,0.0000,0.0000,0.0000,0.0000,5.00,3.00,2.00,0.0003,0.0006,0.0004,1,0.000000
19,1.0200,0.0000,45.0000,-30.0000,0.0100,0.0200,0.0200,0.0000,0.0000,0.0000,-0.3150,2.9632,-3.9603,3.4167,-1.8661,-2.7062,-0.3150,2.3432,-3.9603,3.4167,-1.8661,-2.7062,0.0000,0.0000,0.0000,0.0000,0.0000,0.0000,5.00,3.00,2.00,0.0003,0.0006,0.0004,1,0.000000
19,1.0400,0.0000,45.0000,-30.0000,0.0100,0.0200,0.0200,0.0000,0.0000,0.0000,-0.2467,2.9254,-4.0144,3.4167,-1.9133,-2.7062,-0.2467,2.3054,-4.0144,3.4167,-1.9133,-2.7062,0.0000,0.0000,0.0000,0.0000,0.0000,0.0000,5.00,3.00,2.00,0.0003,0.0006,0.0004,1,0.000000
19,1.0600,0.0000,45.0000,-30.0000,0.0100,0.0200,0.0200,0.0000,0.0000,0.0000,-0.1783,2.8867,-4.0686,3.4167,-1.9553,-2.7062,-0.1783,2.2667,-4.0686,3.4167,-1.9553,-2.7062,0.0000,0.0000,0.0000,0.0000,0.0000,0.0000,5.00,3.00,2.00,0.0003,0.0006,0.0004,1,0.000000
19,1.0800,0.0000,45.0000,-30.0000,0.0100,0.0200,0.0200,0.0000,0.0000,0.0000,-0.1100,2.8472,-4.1227,3.4167,-1.9919,-2.7062,-0.1100,2.2272,-4.1227,3.4167,-1.9919,-2.7062,0.0000,0.0000,0.0000,0.0000,0.0000,0.0000,5.00,3.00,2.00,0.0003,0.0006,0.0004,1,0.000000
19,1.1000,0.0000,45.0000,-30.0000,0.0100,0.0200,0.0200,0.0000,0.0000,0.0000,-0.0417,2.8071,-4.1768,3.4167,-2.0230,-2.7062,-0.0417,2.1871,-4.1768,3.4167,-2.0230,-2.7062,0.0000,0.0000,0.0000,0.0000,0.0000,0.0000,5.00,3.00,2.00,0.0003,0.0006,0.0004,1,0.000000
19,1.1200,0.0000,45.0000,-30.0000,0.0100,0.0200,0.0200,0.0000,0.0000,0.0000,0.0267,2.7663,-4.2309,3.4167,-2.0486,-2.7062,0.0267,2.1463,-4.2309,3.4167,-2.0486,-2.7062,0.0000,0.0000,0.0000,0.0000,0.0000,0.0000,5.00,3.00,2.00,0.0003,0.0006,0.0004,1,0.000000
19,1.1400,0.0000,45.0000,-30.0000,0.0100,0.0200,0.0200,0.0000,0.0000,0.0000,0.0950,2.7251,-4.2851,3.4167,-2.0686,-2.7062,0.1869,0.7241,-4.5964,-0.0530,0.0206,-0.1168,0.0000,0.0000,0.0000,0.0000,0.0000,0.0000,5.00,3.00,2.00,0.0003,0.0006,0.0004,0,0.000000
19,1.1600,0.0000,45.0000,-30.0000,0.0100,0.0200,0.0200,0.0000,0.0000,0.0000,0.1633,2.6836,-4.3392,3.4167,-2.0829,-2.7062,0.2927,0.7019,-4.3707,0.0787,-0.2144,0.0188,0.0000,0.0000,0.0000,0.0000,0.0000,0.0000,5.00,3.00,2.00,0.0003,0.0006,0.0004,0,0.000000
19,1.1800,0.0000,45.0000,-30.0000,0.0100,0.0200,0.0200,0.0000,0.0000,0.0000,0.2317,2.6419,-4.3933,3.4167,-2.0915,-2.7062,0.3847,0.7392,-4.3352,-0.0409,-0.1937,-0.1170,0.0000,0.0000,0.0000,0.0000,0.0000,0.0000,5.00,3.00,2.00,0.0003,0.0006,0.0004,0,0.000000
19,1.2000,0.0000,45.0000,-30.0000,0.0100,0.0200,0.0200,0.0000,0.0000,0.0000,0.3000,2.6000,-4.4474,0.0000,0.0000,0.0000,0.2181,0.7106,-4.5814,0.0065,-0.0385,0.0462,0.0000,0.0000,0.0000,0.0000,0.0000,0.0000,5.00,3.00,2.00,0.0003,0.0006,0.0004,0,0.000000
19,1.2200,0.0000,45.0000,-30.0000,0.0100,0.0200,0.0200,0.0000,0.0000,0.0000,0.3000,2.6000,-4.4474,0.0000,0.0000,0.0000,0.2987,0.7168,-4.3740,-0.0445,-0.0247,-0.0137,0.0000,0.0000,0.0000,0.0000,0.0000,0.0000,5.00,3.00,2.00,0.0003,0.0006,0.0004,0,0.000000
19,1.2400,0.0000,45.0000,-30.0000,0.0100,0.0200,0.0200,0.0000,0.0000,0.0000,0.3000,2.6000,-4.4474,0.0000,0.0000,0.0000,0.3097,0.7397,-4.3969,-0.0867,0.0277,-0.0212,0.0000,0.0000,0.0000,0.0000,0.0000,0.0000,5.00,3.00,2.00,0.0003,0.0006,0.0004,0,0.000000
19,1.2600,0.0000,45.0000,-30.0000,0.0100,0.0200,0.0200,0.0000,0.0000,0.0000,0.3000,2.6000,-4.4474,0.0000,0.0000,0.0000,0.2388,0.7019,-4.4741,0.0531,-0.1467,0.0247,0.0000,0.0000,0.0000,0.0000,0.0000,0.0000,5.00,3.00,2.00,0.0003,0.0006,0.0004,0,0.000000
19,1.2800,0.0000,45.0000,-30.0000,0.0100,0.0200,0.0200,0.0000,0.0000,0.0000,0.3000,2.6000,-4.4474,0.0000,0.0000,0.0000,0.2490,0.7054,-4.3671,-0.0093,0.0115,0.0633,0.0000,0.0000,0.0000,0.0000,0.0000,0.0000,5.00,3.00,2.00,0.0003,0.0006,0.0004,0,0.000000
19,1.3000,0.0000,45.0000,-30.0000,0.0100,0.0200,0.0200,0.0000,0.0000,0.0000,0.3000,2.6000,-4.4474,0.0000,0.0000,0.0000,0.3067,0.7141,-4.4699,-0.0183,-0.0537,0.0294,0.0000,0.0000,0.0000,0.0000,0.0000,0.0000,5.00,3.00,2.00,0.0003,0.0006,0.0004,0,0.000000
19,1.3200,0.0000,45.0000,-30.0000,0.0100,0.0200,0.0200,0.0000,0.0000,0.0000,0.3000,2.6000,-4.4474,0.0000,0.0000,0.0000,0.3201,0.7237,-4.3829,-0.0181,-0.0021,-0.0027,0.0000,0.0000,0.0000,0.0000,0.0000,0.0000,5.00,3.00,2.00,0.0003,0.0006,0.0004,0,0.000000
19,1.3400,0.0000,45.0000,-30.0000,0.0100,0.0200,0.0200,0.0000,0.0000,0.0000,0.3000,2.6000,-4.4474,0.0000,0.0000,0.0000,0.2727,0.7126,-4.4557,-0.0230,-0.0675,-0.0541,0.0000,0.0000,0.0000,0.0000,0.0000,0.0000,5.00,3.00,2.00,0.0003,0.0006,0.0004,0,0.000000
19,1.3600,0.0000,45.0000,-30.0000,0.0100,0.0200,0.0200,0.0000,0.0000,0.0000,0.3000,2.6000,-4.4474,0.0000,0.0000,0.0000,0.3432,0.7243,-4.3979,-0.0020,-0.0719,-0.0449,0.0000,0.0000,0.0000,0.0000,0.0000,0.0000,5.00,3.00,2.00,0.0003,0.0006,0.0004,0,0.000000
19,1.3800,0.0000,45.0000,-30.0000,0.0100,0.0200,0.0200,0.0000,0.0000,0.0000,0.3000,2.6000,-4.4474,0.0000,0.0000,0.0000,0.3153,0.7186,-4.4708,-0.0094,-0.0459,0.0089,0.0000,0.0000,0.0000,0.0000,0.0000,0.0000,5.00,3.00,2.00,0.0003,0.0006,0.0004,0,0.000000
19,1.4000,0.0000,45.0000,-30.0000,0.0100,0.0200,0.0200,0.0000,0.0000,0.0000,0.3000,2.6000,-4.4474,0.0000,0.0000,0.0000,0.3237,0.7140,-4.4455,0.0268,-0.0051,-0.0055,0.0000,0.0000,0.0000,0.0000,0.0000,0.0000,5.00,3.00,2.00,0.0003,0.0006,0.0004,0,0.000000
19,1.4200,0.0000,45.0000,-30.0000,0.0100,0.0200,0.0200,0.0000,0.0000,0.0000,0.3000,2.6000,-4.4474,0.0000,0.0000,0.0000,0.2737,0.7166,-4.4464,-0.0243,-0.0196,-0.0084,0.0000,0.0000,0.0000,0.0000,0.0000,0.0000,5.00,3.00,2.00,0.0003,0.0006,0.0004,0,0.000000
19,1.4400,0.0000,45.0000,-30.0000,0.0100,0.0200,0.0200,0.0000,0.0000,0.0000,0.3000,2.6000,-4.4474,0.0000,0.0000,0.0000,0.2996,0.7224,-4.4599,0.0133,-0.0116,0.0117,0.0000,0.0000,0.0000,0.0000,0.0000,0.0000,5.00,3.00,2.00,0.0003,0.0006,0.0004,0,0.000000
19,1.4600,0.0000,45.0000,-30.0000,0.0100,0.0200,0.0200,0.0000,0.0000,0.0000,0.3000,2.6000,-4.4474,0.0000,0.0000,0.0000,0.2939,0.7215,-4.4413,0.0061,-0.0042,-0.0052,0.0000,0.0000,0.0000,0.0000,0.0000,0.0000,5.00,3.00,2.00,0.0003,0.0006,0.0004,0,0.000000
19,1.4800,0.0000,45.0000,-30.0000,0.0100,0.0200,0.0200,0.0000,0.0000,0.0000,0.3000,2.6000,-4.4474,0.0000,0.0000,0.0000,0.3000,0.7200,-4.4474,0.0000,0.0000,0.0000,0.0000,0.0000,0.0000,0.0000,0.0000,0.0000,5.00,3.00,2.00,0.0003,0.0006,0.0004,0,0.000000
19,1.5000,0.0000,45.0000,-30.0000,0.0100,0.0200,0.0200,0.0000,0.0000,0.0000,0.3000,2.6000,-4.4474,0.0000,0.0000,0.0000,0.3014,0.7209,-4.4446,0.0034,0.0044,-0.0045,0.0000,0.0000,0.0000,0.0000,0.0000,0.0000,5.00,3.00,2.00,0.0003,0.0006,0.0004,0,0.000000
20,0.0200,1.1200,45.5500,-30.2700,0.1824,0.3675,0.3196,0.4000,1.0000,-0.6000,-3.7283,2.6419,-1.2638,3.5833,2.0915,-3.1893,0.6642,0.7142,-5.0540,-0.1429,-0.1777,-0.1222,141.7143,507.1429,257.1429,25.8479,186.3608,82.1851,5.00,3.00,2.00,0.0832,0.2026,0.1021,0,0.235515
20,0.0400,2.2400,46.1000,-30.5400,0.1848,0.3748,0.3184,0.4000,1.0000,-0.6000,-3.6567,2.6836,-1.3276,3.5833,2.0829,-3.1893,0.5067,0.7408,-5.1084,0.0243,0.0470,-0.0731,141.7143,507.1429,257.1429,26.1823,190.0650,81.8851,5.00,3.00,2.00,0.0853,0.2107,0.1014,0,0.238506
20,0.0600,3.3600,46.6500,-30.8100,0.1870,0.3817,0.3165,0.4000,1.0000,-0.6000,-3.5850,2.7251,-1.3914,3.5833,2.0686,-3.1893,0.6303,0.7352,-4.8713,-0.0252,-0.1921,-0.0479,141.7143,507.1429,257.1429,26.5070,193.6009,81.3918,5.00,3.00,2.00,0.0875,0.2186,0.1002,0,0.241200
20,0.0800,4.4800,47.2000,-31.0800,0.1892,0.3882,0.3139,0.4000,1.0000,-0.6000,-3.5133,2.7663,-1.4551,3.5833,2.0486,-3.1893,0.6080,0.7459,-5.0392,-0.0488,0.0307,0.0599,141.7143,507.1429,257.1429,26.8174,196.8891,80.7146,5.00,3.00,2.00,0.0895,0.2261,0.0985,0,0.243537
20,0.1000,5.6000,47.7500,-31.3500,0.1913,0.3941,0.3106,0.4000,1.0000,-0.6000,-3.4417,2.8071,-1.5189,3.5833,2.0230,-3.1893,0.4026,0.7343,-5.0498,-0.0119,-0.0748,-0.0892,141.7143,507.1429,257.1429,27.1089,199.8558,79.8669,5.00,3.00,2.00,0.0915,0.2330,0.0965,0,0.245465
20,0.1200,6.7200,48.3000,-31.6200,0.1932,0.3992,0.3067,0.4000,1.0000,-0.6000,-3.3700,2.8472,-1.5827,3.5833,1.9919,-3.1893,0.6711,0.7016,-5.1027,-0.0233,0.0329,-0.1254,141.7143,507.1429,257.1429,27.3775,202.4344,78.8653,5.00,3.00,2.00,0.0933,0.2390,0.0941,0,0.246942
20,0.1400,7.8400,48.8500,-31.8900,0.1949,0.4034,0.3023,0.4000,1.0000,-0.6000,-3.2983,2.8867,-1.6465,3.5833,1.9553,-3.1893,0.4729,0.7002,-4.9547,0.0642,-0.1461,0.0715,141.7143,507.1429,257.1429,27.6191,204.5668,77.7294,5.00,3.00,2.00,0.0950,0.2441,0.0914,0,0.247932
20,0.1600,8.9600,49.4000,-32.1600,0.1964,0.4066,0.2974,0.4000,1.0000,-0.6000,-3.2267,2.9254,-1.7103,3.5833,1.9133,-3.1893,0.6484,0.7132,-5.1830,0.1294,-0.1114,0.1414,141.7143,507.1429,257.1429,27.8304,206.2053,76.4813,5.00,3.00,2.00,0.0964,0.2480,0.0885,0,0.248414
20,0.1800,10.0800,49.9500,-32.4300,0.1976,0.4088,0.2922,0.4000,1.0000,-0.6000,-3.1550,2.9632,-1.7741,3.5833,1.8661,-3.1893,0.3647,0.6908,-5.1908,-0.1450,-0.1009,0.0409,141.7143,507.1429,257.1429,28.0083,207.3130,75.1455,5.00,3.00,2.00,0.0977,0.2507,0.0854,0,0.248373
20,0.2000,11.2000,50.5000,-32.7000,0.1986,0.4099,0.2868,0.4000,1.0000,-0.6000,-3.0833,3.0000,-1.8379,3.5833,1.8138,-3.1893,0.4281,0.7271,-5.0391,0.0677,-0.0117,0.0010,141.7143,507.1429,257.1429,28.1502,207.8651,73.7482,5.00,3.00,2.00,0.0986,0.2520,0.0823,0,0.247811
20,0.2200,12.3200,51.0500,-32.9700,0.1994,0.4098,0.2812,0.4000,1.0000,-0.6000,-3.0117,3.0357,-1.9017,3.5833,1.7565,-3.1893,0.5559,0.6935,-5.1130,-0.1285,-0.0683,0.0890,141.7143,507.1429,257.1429,28.2542,207.8491,72.3167,5.00,3.00,2.00,0.0994,0.2520,0.0791,0,0.246736
20,0.2400,13.4400,51.6000,-33.2400,0.1998,0.4087,0.2756,0.4000,1.0000,-0.6000,-2.9400,3.0702,-1.9654,3.5833,1.6944,-3.1893,0.6678,0.7164,-4.9153,0.1054,0.0474,-0.1430,141.7143,507.1429,257.1429,28.3186,207.2654,70.8790,5.00,3.00,2.00,0.0998,0.2505,0.0760,0,0.245170
20,0.2600,14.5600,52.1500,-33.5100,0.2000,0.4064,0.2701,0.4000,1.0000,-0.6000,-2.8683,3.1035,-2.0292,3.5833,1.6277,-3.1893,0.5500,0.6952,-4.9966,0.0685,-0.1224,0.0149,141.7143,507.1429,257.1429,28.3427,206.1272,69.4632,5.00,3.00,2.00,0.1000,0.2478,0.0730,0,0.243146
20,0.2800,15.6800,52.7000,-33.7800,0.1999,0.4032,0.2648,0.4000,1.0000,-0.6000,-2.7967,3.1353,-2.0930,3.5833,1.5564,-3.1893,0.5477,0.7079,-5.1080,-0.0102,-0.1492,0.0210,141.7143,507.1429,257.1429,28.3260,204.4600,68.0971,5.00,3.00,2.00,0.0999,0.2438,0.0701,0,0.240706
20,0.3000,16.8000,53.2500,-34.0500,0.1995,0.3989,0.2598,0.4000,1.0000,-0.6000,-2.7250,3.1657,-2.1568,3.5833,1.4810,-3.1893,0.3766,0.7475,-4.9565,0.0462,-0.2134,-0.0527,141.7143,507.1429,257.1429,28.2687,202.3011,66.8073,5.00,3.00,2.00,0.0995,0.2387,0.0675,0,0.237902
20,0.3200,17.9200,53.8000,-34.3200,0.1988,0.3938,0.2552,0.4000,1.0000,-0.6000,-2.6533,3.1945,-2.2206,3.5833,1.4014,-3.1893,0.5414,0.7319,-5.0720,-0.0906,-0.2324,-0.0637,141.7143,507.1429,257.1429,28.1718,199.6992,65.6191,5.00,3.00,2.00,0.0988,0.2326,0.0651,0,0.234792
20,0.3400,19.0400,54.3500,-34.5900,0.1978,0.3879,0.2511,0.4000,1.0000,-0.6000,-2.5817,3.2217,-2.2844,3.5833,1.3180,-3.1893,0.4916,0.7404,-4.9263,-0.0688,0.0396,-0.1432,141.7143,507.1429,257.1429,28.0366,196.7127,64.5558,5.00,3.00,2.00,0.0979,0.2257,0.0630,0,0.231444
20,0.3600,5.0400,54.9000,-34.8600,0.1966,0.3814,0.2475,0.1000,1.0000,-0.6000,-2.5100,3.2472,-2.3482,3.5833,1.2311,-3.1893,0.3778,0.7064,-5.1991,-0.1433,-0.1367,-0.0267,35.4286,507.1429,257.1429,6.9662,193.4086,63.6382,5.00,3.00,2.00,0.0967,0.2182,0.0612,0,0.211210
20,0.3800,5.3200,55.4500,-35.1300,0.1952,0.3744,0.2445,0.1000,1.0000,-0.6000,-2.4383,3.2709,-2.4119,3.5833,1.1407,-3.1893,0.3384,0.7243,-5.1376,0.1252,-0.2220,-0.0011,35.4286,507.1429,257.1429,6.9149,189.8610,62.8842,5.00,3.00,2.00,0.0952,0.2102,0.0598,0,0.207728
20,0.4000,5.6000,56.0000,-35.4000,0.1935,0.3671,0.2423,0.1000,1.0000,-0.6000,-2.3667,3.2928,-2.4757,3.5833,1.0472,-3.1893,0.4020,0.7014,-4.9471,0.0575,0.0244,0.0441,35.4286,507.1429,257.1429,6.8558,186.1498,62.3086,5.00,3.00,2.00,0.0936,0.2021,0.0587,0,0.204251
20,0.4200,5.8800,56.5500,-35.6700,0.1916,0.3596,0.2408,0.1000,1.0000,-0.6000,-2.2950,3.3128,-2.5395,3.5833,0.9508,-3.1893,0.3560,0.7087,-5.0930,-0.0041,-0.1791,-0.0622,35.4286,507.1429,257.1429,6.7898,182.3582,61.9226,5.00,3.00,2.00,0.0918,0.1939,0.0580,0,0.200856
20,0.4400,6.1600,57.1000,-22.0800,0.1896,0.3521,0.2401,0.1000,1.0000,0.8000,-2.2233,3.3308,-2.6033,3.5833,0.8519,-3.1893,-2.2233,2.7108,-2.6033,3.5833,0.8519,-3.1893,35.4286,507.1429,342.8571,6.7178,178.5714,82.3117,5.00,3.00,2.00,0.0899,0.1860,0.0576,1,0.214081
20,0.4600,6.4400,57.6500,-21.7200,0.1874,0.3448,0.2401,0.1000,1.0000,0.8000,-2.1517,3.3469,-2.6671,3.5833,0.7506,-3.1893,-2.1517,2.7269,-2.6671,3.5833,0.7506,-3.1893,35.4286,507.1429,342.8571,6.6410,174.8745,82.3278,5.00,3.00,2.00,0.0878,0.1784,0.0577,1,0.211075
20,0.4800,6.7200,58.2000,-21.3600,0.1852,0.3379,0.2410,0.1000,1.0000,0.8000,-2.0800,3.3608,-2.7309,3.5833,0.6472,-3.1893,-2.0800,2.7408,-2.7309,3.5833,0.6472,-3.1893,35.4286,507.1429,342.8571,6.5604,171.3504,82.6115,5.00,3.00,2.00,0.0857,0.1712,0.0581,1,0.208418
20,0.5000,7.0000,50.5000,-21.0000,0.1828,0.3314,0.2425,0.1000,0.4000,0.8000,-2.0083,3.3727,-2.7947,3.5833,0.5421,-3.1893,-2.0083,2.7527,-2.7947,3.5833,0.5421,-3.1893,35.4286,202.8571,342.8571,6.4771,67.2313,83.1572,5.00,3.00,2.00,0.0836,0.1648,0.0588,1,0.125492
20,0.5200,7.2800,50.7200,-20.6400,0.1804,0.3256,0.2449,0.1000,0.4000,0.8000,-1.9367,3.3825,-2.8585,3.5833,0.4354,-3.1893,-1.9367,2.7625,-2.8585,3.5833,0.4354,-3.1893,35.4286,202.8571,342.8571,6.3924,66.0527,83.9541,5.00,3.00,2.00,0.0814,0.1590,0.0600,1,0.125119
20,0.5400,7.5600,50.9400,-20.2800,0.1780,0.3206,0.2479,0.1000,0.4000,0.8000,-1.8650,3.3902,-2.9222,3.5833,0.3276,-3.1893,-1.8650,2.7702,-2.9222,3.5833,0.3276,-3.1893,35.4286,202.8571,342.8571,6.3075,65.0307,84.9868,5.00,3.00,2.00,0.0792,0.1542,0.0614,1,0.125060
20,0.5600,7.8400,51.1600,-19.9200,0.1757,0.3164,0.2515,0.1000,0.4000,0.8000,-1.7933,3.3956,-2.9860,3.5833,0.2189,-3.1893,-1.7933,2.7756,-2.9860,3.5833,0.2189,-3.1893,35.4286,202.8571,342.8571,6.2236,64.1883,86.2350,5.00,3.00,2.00,0.0771,0.1502,0.0633,1,0.125318
20,0.5800,8.1200,51.3800,-19.5600,0.1734,0.3132,0.2557,0.1000,0.4000,0.8000,-1.7217,3.3989,-3.0498,3.5833,0.1096,-3.1893,-1.7217,2.7789,-3.0498,3.5833,0.1096,-3.1893,35.4286,202.8571,342.8571,6.1419,63.5445,87.6742,5.00,3.00,2.00,0.0751,0.1472,0.0654,1,0.125888
20,0.6000,8.4000,51.6000,-19.2000,0.1711,0.3111,0.2604,0.1000,0.4000,0.8000,-1.6500,3.4000,-3.1136,3.5833,0.0000,-3.1893,-1.6500,2.7800,-3.1136,3.5833,0.0000,-3.1893,35.4286,202.8571,342.8571,6.0636,63.1136,89.2764,5.00,3.00,2.00,0.0732,0.1452,0.0678,1,0.126763
20,0.6200,8.6800,51.8200,-18.8400,0.1691,0.3101,0.2654,0.1000,0.4000,0.8000,-1.5783,3.3989,-3.1774,3.5833,-0.1096,-3.1893,-1.5783,2.7789,-3.1774,3.5833,-0.1096,-3.1893,35.4286,202.8571,342.8571,5.9898,62.9054,91.0102,5.00,3.00,2.00,0.0715,0.1442,0.0705,1,0.127924
20,0.6400,8.9600,52.0400,-18.4800,0.1671,0.3102,0.2708,0.1000,0.4000,0.8000,-1.5067,3.3956,-3.2412,3.5833,-0.2189,-3.1893,-1.5067,2.7756,-3.2412,3.5833,-0.2189,-3.1893,35.4286,202.8571,342.8571,5.9215,62.9246,92.8416,5.00,3.00,2.00,0.0698,0.1443,0.0733,1,0.129350
20,0.6600,9.2400,52.2600,-18.1200,0.1654,0.3114,0.2763,0.1000,0.4000,0.8000,-1.4350,3.3902,-3.3050,3.5833,-0.3276,-3.1893,-1.4350,2.7702,-3.3050,3.5833,-0.3276,-3.1893,35.4286,202.8571,342.8571,5.8598,63.1707,94.7348,5.00,3.00,2.00,0.0684,0.1455,0.0763,1,0.131012
20,0.6800,9.5200,52.4800,-17.7600,0.1639,0.3137,0.2819,0.1000,0.4000,0.8000,-1.3633,3.3825,-3.3688,3.5833,-0.4354,-3.1893,-1.3633,2.7625,-3.3688,3.5833,-0.4354,-3.1893,35.4286,202.8571,342.8571,5.8056,63.6382,96.6527,5.00,3.00,2.00,0.0671,0.1476,0.0795,1,0.132877
20,0.7000,9.8000,52.7000,-17.4000,0.1626,0.3171,0.2875,0.1000,0.4000,0.8000,-1.2917,3.3727,-3.4325,3.5833,-0.5421,-3.1893,-1.2917,2.7527,-3.4325,3.5833,-0.5421,-3.1893,35.4286,202.8571,342.8571,5.7596,64.3165,98.5579,5.00,3.00,2.00,0.0661,0.1508,0.0826,1,0.134907
20,0.7200,10.0800,52.9200,-17.0400,0.1615,0.3214,0.2929,0.1000,0.4000,0.8000,-1.2200,3.3608,-3.4963,3.5833,-0.6472,-3.1893,-1.2200,2.7408,-3.4963,3.5833,-0.6472,-3.1893,35.4286,202.8571,342.8571,5.7224,65.1905,100.4130,5.00,3.00,2.00,0.0652,0.1549,0.0858,1,0.137061
20,0.7400,10.3600,53.1400,-16.6800,0.1607,0.3265,0.2980,0.1000,0.4000,0.8000,-1.1483,3.3469,-3.5601,3.5833,-0.7506,-3.1893,-1.1483,2.7269,-3.5601,3.5833,-0.7506,-3.1893,35.4286,202.8571,342.8571,5.6947,66.2406,102.1818,5.00,3.00,2.00,0.0646,0.1599,0.0888,1,0.139294
20,0.7600,10.6400,53.3600,-16.3200,0.1602,0.3325,0.3028,0.1000,0.4000,0.8000,-1.0767,3.3308,-3.6239,3.5833,-0.8519,-3.1893,-1.0767,2.7108,-3.6239,3.5833,-0.8519,-3.1893,35.4286,202.8571,342.8571,5.6768,67.4430,103.8296,5.00,3.00,2.00,0.0642,0.1658,0.0917,1,0.141560
20,0.7800,10.9200,53.5800,-15.9600,0.1600,0.3390,0.3072,0.1000,0.4000,0.8000,-1.0050,3.3128,-3.6877,3.5833,-0.9508,-3.1893,-1.0050,2.6928,-3.6877,3.5833,-0.9508,-3.1893,35.4286,202.8571,342.8571,5.6689,68.7710,105.3242,5.00,3.00,2.00,0.0640,0.1724,0.0944,1,0.143811
20,0.8000,11.2000,53.8000,-15.6000,0.1601,0.3460,0.3110,0.1000,0.4000,0.8000,-0.9333,3.2928,-3.7515,3.5833,-1.0472,-3.1893,-0.9333,2.6728,-3.7515,3.5833,-1.0472,-3.1893,35.4286,202.8571,342.8571,5.6713,70.1945,106.6363,5.00,3.00,2.00,0.0641,0.1796,0.0967,1,0.146002
20,0.8200,11.4800,54.0200,-15.2400,0.1604,0.3534,0.3142,0.1000,0.4000,0.8000,-0.8617,3.2709,-3.8153,3.5833,-1.1407,-3.1893,-0.8617,2.6509,-3.8153,3.5833,-1.1407,-3.1893,35.4286,202.8571,342.8571,5.6838,71.6817,107.7403,5.00,3.00,2.00,0.0643,0.1873,0.0987,1,0.148085
20,0.8400,11.7600,54.2400,-14.8800,0.1611,0.3608,0.3168,0.1000,0.4000,0.8000,-0.7900,3.2472,-3.8790,3.5833,-1.2311,-3.1893,-0.7900,2.6272,-3.8790,3.5833,-1.2311,-3.1893,35.4286,202.8571,342.8571,5.7063,73.1991,108.6146,5.00,3.00,2.00,0.0649,0.1953,0.1004,1,0.150016
20,0.8600,12.0400,54.4600,-14.5200,0.1620,0.3683,0.3186,0.1000,0.4000,0.8000,-0.7183,3.2217,-3.9428,3.5833,-1.3180,-3.1893,-0.7183,2.6017,-3.9428,3.5833,-1.3180,-3.1893,35.4286,202.8571,342.8571,5.7384,74.7127,109.2421,5.00,3.00,2.00,0.0656,0.2035,0.1015,1,0.151755
20,0.8800,12.3200,54.6800,-14.1600,0.1631,0.3756,0.3197,0.1000,0.4000,0.8000,-0.6467,3.1945,-4.0066,3.5833,-1.4014,-3.1893,-0.6467,2.5745,-4.0066,3.5833,-1.4014,-3.1893,35.4286,202.8571,342.8571,5.7797,76.1885,109.6104,5.00,3.00,2.00,0.0665,0.2116,0.1022,1,0.153263
20,0.9000,0.0000,54.9000,-13.8000,0.0100,0.3825,0.3200,0.0000,0.4000,0.8000,-0.5750,3.1657,-4.0704,3.5833,-1.4810,-3.1893,-0.5750,2.5457,-4.0704,3.5833,-1.4810,-3.1893,0.0000,202.8571,342.8571,0.0000,77.5933,109.7123,5.00,3.00,2.00,0.0003,0.2195,0.1024,1,0.149845
20,0.9200,0.0000,55.1200,-13.4400,0.0100,0.3889,0.3195,0.0000,0.4000,0.8000,-0.5033,3.1353,-4.1342,3.5833,-1.5564,-3.1893,-0.5033,2.5153,-4.1342,3.5833,-1.5564,-3.1893,0.0000,202.8571,342.8571,0.0000,78.8956,109.5460,5.00,3.00,2.00,0.0003,0.2269,0.1021,1,0.150753
20,0.9400,0.0000,55.3400,-13.0800,0.0100,0.3947,0.3183,0.0000,0.4000,0.8000,-0.4317,3.1035,-4.1980,3.5833,-1.6277,-3.1893,-0.4317,2.4835,-4.1980,3.5833,-1.6277,-3.1893,0.0000,202.8571,342.8571,0.0000,80.0661,109.1146,5.00,3.00,2.00,0.0003,0.2337,0.1013,1,0.151345
20,0.9600,0.0000,55.5600,-30.0000,0.0100,0.3997,0.0200,0.0000,0.4000,0.0000,-0.3600,3.0702,-4.2618,3.5833,-1.6944,-3.1893,-0.3600,2.4502,-4.2618,3.5833,-1.6944,-3.1893,0.0000,202.8571,0.0000,0.0000,81.0786,0.0000,5.00,3.00,2.00,0.0003,0.2396,0.0004,1,0.064863
20,0.9800,0.0000,55.7800,-30.0000,0.0100,0.4038,0.0200,0.0000,0.4000,0.0000,-0.2883,3.0357,-4.3256,3.5833,-1.7565,-3.1893,-0.2883,2.4157,-4.3256,3.5833,-1.7565,-3.1893,0.0000,202.8571,0.0000,0.0000,81.9103,0.0000,5.00,3.00,2.00,0.0003,0.2446,0.0004,1,0.065528
20,1.0000,0.0000,45.0000,-30.0000,0.0100,0.0200,0.0200,0.0000,0.0000,0.0000,-0.2167,3.0000,-4.3893,3.5833,-1.8138,-3.1893,-0.2167,2.3800,-4.3893,3.5833,-1.8138,-3.1893,0.0000,0.0000,0.0000,0.0000,0.0000,0.0000,5.00,3.00,2.00,0.0003,0.0006,0.0004,1,0.000000
20,1.0200,0.0000,45.0000,-30.0000,0.0100,0.0200,0.0200,0.0000,0.0000,0.0000,-0.1450,2.9632,-4.4531,3.5833,-1.8661,-3.1893,-0.1450,2.3432,-4.4531,3.5833,-1.8661,-3.1893,0.0000,0.0000,0.0000,0.0000,0.0000,0.0000,5.00,3.00,2.00,0.0003,0.0006,0.0004,1,0.000000
20,1.0400,0.0000,45.0000,-30.0000,0.0100,0.0200,0.0200,0.0000,0.0000,0.0000,-0.0733,2.9254,-4.5169,3.5833,-1.9133,-3.1893,-0.0733,2.3054,-4.5169,3.5833,-1.9133,-3.1893,0.0000,0.0000,0.0000,0.0000,0.0000,0.0000,5.00,3.00,2.00,0.0003,0.0006,0.0004,1,0.000000
20,1.0600,0.0000,45.0000,-30.0000,0.0100,0.0200,0.0200,0.0000,0.0000,0.0000,-0.0017,2.8867,-4.5807,3.5833,-1.9553,-3.1893,-0.0017,2.2667,-4.5807,3.5833,-1.9553,-3.1893,0.0000,0.0000,0.0000,0.0000,0.0000,0.0000,5.00,3.00,2.00,0.0003,0.0006,0.0004,1,0.000000
20,1.0800,0.0000,45.0000,-30.0000,0.0100,0.0200,0.0200,0.0000,0.0000,0.0000,0.0700,2.8472,-4.6445,3.5833,-1.9919,-3.1893,0.0700,2.2272,-4.6445,3.5833,-1.9919,-3.1893,0.0000,0.0000,0.0000,0.0000,0.0000,0.0000,5.00,3.00,2.00,0.0003,0.0006,0.0004,1,0.000000
20,1.1000,0.0000,45.0000,-30.0000,0.0100,0.0200,0.0200,0.0000,0.0000,0.0000,0.1417,2.8071,-4.7083,3.5833,-2.0230,-3.1893,0.1417,2.1871,-4.7083,3.5833,-2.0230,-3.1893,0.0000,0.0000,0.0000,0.0000,0.0000,0.0000,5.00,3.00,2.00,0.0003,0.0006,0.0004,1,0.000000
20,1.1200,0.0000,45.0000,-30.0000,0.0100,0.0200,0.0200,0.0000,0.0000,0.0000,0.2133,2.7663,-4.7721,3.5833,-2.0486,-3.1893,0.2133,2.1463,-4.7721,3.5833,-2.0486,-3.1893,0.0000,0.0000,0.0000,0.0000,0.0000,0.0000,5.00,3.00,2.00,0.0003,0.0006,0.0004,1,0.000000
20,1.1400,0.0000,45.0000,-30.0000,0.0100,0.0200,0.0200,0.0000,0.0000,0.0000,0.2850,2.7251,-4.8358,3.5833,-2.0686,-3.1893,0.5502,0.7167,-5.1879,-0.0574,-0.1648,0.0240,0.0000,0.0000,0.0000,0.0000,0.0000,0.0000,5.00,3.00,2.00,0.0003,0.0006,0.0004,0,0.000000
20,1.1600,0.0000,45.0000,-30.0000,0.0100,0.0200,0.0200,0.0000,0.0000,0.0000,0.3567,2.6836,-4.8996,3.5833,-2.0829,-3.1893,0.5862,0.7126,-5.0807,-0.0659,-0.1407,-0.1165,0.0000,0.0000,0.0000,0.0000,0.0000,0.0000,5.00,3.00,2.00,0.0003,0.0006,0.0004,0,0.000000
20,1.1800,0.0000,45.0000,-30.0000,0.0100,0.0200,0.0200,0.0000,0.0000,0.0000,0.4283,2.6419,-4.9634,3.5833,-2.0915,-3.1893,0.5142,0.7017,-5.0030,-0.0536,-0.0576,0.0125,0.0000,0.0000,0.0000,0.0000,0.0000,0.0000,5.00,3.00,2.00,0.0003,0.0006,0.0004,0,0.000000
20,1.2000,0.0000,45.0000,-30.0000,0.0100,0.0200,0.0200,0.0000,0.0000,0.0000,0.5000,2.6000,-5.0272,0.0000,0.0000,0.0000,0.3967,0.7292,-4.9977,0.0885,0.0319,0.0862,0.0000,0.0000,0.0000,0.0000,0.0000,0.0000,5.00,3.00,2.00,0.0003,0.0006,0.0004,0,0.000000
20,1.2200,0.0000,45.0000,-30.0000,0.0100,0.0200,0.0200,0.0000,0.0000,0.0000,0.5000,2.6000,-5.0272,0.0000,0.0000,0.0000,0.5170,0.7324,-4.9165,-0.0794,-0.1435,0.0332,0.0000,0.0000,0.0000,0.0000,0.0000,0.0000,5.00,3.00,2.00,0.0003,0.0006,0.0004,0,0.000000
20,1.2400,0.0000,45.0000,-30.0000,0.0100,0.0200,0.0200,0.0000,0.0000,0.0000,0.5000,2.6000,-5.0272,0.0000,0.0000,0.0000,0.5493,0.7270,-5.1384,0.0460,-0.0917,0.0874,0.0000,0.0000,0.0000,0.0000,0.0000,0.0000,5.00,3.00,2.00,0.0003,0.0006,0.0004,0,0.000000
20,1.2600,0.0000,45.0000,-30.0000,0.0100,0.0200,0.0200,0.0000,0.0000,0.0000,0.5000,2.6000,-5.0272,0.0000,0.0000,0.0000,0.4744,0.7293,-5.0667,0.0199,-0.1256,0.0425,0.0000,0.0000,0.0000,0.0000,0.0000,0.0000,5.00,3.00,2.00,0.0003,0.0006,0.0004,0,0.000000
20,1.2800,0.0000,45.0000,-30.0000,0.0100,0.0200,0.0200,0.0000,0.0000,0.0000,0.5000,2.6000,-5.0272,0.0000,0.0000,0.0000,0.4327,0.7358,-4.9505,0.0266,-0.1149,0.0466,0.0000,0.0000,0.0000,0.0000,0.0000,0.0000,5.00,3.00,2.00,0.0003,0.0006,0.0004,0,0.000000
20,1.3000,0.0000,45.0000,-30.0000,0.0100,0.0200,0.0200,0.0000,0.0000,0.0000,0.5000,2.6000,-5.0272,0.0000,0.0000,0.0000,0.4219,0.7294,-4.9896,0.0401,-0.0717,0.0058,0.0000,0.0000,0.0000,0.0000,0.0000,0.0000,5.00,3.00,2.00,0.0003,0.0006,0.0004,0,0.000000
20,1.3200,0.0000,45.0000,-30.0000,0.0100,0.0200,0.0200,0.0000,0.0000,0.0000,0.5000,2.6000,-5.0272,0.0000,0.0000,0.0000,0.5299,0.7272,-5.0319,-0.0456,-0.0135,-0.0045,0.0000,0.0000,0.0000,0.0000,0.0000,0.0000,5.00,3.00,2.00,0.0003,0.0006,0.0004,0,0.000000
20,1.3400,0.0000,45.0000,-30.0000,0.0100,0.0200,0.0200,0.0000,0.0000,0.0000,0.5000,2.6000,-5.0272,0.0000,0.0000,0.0000,0.5222,0.7232,-5.0705,0.0210,-0.0333,0.0153,0.0000,0.0000,0.0000,0.0000,0.0000,0.0000,5.00,3.00,2.00,0.0003,0.0006,0.0004,0,0.000000
20,1.3600,0.0000,45.0000,-30.0000,0.0100,0.0200,0.0200,0.0000,0.0000,0.0000,0.5000,2.6000,-5.0272,0.0000,0.0000,0.0000,0.4432,0.7263,-4.9960,0.0144,0.0069,0.0349,0.0000,0.0000,0.0000,0.0000,0.0000,0.0000,5.00,3.00,2.00,0.0003,0.0006,0.0004,0,0.000000
20,1.3800,0.0000,45.0000,-30.0000,0.0100,0.0200,0.0200,0.0000,0.0000,0.0000,0.5000,2.6000,-5.0272,0.0000,0.0000,0.0000,0.4730,0.7204,-5.0223,0.0312,-0.0098,0.0413,0.0000,0.0000,0.0000,0.0000,0.0000,0.0000,5.00,3.00,2.00,0.0003,0.0006,0.0004,0,0.000000
20,1.4000,0.0000,45.0000,-30.0000,0.0100,0.0200,0.0200,0.0000,0.0000,0.0000,0.5000,2.6000,-5.0272,0.0000,0.0000,0.0000,0.5388,0.7254,-5.0159,-0.0236,-0.0511,-0.0096,0.0000,0.0000,0.0000,0.0000,0.0000,0.0000,5.00,3.00,2.00,0.0003,0.0006,0.0004,0,0.000000
20,1.4200,0.0000,45.0000,-30.0000,0.0100,0.0200,0.0200,0.0000,0.0000,0.0000,0.5000,2.6000,-5.0272,0.0000,0.0000,0.0000,0.5266,0.7244,-5.0381,-0.0001,-0.0395,0.0053,0.0000,0.0000,0.0000,0.0000,0.0000,0.0000,5.00,3.00,2.00,0.0003,0.0006,0.0004,0,0.000000
20,1.4400,0.0000,45.0000,-30.0000,0.0100,0.0200,0.0200,0.0000,0.0000,0.0000,0.5000,2.6000,-5.0272,0.0000,0.0000,0.0000,0.4986,0.7182,-5.0463,0.0118,0.0039,0.0004,0.0000,0.0000,0.0000,0.0000,0.0000,0.0000,5.00,3.00,2.00,0.0003,0.0006,0.0004,0,0.000000
20,1.4600,0.0000,45.0000,-30.0000,0.0100,0.0200,0.0200,0.0000,0.0000,0.0000,0.5000,2.6000,-5.0272,0.0000,0.0000,0.0000,0.5008,0.7199,-5.0287,-0.0041,-0.0033,-0.0029,0.0000,0.0000,0.0000,0.0000,0.0000,0.0000,5.00,3.00,2.00,0.0003,0.0006,0.0004,0,0.000000
20,1.4800,0.0000,45.0000,-30.0000,0.0100,0.0200,0.0200,0.0000,0.0000,0.0000,0.5000,2.6000,-5.0272,0.0000,0.0000,0.0000,0.5000,0.7200,-5.0272,0.0000,0.0000,0.0000,0.0000,0.0000,0.0000,0.0000,0.0000,0.0000,5.00,3.00,2.00,0.0003,0.0006,0.0004,0,0.000000
20,1.5000,0.0000,45.0000,-30.0000,0.0100,0.0200,0.0200,0.0000,0.0000,0.0000,0.5000,2.6000,-5.0272,0.0000,0.0000,0.0000,0.4902,0.7190,-5.0183,0.0004,0.0110,-0.0054,0.0000,0.0000,0.0000,0.0000,0.0000,0.0000,5.00,3.00,2.00,0.0003,0.0006,0.0004,0,0.000000
21,0.0200,1.1200,45.5500,-30.2700,0.1824,0.3675,0.3196,0.4000,1.0000,-0.6000,-3.7250,2.6419,-1.2714,3.7500,2.0915,-3.5719,0.8173,0.7208,-5.4615,0.1003,-0.0293,0.0329,140.8000,504.0000,255.6000,25.6811,185.2058,81.6920,5.00,3.00,2.00,0.0832,0.2026,0.1021,0,0.234063
21,0.0400,2.2400,46.1000,-30.5400,0.1848,0.3748,0.3184,0.4000,1.0000,-0.6000,-3.6500,2.6836,-1.3429,3.7500,2.0829,-3.5719,0.6326,0.7217,-5.3875,-0.1038,-0.1967,0.0531,140.8000,504.0000,255.6000,26.0134,188.8871,81.3938,5.00,3.00,2.00,0.0853,0.2107,0.1014,0,0.237035
21,0.0600,3.3600,46.6500,-30.8100,0.1870,0.3817,0.3165,0.4000,1.0000,-0.6000,-3.5750,2.7251,-1.4143,3.7500,2.0686,-3.5719,0.8177,0.7125,-5.4602,-0.1388,-0.1500,-0.0804,140.8000,504.0000,255.6000,26.3360,192.4011,80.9034,5.00,3.00,2.00,0.0875,0.2186,0.1002,0,0.239712
21,0.0800,4.4800,47.2000,-31.0800,0.1892,0.3882,0.3139,0.4000,1.0000,-0.6000,-3.5000,2.7663,-1.4858,3.7500,2.0486,-3.5719,0.7246,0.7340,-5.5680,-0.0558,-0.2119,0.0434,140.8000,504.0000,255.6000,26.6444,195.6690,80.2303,5.00,3.00,2.00,0.0895,0.2261,0.0985,0,0.242035
21,0.1000,5.6000,47.7500,-31.3500,0.1913,0.3941,0.3106,0.4000,1.0000,-0.6000,-3.4250,2.8071,-1.5572,3.7500,2.0230,-3.5719,0.6799,0.6950,-5.5222,-0.0043,-0.0974,-0.0810,140.8000,504.0000,255.6000,26.9340,198.6173,79.3877,5.00,3.00,2.00,0.0915,0.2330,0.0965,0,0.243951
21,0.1200,6.7200,48.3000,-31.6200,0.1932,0.3992,0.3067,0.4000,1.0000,-0.6000,-3.3500,2.8472,-1.6286,3.7500,1.9919,-3.5719,0.7193,0.7495,-5.6473,-0.0911,-0.2416,-0.0188,140.8000,504.0000,255.6000,27.2008,201.1798,78.3921,5.00,3.00,2.00,0.0933,0.2390,0.0941,0,0.245418
21,0.1400,7.8400,48.8500,-31.8900,0.1949,0.4034,0.3023,0.4000,1.0000,-0.6000,-3.2750,2.8867,-1.7001,3.7500,1.9553,-3.5719,0.8596,0.7324,-5.3970,0.0952,0.0318,-0.1187,140.8000,504.0000,255.6000,27.4409,203.2991,77.2630,5.00,3.00,2.00,0.0950,0.2441,0.0914,0,0.246402
21,0.1600,8.9600,49.4000,-32.1600,0.1964,0.4066,0.2974,0.4000,1.0000,-0.6000,-3.2000,2.9254,-1.7715,3.7500,1.9133,-3.5719,0.7189,0.7419,-5.5783,-0.0794,-0.2401,-0.1014,140.8000,504.0000,255.6000,27.6508,204.9274,76.0224,5.00,3.00,2.00,0.0964,0.2480,0.0885,0,0.246881
21,0.1800,10.0800,49.9500,-32.4300,0.1976,0.4088,0.2922,0.4000,1.0000,-0.6000,-3.1250,2.9632,-1.8429,3.7500,1.8661,-3.5719,0.6137,0.7471,-5.4936,0.0962,0.0221,-0.0182,140.8000,504.0000,255.6000,27.8276,206.0282,74.6947,5.00,3.00,2.00,0.0977,0.2507,0.0854,0,0.246840
21,0.2000,11.2000,50.5000,-32.7000,0.1986,0.4099,0.2868,0.4000,1.0000,-0.6000,-3.0500,3.0000,-1.9144,3.7500,1.8138,-3.5719,0.7190,0.7207,-5.5275,0.1272,-0.1330,0.0455,140.8000,504.0000,255.6000,27.9686,206.5769,73.3057,5.00,3.00,2.00,0.0986,0.2520,0.0823,0,0.246281
21,0.2200,12.3200,51.0500,-32.9700,0.1994,0.4098,0.2812,0.4000,1.0000,-0.6000,-2.9750,3.0357,-1.9858,3.7500,1.7565,-3.5719,0.5954,0.7396,-5.6592,0.0133,-0.0699,-0.0939,140.8000,504.0000,255.6000,28.0719,206.5610,71.8828,5.00,3.00,2.00,0.0994,0.2520,0.0791,0,0.245213
21,0.2400,13.4400,51.6000,-33.2400,0.1998,0.4087,0.2756,0.4000,1.0000,-0.6000,-2.9000,3.0702,-2.0573,3.7500,1.6944,-3.5719,0.7447,0.7278,-5.5412,-0.1094,-0.2218,0.0381,140.8000,504.0000,255.6000,28.1359,205.9810,70.4537,5.00,3.00,2.00,0.0998,0.2505,0.0760,0,0.243657
21,0.2600,14.5600,52.1500,-33.5100,0.2000,0.4064,0.2701,0.4000,1.0000,-0.6000,-2.8250,3.1035,-2.1287,3.7500,1.6277,-3.5719,0.6942,0.7351,-5.3805,-0.0994,-0.0215,-0.0715,140.8000,504.0000,255.6000,28.1598,204.8498,69.0464,5.00,3.00,2.00,0.1000,0.2478,0.0730,0,0.241645
21,0.2800,15.6800,52.7000,-33.7800,0.1999,0.4032,0.2648,0.4000,1.0000,-0.6000,-2.7500,3.1353,-2.2001,3.7500,1.5564,-3.5719,0.6641,0.7025,-5.6480,-0.0786,-0.1824,0.0171,140.8000,504.0000,255.6000,28.1432,203.1929,67.6885,5.00,3.00,2.00,0.0999,0.2438,0.0701,0,0.239220
21,0.3000,16.8000,53.2500,-34.0500,0.1995,0.3989,0.2598,0.4000,1.0000,-0.6000,-2.6750,3.1657,-2.2716,3.7500,1.4810,-3.5719,0.7901,0.7340,-5.6361,0.0340,-0.0569,0.0049,140.8000,504.0000,255.6000,28.0864,201.0474,66.4065,5.00,3.00,2.00,0.0995,0.2387,0.0675,0,0.236432
21,0.3200,17.9200,53.8000,-34.3200,0.1988,0.3938,0.2552,0.4000,1.0000,-0.6000,-2.6000,3.1945,-2.3430,3.7500,1.4014,-3.5719,0.5386,0.6912,-5.5525,-0.1211,-0.0676,-0.1164,140.8000,504.0000,255.6000,27.9900,198.4617,65.2254,5.00,3.00,2.00,0.0988,0.2326,0.0651,0,0.233342
21,0.3400,19.0400,54.3500,-34.5900,0.1978,0.3879,0.2511,0.4000,1.0000,-0.6000,-2.5250,3.2217,-2.4145,3.7500,1.3180,-3.5719,0.5504,0.6905,-5.5709,-0.1328,-0.0666,-0.0293,140.8000,504.0000,255.6000,27.8557,195.4936,64.1685,5.00,3.00,2.00,0.0979,0.2257,0.0630,0,0.230014
21,0.3600,5.0400,54.9000,-34.8600,0.1966,0.3814,0.2475,0.1000,1.0000,-0.6000,-2.4500,3.2472,-2.4859,3.7500,1.2311,-3.5719,0.8133,0.6975,-5.3575,0.1058,-0.1489,-0.1032,35.2000,504.0000,255.6000,6.9213,192.2100,63.2564,5.00,3.00,2.00,0.0967,0.2182,0.0612,0,0.209910
21,0.3800,5.3200,55.4500,-35.1300,0.1952,0.3744,0.2445,0.1000,1.0000,-0.6000,-2.3750,3.2709,-2.5573,3.7500,1.1407,-3.5719,0.7524,0.7130,-5.3962,-0.1128,-0.0929,-0.0957,35.2000,504.0000,255.6000,6.8703,188.6844,62.5069,5.00,3.00,2.00,0.0952,0.2102,0.0598,0,0.206449
21,0.4000,5.6000,56.0000,-35.4000,0.1935,0.3671,0.2423,0.1000,1.0000,-0.6000,-2.3000,3.2928,-2.6288,3.7500,1.0472,-3.5719,0.7364,0.7483,-5.4495,-0.0112,-0.0117,0.1103,35.2000,504.0000,255.6000,6.8115,184.9962,61.9347,5.00,3.00,2.00,0.0936,0.2021,0.0587,0,0.202994
21,0.4200,5.8800,56.5500,-35.6700,0.1916,0.3596,0.2408,0.1000,1.0000,-0.6000,-2.2250,3.3128,-2.7002,3.7500,0.9508,-3.5719,0.5571,0.6906,-5.3109,0.0993,-0.2248,-0.1276,35.2000,504.0000,255.6000,6.7460,181.2281,61.5510,5.00,3.00,2.00,0.0918,0.1939,0.0580,0,0.199620
21,0.4400,6.1600,57.1000,-22.0800,0.1896,0.3521,0.2401,0.1000,1.0000,0.8000,-2.1500,3.3308,-2.7716,3.7500,0.8519,-3.5719,-2.1500,2.7108,-2.7716,3.7500,0.8519,-3.5719,35.2000,504.0000,340.8000,6.6745,177.4648,81.8178,5.00,3.00,2.00,0.0899,0.1860,0.0576,1,0.212766
21,0.4600,6.4400,57.6500,-21.7200,0.1874,0.3448,0.2401,0.1000,1.0000,0.8000,-2.0750,3.3469,-2.8431,3.7500,0.7506,-3.5719,-2.0750,2.7269,-2.8431,3.7500,0.7506,-3.5719,35.2000,504.0000,340.8000,6.5982,173.7908,81.8339,5.00,3.00,2.00,0.0878,0.1784,0.0577,1,0.209778
21,0.4800,6.7200,58.2000,-21.3600,0.1852,0.3379,0.2410,0.1000,1.0000,0.8000,-2.0000,3.3608,-2.9145,3.7500,0.6472,-3.5719,-2.0000,2.7408,-2.9145,3.7500,0.6472,-3.5719,35.2000,504.0000,340.8000,6.5181,170.2885,82.1158,5.00,3.00,2.00,0.0857,0.1712,0.0581,1,0.207138
21,0.5000,7.0000,50.5000,-21.0000,0.1828,0.3314,0.2425,0.1000,0.4000,0.8000,-1.9250,3.3727,-2.9860,3.7500,0.5421,-3.5719,-1.9250,2.7527,-2.9860,3.7500,0.5421,-3.5719,35.2000,201.6000,340.8000,6.4353,66.8147,82.6582,5.00,3.00,2.00,0.0836,0.1648,0.0588,1,0.124727
21,0.5200,7.2800,50.7200,-20.6400,0.1804,0.3256,0.2449,0.1000,0.4000,0.8000,-1.8500,3.3825,-3.0574,3.7500,0.4354,-3.5719,-1.8500,2.7625,-3.0574,3.7500,0.4354,-3.5719,35.2000,201.6000,340.8000,6.3512,65.6433,83.4504,5.00,3.00,2.00,0.0814,0.1590,0.0600,1,0.124356
21,0.5400,7.5600,50.9400,-20.2800,0.1780,0.3206,0.2479,0.1000,0.4000,0.8000,-1.7750,3.3902,-3.1288,3.7500,0.3276,-3.5719,-1.7750,2.7702,-3.1288,3.7500,0.3276,-3.5719,35.2000,201.6000,340.8000,6.2668,64.6277,84.4769,5.00,3.00,2.00,0.0792,0.1542,0.0614,1,0.124297
21,0.5600,7.8400,51.1600,-19.9200,0.1757,0.3164,0.2515,0.1000,0.4000,0.8000,-1.7000,3.3956,-3.2003,3.7500,0.2189,-3.5719,-1.7000,2.7756,-3.2003,3.7500,0.2189,-3.5719,35.2000,201.6000,340.8000,6.1835,63.7905,85.7176,5.00,3.00,2.00,0.0771,0.1502,0.0633,1,0.124553
21,0.5800,8.1200,51.3800,-19.5600,0.1734,0.3132,0.2557,0.1000,0.4000,0.8000,-1.6250,3.3989,-3.2717,3.7500,0.1096,-3.5719,-1.6250,2.7789,-3.2717,3.7500,0.1096,-3.5719,35.2000,201.6000,340.8000,6.1023,63.1507,87.1482,5.00,3.00,2.00,0.0751,0.1472,0.0654,1,0.125121
21,0.6000,8.4000,51.6000,-19.2000,0.1711,0.3111,0.2604,0.1000,0.4000,0.8000,-1.5500,3.4000,-3.3432,3.7500,0.0000,-3.5719,-1.5500,2.7800,-3.3432,3.7500,0.0000,-3.5719,35.2000,201.6000,340.8000,6.0245,62.7225,88.7408,5.00,3.00,2.00,0.0732,0.1452,0.0678,1,0.125990
21,0.6200,8.6800,51.8200,-18.8400,0.1691,0.3101,0.2654,0.1000,0.4000,0.8000,-1.4750,3.3989,-3.4146,3.7500,-0.1096,-3.5719,-1.4750,2.7789,-3.4146,3.7500,-0.1096,-3.5719,35.2000,201.6000,340.8000,5.9511,62.5156,90.4641,5.00,3.00,2.00,0.0715,0.1442,0.0705,1,0.127145
21,0.6400,8.9600,52.0400,-18.4800,0.1671,0.3102,0.2708,0.1000,0.4000,0.8000,-1.4000,3.3956,-3.4860,3.7500,-0.2189,-3.5719,-1.4000,2.7756,-3.4860,3.7500,-0.2189,-3.5719,35.2000,201.6000,340.8000,5.8833,62.5347,92.2845,5.00,3.00,2.00,0.0698,0.1443,0.0733,1,0.128562
21,0.6600,9.2400,52.2600,-18.1200,0.1654,0.3114,0.2763,0.1000,0.4000,0.8000,-1.3250,3.3902,-3.5575,3.7500,-0.3276,-3.5719,-1.3250,2.7702,-3.5575,3.7500,-0.3276,-3.5719,35.2000,201.6000,340.8000,5.8220,62.7792,94.1663,5.00,3.00,2.00,0.0684,0.1455,0.0763,1,0.130214
21,0.6800,9.5200,52.4800,-17.7600,0.1639,0.3137,0.2819,0.1000,0.4000,0.8000,-1.2500,3.3825,-3.6289,3.7500,-0.4354,-3.5719,-1.2500,2.7625,-3.6289,3.7500,-0.4354,-3.5719,35.2000,201.6000,340.8000,5.7681,63.2438,96.0728,5.00,3.00,2.00,0.0671,0.1476,0.0795,1,0.132068
21,0.7000,9.8000,52.7000,-17.4000,0.1626,0.3171,0.2875,0.1000,0.4000,0.8000,-1.1750,3.3727,-3.7003,3.7500,-0.5421,-3.5719,-1.1750,2.7527,-3.7003,3.7500,-0.5421,-3.5719,35.2000,201.6000,340.8000,5.7224,63.9179,97.9665,5.00,3.00,2.00,0.0661,0.1508,0.0826,1,0.134086
21,0.7200,10.0800,52.9200,-17.0400,0.1615,0.3214,0.2929,0.1000,0.4000,0.8000,-1.1000,3.3608,-3.7718,3.7500,-0.6472,-3.5719,-1.1000,2.7408,-3.7718,3.7500,-0.6472,-3.5719,35.2000,201.6000,340.8000,5.6855,64.7865,99.8105,5.00,3.00,2.00,0.0652,0.1549,0.0858,1,0.136226
21,0.7400,10.3600,53.1400,-16.6800,0.1607,0.3265,0.2980,0.1000,0.4000,0.8000,-1.0250,3.3469,-3.8432,3.7500,-0.7506,-3.5719,-1.0250,2.7269,-3.8432,3.7500,-0.7506,-3.5719,35.2000,201.6000,340.8000,5.6580,65.8301,101.5687,5.00,3.00,2.00,0.0646,0.1599,0.0888,1,0.138445
21,0.7600,10.6400,53.3600,-16.3200,0.1602,0.3325,0.3028,0.1000,0.4000,0.8000,-0.9500,3.3308,-3.9147,3.7500,-0.8519,-3.5719,-0.9500,2.7108,-3.9147,3.7500,-0.8519,-3.5719,35.2000,201.6000,340.8000,5.6402,67.0251,103.2066,5.00,3.00,2.00,0.0642,0.1658,0.0917,1,0.140697
21,0.7800,10.9200,53.5800,-15.9600,0.1600,0.3390,0.3072,0.1000,0.4000,0.8000,-0.8750,3.3128,-3.9861,3.7500,-0.9508,-3.5719,-0.8750,2.6928,-3.9861,3.7500,-0.9508,-3.5719,35.2000,201.6000,340.8000,5.6324,68.3448,104.6922,5.00,3.00,2.00,0.0640,0.1724,0.0944,1,0.142936
21,0.8000,11.2000,53.8000,-15.6000,0.1601,0.3460,0.3110,0.1000,0.4000,0.8000,-0.8000,3.2928,-4.0575,3.7500,-1.0472,-3.5719,-0.8000,2.6728,-4.0575,3.7500,-1.0472,-3.5719,35.2000,201.6000,340.8000,5.6347,69.7595,105.9965,5.00,3.00,2.00,0.0641,0.1796,0.0967,1,0.145113
21,0.8200,11.4800,54.0200,-15.2400,0.1604,0.3534,0.3142,0.1000,0.4000,0.8000,-0.7250,3.2709,-4.1290,3.7500,-1.1407,-3.5719,-0.7250,2.6509,-4.1290,3.7500,-1.1407,-3.5719,35.2000,201.6000,340.8000,5.6471,71.2375,107.0939,5.00,3.00,2.00,0.0643,0.1873,0.0987,1,0.147183
21,0.8400,11.7600,54.2400,-14.8800,0.1611,0.3608,0.3168,0.1000,0.4000,0.8000,-0.6500,3.2472,-4.2004,3.7500,-1.2311,-3.5719,-0.6500,2.6272,-4.2004,3.7500,-1.2311,-3.5719,35.2000,201.6000,340.8000,5.6694,72.7455,107.9629,5.00,3.00,2.00,0.0649,0.1953,0.1004,1,0.149102
21,0.8600,12.0400,54.4600,-14.5200,0.1620,0.3683,0.3186,0.1000,0.4000,0.8000,-0.5750,3.2217,-4.2719,3.7500,-1.3180,-3.5719,-0.5750,2.6017,-4.2719,3.7500,-1.3180,-3.5719,35.2000,201.6000,340.8000,5.7014,74.2497,108.5866,5.00,3.00,2.00,0.0656,0.2035,0.1015,1,0.150830
21,0.8800,12.3200,54.6800,-14.1600,0.1631,0.3756,0.3197,0.1000,0.4000,0.8000,-0.5000,3.1945,-4.3433,3.7500,-1.4014,-3.5719,-0.5000,2.5745,-4.3433,3.7500,-1.4014,-3.5719,35.2000,201.6000,340.8000,5.7424,75.7163,108.9527,5.00,3.00,2.00,0.0665,0.2116,0.1022,1,0.152329
21,0.9000,0.0000,54.9000,-13.8000,0.0100,0.3825,0.3200,0.0000,0.4000,0.8000,-0.4250,3.1657,-4.4147,3.7500,-1.4810,-3.5719,-0.4250,2.5457,-4.4147,3.7500,-1.4810,-3.5719,0.0000,201.6000,340.8000,0.0000,77.1124,109.0541,5.00,3.00,2.00,0.0003,0.2195,0.1024,1,0.148933
21,0.9200,0.0000,55.1200,-13.4400,0.0100,0.3889,0.3195,0.0000,0.4000,0.8000,-0.3500,3.1353,-4.4862,3.7500,-1.5564,-3.5719,-0.3500,2.5153,-4.4862,3.7500,-1.5564,-3.5719,0.0000,201.6000,340.8000,0.0000,78.4067,108.8887,5.00,3.00,2.00,0.0003,0.2269,0.1021,1,0.149836
21,0.9400,0.0000,55.3400,-13.0800,0.0100,0.3947,0.3183,0.0000,0.4000,0.8000,-0.2750,3.1035,-4.5576,3.7500,-1.6277,-3.5719,-0.2750,2.4835,-4.5576,3.7500,-1.6277,-3.5719,0.0000,201.6000,340.8000,0.0000,79.5700,108.4599,5.00,3.00,2.00,0.0003,0.2337,0.1013,1,0.150424
21,0.9600,0.0000,55.5600,-30.0000,0.0100,0.3997,0.0200,0.0000,0.4000,0.0000,-0.2000,3.0702,-4.6290,3.7500,-1.6944,-3.5719,-0.2000,2.4502,-4.6290,3.7500,-1.6944,-3.5719,0.0000,201.6000,0.0000,0.0000,80.5762,0.0000,5.00,3.00,2.00,0.0003,0.2396,0.0004,1,0.064461
21,0.9800,0.0000,55.7800,-30.0000,0.0100,0.4038,0.0200,0.0000,0.4000,0.0000,-0.1250,3.0357,-4.7005,3.7500,-1.7565,-3.5719,-0.1250,2.4157,-4.7005,3.7500,-1.7565,-3.5719,0.0000,201.6000,0.0000,0.0000,81.4027,0.0000,5.00,3.00,2.00,0.0003,0.2446,0.0004,1,0.065122
21,1.0000,0.0000,45.0000,-30.0000,0.0100,0.0200,0.0200,0.0000,0.0000,0.0000,-0.0500,3.0000,-4.7719,3.7500,-1.8138,-3.5719,-0.0500,2.3800,-4.7719,3.7500,-1.8138,-3.5719,0.0000,0.0000,0.0000,0.0000,0.0000,0.0000,5.00,3.00,2.00,0.0003,0.0006,0.0004,1,0.000000
21,1.0200,0.0000,45.0000,-30.0000,0.0100,0.0200,0.0200,0.0000,0.0000,0.0000,0.0250,2.9632,-4.8434,3.7500,-1.8661,-3.5719,0.0250,2.3432,-4.8434,3.7500,-1.8661,-3.5719,0.0000,0.0000,0.0000,0.0000,0.0000,0.0000,5.00,3.00,2.00,0.0003,0.0006,0.0004,1,0.000000
21,1.0400,0.0000,45.0000,-30.0000,0.0100,0.0200,0.0200,0.0000,0.0000,0.0000,0.1000,2.9254,-4.9148,3.7500,-1.9133,-3.5719,0.1000,2.3054,-4.9148,3.7500,-1.9133,-3.5719,0.0000,0.0000,0.0000,0.0000,0.0000,0.0000,5.00,3.00,2.00,0.0003,0.0006,0.0004,1,0.000000
21,1.0600,0.0000,45.0000,-30.0000,0.0100,0.0200,0.0200,0.0000,0.0000,0.0000,0.1750,2.8867,-4.9862,3.7500,-1.9553,-3.5719,0.1750,2.2667,-4.9862,3.7500,-1.9553,-3.5719,0.0000,0.0000,0.0000,0.0000,0.0000,0.0000,5.00,3.00,2.00,0.0003,0.0006,0.0004,1,0.000000
21,1.0800,0.0000,45.0000,-30.0000,0.0100,0.0200,0.0200,0.0000,0.0000,0.0000,0.2500,2.8472,-5.0577,3.7500,-1.9919,-3.5719,0.2500,2.2272,-5.0577,3.7500,-1.9919,-3.5719,0.0000,0.0000,0.0000,0.0000,0.0000,0.0000,5.00,3.00,2.00,0.0003,0.0006,0.0004,1,0.000000
21,1.1000,0.0000,45.0000,-30.0000,0.0100,0.0200,0.0200,0.0000,0.0000,0.0000,0.3250,2.8071,-5.1291,3.7500,-2.0230,-3.5719,0.3250,2.1871,-5.1291,3.7500,-2.0230,-3.5719,0.0000,0.0000,0.0000,0.0000,0.0000,0.0000,5.00,3.00,2.00,0.0003,0.0006,0.0004,1,0.000000
21,1.1200,0.0000,45.0000,-30.0000,0.0100,0.0200,0.0200,0.0000,0.0000,0.0000,0.4000,2.7663,-5.2005,3.7500,-2.0486,-3.5719,0.4000,2.1463,-5.2005,3.7500,-2.0486,-3.5719,0.0000,0.0000,0.0000,0.0000,0.0000,0.0000,5.00,3.00,2.00,0.0003,0.0006,0.0004,1,0.000000
21,1.1400,0.0000,45.0000,-30.0000,0.0100,0.0200,0.0200,0.0000,0.0000,0.0000,0.4750,2.7251,-5.2720,3.7500,-2.0686,-3.5719,0.6357,0.7136,-5.6077,0.0515,-0.2122,0.0718,0.0000,0.0000,0.0000,0.0000,0.0000,0.0000,5.00,3.00,2.00,0.0003,0.0006,0.0004,0,0.000000
21,1.1600,0.0000,45.0000,-30.0000,0.0100,0.0200,0.0200,0.0000,0.0000,0.0000,0.5500,2.6836,-5.3434,3.7500,-2.0829,-3.5719,0.8589,0.7116,-5.4550,0.0396,-0.1093,-0.1066,0.0000,0.0000,0.0000,0.0000,0.0000,0.0000,5.00,3.00,2.00,0.0003,0.0006,0.0004,0,0.000000
21,1.1800,0.0000,45.0000,-30.0000,0.0100,0.0200,0.0200,0.0000,0.0000,0.0000,0.6250,2.6419,-5.4149,3.7500,-2.0915,-3.5719,0.7598,0.7399,-5.5175,0.1070,0.0336,-0.0601,0.0000,0.0000,0.0000,0.0000,0.0000,0.0000,5.00,3.00,2.00,0.0003,0.0006,0.0004,0,0.000000
21,1.2000,0.0000,45.0000,-30.0000,0.0100,0.0200,0.0200,0.0000,0.0000,0.0000,0.7000,2.6000,-5.4863,0.0000,0.0000,0.0000,0.7745,0.7400,-5.4874,-0.0852,-0.0789,0.0319,0.0000,0.0000,0.0000,0.0000,0.0000,0.0000,5.00,3.00,2.00,0.0003,0.0006,0.0004,0,0.000000
21,1.2200,0.0000,45.0000,-30.0000,0.0100,0.0200,0.0200,0.0000,0.0000,0.0000,0.7000,2.6000,-5.4863,0.0000,0.0000,0.0000,0.7026,0.7253,-5.5607,-0.0223,0.0262,0.0218,0.0000,0.0000,0.0000,0.0000,0.0000,0.0000,5.00,3.00,2.00,0.0003,0.0006,0.0004,0,0.000000
21,1.2400,0.0000,45.0000,-30.0000,0.0100,0.0200,0.0200,0.0000,0.0000,0.0000,0.7000,2.6000,-5.4863,0.0000,0.0000,0.0000,0.6797,0.7393,-5.5964,0.0566,-0.0583,0.0899,0.0000,0.0000,0.0000,0.0000,0.0000,0.0000,5.00,3.00,2.00,0.0003,0.0006,0.0004,0,0.000000
21,1.2600,0.0000,45.0000,-30.0000,0.0100,0.0200,0.0200,0.0000,0.0000,0.0000,0.7000,2.6000,-5.4863,0.0000,0.0000,0.0000,0.5929,0.7370,-5.5304,0.0911,-0.1294,-0.0585,0.0000,0.0000,0.0000,0.0000,0.0000,0.0000,5.00,3.00,2.00,0.0003,0.0006,0.0004,0,0.000000
21,1.2800,0.0000,45.0000,-30.0000,0.0100,0.0200,0.0200,0.0000,0.0000,0.0000,0.7000,2.6000,-5.4863,0.0000,0.0000,0.0000,0.7167,0.7351,-5.4767,0.0003,-0.0117,0.0661,0.0000,0.0000,0.0000,0.0000,0.0000,0.0000,5.00,3.00,2.00,0.0003,0.0006,0.0004,0,0.000000
21,1.3000,0.0000,45.0000,-30.0000,0.0100,0.0200,0.0200,0.0000,0.0000,0.0000,0.7000,2.6000,-5.4863,0.0000,0.0000,0.0000,0.6949,0.7103,-5.5686,0.0341,-0.1153,-0.0516,0.0000,0.0000,0.0000,0.0000,0.0000,0.0000,5.00,3.00,2.00,0.0003,0.0006,0.0004,0,0.000000
21,1.3200,0.0000,45.0000,-30.0000,0.0100,0.0200,0.0200,0.0000,0.0000,0.0000,0.7000,2.6000,-5.4863,0.0000,0.0000,0.0000,0.7126,0.7114,-5.4235,0.0008,-0.0882,-0.0050,0.0000,0.0000,0.0000,0.0000,0.0000,0.0000,5.00,3.00,2.00,0.0003,0.0006,0.0004,0,0.000000
21,1.3400,0.0000,45.0000,-30.0000,0.0100,0.0200,0.0200,0.0000,0.0000,0.0000,0.7000,2.6000,-5.4863,0.0000,0.0000,0.0000,0.7055,0.7223,-5.5019,0.0580,-0.0700,-0.0070,0.0000,0.0000,0.0000,0.0000,0.0000,0.0000,5.00,3.00,2.00,0.0003,0.0006,0.0004,0,0.000000
21,1.3600,0.0000,45.0000,-30.0000,0.0100,0.0200,0.0200,0.0000,0.0000,0.0000,0.7000,2.6000,-5.4863,0.0000,0.0000,0.0000,0.6471,0.7283,-5.5037,-0.0053,0.0081,-0.0496,0.0000,0.0000,0.0000,0.0000,0.0000,0.0000,5.00,3.00,2.00,0.0003,0.0006,0.0004,0,0.000000
21,1.3800,0.0000,45.0000,-30.0000,0.0100,0.0200,0.0200,0.0000,0.0000,0.0000,0.7000,2.6000,-5.4863,0.0000,0.0000,0.0000,0.7460,0.7245,-5.4563,-0.0154,-0.0235,0.0036,0.0000,0.0000,0.0000,0.0000,0.0000,0.0000,5.00,3.00,2.00,0.0003,0.0006,0.0004,0,0.000000
21,1.4000,0.0000,45.0000,-30.0000,0.0100,0.0200,0.0200,0.0000,0.0000,0.0000,0.7000,2.6000,-5.4863,0.0000,0.0000,0.0000,0.6671,0.7134,-5.4576,-0.0122,0.0062,0.0186,0.0000,0.0000,0.0000,0.0000,0.0000,0.0000,5.00,3.00,2.00,0.0003,0.0006,0.0004,0,0.000000
21,1.4200,0.0000,45.0000,-30.0000,0.0100,0.0200,0.0200,0.0000,0.0000,0.0000,0.7000,2.6000,-5.4863,0.0000,0.0000,0.0000,0.7035,0.7219,-5.4612,0.0192,-0.0314,-0.0067,0.0000,0.0000,0.0000,0.0000,0.0000,0.0000,5.00,3.00,2.00,0.0003,0.0006,0.0004,0,0.000000
21,1.4400,0.0000,45.0000,-30.0000,0.0100,0.0200,0.0200,0.0000,0.0000,0.0000,0.7000,2.6000,-5.4863,0.0000,0.0000,0.0000,0.6823,0.7200,-5.4746,0.0112,-0.0125,0.0009,0.0000,0.0000,0.0000,0.0000,0.0000,0.0000,5.00,3.00,2.00,0.0003,0.0006,0.0004,0,0.000000
21,1.4600,0.0000,45.0000,-30.0000,0.0100,0.0200,0.0200,0.0000,0.0000,0.0000,0.7000,2.6000,-5.4863,0.0000,0.0000,0.0000,0.7058,0.7203,-5.4819,-0.0065,-0.0065,0.0058,0.0000,0.0000,0.0000,0.0000,0.0000,0.0000,5.00,3.00,2.00,0.0003,0.0006,0.0004,0,0.000000
21,1.4800,0.0000,45.0000,-30.0000,0.0100,0.0200,0.0200,0.0000,0.0000,0.0000,0.7000,2.6000,-5.4863,0.0000,0.0000,0.0000,0.7000,0.7200,-5.4863,0.0000,0.0000,0.0000,0.0000,0.0000,0.0000,0.0000,0.0000,0.0000,5.00,3.00,2.00,0.0003,0.0006,0.0004,0,0.000000
21,1.5000,0.0000,45.0000,-30.0000,0.0100,0.0200,0.0200,0.0000,0.0000,0.0000,0.7000,2.6000,-5.4863,0.0000,0.0000,0.0000,0.7029,0.7208,-5.4888,0.0025,0.0069,0.0056,0.0000,0.0000,0.0000,0.0000,0.0000,0.0000,5.00,3.00,2.00,0.0003,0.0006,0.0004,0,0.000000
22,0.0200,1.1200,45.5500,-30.2700,0.1824,0.3675,0.3196,0.4000,1.0000,-0.6000,-3.7217,2.6419,-1.2768,3.9167,2.0915,-3.8387,0.9374,0.7034,-5.7438,0.0327,-0.1181,0.0136,139.8857,500.8571,254.0571,25.5143,184.0509,81.1989,5.00,3.00,2.00,0.0832,0.2026,0.1021,0,0.232611
22,0.0400,2.2400,46.1000,-30.5400,0.1848,0.3748,0.3184,0.4000,1.0000,-0.6000,-3.6433,2.6836,-1.3535,3.9167,2.0829,-3.8387,0.9077,0.7005,-5.7302,0.1468,-0.1331,-0.0278,139.8857,500.8571,254.0571,25.8445,187.7092,80.9025,5.00,3.00,2.00,0.0853,0.2107,0.1014,0,0.235565
22,0.0600,3.3600,46.6500,-30.8100,0.1870,0.3817,0.3165,0.4000,1.0000,-0.6000,-3.5650,2.7251,-1.4303,3.9167,2.0686,-3.8387,0.7962,0.6974,-5.8740,-0.0683,-0.0931,0.1396,139.8857,500.8571,254.0571,26.1650,191.2014,80.4151,5.00,3.00,2.00,0.0875,0.2186,0.1002,0,0.238225
22,0.0800,4.4800,47.2000,-31.0800,0.1892,0.3882,0.3139,0.4000,1.0000,-0.6000,-3.4867,2.7663,-1.5071,3.9167,2.0486,-3.8387,1.0163,0.7489,-5.7829,-0.1465,-0.0173,0.1202,139.8857,500.8571,254.0571,26.4714,194.4488,79.7460,5.00,3.00,2.00,0.0895,0.2261,0.0985,0,0.240533
22,0.1000,5.6000,47.7500,-31.3500,0.1913,0.3941,0.3106,0.4000,1.0000,-0.6000,-3.4083,2.8071,-1.5839,3.9167,2.0230,-3.8387,0.9068,0.7211,-5.6551,0.0370,-0.0913,0.1324,139.8857,500.8571,254.0571,26.7591,197.3788,78.9085,5.00,3.00,2.00,0.0915,0.2330,0.0965,0,0.242437
22,0.1200,6.7200,48.3000,-31.6200,0.1932,0.3992,0.3067,0.4000,1.0000,-0.6000,-3.3300,2.8472,-1.6606,3.9167,1.9919,-3.8387,0.9870,0.7324,-5.9539,0.0386,-0.1800,-0.0796,139.8857,500.8571,254.0571,27.0242,199.9253,77.9189,5.00,3.00,2.00,0.0933,0.2390,0.0941,0,0.243895
22,0.1400,7.8400,48.8500,-31.8900,0.1949,0.4034,0.3023,0.4000,1.0000,-0.6000,-3.2517,2.8867,-1.7374,3.9167,1.9553,-3.8387,1.0275,0.7010,-5.9337,-0.0977,-0.0740,-0.0694,139.8857,500.8571,254.0571,27.2627,202.0313,76.7966,5.00,3.00,2.00,0.0950,0.2441,0.0914,0,0.244873
22,0.1600,8.9600,49.4000,-32.1600,0.1964,0.4066,0.2974,0.4000,1.0000,-0.6000,-3.1733,2.9254,-1.8142,3.9167,1.9133,-3.8387,0.7687,0.7231,-5.7577,0.1059,-0.0017,0.0433,139.8857,500.8571,254.0571,27.4713,203.6495,75.5635,5.00,3.00,2.00,0.0964,0.2480,0.0885,0,0.245347
22,0.1800,10.0800,49.9500,-32.4300,0.1976,0.4088,0.2922,0.4000,1.0000,-0.6000,-3.0950,2.9632,-1.8910,3.9167,1.8661,-3.8387,1.0740,0.6950,-5.7199,0.0477,-0.0921,-0.0193,139.8857,500.8571,254.0571,27.6469,204.7435,74.2438,5.00,3.00,2.00,0.0977,0.2507,0.0854,0,0.245307
22,0.2000,11.2000,50.5000,-32.7000,0.1986,0.4099,0.2868,0.4000,1.0000,-0.6000,-3.0167,3.0000,-1.9677,3.9167,1.8138,-3.8387,0.9353,0.7255,-5.8255,0.0820,-0.2230,0.1264,139.8857,500.8571,254.0571,27.7870,205.2887,72.8633,5.00,3.00,2.00,0.0986,0.2520,0.0823,0,0.244751
22,0.2200,12.3200,51.0500,-32.9700,0.1994,0.4098,0.2812,0.4000,1.0000,-0.6000,-2.9383,3.0357,-2.0445,3.9167,1.7565,-3.8387,0.9450,0.7439,-5.7541,0.0811,-0.1757,0.0546,139.8857,500.8571,254.0571,27.8896,205.2729,71.4489,5.00,3.00,2.00,0.0994,0.2520,0.0791,0,0.243689
22,0.2400,13.4400,51.6000,-33.2400,0.1998,0.4087,0.2756,0.4000,1.0000,-0.6000,-2.8600,3.0702,-2.1213,3.9167,1.6944,-3.8387,0.8342,0.7250,-5.6661,-0.1268,-0.1246,-0.0481,139.8857,500.8571,254.0571,27.9532,204.6965,70.0284,5.00,3.00,2.00,0.0998,0.2505,0.0760,0,0.242143
22,0.2600,14.5600,52.1500,-33.5100,0.2000,0.4064,0.2701,0.4000,1.0000,-0.6000,-2.7817,3.1035,-2.1981,3.9167,1.6277,-3.8387,1.0148,0.7289,-5.8443,-0.0610,0.0128,-0.0830,139.8857,500.8571,254.0571,27.9770,203.5724,68.6297,5.00,3.00,2.00,0.1000,0.2478,0.0730,0,0.240143
22,0.2800,15.6800,52.7000,-33.7800,0.1999,0.4032,0.2648,0.4000,1.0000,-0.6000,-2.7033,3.1353,-2.2748,3.9167,1.5564,-3.8387,0.8155,0.7300,-5.7377,-0.0672,-0.0580,-0.0164,139.8857,500.8571,254.0571,27.9605,201.9258,67.2799,5.00,3.00,2.00,0.0999,0.2438,0.0701,0,0.237733
22,0.3000,16.8000,53.2500,-34.0500,0.1995,0.3989,0.2598,0.4000,1.0000,-0.6000,-2.6250,3.1657,-2.3516,3.9167,1.4810,-3.8387,0.7923,0.6950,-5.9212,0.0464,-0.2408,0.0423,139.8857,500.8571,254.0571,27.9040,199.7937,66.0056,5.00,3.00,2.00,0.0995,0.2387,0.0675,0,0.234963
22,0.3200,17.9200,53.8000,-34.3200,0.1988,0.3938,0.2552,0.4000,1.0000,-0.6000,-2.5467,3.1945,-2.4284,3.9167,1.4014,-3.8387,1.0036,0.6949,-5.9529,-0.0824,-0.0852,0.0566,139.8857,500.8571,254.0571,27.8083,197.2241,64.8317,5.00,3.00,2.00,0.0988,0.2326,0.0651,0,0.231891
22,0.3400,19.0400,54.3500,-34.5900,0.1978,0.3879,0.2511,0.4000,1.0000,-0.6000,-2.4683,3.2217,-2.5051,3.9167,1.3180,-3.8387,0.9444,0.7119,-5.8768,0.1360,-0.0893,-0.0766,139.8857,500.8571,254.0571,27.6748,194.2746,63.7812,5.00,3.00,2.00,0.0979,0.2257,0.0630,0,0.228584
22,0.3600,5.0400,54.9000,-34.8600,0.1966,0.3814,0.2475,0.1000,1.0000,-0.6000,-2.3900,3.2472,-2.5819,3.9167,1.2311,-3.8387,0.9917,0.7443,-5.7468,-0.0298,0.0020,0.1133,34.9714,500.8571,254.0571,6.8764,191.0114,62.8745,5.00,3.00,2.00,0.0967,0.2182,0.0612,0,0.208610
22,0.3800,5.3200,55.4500,-35.1300,0.1952,0.3744,0.2445,0.1000,1.0000,-0.6000,-2.3117,3.2709,-2.6587,3.9167,1.1407,-3.8387,0.7348,0.7081,-5.7286,-0.0829,-0.0976,-0.0228,34.9714,500.8571,254.0571,6.8256,187.5078,62.1296,5.00,3.00,2.00,0.0952,0.2102,0.0598,0,0.205170
22,0.4000,5.6000,56.0000,-35.4000,0.1935,0.3671,0.2423,0.1000,1.0000,-0.6000,-2.2333,3.2928,-2.7355,3.9167,1.0472,-3.8387,0.8029,0.7109,-5.8935,-0.0900,-0.0791,-0.1006,34.9714,500.8571,254.0571,6.7673,183.8426,61.5609,5.00,3.00,2.00,0.0936,0.2021,0.0587,0,0.201737
22,0.4200,5.8800,56.5500,-35.6700,0.1916,0.3596,0.2408,0.1000,1.0000,-0.6000,-2.1550,3.3128,-2.8122,3.9167,0.9508,-3.8387,0.9004,0.7298,-5.7876,-0.0754,-0.1631,-0.0489,34.9714,500.8571,254.0571,6.7022,180.0980,61.1795,5.00,3.00,2.00,0.0918,0.1939,0.0580,0,0.198384
22,0.4400,6.1600,57.1000,-22.0800,0.1896,0.3521,0.2401,0.1000,1.0000,0.8000,-2.0767,3.3308,-2.8890,3.9167,0.8519,-3.8387,-2.0767,2.7108,-2.8890,3.9167,0.8519,-3.8387,34.9714,500.8571,338.7429,6.6312,176.3582,81.3240,5.00,3.00,2.00,0.0899,0.1860,0.0576,1,0.211451
22,0.4600,6.4400,57.6500,-21.7200,0.1874,0.3448,0.2401,0.1000,1.0000,0.8000,-1.9983,3.3469,-2.9658,3.9167,0.7506,-3.8387,-1.9983,2.7269,-2.9658,3.9167,0.7506,-3.8387,34.9714,500.8571,338.7429,6.5553,172.7070,81.3399,5.00,3.00,2.00,0.0878,0.1784,0.0577,1,0.208482
22,0.4800,6.7200,58.2000,-21.3600,0.1852,0.3379,0.2410,0.1000,1.0000,0.8000,-1.9200,3.3608,-3.0426,3.9167,0.6472,-3.8387,-1.9200,2.7408,-3.0426,3.9167,0.6472,-3.8387,34.9714,500.8571,338.7429,6.4757,169.2266,81.6202,5.00,3.00,2.00,0.0857,0.1712,0.0581,1,0.205858
22,0.5000,7.0000,50.5000,-21.0000,0.1828,0.3314,0.2425,0.1000,0.4000,0.8000,-1.8417,3.3727,-3.1193,3.9167,0.5421,-3.8387,-1.8417,2.7527,-3.1193,3.9167,0.5421,-3.8387,34.9714,200.3429,338.7429,6.3936,66.3980,82.1593,5.00,3.00,2.00,0.0836,0.1648,0.0588,1,0.123961
22,0.5200,7.2800,50.7200,-20.6400,0.1804,0.3256,0.2449,0.1000,0.4000,0.8000,-1.7633,3.3825,-3.1961,3.9167,0.4354,-3.8387,-1.7633,2.7625,-3.1961,3.9167,0.4354,-3.8387,34.9714,200.3429,338.7429,6.3100,65.2340,82.9467,5.00,3.00,2.00,0.0814,0.1590,0.0600,1,0.123592
22,0.5400,7.5600,50.9400,-20.2800,0.1780,0.3206,0.2479,0.1000,0.4000,0.8000,-1.6850,3.3902,-3.2729,3.9167,0.3276,-3.8387,-1.6850,2.7702,-3.2729,3.9167,0.3276,-3.8387,34.9714,200.3429,338.7429,6.2261,64.2247,83.9670,5.00,3.00,2.00,0.0792,0.1542,0.0614,1,0.123534
22,0.5600,7.8400,51.1600,-19.9200,0.1757,0.3164,0.2515,0.1000,0.4000,0.8000,-1.6067,3.3956,-3.3497,3.9167,0.2189,-3.8387,-1.6067,2.7756,-3.3497,3.9167,0.2189,-3.8387,34.9714,200.3429,338.7429,6.1433,63.3927,85.2002,5.00,3.00,2.00,0.0771,0.1502,0.0633,1,0.123789
22,0.5800,8.1200,51.3800,-19.5600,0.1734,0.3132,0.2557,0.1000,0.4000,0.8000,-1.5283,3.3989,-3.4264,3.9167,0.1096,-3.8387,-1.5283,2.7789,-3.4264,3.9167,0.1096,-3.8387,34.9714,200.3429,338.7429,6.0627,62.7569,86.6222,5.00,3.00,2.00,0.0751,0.1472,0.0654,1,0.124353
22,0.6000,8.4000,51.6000,-19.2000,0.1711,0.3111,0.2604,0.1000,0.4000,0.8000,-1.4500,3.4000,-3.5032,3.9167,0.0000,-3.8387,-1.4500,2.7800,-3.5032,3.9167,0.0000,-3.8387,34.9714,200.3429,338.7429,5.9853,62.3314,88.2051,5.00,3.00,2.00,0.0732,0.1452,0.0678,1,0.125217
22,0.6200,8.6800,51.8200,-18.8400,0.1691,0.3101,0.2654,0.1000,0.4000,0.8000,-1.3717,3.3989,-3.5800,3.9167,-0.1096,-3.8387,-1.3717,2.7789,-3.5800,3.9167,-0.1096,-3.8387,34.9714,200.3429,338.7429,5.9125,62.1258,89.9180,5.00,3.00,2.00,0.0715,0.1442,0.0705,1,0.126365
22,0.6400,8.9600,52.0400,-18.4800,0.1671,0.3102,0.2708,0.1000,0.4000,0.8000,-1.2933,3.3956,-3.6568,3.9167,-0.2189,-3.8387,-1.2933,2.7756,-3.6568,3.9167,-0.2189,-3.8387,34.9714,200.3429,338.7429,5.8451,62.1447,91.7275,5.00,3.00,2.00,0.0698,0.1443,0.0733,1,0.127774
22,0.6600,9.2400,52.2600,-18.1200,0.1654,0.3114,0.2763,0.1000,0.4000,0.8000,-1.2150,3.3902,-3.7335,3.9167,-0.3276,-3.8387,-1.2150,2.7702,-3.7335,3.9167,-0.3276,-3.8387,34.9714,200.3429,338.7429,5.7842,62.3877,93.5979,5.00,3.00,2.00,0.0684,0.1455,0.0763,1,0.129416
22,0.6800,9.5200,52.4800,-17.7600,0.1639,0.3137,0.2819,0.1000,0.4000,0.8000,-1.1367,3.3825,-3.8103,3.9167,-0.4354,-3.8387,-1.1367,2.7625,-3.8103,3.9167,-0.4354,-3.8387,34.9714,200.3429,338.7429,5.7307,62.8494,95.4929,5.00,3.00,2.00,0.0671,0.1476,0.0795,1,0.131258
22,0.7000,9.8000,52.7000,-17.4000,0.1626,0.3171,0.2875,0.1000,0.4000,0.8000,-1.0583,3.3727,-3.8871,3.9167,-0.5421,-3.8387,-1.0583,2.7527,-3.8871,3.9167,-0.5421,-3.8387,34.9714,200.3429,338.7429,5.6853,63.5194,97.3752,5.00,3.00,2.00,0.0661,0.1508,0.0826,1,0.133264
22,0.7200,10.0800,52.9200,-17.0400,0.1615,0.3214,0.2929,0.1000,0.4000,0.8000,-0.9800,3.3608,-3.9638,3.9167,-0.6472,-3.8387,-0.9800,2.7408,-3.9638,3.9167,-0.6472,-3.8387,34.9714,200.3429,338.7429,5.6486,64.3825,99.2081,5.00,3.00,2.00,0.0652,0.1549,0.0858,1,0.135391
22,0.7400,10.3600,53.1400,-16.6800,0.1607,0.3265,0.2980,0.1000,0.4000,0.8000,-0.9017,3.3469,-4.0406,3.9167,-0.7506,-3.8387,-0.9017,2.7269,-4.0406,3.9167,-0.7506,-3.8387,34.9714,200.3429,338.7429,5.6212,65.4196,100.9556,5.00,3.00,2.00,0.0646,0.1599,0.0888,1,0.137597
22,0.7600,10.6400,53.3600,-16.3200,0.1602,0.3325,0.3028,0.1000,0.4000,0.8000,-0.8233,3.3308,-4.1174,3.9167,-0.8519,-3.8387,-0.8233,2.7108,-4.1174,3.9167,-0.8519,-3.8387,34.9714,200.3429,338.7429,5.6035,66.6071,102.5836,5.00,3.00,2.00,0.0642,0.1658,0.0917,1,0.139835
22,0.7800,10.9200,53.5800,-15.9600,0.1600,0.3390,0.3072,0.1000,0.4000,0.8000,-0.7450,3.3128,-4.1942,3.9167,-0.9508,-3.8387,-0.7450,2.6928,-4.1942,3.9167,-0.9508,-3.8387,34.9714,200.3429,338.7429,5.5958,67.9186,104.0603,5.00,3.00,2.00,0.0640,0.1724,0.0944,1,0.142060
22,0.8000,11.2000,53.8000,-15.6000,0.1601,0.3460,0.3110,0.1000,0.4000,0.8000,-0.6667,3.2928,-4.2709,3.9167,-1.0472,-3.8387,-0.6667,2.6728,-4.2709,3.9167,-1.0472,-3.8387,34.9714,200.3429,338.7429,5.5981,69.3245,105.3567,5.00,3.00,2.00,0.0641,0.1796,0.0967,1,0.144223
22,0.8200,11.4800,54.0200,-15.2400,0.1604,0.3534,0.3142,0.1000,0.4000,0.8000,-0.5883,3.2709,-4.3477,3.9167,-1.1407,-3.8387,-0.5883,2.6509,-4.3477,3.9167,-1.1407,-3.8387,34.9714,200.3429,338.7429,5.6104,70.7932,106.4475,5.00,3.00,2.00,0.0643,0.1873,0.0987,1,0.146281
22,0.8400,11.7600,54.2400,-14.8800,0.1611,0.3608,0.3168,0.1000,0.4000,0.8000,-0.5100,3.2472,-4.4245,3.9167,-1.2311,-3.8387,-0.5100,2.6272,-4.4245,3.9167,-1.2311,-3.8387,34.9714,200.3429,338.7429,5.6326,72.2919,107.3112,5.00,3.00,2.00,0.0649,0.1953,0.1004,1,0.148189
22,0.8600,12.0400,54.4600,-14.5200,0.1620,0.3683,0.3186,0.1000,0.4000,0.8000,-0.4317,3.2217,-4.5013,3.9167,-1.3180,-3.8387,-0.4317,2.6017,-4.5013,3.9167,-1.3180,-3.8387,34.9714,200.3429,338.7429,5.6643,73.7867,107.9311,5.00,3.00,2.00,0.0656,0.2035,0.1015,1,0.149906
22,0.8800,12.3200,54.6800,-14.1600,0.1631,0.3756,0.3197,0.1000,0.4000,0.8000,-0.3533,3.1945,-4.5780,3.9167,-1.4014,-3.8387,-0.3533,2.5745,-4.5780,3.9167,-1.4014,-3.8387,34.9714,200.3429,338.7429,5.7051,75.2442,108.2950,5.00,3.00,2.00,0.0665,0.2116,0.1022,1,0.151395
22,0.9000,0.0000,54.9000,-13.8000,0.0100,0.3825,0.3200,0.0000,0.4000,0.8000,-0.2750,3.1657,-4.6548,3.9167,-1.4810,-3.8387,-0.2750,2.5457,-4.6548,3.9167,-1.4810,-3.8387,0.0000,200.3429,338.7429,0.0000,76.6316,108.3958,5.00,3.00,2.00,0.0003,0.2195,0.1024,1,0.148022
22,0.9200,0.0000,55.1200,-13.4400,0.0100,0.3889,0.3195,0.0000,0.4000,0.8000,-0.1967,3.1353,-4.7316,3.9167,-1.5564,-3.8387,-0.1967,2.5153,-4.7316,3.9167,-1.5564,-3.8387,0.0000,200.3429,338.7429,0.0000,77.9177,108.2315,5.00,3.00,2.00,0.0003,0.2269,0.1021,1,0.148919
22,0.9400,0.0000,55.3400,-13.0800,0.0100,0.3947,0.3183,0.0000,0.4000,0.8000,-0.1183,3.1035,-4.8084,3.9167,-1.6277,-3.8387,-0.1183,2.4835,-4.8084,3.9167,-1.6277,-3.8387,0.0000,200.3429,338.7429,0.0000,79.0738,107.8052,5.00,3.00,2.00,0.0003,0.2337,0.1013,1,0.149503
22,0.9600,0.0000,55.5600,-30.0000,0.0100,0.3997,0.0200,0.0000,0.4000,0.0000,-0.0400,3.0702,-4.8851,3.9167,-1.6944,-3.8387,-0.0400,2.4502,-4.8851,3.9167,-1.6944,-3.8387,0.0000,200.3429,0.0000,0.0000,80.0737,0.0000,5.00,3.00,2.00,0.0003,0.2396,0.0004,1,0.064059
22,0.9800,0.0000,55.7800,-30.0000,0.0100,0.4038,0.0200,0.0000,0.4000,0.0000,0.0383,3.0357,-4.9619,3.9167,-1.7565,-3.8387,0.0383,2.4157,-4.9619,3.9167,-1.7565,-3.8387,0.0000,200.3429,0.0000,0.0000,80.8951,0.0000,5.00,3.00,2.00,0.0003,0.2446,0.0004,1,0.064716
22,1.0000,0.0000,45.0000,-30.0000,0.0100,0.0200,0.0200,0.0000,0.0000,0.0000,0.1167,3.0000,-5.0387,3.9167,-1.8138,-3.8387,0.1167,2.3800,-5.0387,3.9167,-1.8138,-3.8387,0.0000,0.0000,0.0000,0.0000,0.0000,0.0000,5.00,3.00,2.00,0.0003,0.0006,0.0004,1,0.000000
22,1.0200,0.0000,45.0000,-30.0000,0.0100,0.0200,0.0200,0.0000,0.0000,0.0000,0.1950,2.9632,-5.1154,3.9167,-1.8661,-3.8387,0.1950,2.3432,-5.1154,3.9167,-1.8661,-3.8387,0.0000,0.0000,0.0000,0.0000,0.0000,0.0000,5.00,3.00,2.00,0.0003,0.0006,0.0004,1,0.000000
22,1.0400,0.0000,45.0000,-30.0000,0.0100,0.0200,0.0200,0.0000,0.0000,0.0000,0.2733,2.9254,-5.1922,3.9167,-1.9133,-3.8387,0.2733,2.3054,-5.1922,3.9167,-1.9133,-3.8387,0.0000,0.0000,0.0000,0.0000,0.0000,0.0000,5.00,3.00,2.00,0.0003,0.0006,0.0004,1,0.000000
22,1.0600,0.0000,45.0000,-30.0000,0.0100,0.0200,0.0200,0.0000,0.0000,0.0000,0.3517,2.8867,-5.2690,3.9167,-1.9553,-3.8387,0.3517,2.2667,-5.2690,3.9167,-1.9553,-3.8387,0.0000,0.0000,0.0000,0.0000,0.0000,0.0000,5.00,3.00,2.00,0.0003,0.0006,0.0004,1,0.000000
22,1.0800,0.0000,45.0000,-30.0000,0.0100,0.0200,0.0200,0.0000,0.0000,0.0000,0.4300,2.8472,-5.3458,3.9167,-1.9919,-3.8387,0.4300,2.2272,-5.3458,3.9167,-1.9919,-3.8387,0.0000,0.0000,0.0000,0.0000,0.0000,0.0000,5.00,3.00,2.00,0.0003,0.0006,0.0004,1,0.000000
22,1.1000,0.0000,45.0000,-30.0000,0.0100,0.0200,0.0200,0.0000,0.0000,0.0000,0.5083,2.8071,-5.4225,3.9167,-2.0230,-3.8387,0.5083,2.1871,-5.4225,3.9167,-2.0230,-3.8387,0.0000,0.0000,0.0000,0.0000,0.0000,0.0000,5.00,3.00,2.00,0.0003,0.0006,0.0004,1,0.000000
22,1.1200,0.0000,45.0000,-30.0000,0.0100,0.0200,0.0200,0.0000,0.0000,0.0000,0.5867,2.7663,-5.4993,3.9167,-2.0486,-3.8387,0.5867,2.1463,-5.4993,3.9167,-2.0486,-3.8387,0.0000,0.0000,0.0000,0.0000,0.0000,0.0000,5.00,3.00,2.00,0.0003,0.0006,0.0004,1,0.000000
22,1.1400,0.0000,45.0000,-30.0000,0.0100,0.0200,0.0200,0.0000,0.0000,0.0000,0.6650,2.7251,-5.5761,3.9167,-2.0686,-3.8387,0.8139,0.7253,-5.9426,0.0584,-0.0453,0.0032,0.0000,0.0000,0.0000,0.0000,0.0000,0.0000,5.00,3.00,2.00,0.0003,0.0006,0.0004,0,0.000000
22,1.1600,0.0000,45.0000,-30.0000,0.0100,0.0200,0.0200,0.0000,0.0000,0.0000,0.7433,2.6836,-5.6529,3.9167,-2.0829,-3.8387,1.0340,0.7100,-5.9247,-0.0144,-0.0832,0.0624,0.0000,0.0000,0.0000,0.0000,0.0000,0.0000,5.00,3.00,2.00,0.0003,0.0006,0.0004,0,0.000000
22,1.1800,0.0000,45.0000,-30.0000,0.0100,0.0200,0.0200,0.0000,0.0000,0.0000,0.8217,2.6419,-5.7296,3.9167,-2.0915,-3.8387,0.9839,0.7350,-5.8836,-0.0492,-0.0550,0.0573,0.0000,0.0000,0.0000,0.0000,0.0000,0.0000,5.00,3.00,2.00,0.0003,0.0006,0.0004,0,0.000000
22,1.2000,0.0000,45.0000,-30.0000,0.0100,0.0200,0.0200,0.0000,0.0000,0.0000,0.9000,2.6000,-5.8064,0.0000,0.0000,0.0000,1.0190,0.7230,-5.7860,0.0394,0.0377,-0.0699,0.0000,0.0000,0.0000,0.0000,0.0000,0.0000,5.00,3.00,2.00,0.0003,0.0006,0.0004,0,0.000000
22,1.2200,0.0000,45.0000,-30.0000,0.0100,0.0200,0.0200,0.0000,0.0000,0.0000,0.9000,2.6000,-5.8064,0.0000,0.0000,0.0000,0.8819,0.7167,-5.7296,-0.0781,-0.0826,0.0808,0.0000,0.0000,0.0000,0.0000,0.0000,0.0000,5.00,3.00,2.00,0.0003,0.0006,0.0004,0,0.000000
22,1.2400,0.0000,45.0000,-30.0000,0.0100,0.0200,0.0200,0.0000,0.0000,0.0000,0.9000,2.6000,-5.8064,0.0000,0.0000,0.0000,0.9462,0.7202,-5.7786,-0.0343,-0.1359,-0.0507,0.0000,0.0000,0.0000,0.0000,0.0000,0.0000,5.00,3.00,2.00,0.0003,0.0006,0.0004,0,0.000000
22,1.2600,0.0000,45.0000,-30.0000,0.0100,0.0200,0.0200,0.0000,0.0000,0.0000,0.9000,2.6000,-5.8064,0.0000,0.0000,0.0000,0.9612,0.7140,-5.7783,-0.0541,-0.0969,-0.0558,0.0000,0.0000,0.0000,0.0000,0.0000,0.0000,5.00,3.00,2.00,0.0003,0.0006,0.0004,0,0.000000
22,1.2800,0.0000,45.0000,-30.0000,0.0100,0.0200,0.0200,0.0000,0.0000,0.0000,0.9000,2.6000,-5.8064,0.0000,0.0000,0.0000,0.8588,0.7295,-5.7408,0.0040,-0.0688,0.0449,0.0000,0.0000,0.0000,0.0000,0.0000,0.0000,5.00,3.00,2.00,0.0003,0.0006,0.0004,0,0.000000
22,1.3000,0.0000,45.0000,-30.0000,0.0100,0.0200,0.0200,0.0000,0.0000,0.0000,0.9000,2.6000,-5.8064,0.0000,0.0000,0.0000,0.9760,0.7109,-5.8875,0.0484,-0.0764,0.0339,0.0000,0.0000,0.0000,0.0000,0.0000,0.0000,5.00,3.00,2.00,0.0003,0.0006,0.0004,0,0.000000
22,1.3200,0.0000,45.0000,-30.0000,0.0100,0.0200,0.0200,0.0000,0.0000,0.0000,0.9000,2.6000,-5.8064,0.0000,0.0000,0.0000,0.9423,0.7221,-5.7906,0.0532,-0.0743,-0.0333,0.0000,0.0000,0.0000,0.0000,0.0000,0.0000,5.00,3.00,2.00,0.0003,0.0006,0.0004,0,0.000000
22,1.3400,0.0000,45.0000,-30.0000,0.0100,0.0200,0.0200,0.0000,0.0000,0.0000,0.9000,2.6000,-5.8064,0.0000,0.0000,0.0000,0.9302,0.7265,-5.7560,-0.0283,-0.0093,-0.0566,0.0000,0.0000,0.0000,0.0000,0.0000,0.0000,5.00,3.00,2.00,0.0003,0.0006,0.0004,0,0.000000
22,1.3600,0.0000,45.0000,-30.0000,0.0100,0.0200,0.0200,0.0000,0.0000,0.0000,0.9000,2.6000,-5.8064,0.0000,0.0000,0.0000,0.8542,0.7190,-5.7889,0.0496,-0.0308,-0.0222,0.0000,0.0000,0.0000,0.0000,0.0000,0.0000,5.00,3.00,2.00,0.0003,0.0006,0.0004,0,0.000000
22,1.3800,0.0000,45.0000,-30.0000,0.0100,0.0200,0.0200,0.0000,0.0000,0.0000,0.9000,2.6000,-5.8064,0.0000,0.0000,0.0000,0.8602,0.7237,-5.8305,-0.0102,-0.0382,-0.0241,0.0000,0.0000,0.0000,0.0000,0.0000,0.0000,5.00,3.00,2.00,0.0003,0.0006,0.0004,0,0.000000
22,1.4000,0.0000,45.0000,-30.0000,0.0100,0.0200,0.0200,0.0000,0.0000,0.0000,0.9000,2.6000,-5.8064,0.0000,0.0000,0.0000,0.8898,0.7254,-5.8462,-0.0316,-0.0411,-0.0164,0.0000,0.0000,0.0000,0.0000,0.0000,0.0000,5.00,3.00,2.00,0.0003,0.0006,0.0004,0,0.000000
22,1.4200,0.0000,45.0000,-30.0000,0.0100,0.0200,0.0200,0.0000,0.0000,0.0000,0.9000,2.6000,-5.8064,0.0000,0.0000,0.0000,0.9194,0.7237,-5.8255,0.0195,-0.0135,0.0038,0.0000,0.0000,0.0000,0.0000,0.0000,0.0000,5.00,3.00,2.00,0.0003,0.0006,0.0004,0,0.000000
22,1.4400,0.0000,45.0000,-30.0000,0.0100,0.0200,0.0200,0.0000,0.0000,0.0000,0.9000,2.6000,-5.8064,0.0000,0.0000,0.0000,0.9059,0.7225,-5.8240,-0.0041,-0.0115,0.0009,0.0000,0.0000,0.0000,0.0000,0.0000,0.0000,5.00,3.00,2.00,0.0003,0.0006,0.0004,0,0.000000
22,1.4600,0.0000,45.0000,-30.0000,0.0100,0.0200,0.0200,0.0000,0.0000,0.0000,0.9000,2.6000,-5.8064,0.0000,0.0000,0.0000,0.8967,0.7185,-5.8158,0.0052,-0.0071,0.0078,0.0000,0.0000,0.0000,0.0000,0.0000,0.0000,5.00,3.00,2.00,0.0003,0.0006,0.0004,0,0.000000
22,1.4800,0.0000,45.0000,-30.0000,0.0100,0.0200,0.0200,0.0000,0.0000,0.0000,0.9000,2.6000,-5.8064,0.0000,0.0000,0.0000,0.9000,0.7200,-5.8064,0.0000,0.0000,0.0000,0.0000,0.0000,0.0000,0.0000,0.0000,0.0000,5.00,3.00,2.00,0.0003,0.0006,0.0004,0,0.000000
22,1.5000,0.0000,45.0000,-30.0000,0.0100,0.0200,0.0200,0.0000,0.0000,0.0000,0.9000,2.6000,-5.8064,0.0000,0.0000,0.0000,0.9007,0.7204,-5.8005,0.0019,0.0051,0.0022,0.0000,0.0000,0.0000,0.0000,0.0000,0.0000,5.00,3.00,2.00,0.0003,0.0006,0.0004,0,0.000000
23,0.0200,1.1200,45.5500,-30.2700,0.1824,0.3675,0.3196,0.4000,1.0000,-0.6000,-3.7183,2.6419,-1.2796,4.0833,2.0915,-3.9790,1.0093,0.7314,-5.9526,0.0317,-0.1199,0.1152,138.9714,497.7143,252.5143,25.3476,182.8960,80.7057,5.00,3.00,2.00,0.0832,0.2026,0.1021,0,0.231159
23,0.0400,2.2400,46.1000,-30.5400,0.1848,0.3748,0.3184,0.4000,1.0000,-0.6000,-3.6367,2.6836,-1.3592,4.0833,2.0829,-3.9790,1.2199,0.7037,-5.8355,-0.1290,-0.1456,0.0439,138.9714,497.7143,252.5143,25.6755,186.5314,80.4112,5.00,3.00,2.00,0.0853,0.2107,0.1014,0,0.234094
23,0.0600,3.3600,46.6500,-30.8100,0.1870,0.3817,0.3165,0.4000,1.0000,-0.6000,-3.5550,2.7251,-1.4387,4.0833,2.0686,-3.9790,0.9988,0.7335,-6.0717,0.0701,-0.2376,-0.0484,138.9714,497.7143,252.5143,25.9940,190.0016,79.9267,5.00,3.00,2.00,0.0875,0.2186,0.1002,0,0.236738
23,0.0800,4.4800,47.2000,-31.0800,0.1892,0.3882,0.3139,0.4000,1.0000,-0.6000,-3.4733,2.7663,-1.5183,4.0833,2.0486,-3.9790,0.9849,0.7236,-5.9746,-0.1401,0.0209,-0.0626,138.9714,497.7143,252.5143,26.2983,193.2287,79.2618,5.00,3.00,2.00,0.0895,0.2261,0.0985,0,0.239031
23,0.1000,5.6000,47.7500,-31.3500,0.1913,0.3941,0.3106,0.4000,1.0000,-0.6000,-3.3917,2.8071,-1.5979,4.0833,2.0230,-3.9790,1.1294,0.6932,-6.1014,0.0234,-0.1229,-0.0968,138.9714,497.7143,252.5143,26.5842,196.1402,78.4293,5.00,3.00,2.00,0.0915,0.2330,0.0965,0,0.240923
23,0.1200,6.7200,48.3000,-31.6200,0.1932,0.3992,0.3067,0.4000,1.0000,-0.6000,-3.3100,2.8472,-1.6775,4.0833,1.9919,-3.9790,1.0546,0.7056,-6.0280,0.0570,-0.2112,0.0898,138.9714,497.7143,252.5143,26.8476,198.6708,77.4458,5.00,3.00,2.00,0.0933,0.2390,0.0941,0,0.242371
23,0.1400,7.8400,48.8500,-31.8900,0.1949,0.4034,0.3023,0.4000,1.0000,-0.6000,-3.2283,2.8867,-1.7571,4.0833,1.9553,-3.9790,1.2670,0.7338,-5.9377,-0.1060,0.0439,-0.0967,138.9714,497.7143,252.5143,27.0845,200.7636,76.3302,5.00,3.00,2.00,0.0950,0.2441,0.0914,0,0.243343
23,0.1600,8.9600,49.4000,-32.1600,0.1964,0.4066,0.2974,0.4000,1.0000,-0.6000,-3.1467,2.9254,-1.8366,4.0833,1.9133,-3.9790,0.9497,0.6932,-5.9467,-0.1421,-0.0844,0.1491,138.9714,497.7143,252.5143,27.2917,202.3716,75.1046,5.00,3.00,2.00,0.0964,0.2480,0.0885,0,0.243814
23,0.1800,10.0800,49.9500,-32.4300,0.1976,0.4088,0.2922,0.4000,1.0000,-0.6000,-3.0650,2.9632,-1.9162,4.0833,1.8661,-3.9790,1.0544,0.7340,-6.0303,0.1091,-0.1876,0.1401,138.9714,497.7143,252.5143,27.4662,203.4587,73.7929,5.00,3.00,2.00,0.0977,0.2507,0.0854,0,0.243774
23,0.2000,11.2000,50.5000,-32.7000,0.1986,0.4099,0.2868,0.4000,1.0000,-0.6000,-2.9833,3.0000,-1.9958,4.0833,1.8138,-3.9790,1.2328,0.7029,-5.8715,-0.0689,-0.2428,-0.0357,138.9714,497.7143,252.5143,27.6054,204.0005,72.4208,5.00,3.00,2.00,0.0986,0.2520,0.0823,0,0.243221
23,0.2200,12.3200,51.0500,-32.9700,0.1994,0.4098,0.2812,0.4000,1.0000,-0.6000,-2.9017,3.0357,-2.0754,4.0833,1.7565,-3.9790,1.1849,0.7053,-5.8652,0.0628,-0.0412,-0.1235,138.9714,497.7143,252.5143,27.7073,203.9848,71.0150,5.00,3.00,2.00,0.0994,0.2520,0.0791,0,0.242166
23,0.2400,13.4400,51.6000,-33.2400,0.1998,0.4087,0.2756,0.4000,1.0000,-0.6000,-2.8200,3.0702,-2.1550,4.0833,1.6944,-3.9790,1.0258,0.7217,-5.9406,-0.0206,-0.0191,-0.0566,138.9714,497.7143,252.5143,27.7705,203.4120,69.6032,5.00,3.00,2.00,0.0998,0.2505,0.0760,0,0.240629
23,0.2600,14.5600,52.1500,-33.5100,0.2000,0.4064,0.2701,0.4000,1.0000,-0.6000,-2.7383,3.1035,-2.2345,4.0833,1.6277,-3.9790,1.1849,0.6920,-5.9459,-0.0532,0.0352,0.1049,138.9714,497.7143,252.5143,27.7941,202.2950,68.2129,5.00,3.00,2.00,0.1000,0.2478,0.0730,0,0.238642
23,0.2800,15.6800,52.7000,-33.7800,0.1999,0.4032,0.2648,0.4000,1.0000,-0.6000,-2.6567,3.1353,-2.3141,4.0833,1.5564,-3.9790,1.1768,0.7233,-5.9746,-0.1046,-0.1885,0.0572,138.9714,497.7143,252.5143,27.7777,200.6587,66.8713,5.00,3.00,2.00,0.0999,0.2438,0.0701,0,0.236246
23,0.3000,16.8000,53.2500,-34.0500,0.1995,0.3989,0.2598,0.4000,1.0000,-0.6000,-2.5750,3.1657,-2.3937,4.0833,1.4810,-3.9790,1.2194,0.7206,-6.1361,-0.0344,-0.0036,0.1244,138.9714,497.7143,252.5143,27.7216,198.5401,65.6048,5.00,3.00,2.00,0.0995,0.2387,0.0675,0,0.233493
23,0.3200,17.9200,53.8000,-34.3200,0.1988,0.3938,0.2552,0.4000,1.0000,-0.6000,-2.4933,3.1945,-2.4733,4.0833,1.4014,-3.9790,0.9246,0.7316,-5.9006,-0.0834,-0.1268,0.0674,138.9714,497.7143,252.5143,27.6265,195.9865,64.4380,5.00,3.00,2.00,0.0988,0.2326,0.0651,0,0.230441
23,0.3400,19.0400,54.3500,-34.5900,0.1978,0.3879,0.2511,0.4000,1.0000,-0.6000,-2.4117,3.2217,-2.5528,4.0833,1.3180,-3.9790,1.0544,0.7124,-6.0262,-0.0031,-0.0302,-0.1431,138.9714,497.7143,252.5143,27.4939,193.0555,63.3938,5.00,3.00,2.00,0.0979,0.2257,0.0630,0,0.227155
23,0.3600,5.0400,54.9000,-34.8600,0.1966,0.3814,0.2475,0.1000,1.0000,-0.6000,-2.3300,3.2472,-2.6324,4.0833,1.2311,-3.9790,1.0648,0.7465,-5.8080,-0.1397,-0.2116,-0.0977,34.7429,497.7143,252.5143,6.8314,189.8128,62.4927,5.00,3.00,2.00,0.0967,0.2182,0.0612,0,0.207310
23,0.3800,5.3200,55.4500,-35.1300,0.1952,0.3744,0.2445,0.1000,1.0000,-0.6000,-2.2483,3.2709,-2.7120,4.0833,1.1407,-3.9790,1.0592,0.7228,-6.0596,0.1311,-0.0829,-0.0093,34.7429,497.7143,252.5143,6.7810,186.3312,61.7523,5.00,3.00,2.00,0.0952,0.2102,0.0598,0,0.203892
23,0.4000,5.6000,56.0000,-35.4000,0.1935,0.3671,0.2423,0.1000,1.0000,-0.6000,-2.1667,3.2928,-2.7916,4.0833,1.0472,-3.9790,1.2369,0.7251,-6.1368,-0.1159,0.0133,-0.0942,34.7429,497.7143,252.5143,6.7231,182.6890,61.1870,5.00,3.00,2.00,0.0936,0.2021,0.0587,0,0.200479
23,0.4200,5.8800,56.5500,-35.6700,0.1916,0.3596,0.2408,0.1000,1.0000,-0.6000,-2.0850,3.3128,-2.8712,4.0833,0.9508,-3.9790,0.9331,0.7445,-5.9000,0.0541,-0.1244,-0.1272,34.7429,497.7143,252.5143,6.6584,178.9679,60.8080,5.00,3.00,2.00,0.0918,0.1939,0.0580,0,0.197147
23,0.4400,6.1600,57.1000,-22.0800,0.1896,0.3521,0.2401,0.1000,1.0000,0.8000,-2.0033,3.3308,-2.9507,4.0833,0.8519,-3.9790,-2.0033,2.7108,-2.9507,4.0833,0.8519,-3.9790,34.7429,497.7143,336.6857,6.5878,175.2515,80.8301,5.00,3.00,2.00,0.0899,0.1860,0.0576,1,0.210136
23,0.4600,6.4400,57.6500,-21.7200,0.1874,0.3448,0.2401,0.1000,1.0000,0.8000,-1.9217,3.3469,-3.0303,4.0833,0.7506,-3.9790,-1.9217,2.7269,-3.0303,4.0833,0.7506,-3.9790,34.7429,497.7143,336.6857,6.5125,171.6233,80.8459,5.00,3.00,2.00,0.0878,0.1784,0.0577,1,0.207185
23,0.4800,6.7200,58.2000,-21.3600,0.1852,0.3379,0.2410,0.1000,1.0000,0.8000,-1.8400,3.3608,-3.1099,4.0833,0.6472,-3.9790,-1.8400,2.7408,-3.1099,4.0833,0.6472,-3.9790,34.7429,497.7143,336.6857,6.4334,168.1647,81.1245,5.00,3.00,2.00,0.0857,0.1712,0.0581,1,0.204578
23,0.5000,7.0000,50.5000,-21.0000,0.1828,0.3314,0.2425,0.1000,0.4000,0.8000,-1.7583,3.3727,-3.1895,4.0833,0.5421,-3.9790,-1.7583,2.7527,-3.1895,4.0833,0.5421,-3.9790,34.7429,199.0857,336.6857,6.3518,65.9814,81.6603,5.00,3.00,2.00,0.0836,0.1648,0.0588,1,0.123195
23,0.5200,7.2800,50.7200,-20.6400,0.1804,0.3256,0.2449,0.1000,0.4000,0.8000,-1.6767,3.3825,-3.2691,4.0833,0.4354,-3.9790,-1.6767,2.7625,-3.2691,4.0833,0.4354,-3.9790,34.7429,199.0857,336.6857,6.2687,64.8246,82.4430,5.00,3.00,2.00,0.0814,0.1590,0.0600,1,0.122829
23,0.5400,7.5600,50.9400,-20.2800,0.1780,0.3206,0.2479,0.1000,0.4000,0.8000,-1.5950,3.3902,-3.3486,4.0833,0.3276,-3.9790,-1.5950,2.7702,-3.3486,4.0833,0.3276,-3.9790,34.7429,199.0857,336.6857,6.1854,63.8217,83.4570,5.00,3.00,2.00,0.0792,0.1542,0.0614,1,0.122771
23,0.5600,7.8400,51.1600,-19.9200,0.1757,0.3164,0.2515,0.1000,0.4000,0.8000,-1.5133,3.3956,-3.4282,4.0833,0.2189,-3.9790,-1.5133,2.7756,-3.4282,4.0833,0.2189,-3.9790,34.7429,199.0857,336.6857,6.1032,62.9949,84.6828,5.00,3.00,2.00,0.0771,0.1502,0.0633,1,0.123025
23,0.5800,8.1200,51.3800,-19.5600,0.1734,0.3132,0.2557,0.1000,0.4000,0.8000,-1.4317,3.3989,-3.5078,4.0833,0.1096,-3.9790,-1.4317,2.7789,-3.5078,4.0833,0.1096,-3.9790,34.7429,199.0857,336.6857,6.0230,62.3631,86.0961,5.00,3.00,2.00,0.0751,0.1472,0.0654,1,0.123586
23,0.6000,8.4000,51.6000,-19.2000,0.1711,0.3111,0.2604,0.1000,0.4000,0.8000,-1.3500,3.4000,-3.5874,4.0833,0.0000,-3.9790,-1.3500,2.7800,-3.5874,4.0833,0.0000,-3.9790,34.7429,199.0857,336.6857,5.9462,61.9402,87.6694,5.00,3.00,2.00,0.0732,0.1452,0.0678,1,0.124445
23,0.6200,8.6800,51.8200,-18.8400,0.1691,0.3101,0.2654,0.1000,0.4000,0.8000,-1.2683,3.3989,-3.6670,4.0833,-0.1096,-3.9790,-1.2683,2.7789,-3.6670,4.0833,-0.1096,-3.9790,34.7429,199.0857,336.6857,5.8738,61.7359,89.3720,5.00,3.00,2.00,0.0715,0.1442,0.0705,1,0.125585
23,0.6400,8.9600,52.0400,-18.4800,0.1671,0.3102,0.2708,0.1000,0.4000,0.8000,-1.1867,3.3956,-3.7465,4.0833,-0.2189,-3.9790,-1.1867,2.7756,-3.7465,4.0833,-0.2189,-3.9790,34.7429,199.0857,336.6857,5.8069,61.7548,91.1704,5.00,3.00,2.00,0.0698,0.1443,0.0733,1,0.126986
23,0.6600,9.2400,52.2600,-18.1200,0.1654,0.3114,0.2763,0.1000,0.4000,0.8000,-1.1050,3.3902,-3.8261,4.0833,-0.3276,-3.9790,-1.1050,2.7702,-3.8261,4.0833,-0.3276,-3.9790,34.7429,199.0857,336.6857,5.7464,61.9963,93.0295,5.00,3.00,2.00,0.0684,0.1455,0.0763,1,0.128618
23,0.6800,9.5200,52.4800,-17.7600,0.1639,0.3137,0.2819,0.1000,0.4000,0.8000,-1.0233,3.3825,-3.9057,4.0833,-0.4354,-3.9790,-1.0233,2.7625,-3.9057,4.0833,-0.4354,-3.9790,34.7429,199.0857,336.6857,5.6932,62.4550,94.9130,5.00,3.00,2.00,0.0671,0.1476,0.0795,1,0.130449
23,0.7000,9.8000,52.7000,-17.4000,0.1626,0.3171,0.2875,0.1000,0.4000,0.8000,-0.9417,3.3727,-3.9853,4.0833,-0.5421,-3.9790,-0.9417,2.7527,-3.9853,4.0833,-0.5421,-3.9790,34.7429,199.0857,336.6857,5.6481,63.1208,96.7838,5.00,3.00,2.00,0.0661,0.1508,0.0826,1,0.132442
23,0.7200,10.0800,52.9200,-17.0400,0.1615,0.3214,0.2929,0.1000,0.4000,0.8000,-0.8600,3.3608,-4.0649,4.0833,-0.6472,-3.9790,-0.8600,2.7408,-4.0649,4.0833,-0.6472,-3.9790,34.7429,199.0857,336.6857,5.6117,63.9785,98.6056,5.00,3.00,2.00,0.0652,0.1549,0.0858,1,0.134557
23,0.7400,10.3600,53.1400,-16.6800,0.1607,0.3265,0.2980,0.1000,0.4000,0.8000,-0.7783,3.3469,-4.1444,4.0833,-0.7506,-3.9790,-0.7783,2.7269,-4.1444,4.0833,-0.7506,-3.9790,34.7429,199.0857,336.6857,5.5845,65.0091,100.3425,5.00,3.00,2.00,0.0646,0.1599,0.0888,1,0.136749
23,0.7600,10.6400,53.3600,-16.3200,0.1602,0.3325,0.3028,0.1000,0.4000,0.8000,-0.6967,3.3308,-4.2240,4.0833,-0.8519,-3.9790,-0.6967,2.7108,-4.2240,4.0833,-0.8519,-3.9790,34.7429,199.0857,336.6857,5.5669,66.1892,101.9607,5.00,3.00,2.00,0.0642,0.1658,0.0917,1,0.138973
23,0.7800,10.9200,53.5800,-15.9600,0.1600,0.3390,0.3072,0.1000,0.4000,0.8000,-0.6150,3.3128,-4.3036,4.0833,-0.9508,-3.9790,-0.6150,2.6928,-4.3036,4.0833,-0.9508,-3.9790,34.7429,199.0857,336.6857,5.5592,67.4924,103.4284,5.00,3.00,2.00,0.0640,0.1724,0.0944,1,0.141184
23,0.8000,11.2000,53.8000,-15.6000,0.1601,0.3460,0.3110,0.1000,0.4000,0.8000,-0.5333,3.2928,-4.3832,4.0833,-1.0472,-3.9790,-0.5333,2.6728,-4.3832,4.0833,-1.0472,-3.9790,34.7429,199.0857,336.6857,5.5615,68.8895,104.7169,5.00,3.00,2.00,0.0641,0.1796,0.0967,1,0.143334
23,0.8200,11.4800,54.0200,-15.2400,0.1604,0.3534,0.3142,0.1000,0.4000,0.8000,-0.4517,3.2709,-4.4628,4.0833,-1.1407,-3.9790,-0.4517,2.6509,-4.4628,4.0833,-1.1407,-3.9790,34.7429,199.0857,336.6857,5.5738,70.3490,105.8010,5.00,3.00,2.00,0.0643,0.1873,0.0987,1,0.145379
23,0.8400,11.7600,54.2400,-14.8800,0.1611,0.3608,0.3168,0.1000,0.4000,0.8000,-0.3700,3.2472,-4.5423,4.0833,-1.2311,-3.9790,-0.3700,2.6272,-4.5423,4.0833,-1.2311,-3.9790,34.7429,199.0857,336.6857,5.5958,71.8382,106.6596,5.00,3.00,2.00,0.0649,0.1953,0.1004,1,0.147275
23,0.8600,12.0400,54.4600,-14.5200,0.1620,0.3683,0.3186,0.1000,0.4000,0.8000,-0.2883,3.2217,-4.6219,4.0833,-1.3180,-3.9790,-0.2883,2.6017,-4.6219,4.0833,-1.3180,-3.9790,34.7429,199.0857,336.6857,5.6273,73.3237,107.2757,5.00,3.00,2.00,0.0656,0.2035,0.1015,1,0.148981
23,0.8800,12.3200,54.6800,-14.1600,0.1631,0.3756,0.3197,0.1000,0.4000,0.8000,-0.2067,3.1945,-4.7015,4.0833,-1.4014,-3.9790,-0.2067,2.5745,-4.7015,4.0833,-1.4014,-3.9790,34.7429,199.0857,336.6857,5.6678,74.7720,107.6374,5.00,3.00,2.00,0.0665,0.2116,0.1022,1,0.150462
23,0.9000,0.0000,54.9000,-13.8000,0.0100,0.3825,0.3200,0.0000,0.4000,0.8000,-0.1250,3.1657,-4.7811,4.0833,-1.4810,-3.9790,-0.1250,2.5457,-4.7811,4.0833,-1.4810,-3.9790,0.0000,199.0857,336.6857,0.0000,76.1507,107.7375,5.00,3.00,2.00,0.0003,0.2195,0.1024,1,0.147111
23,0.9200,0.0000,55.1200,-13.4400,0.0100,0.3889,0.3195,0.0000,0.4000,0.8000,-0.0433,3.1353,-4.8607,4.0833,-1.5564,-3.9790,-0.0433,2.5153,-4.8607,4.0833,-1.5564,-3.9790,0.0000,199.0857,336.6857,0.0000,77.4288,107.5742,5.00,3.00,2.00,0.0003,0.2269,0.1021,1,0.148002
23,0.9400,0.0000,55.3400,-13.0800,0.0100,0.3947,0.3183,0.0000,0.4000,0.8000,0.0383,3.1035,-4.9402,4.0833,-1.6277,-3.9790,0.0383,2.4835,-4.9402,4.0833,-1.6277,-3.9790,0.0000,199.0857,336.6857,0.0000,78.5776,107.1505,5.00,3.00,2.00,0.0003,0.2337,0.1013,1,0.148583
23,0.9600,0.0000,55.5600,-30.0000,0.0100,0.3997,0.0200,0.0000,0.4000,0.0000,0.1200,3.0702,-5.0198,4.0833,-1.6944,-3.9790,0.1200,2.4502,-5.0198,4.0833,-1.6944,-3.9790,0.0000,199.0857,0.0000,0.0000,79.5713,0.0000,5.00,3.00,2.00,0.0003,0.2396,0.0004,1,0.063657
23,0.9800,0.0000,55.7800,-30.0000,0.0100,0.4038,0.0200,0.0000,0.4000,0.0000,0.2017,3.0357,-5.0994,4.0833,-1.7565,-3.9790,0.2017,2.4157,-5.0994,4.0833,-1.7565,-3.9790,0.0000,199.0857,0.0000,0.0000,80.3875,0.0000,5.00,3.00,2.00,0.0003,0.2446,0.0004,1,0.064310
23,1.0000,0.0000,45.0000,-30.0000,0.0100,0.0200,0.0200,0.0000,0.0000,0.0000,0.2833,3.0000,-5.1790,4.0833,-1.8138,-3.9790,0.2833,2.3800,-5.1790,4.0833,-1.8138,-3.9790,0.0000,0.0000,0.0000,0.0000,0.0000,0.0000,5.00,3.00,2.00,0.0003,0.0006,0.0004,1,0.000000
23,1.0200,0.0000,45.0000,-30.0000,0.0100,0.0200,0.0200,0.0000,0.0000,0.0000,0.3650,2.9632,-5.2585,4.0833,-1.8661,-3.9790,0.3650,2.3432,-5.2585,4.0833,-1.8661,-3.9790,0.0000,0.0000,0.0000,0.0000,0.0000,0.0000,5.00,3.00,2.00,0.0003,0.0006,0.0004,1,0.000000
23,1.0400,0.0000,45.0000,-30.0000,0.0100,0.0200,0.0200,0.0000,0.0000,0.0000,0.4467,2.9254,-5.3381,4.0833,-1.9133,-3.9790,0.4467,2.3054,-5.3381,4.0833,-1.9133,-3.9790,0.0000,0.0000,0.0000,0.0000,0.0000,0.0000,5.00,3.00,2.00,0.0003,0.0006,0.0004,1,0.000000
23,1.0600,0.0000,45.0000,-30.0000,0.0100,0.0200,0.0200,0.0000,0.0000,0.0000,0.5283,2.8867,-5.4177,4.0833,-1.9553,-3.9790,0.5283,2.2667,-5.4177,4.0833,-1.9553,-3.9790,0.0000,0.0000,0.0000,0.0000,0.0000,0.0000,5.00,3.00,2.00,0.0003,0.0006,0.0004,1,0.000000
23,1.0800,0.0000,45.0000,-30.0000,0.0100,0.0200,0.0200,0.0000,0.0000,0.0000,0.6100,2.8472,-5.4973,4.0833,-1.9919,-3.9790,0.6100,2.2272,-5.4973,4.0833,-1.9919,-3.9790,0.0000,0.0000,0.0000,0.0000,0.0000,0.0000,5.00,3.00,2.00,0.0003,0.0006,0.0004,1,0.000000
23,1.1000,0.0000,45.0000,-30.0000,0.0100,0.0200,0.0200,0.0000,0.0000,0.0000,0.6917,2.8071,-5.5769,4.0833,-2.0230,-3.9790,0.6917,2.1871,-5.5769,4.0833,-2.0230,-3.9790,0.0000,0.0000,0.0000,0.0000,0.0000,0.0000,5.00,3.00,2.00,0.0003,0.0006,0.0004,1,0.000000
23,1.1200,0.0000,45.0000,-30.0000,0.0100,0.0200,0.0200,0.0000,0.0000,0.0000,0.7733,2.7663,-5.6564,4.0833,-2.0486,-3.9790,0.7733,2.1463,-5.6564,4.0833,-2.0486,-3.9790,0.0000,0.0000,0.0000,0.0000,0.0000,0.0000,5.00,3.00,2.00,0.0003,0.0006,0.0004,1,0.000000
23,1.1400,0.0000,45.0000,-30.0000,0.0100,0.0200,0.0200,0.0000,0.0000,0.0000,0.8550,2.7251,-5.7360,4.0833,-2.0686,-3.9790,1.1358,0.7208,-5.9330,0.1007,0.0329,0.0220,0.0000,0.0000,0.0000,0.0000,0.0000,0.0000,5.00,3.00,2.00,0.0003,0.0006,0.0004,0,0.000000
23,1.1600,0.0000,45.0000,-30.0000,0.0100,0.0200,0.0200,0.0000,0.0000,0.0000,0.9367,2.6836,-5.8156,4.0833,-2.0829,-3.9790,1.0976,0.7053,-5.8715,-0.0060,-0.0225,-0.0632,0.0000,0.0000,0.0000,0.0000,0.0000,0.0000,5.00,3.00,2.00,0.0003,0.0006,0.0004,0,0.000000
23,1.1800,0.0000,45.0000,-30.0000,0.0100,0.0200,0.0200,0.0000,0.0000,0.0000,1.0183,2.6419,-5.8952,4.0833,-2.0915,-3.9790,1.1682,0.7349,-6.0101,0.0944,0.0413,-0.0562,0.0000,0.0000,0.0000,0.0000,0.0000,0.0000,5.00,3.00,2.00,0.0003,0.0006,0.0004,0,0.000000
23,1.2000,0.0000,45.0000,-30.0000,0.0100,0.0200,0.0200,0.0000,0.0000,0.0000,1.1000,2.6000,-5.9748,0.0000,0.0000,0.0000,1.1421,0.7002,-6.0765,-0.0614,-0.1147,0.0761,0.0000,0.0000,0.0000,0.0000,0.0000,0.0000,5.00,3.00,2.00,0.0003,0.0006,0.0004,0,0.000000
23,1.2200,0.0000,45.0000,-30.0000,0.0100,0.0200,0.0200,0.0000,0.0000,0.0000,1.1000,2.6000,-5.9748,0.0000,0.0000,0.0000,1.1454,0.7096,-5.9760,-0.0712,-0.0823,0.0702,0.0000,0.0000,0.0000,0.0000,0.0000,0.0000,5.00,3.00,2.00,0.0003,0.0006,0.0004,0,0.000000
23,1.2400,0.0000,45.0000,-30.0000,0.0100,0.0200,0.0200,0.0000,0.0000,0.0000,1.1000,2.6000,-5.9748,0.0000,0.0000,0.0000,1.0557,0.7289,-5.9691,0.0775,-0.0808,0.0229,0.0000,0.0000,0.0000,0.0000,0.0000,0.0000,5.00,3.00,2.00,0.0003,0.0006,0.0004,0,0.000000
23,1.2600,0.0000,45.0000,-30.0000,0.0100,0.0200,0.0200,0.0000,0.0000,0.0000,1.1000,2.6000,-5.9748,0.0000,0.0000,0.0000,1.1113,0.7211,-5.9535,0.0342,-0.0713,-0.0305,0.0000,0.0000,0.0000,0.0000,0.0000,0.0000,5.00,3.00,2.00,0.0003,0.0006,0.0004,0,0.000000
23,1.2800,0.0000,45.0000,-30.0000,0.0100,0.0200,0.0200,0.0000,0.0000,0.0000,1.1000,2.6000,-5.9748,0.0000,0.0000,0.0000,1.1292,0.7168,-5.9077,0.0479,-0.0745,-0.0699,0.0000,0.0000,0.0000,0.0000,0.0000,0.0000,5.00,3.00,2.00,0.0003,0.0006,0.0004,0,0.000000
23,1.3000,0.0000,45.0000,-30.0000,0.0100,0.0200,0.0200,0.0000,0.0000,0.0000,1.1000,2.6000,-5.9748,0.0000,0.0000,0.0000,1.1547,0.7098,-5.9010,-0.0101,-0.1205,-0.0236,0.0000,0.0000,0.0000,0.0000,0.0000,0.0000,5.00,3.00,2.00,0.0003,0.0006,0.0004,0,0.000000
23,1.3200,0.0000,45.0000,-30.0000,0.0100,0.0200,0.0200,0.0000,0.0000,0.0000,1.1000,2.6000,-5.9748,0.0000,0.0000,0.0000,1.1703,0.7165,-6.0272,0.0395,-0.0870,0.0253,0.0000,0.0000,0.0000,0.0000,0.0000,0.0000,5.00,3.00,2.00,0.0003,0.0006,0.0004,0,0.000000
23,1.3400,0.0000,45.0000,-30.0000,0.0100,0.0200,0.0200,0.0000,0.0000,0.0000,1.1000,2.6000,-5.9748,0.0000,0.0000,0.0000,1.0415,0.7158,-5.9369,0.0582,-0.0783,-0.0552,0.0000,0.0000,0.0000,0.0000,0.0000,0.0000,5.00,3.00,2.00,0.0003,0.0006,0.0004,0,0.000000
23,1.3600,0.0000,45.0000,-30.0000,0.0100,0.0200,0.0200,0.0000,0.0000,0.0000,1.1000,2.6000,-5.9748,0.0000,0.0000,0.0000,1.1287,0.7268,-5.9906,0.0268,-0.0507,-0.0032,0.0000,0.0000,0.0000,0.0000,0.0000,0.0000,5.00,3.00,2.00,0.0003,0.0006,0.0004,0,0.000000
23,1.3800,0.0000,45.0000,-30.0000,0.0100,0.0200,0.0200,0.0000,0.0000,0.0000,1.1000,2.6000,-5.9748,0.0000,0.0000,0.0000,1.1178,0.7277,-5.9616,0.0252,-0.0202,0.0366,0.0000,0.0000,0.0000,0.0000,0.0000,0.0000,5.00,3.00,2.00,0.0003,0.0006,0.0004,0,0.000000
23,1.4000,0.0000,45.0000,-30.0000,0.0100,0.0200,0.0200,0.0000,0.0000,0.0000,1.1000,2.6000,-5.9748,0.0000,0.0000,0.0000,1.1393,0.7252,-5.9449,-0.0057,-0.0311,-0.0137,0.0000,0.0000,0.0000,0.0000,0.0000,0.0000,5.00,3.00,2.00,0.0003,0.0006,0.0004,0,0.000000
23,1.4200,0.0000,45.0000,-30.0000,0.0100,0.0200,0.0200,0.0000,0.0000,0.0000,1.1000,2.6000,-5.9748,0.0000,0.0000,0.0000,1.1248,0.7238,-5.9633,-0.0160,0.0057,-0.0219,0.0000,0.0000,0.0000,0.0000,0.0000,0.0000,5.00,3.00,2.00,0.0003,0.0006,0.0004,0,0.000000
23,1.4400,0.0000,45.0000,-30.0000,0.0100,0.0200,0.0200,0.0000,0.0000,0.0000,1.1000,2.6000,-5.9748,0.0000,0.0000,0.0000,1.0977,0.7217,-5.9808,0.0136,-0.0076,-0.0126,0.0000,0.0000,0.0000,0.0000,0.0000,0.0000,5.00,3.00,2.00,0.0003,0.0006,0.0004,0,0.000000
23,1.4600,0.0000,45.0000,-30.0000,0.0100,0.0200,0.0200,0.0000,0.0000,0.0000,1.1000,2.6000,-5.9748,0.0000,0.0000,0.0000,1.1013,0.7205,-5.9800,0.0051,-0.0131,0.0008,0.0000,0.0000,0.0000,0.0000,0.0000,0.0000,5.00,3.00,2.00,0.0003,0.0006,0.0004,0,0.000000
23,1.4800,0.0000,45.0000,-30.0000,0.0100,0.0200,0.0200,0.0000,0.0000,0.0000,1.1000,2.6000,-5.9748,0.0000,0.0000,0.0000,1.1000,0.7200,-5.9748,0.0000,0.0000,0.0000,0.0000,0.0000,0.0000,0.0000,0.0000,0.0000,5.00,3.00,2.00,0.0003,0.0006,0.0004,0,0.000000
23,1.5000,0.0000,45.0000,-30.0000,0.0100,0.0200,0.0200,0.0000,0.0000,0.0000,1.1000,2.6000,-5.9748,0.0000,0.0000,0.0000,1.0958,0.7212,-5.9803,0.0044,0.0005,0.0034,0.0000,0.0000,0.0000,0.0000,0.0000,0.0000,5.00,3.00,2.00,0.0003,0.0006,0.0004,0,0.000000
24,0.0200,1.1200,45.5500,-30.2700,0.1824,0.3675,0.3196,0.4000,1.0000,-0.6000,-3.7150,2.6419,-1.2797,4.2500,2.0915,-3.9872,1.4137,0.7300,-5.8212,-0.0074,-0.2245,-0.0662,138.0571,494.5714,250.9714,25.1808,181.7411,80.2126,5.00,3.00,2.00,0.0832,0.2026,0.1021,0,0.229708
24,0.0400,2.2400,46.1000,-30.5400,0.1848,0.3748,0.3184,0.4000,1.0000,-0.6000,-3.6300,2.6836,-1.3595,4.2500,2.0829,-3.9872,1.2408,0.7235,-5.8434,-0.0579,-0.1523,0.0214,138.0571,494.5714,250.9714,25.5066,185.3535,79.9199,5.00,3.00,2.00,0.0853,0.2107,0.1014,0,0.232624
24,0.0600,3.3600,46.6500,-30.8100,0.1870,0.3817,0.3165,0.4000,1.0000,-0.6000,-3.5450,2.7251,-1.4392,4.2500,2.0686,-3.9872,1.1622,0.7363,-6.0354,0.0025,-0.1782,0.1330,138.0571,494.5714,250.9714,25.8230,188.8018,79.4384,5.00,3.00,2.00,0.0875,0.2186,0.1002,0,0.235251
24,0.0800,4.4800,47.2000,-31.0800,0.1892,0.3882,0.3139,0.4000,1.0000,-0.6000,-3.4600,2.7663,-1.5190,4.2500,2.0486,-3.9872,1.3713,0.7009,-5.8624,-0.0517,-0.0393,-0.0506,138.0571,494.5714,250.9714,26.1253,192.0085,78.7775,5.00,3.00,2.00,0.0895,0.2261,0.0985,0,0.237529
24,0.1000,5.6000,47.7500,-31.3500,0.1913,0.3941,0.3106,0.4000,1.0000,-0.6000,-3.3750,2.8071,-1.5987,4.2500,2.0230,-3.9872,1.2865,0.7183,-6.1183,0.0375,-0.1093,0.0934,138.0571,494.5714,250.9714,26.4093,194.9017,77.9501,5.00,3.00,2.00,0.0915,0.2330,0.0965,0,0.239409
24,0.1200,6.7200,48.3000,-31.6200,0.1932,0.3992,0.3067,0.4000,1.0000,-0.6000,-3.2900,2.8472,-1.6785,4.2500,1.9919,-3.9872,1.2222,0.7025,-5.8229,-0.1330,-0.2225,0.1311,138.0571,494.5714,250.9714,26.6709,197.4163,76.9726,5.00,3.00,2.00,0.0933,0.2390,0.0941,0,0.240848
24,0.1400,7.8400,48.8500,-31.8900,0.1949,0.4034,0.3023,0.4000,1.0000,-0.6000,-3.2050,2.8867,-1.7582,4.2500,1.9553,-3.9872,1.1809,0.6953,-5.9621,0.1384,-0.1082,-0.0033,138.0571,494.5714,250.9714,26.9064,199.4959,75.8639,5.00,3.00,2.00,0.0950,0.2441,0.0914,0,0.241813
24,0.1600,8.9600,49.4000,-32.1600,0.1964,0.4066,0.2974,0.4000,1.0000,-0.6000,-3.1200,2.9254,-1.8380,4.2500,1.9133,-3.9872,1.3553,0.7143,-5.9089,-0.0717,-0.1525,0.1449,138.0571,494.5714,250.9714,27.1122,201.0937,74.6458,5.00,3.00,2.00,0.0964,0.2480,0.0885,0,0.242281
24,0.1800,10.0800,49.9500,-32.4300,0.1976,0.4088,0.2922,0.4000,1.0000,-0.6000,-3.0350,2.9632,-1.9177,4.2500,1.8661,-3.9872,1.3747,0.7022,-5.8417,0.1002,-0.0894,0.0370,138.0571,494.5714,250.9714,27.2855,202.1740,73.3421,5.00,3.00,2.00,0.0977,0.2507,0.0854,0,0.242241
24,0.2000,11.2000,50.5000,-32.7000,0.1986,0.4099,0.2868,0.4000,1.0000,-0.6000,-2.9500,3.0000,-1.9974,4.2500,1.8138,-3.9872,1.2834,0.7193,-5.8172,0.0368,-0.2462,0.0340,138.0571,494.5714,250.9714,27.4238,202.7123,71.9783,5.00,3.00,2.00,0.0986,0.2520,0.0823,0,0.241692
24,0.2200,12.3200,51.0500,-32.9700,0.1994,0.4098,0.2812,0.4000,1.0000,-0.6000,-2.8650,3.0357,-2.0772,4.2500,1.7565,-3.9872,1.1743,0.7326,-6.1324,-0.1256,-0.2430,-0.1149,138.0571,494.5714,250.9714,27.5250,202.6968,70.5811,5.00,3.00,2.00,0.0994,0.2520,0.0791,0,0.240642
24,0.2400,13.4400,51.6000,-33.2400,0.1998,0.4087,0.2756,0.4000,1.0000,-0.6000,-2.7800,3.0702,-2.1569,4.2500,1.6944,-3.9872,1.3440,0.6936,-5.9200,-0.0234,-0.1482,-0.1046,138.0571,494.5714,250.9714,27.5878,202.1276,69.1779,5.00,3.00,2.00,0.0998,0.2505,0.0760,0,0.239115
24,0.2600,14.5600,52.1500,-33.5100,0.2000,0.4064,0.2701,0.4000,1.0000,-0.6000,-2.6950,3.1035,-2.2367,4.2500,1.6277,-3.9872,1.2571,0.7342,-5.9091,-0.0449,-0.0477,-0.0610,138.0571,494.5714,250.9714,27.6113,201.0176,67.7961,5.00,3.00,2.00,0.1000,0.2478,0.0730,0,0.237140
24,0.2800,15.6800,52.7000,-33.7800,0.1999,0.4032,0.2648,0.4000,1.0000,-0.6000,-2.6100,3.1353,-2.3164,4.2500,1.5564,-3.9872,1.3436,0.7021,-6.1119,-0.1063,0.0252,-0.0702,138.0571,494.5714,250.9714,27.5950,199.3916,66.4627,5.00,3.00,2.00,0.0999,0.2438,0.0701,0,0.234759
24,0.3000,16.8000,53.2500,-34.0500,0.1995,0.3989,0.2598,0.4000,1.0000,-0.6000,-2.5250,3.1657,-2.3962,4.2500,1.4810,-3.9872,1.4491,0.7170,-5.9223,-0.0522,-0.0691,0.0311,138.0571,494.5714,250.9714,27.5392,197.2864,65.2039,5.00,3.00,2.00,0.0995,0.2387,0.0675,0,0.232024
24,0.3200,17.9200,53.8000,-34.3200,0.1988,0.3938,0.2552,0.4000,1.0000,-0.6000,-2.4400,3.1945,-2.4759,4.2500,1.4014,-3.9872,1.4698,0.7228,-6.1375,0.1348,-0.0069,0.0786,138.0571,494.5714,250.9714,27.4448,194.7490,64.0443,5.00,3.00,2.00,0.0988,0.2326,0.0651,0,0.228990
24,0.3400,19.0400,54.3500,-34.5900,0.1978,0.3879,0.2511,0.4000,1.0000,-0.6000,-2.3550,3.2217,-2.5557,4.2500,1.3180,-3.9872,1.2638,0.7243,-6.0270,0.0280,-0.0583,-0.0707,138.0571,494.5714,250.9714,27.3130,191.8364,63.0065,5.00,3.00,2.00,0.0979,0.2257,0.0630,0,0.225725
24,0.3600,5.0400,54.9000,-34.8600,0.1966,0.3814,0.2475,0.1000,1.0000,-0.6000,-2.2700,3.2472,-2.6354,4.2500,1.2311,-3.9872,1.2292,0.7071,-5.8536,0.0738,-0.1141,0.0896,34.5143,494.5714,250.9714,6.7865,188.6142,62.1109,5.00,3.00,2.00,0.0967,0.2182,0.0612,0,0.206009
24,0.3800,5.3200,55.4500,-35.1300,0.1952,0.3744,0.2445,0.1000,1.0000,-0.6000,-2.1850,3.2709,-2.7151,4.2500,1.1407,-3.9872,1.4488,0.6962,-5.8717,0.0506,-0.2495,0.0934,34.5143,494.5714,250.9714,6.7364,185.1546,61.3750,5.00,3.00,2.00,0.0952,0.2102,0.0598,0,0.202613
24,0.4000,5.6000,56.0000,-35.4000,0.1935,0.3671,0.2423,0.1000,1.0000,-0.6000,-2.1000,3.2928,-2.7949,4.2500,1.0472,-3.9872,1.2880,0.6903,-5.8791,0.0972,-0.1999,0.0220,34.5143,494.5714,250.9714,6.6788,181.5354,60.8132,5.00,3.00,2.00,0.0936,0.2021,0.0587,0,0.199222
24,0.4200,5.8800,56.5500,-35.6700,0.1916,0.3596,0.2408,0.1000,1.0000,-0.6000,-2.0150,3.3128,-2.8746,4.2500,0.9508,-3.9872,1.2799,0.7078,-5.9999,-0.1273,-0.1149,0.0879,34.5143,494.5714,250.9714,6.6145,177.8378,60.4364,5.00,3.00,2.00,0.0918,0.1939,0.0580,0,0.195911
24,0.4400,6.1600,57.1000,-22.0800,0.1896,0.3521,0.2401,0.1000,1.0000,0.8000,-1.9300,3.3308,-2.9544,4.2500,0.8519,-3.9872,-1.9300,2.7108,-2.9544,4.2500,0.8519,-3.9872,34.5143,494.5714,334.6286,6.5445,174.1449,80.3362,5.00,3.00,2.00,0.0899,0.1860,0.0576,1,0.208820
24,0.4600,6.4400,57.6500,-21.7200,0.1874,0.3448,0.2401,0.1000,1.0000,0.8000,-1.8450,3.3469,-3.0341,4.2500,0.7506,-3.9872,-1.8450,2.7269,-3.0341,4.2500,0.7506,-3.9872,34.5143,494.5714,334.6286,6.4696,170.5396,80.3520,5.00,3.00,2.00,0.0878,0.1784,0.0577,1,0.205889
24,0.4800,6.7200,58.2000,-21.3600,0.1852,0.3379,0.2410,0.1000,1.0000,0.8000,-1.7600,3.3608,-3.1139,4.2500,0.6472,-3.9872,-1.7600,2.7408,-3.1139,4.2500,0.6472,-3.9872,34.5143,494.5714,334.6286,6.3911,167.1028,80.6288,5.00,3.00,2.00,0.0857,0.1712,0.0581,1,0.203298
24,0.5000,7.0000,50.5000,-21.0000,0.1828,0.3314,0.2425,0.1000,0.4000,0.8000,-1.6750,3.3727,-3.1936,4.2500,0.5421,-3.9872,-1.6750,2.7527,-3.1936,4.2500,0.5421,-3.9872,34.5143,197.8286,334.6286,6.3100,65.5647,81.1614,5.00,3.00,2.00,0.0836,0.1648,0.0588,1,0.122429
24,0.5200,7.2800,50.7200,-20.6400,0.1804,0.3256,0.2449,0.1000,0.4000,0.8000,-1.5900,3.3825,-3.2734,4.2500,0.4354,-3.9872,-1.5900,2.7625,-3.2734,4.2500,0.4354,-3.9872,34.5143,197.8286,334.6286,6.2275,64.4153,81.9392,5.00,3.00,2.00,0.0814,0.1590,0.0600,1,0.122066
24,0.5400,7.5600,50.9400,-20.2800,0.1780,0.3206,0.2479,0.1000,0.4000,0.8000,-1.5050,3.3902,-3.3531,4.2500,0.3276,-3.9872,-1.5050,2.7702,-3.3531,4.2500,0.3276,-3.9872,34.5143,197.8286,334.6286,6.1448,63.4186,82.9471,5.00,3.00,2.00,0.0792,0.1542,0.0614,1,0.122008
24,0.5600,7.8400,51.1600,-19.9200,0.1757,0.3164,0.2515,0.1000,0.4000,0.8000,-1.4200,3.3956,-3.4328,4.2500,0.2189,-3.9872,-1.4200,2.7756,-3.4328,4.2500,0.2189,-3.9872,34.5143,197.8286,334.6286,6.0630,62.5972,84.1653,5.00,3.00,2.00,0.0771,0.1502,0.0633,1,0.122260
24,0.5800,8.1200,51.3800,-19.5600,0.1734,0.3132,0.2557,0.1000,0.4000,0.8000,-1.3350,3.3989,-3.5126,4.2500,0.1096,-3.9872,-1.3350,2.7789,-3.5126,4.2500,0.1096,-3.9872,34.5143,197.8286,334.6286,5.9834,61.9693,85.5701,5.00,3.00,2.00,0.0751,0.1472,0.0654,1,0.122818
24,0.6000,8.4000,51.6000,-19.2000,0.1711,0.3111,0.2604,0.1000,0.4000,0.8000,-1.2500,3.4000,-3.5923,4.2500,0.0000,-3.9872,-1.2500,2.7800,-3.5923,4.2500,0.0000,-3.9872,34.5143,197.8286,334.6286,5.9071,61.5491,87.1338,5.00,3.00,2.00,0.0732,0.1452,0.0678,1,0.123672
24,0.6200,8.6800,51.8200,-18.8400,0.1691,0.3101,0.2654,0.1000,0.4000,0.8000,-1.1650,3.3989,-3.6721,4.2500,-0.1096,-3.9872,-1.1650,2.7789,-3.6721,4.2500,-0.1096,-3.9872,34.5143,197.8286,334.6286,5.8352,61.3461,88.8259,5.00,3.00,2.00,0.0715,0.1442,0.0705,1,0.124806
24,0.6400,8.9600,52.0400,-18.4800,0.1671,0.3102,0.2708,0.1000,0.4000,0.8000,-1.0800,3.3956,-3.7518,4.2500,-0.2189,-3.9872,-1.0800,2.7756,-3.7518,4.2500,-0.2189,-3.9872,34.5143,197.8286,334.6286,5.7687,61.3648,90.6134,5.00,3.00,2.00,0.0698,0.1443,0.0733,1,0.126198
24,0.6600,9.2400,52.2600,-18.1200,0.1654,0.3114,0.2763,0.1000,0.4000,0.8000,-0.9950,3.3902,-3.8316,4.2500,-0.3276,-3.9872,-0.9950,2.7702,-3.8316,4.2500,-0.3276,-3.9872,34.5143,197.8286,334.6286,5.7086,61.6048,92.4611,5.00,3.00,2.00,0.0684,0.1455,0.0763,1,0.127820
24,0.6800,9.5200,52.4800,-17.7600,0.1639,0.3137,0.2819,0.1000,0.4000,0.8000,-0.9100,3.3825,-3.9113,4.2500,-0.4354,-3.9872,-0.9100,2.7625,-3.9113,4.2500,-0.4354,-3.9872,34.5143,197.8286,334.6286,5.6558,62.0607,94.3330,5.00,3.00,2.00,0.0671,0.1476,0.0795,1,0.129640
24,0.7000,9.8000,52.7000,-17.4000,0.1626,0.3171,0.2875,0.1000,0.4000,0.8000,-0.8250,3.3727,-3.9911,4.2500,-0.5421,-3.9872,-0.8250,2.7527,-3.9911,4.2500,-0.5421,-3.9872,34.5143,197.8286,334.6286,5.6109,62.7222,96.1925,5.00,3.00,2.00,0.0661,0.1508,0.0826,1,0.131621
24,0.7200,10.0800,52.9200,-17.0400,0.1615,0.3214,0.2929,0.1000,0.4000,0.8000,-0.7400,3.3608,-4.0708,4.2500,-0.6472,-3.9872,-0.7400,2.7408,-4.0708,4.2500,-0.6472,-3.9872,34.5143,197.8286,334.6286,5.5747,63.5745,98.0031,5.00,3.00,2.00,0.0652,0.1549,0.0858,1,0.133722
24,0.7400,10.3600,53.1400,-16.6800,0.1607,0.3265,0.2980,0.1000,0.4000,0.8000,-0.6550,3.3469,-4.1505,4.2500,-0.7506,-3.9872,-0.6550,2.7269,-4.1505,4.2500,-0.7506,-3.9872,34.5143,197.8286,334.6286,5.5477,64.5985,99.7294,5.00,3.00,2.00,0.0646,0.1599,0.0888,1,0.135901
24,0.7600,10.6400,53.3600,-16.3200,0.1602,0.3325,0.3028,0.1000,0.4000,0.8000,-0.5700,3.3308,-4.2303,4.2500,-0.8519,-3.9872,-0.5700,2.7108,-4.2303,4.2500,-0.8519,-3.9872,34.5143,197.8286,334.6286,5.5303,65.7712,101.3377,5.00,3.00,2.00,0.0642,0.1658,0.0917,1,0.138111
24,0.7800,10.9200,53.5800,-15.9600,0.1600,0.3390,0.3072,0.1000,0.4000,0.8000,-0.4850,3.3128,-4.3100,4.2500,-0.9508,-3.9872,-0.4850,2.6928,-4.3100,4.2500,-0.9508,-3.9872,34.5143,197.8286,334.6286,5.5226,67.0662,102.7964,5.00,3.00,2.00,0.0640,0.1724,0.0944,1,0.140308
24,0.8000,11.2000,53.8000,-15.6000,0.1601,0.3460,0.3110,0.1000,0.4000,0.8000,-0.4000,3.2928,-4.3898,4.2500,-1.0472,-3.9872,-0.4000,2.6728,-4.3898,4.2500,-1.0472,-3.9872,34.5143,197.8286,334.6286,5.5249,68.4545,104.0771,5.00,3.00,2.00,0.0641,0.1796,0.0967,1,0.142445
24,0.8200,11.4800,54.0200,-15.2400,0.1604,0.3534,0.3142,0.1000,0.4000,0.8000,-0.3150,3.2709,-4.4695,4.2500,-1.1407,-3.9872,-0.3150,2.6509,-4.4695,4.2500,-1.1407,-3.9872,34.5143,197.8286,334.6286,5.5371,69.9048,105.1546,5.00,3.00,2.00,0.0643,0.1873,0.0987,1,0.144477
24,0.8400,11.7600,54.2400,-14.8800,0.1611,0.3608,0.3168,0.1000,0.4000,0.8000,-0.2300,3.2472,-4.5493,4.2500,-1.2311,-3.9872,-0.2300,2.6272,-4.5493,4.2500,-1.2311,-3.9872,34.5143,197.8286,334.6286,5.5590,71.3846,106.0079,5.00,3.00,2.00,0.0649,0.1953,0.1004,1,0.146361
24,0.8600,12.0400,54.4600,-14.5200,0.1620,0.3683,0.3186,0.1000,0.4000,0.8000,-0.1450,3.2217,-4.6290,4.2500,-1.3180,-3.9872,-0.1450,2.6017,-4.6290,4.2500,-1.3180,-3.9872,34.5143,197.8286,334.6286,5.5903,72.8607,106.6202,5.00,3.00,2.00,0.0656,0.2035,0.1015,1,0.148057
24,0.8800,12.3200,54.6800,-14.1600,0.1631,0.3756,0.3197,0.1000,0.4000,0.8000,-0.0600,3.1945,-4.7087,4.2500,-1.4014,-3.9872,-0.0600,2.5745,-4.7087,4.2500,-1.4014,-3.9872,34.5143,197.8286,334.6286,5.6305,74.2999,106.9797,5.00,3.00,2.00,0.0665,0.2116,0.1022,1,0.149528
24,0.9000,0.0000,54.9000,-13.8000,0.0100,0.3825,0.3200,0.0000,0.4000,0.8000,0.0250,3.1657,-4.7885,4.2500,-1.4810,-3.9872,0.0250,2.5457,-4.7885,4.2500,-1.4810,-3.9872,0.0000,197.8286,334.6286,0.0000,75.6699,107.0793,5.00,3.00,2.00,0.0003,0.2195,0.1024,1,0.146199
24,0.9200,0.0000,55.1200,-13.4400,0.0100,0.3889,0.3195,0.0000,0.4000,0.8000,0.1100,3.1353,-4.8682,4.2500,-1.5564,-3.9872,0.1100,2.5153,-4.8682,4.2500,-1.5564,-3.9872,0.0000,197.8286,334.6286,0.0000,76.9399,106.9169,5.00,3.00,2.00,0.0003,0.2269,0.1021,1,0.147085
24,0.9400,0.0000,55.3400,-13.0800,0.0100,0.3947,0.3183,0.0000,0.4000,0.8000,0.1950,3.1035,-4.9480,4.2500,-1.6277,-3.9872,0.1950,2.4835,-4.9480,4.2500,-1.6277,-3.9872,0.0000,197.8286,334.6286,0.0000,78.0814,106.4959,5.00,3.00,2.00,0.0003,0.2337,0.1013,1,0.147662
24,0.9600,0.0000,55.5600,-30.0000,0.0100,0.3997,0.0200,0.0000,0.4000,0.0000,0.2800,3.0702,-5.0277,4.2500,-1.6944,-3.9872,0.2800,2.4502,-5.0277,4.2500,-1.6944,-3.9872,0.0000,197.8286,0.0000,0.0000,79.0688,0.0000,5.00,3.00,2.00,0.0003,0.2396,0.0004,1,0.063255
24,0.9800,0.0000,55.7800,-30.0000,0.0100,0.4038,0.0200,0.0000,0.4000,0.0000,0.3650,3.0357,-5.1075,4.2500,-1.7565,-3.9872,0.3650,2.4157,-5.1075,4.2500,-1.7565,-3.9872,0.0000,197.8286,0.0000,0.0000,79.8799,0.0000,5.00,3.00,2.00,0.0003,0.2446,0.0004,1,0.063904
24,1.0000,0.0000,45.0000,-30.0000,0.0100,0.0200,0.0200,0.0000,0.0000,0.0000,0.4500,3.0000,-5.1872,4.2500,-1.8138,-3.9872,0.4500,2.3800,-5.1872,4.2500,-1.8138,-3.9872,0.0000,0.0000,0.0000,0.0000,0.0000,0.0000,5.00,3.00,2.00,0.0003,0.0006,0.0004,1,0.000000
24,1.0200,0.0000,45.0000,-30.0000,0.0100,0.0200,0.0200,0.0000,0.0000,0.0000,0.5350,2.9632,-5.2670,4.2500,-1.8661,-3.9872,0.5350,2.3432,-5.2670,4.2500,-1.8661,-3.9872,0.0000,0.0000,0.0000,0.0000,0.0000,0.0000,5.00,3.00,2.00,0.0003,0.0006,0.0004,1,0.000000
24,1.0400,0.0000,45.0000,-30.0000,0.0100,0.0200,0.0200,0.0000,0.0000,0.0000,0.6200,2.9254,-5.3467,4.2500,-1.9133,-3.9872,0.6200,2.3054,-5.3467,4.2500,-1.9133,-3.9872,0.0000,0.0000,0.0000,0.0000,0.0000,0.0000,5.00,3.00,2.00,0.0003,0.0006,0.0004,1,0.000000
24,1.0600,0.0000,45.0000,-30.0000,0.0100,0.0200,0.0200,0.0000,0.0000,0.0000,0.7050,2.8867,-5.4264,4.2500,-1.9553,-3.9872,0.7050,2.2667,-5.4264,4.2500,-1.9553,-3.9872,0.0000,0.0000,0.0000,0.0000,0.0000,0.0000,5.00,3.00,2.00,0.0003,0.0006,0.0004,1,0.000000
24,1.0800,0.0000,45.0000,-30.0000,0.0100,0.0200,0.0200,0.0000,0.0000,0.0000,0.7900,2.8472,-5.5062,4.2500,-1.9919,-3.9872,0.7900,2.2272,-5.5062,4.2500,-1.9919,-3.9872,0.0000,0.0000,0.0000,0.0000,0.0000,0.0000,5.00,3.00,2.00,0.0003,0.0006,0.0004,1,0.000000
24,1.1000,0.0000,45.0000,-30.0000,0.0100,0.0200,0.0200,0.0000,0.0000,0.0000,0.8750,2.8071,-5.5859,4.2500,-2.0230,-3.9872,0.8750,2.1871,-5.5859,4.2500,-2.0230,-3.9872,0.0000,0.0000,0.0000,0.0000,0.0000,0.0000,5.00,3.00,2.00,0.0003,0.0006,0.0004,1,0.000000
24,1.1200,0.0000,45.0000,-30.0000,0.0100,0.0200,0.0200,0.0000,0.0000,0.0000,0.9600,2.7663,-5.6657,4.2500,-2.0486,-3.9872,0.9600,2.1463,-5.6657,4.2500,-2.0486,-3.9872,0.0000,0.0000,0.0000,0.0000,0.0000,0.0000,5.00,3.00,2.00,0.0003,0.0006,0.0004,1,0.000000
24,1.1400,0.0000,45.0000,-30.0000,0.0100,0.0200,0.0200,0.0000,0.0000,0.0000,1.0450,2.7251,-5.7454,4.2500,-2.0686,-3.9872,1.1558,0.7161,-5.8397,0.1269,0.0334,-0.1128,0.0000,0.0000,0.0000,0.0000,0.0000,0.0000,5.00,3.00,2.00,0.0003,0.0006,0.0004,0,0.000000
24,1.1600,0.0000,45.0000,-30.0000,0.0100,0.0200,0.0200,0.0000,0.0000,0.0000,1.1300,2.6836,-5.8252,4.2500,-2.0829,-3.9872,1.4326,0.6948,-5.9646,0.1019,0.0024,0.0351,0.0000,0.0000,0.0000,0.0000,0.0000,0.0000,5.00,3.00,2.00,0.0003,0.0006,0.0004,0,0.000000
24,1.1800,0.0000,45.0000,-30.0000,0.0100,0.0200,0.0200,0.0000,0.0000,0.0000,1.2150,2.6419,-5.9049,4.2500,-2.0915,-3.9872,1.2706,0.7034,-5.8357,0.0936,-0.1052,-0.0001,0.0000,0.0000,0.0000,0.0000,0.0000,0.0000,5.00,3.00,2.00,0.0003,0.0006,0.0004,0,0.000000
24,1.2000,0.0000,45.0000,-30.0000,0.0100,0.0200,0.0200,0.0000,0.0000,0.0000,1.3000,2.6000,-5.9847,0.0000,0.0000,0.0000,1.3812,0.7108,-5.9721,-0.0550,-0.0818,0.0712,0.0000,0.0000,0.0000,0.0000,0.0000,0.0000,5.00,3.00,2.00,0.0003,0.0006,0.0004,0,0.000000
24,1.2200,0.0000,45.0000,-30.0000,0.0100,0.0200,0.0200,0.0000,0.0000,0.0000,1.3000,2.6000,-5.9847,0.0000,0.0000,0.0000,1.4219,0.7233,-6.0093,0.0669,-0.1482,-0.0341,0.0000,0.0000,0.0000,0.0000,0.0000,0.0000,5.00,3.00,2.00,0.0003,0.0006,0.0004,0,0.000000
24,1.2400,0.0000,45.0000,-30.0000,0.0100,0.0200,0.0200,0.0000,0.0000,0.0000,1.3000,2.6000,-5.9847,0.0000,0.0000,0.0000,1.3736,0.7091,-5.9042,-0.0858,-0.0327,-0.0956,0.0000,0.0000,0.0000,0.0000,0.0000,0.0000,5.00,3.00,2.00,0.0003,0.0006,0.0004,0,0.000000
24,1.2600,0.0000,45.0000,-30.0000,0.0100,0.0200,0.0200,0.0000,0.0000,0.0000,1.3000,2.6000,-5.9847,0.0000,0.0000,0.0000,1.3819,0.7371,-6.0612,0.0388,-0.0145,0.0869,0.0000,0.0000,0.0000,0.0000,0.0000,0.0000,5.00,3.00,2.00,0.0003,0.0006,0.0004,0,0.000000
24,1.2800,0.0000,45.0000,-30.0000,0.0100,0.0200,0.0200,0.0000,0.0000,0.0000,1.3000,2.6000,-5.9847,0.0000,0.0000,0.0000,1.2497,0.7228,-6.0521,-0.0564,-0.0686,0.0832,0.0000,0.0000,0.0000,0.0000,0.0000,0.0000,5.00,3.00,2.00,0.0003,0.0006,0.0004,0,0.000000
24,1.3000,0.0000,45.0000,-30.0000,0.0100,0.0200,0.0200,0.0000,0.0000,0.0000,1.3000,2.6000,-5.9847,0.0000,0.0000,0.0000,1.3138,0.7221,-5.9156,0.0687,-0.0821,-0.0529,0.0000,0.0000,0.0000,0.0000,0.0000,0.0000,5.00,3.00,2.00,0.0003,0.0006,0.0004,0,0.000000
24,1.3200,0.0000,45.0000,-30.0000,0.0100,0.0200,0.0200,0.0000,0.0000,0.0000,1.3000,2.6000,-5.9847,0.0000,0.0000,0.0000,1.2597,0.7283,-5.9129,-0.0505,0.0194,-0.0166,0.0000,0.0000,0.0000,0.0000,0.0000,0.0000,5.00,3.00,2.00,0.0003,0.0006,0.0004,0,0.000000
24,1.3400,0.0000,45.0000,-30.0000,0.0100,0.0200,0.0200,0.0000,0.0000,0.0000,1.3000,2.6000,-5.9847,0.0000,0.0000,0.0000,1.3275,0.7108,-5.9317,-0.0327,-0.0884,0.0134,0.0000,0.0000,0.0000,0.0000,0.0000,0.0000,5.00,3.00,2.00,0.0003,0.0006,0.0004,0,0.000000
24,1.3600,0.0000,45.0000,-30.0000,0.0100,0.0200,0.0200,0.0000,0.0000,0.0000,1.3000,2.6000,-5.9847,0.0000,0.0000,0.0000,1.3356,0.7166,-5.9849,0.0475,-0.0831,-0.0053,0.0000,0.0000,0.0000,0.0000,0.0000,0.0000,5.00,3.00,2.00,0.0003,0.0006,0.0004,0,0.000000
24,1.3800,0.0000,45.0000,-30.0000,0.0100,0.0200,0.0200,0.0000,0.0000,0.0000,1.3000,2.6000,-5.9847,0.0000,0.0000,0.0000,1.2847,0.7130,-5.9798,0.0059,-0.0681,0.0332,0.0000,0.0000,0.0000,0.0000,0.0000,0.0000,5.00,3.00,2.00,0.0003,0.0006,0.0004,0,0.000000
24,1.4000,0.0000,45.0000,-30.0000,0.0100,0.0200,0.0200,0.0000,0.0000,0.0000,1.3000,2.6000,-5.9847,0.0000,0.0000,0.0000,1.3114,0.7241,-6.0124,-0.0063,-0.0401,0.0053,0.0000,0.0000,0.0000,0.0000,0.0000,0.0000,5.00,3.00,2.00,0.0003,0.0006,0.0004,0,0.000000
24,1.4200,0.0000,45.0000,-30.0000,0.0100,0.0200,0.0200,0.0000,0.0000,0.0000,1.3000,2.6000,-5.9847,0.0000,0.0000,0.0000,1.2976,0.7235,-5.9582,0.0094,-0.0005,0.0179,0.0000,0.0000,0.0000,0.0000,0.0000,0.0000,5.00,3.00,2.00,0.0003,0.0006,0.0004,0,0.000000
24,1.4400,0.0000,45.0000,-30.0000,0.0100,0.0200,0.0200,0.0000,0.0000,0.0000,1.3000,2.6000,-5.9847,0.0000,0.0000,0.0000,1.2829,0.7217,-5.9652,0.0092,-0.0273,0.0050,0.0000,0.0000,0.0000,0.0000,0.0000,0.0000,5.00,3.00,2.00,0.0003,0.0006,0.0004,0,0.000000
24,1.4600,0.0000,45.0000,-30.0000,0.0100,0.0200,0.0200,0.0000,0.0000,0.0000,1.3000,2.6000,-5.9847,0.0000,0.0000,0.0000,1.2919,0.7184,-5.9845,0.0008,-0.0078,-0.0068,0.0000,0.0000,0.0000,0.0000,0.0000,0.0000,5.00,3.00,2.00,0.0003,0.0006,0.0004,0,0.000000
24,1.4800,0.0000,45.0000,-30.0000,0.0100,0.0200,0.0200,0.0000,0.0000,0.0000,1.3000,2.6000,-5.9847,0.0000,0.0000,0.0000,1.3000,0.7200,-5.9847,0.0000,0.0000,0.0000,0.0000,0.0000,0.0000,0.0000,0.0000,0.0000,5.00,3.00,2.00,0.0003,0.0006,0.0004,0,0.000000
24,1.5000,0.0000,45.0000,-30.0000,0.0100,0.0200,0.0200,0.0000,0.0000,0.0000,1.3000,2.6000,-5.9847,0.0000,0.0000,0.0000,1.2980,0.7194,-5.9906,0.0075,0.0059,0.0055,0.0000,0.0000,0.0000,0.0000,0.0000,0.0000,5.00,3.00,2.00,0.0003,0.0006,0.0004,0,0.000000
25,0.0200,1.1200,45.5500,-30.2700,0.1824,0.3675,0.3196,0.4000,1.0000,-0.6000,-3.7117,2.6419,-1.2773,4.4167,2.0915,-3.8631,1.3999,0.7074,-5.7014,-0.0603,-0.0218,-0.0821,137.1429,491.4286,249.4286,25.0141,180.5862,79.7195,5.00,3.00,2.00,0.0832,0.2026,0.1021,0,0.228256
25,0.0400,2.2400,46.1000,-30.5400,0.1848,0.3748,0.3184,0.4000,1.0000,-0.6000,-3.6233,2.6836,-1.3545,4.4167,2.0829,-3.8631,1.5622,0.6965,-5.8329,0.0420,0.0206,-0.0746,137.1429,491.4286,249.4286,25.3377,184.1756,79.4286,5.00,3.00,2.00,0.0853,0.2107,0.1014,0,0.231154
25,0.0600,3.3600,46.6500,-30.8100,0.1870,0.3817,0.3165,0.4000,1.0000,-0.6000,-3.5350,2.7251,-1.4318,4.4167,2.0686,-3.8631,1.4858,0.7242,-5.9931,0.1199,-0.1073,0.1462,137.1429,491.4286,249.4286,25.6520,187.6020,78.9500,5.00,3.00,2.00,0.0875,0.2186,0.1002,0,0.233763
25,0.0800,4.4800,47.2000,-31.0800,0.1892,0.3882,0.3139,0.4000,1.0000,-0.6000,-3.4467,2.7663,-1.5090,4.4167,2.0486,-3.8631,1.4600,0.6957,-5.8565,-0.1312,0.0216,0.0391,137.1429,491.4286,249.4286,25.9523,190.7884,78.2932,5.00,3.00,2.00,0.0895,0.2261,0.0985,0,0.236027
25,0.1000,5.6000,47.7500,-31.3500,0.1913,0.3941,0.3106,0.4000,1.0000,-0.6000,-3.3583,2.8071,-1.5863,4.4167,2.0230,-3.8631,1.3244,0.6914,-5.9299,0.0702,-0.2230,-0.1063,137.1429,491.4286,249.4286,26.2344,193.6631,77.4709,5.00,3.00,2.00,0.0915,0.2330,0.0965,0,0.237895
25,0.1200,6.7200,48.3000,-31.6200,0.1932,0.3992,0.3067,0.4000,1.0000,-0.6000,-3.2700,2.8472,-1.6636,4.4167,1.9919,-3.8631,1.3424,0.6913,-5.9177,0.0944,-0.0835,0.0674,137.1429,491.4286,249.4286,26.4943,196.1617,76.4994,5.00,3.00,2.00,0.0933,0.2390,0.0941,0,0.239324
25,0.1400,7.8400,48.8500,-31.8900,0.1949,0.4034,0.3023,0.4000,1.0000,-0.6000,-3.1817,2.8867,-1.7408,4.4167,1.9553,-3.8631,1.5994,0.7378,-5.9193,-0.0652,0.0126,-0.0729,137.1429,491.4286,249.4286,26.7282,198.2281,75.3975,5.00,3.00,2.00,0.0950,0.2441,0.0914,0,0.240283
25,0.1600,8.9600,49.4000,-32.1600,0.1964,0.4066,0.2974,0.4000,1.0000,-0.6000,-3.0933,2.9254,-1.8181,4.4167,1.9133,-3.8631,1.5300,0.7417,-5.7637,-0.0552,0.0428,-0.1380,137.1429,491.4286,249.4286,26.9326,199.8158,74.1869,5.00,3.00,2.00,0.0964,0.2480,0.0885,0,0.240748
25,0.1800,10.0800,49.9500,-32.4300,0.1976,0.4088,0.2922,0.4000,1.0000,-0.6000,-3.0050,2.9632,-1.8954,4.4167,1.8661,-3.8631,1.3722,0.7319,-5.9431,0.0927,-0.0515,-0.0346,137.1429,491.4286,249.4286,27.1048,200.8892,72.8912,5.00,3.00,2.00,0.0977,0.2507,0.0854,0,0.240708
25,0.2000,11.2000,50.5000,-32.7000,0.1986,0.4099,0.2868,0.4000,1.0000,-0.6000,-2.9167,3.0000,-1.9726,4.4167,1.8138,-3.8631,1.5827,0.6996,-5.8771,-0.0772,-0.1640,0.0714,137.1429,491.4286,249.4286,27.2422,201.4242,71.5358,5.00,3.00,2.00,0.0986,0.2520,0.0823,0,0.240162
25,0.2200,12.3200,51.0500,-32.9700,0.1994,0.4098,0.2812,0.4000,1.0000,-0.6000,-2.8283,3.0357,-2.0499,4.4167,1.7565,-3.8631,1.6758,0.7463,-6.0092,-0.0414,-0.0767,0.1138,137.1429,491.4286,249.4286,27.3428,201.4087,70.1472,5.00,3.00,2.00,0.0994,0.2520,0.0791,0,0.239119
25,0.2400,13.4400,51.6000,-33.2400,0.1998,0.4087,0.2756,0.4000,1.0000,-0.6000,-2.7400,3.0702,-2.1271,4.4167,1.6944,-3.8631,1.6725,0.7287,-6.0101,-0.0486,-0.2129,0.0538,137.1429,491.4286,249.4286,27.4051,200.8431,68.7526,5.00,3.00,2.00,0.0998,0.2505,0.0760,0,0.237601
25,0.2600,14.5600,52.1500,-33.5100,0.2000,0.4064,0.2701,0.4000,1.0000,-0.6000,-2.6517,3.1035,-2.2044,4.4167,1.6277,-3.8631,1.5790,0.6964,-5.9369,-0.0945,-0.1063,-0.1367,137.1429,491.4286,249.4286,27.4284,199.7402,67.3793,5.00,3.00,2.00,0.1000,0.2478,0.0730,0,0.235638
25,0.2800,15.6800,52.7000,-33.7800,0.1999,0.4032,0.2648,0.4000,1.0000,-0.6000,-2.5633,3.1353,-2.2817,4.4167,1.5564,-3.8631,1.6550,0.7318,-5.9989,-0.0905,-0.0733,-0.0326,137.1429,491.4286,249.4286,27.4122,198.1246,66.0542,5.00,3.00,2.00,0.0999,0.2438,0.0701,0,0.233273
25,0.3000,16.8000,53.2500,-34.0500,0.1995,0.3989,0.2598,0.4000,1.0000,-0.6000,-2.4750,3.1657,-2.3589,4.4167,1.4810,-3.8631,1.6599,0.7052,-5.8858,0.1163,-0.2245,-0.0313,137.1429,491.4286,249.4286,27.3568,196.0327,64.8031,5.00,3.00,2.00,0.0995,0.2387,0.0675,0,0.230554
25,0.3200,17.9200,53.8000,-34.3200,0.1988,0.3938,0.2552,0.4000,1.0000,-0.6000,-2.3867,3.1945,-2.4362,4.4167,1.4014,-3.8631,1.4423,0.7220,-5.8323,0.0089,-0.1616,0.1309,137.1429,491.4286,249.4286,27.2630,193.5114,63.6506,5.00,3.00,2.00,0.0988,0.2326,0.0651,0,0.227540
25,0.3400,19.0400,54.3500,-34.5900,0.1978,0.3879,0.2511,0.4000,1.0000,-0.6000,-2.2983,3.2217,-2.5134,4.4167,1.3180,-3.8631,1.4060,0.7033,-5.9137,0.0961,-0.1490,-0.0509,137.1429,491.4286,249.4286,27.1321,190.6174,62.6192,5.00,3.00,2.00,0.0979,0.2257,0.0630,0,0.224295
25,0.3600,5.0400,54.9000,-34.8600,0.1966,0.3814,0.2475,0.1000,1.0000,-0.6000,-2.2100,3.2472,-2.5907,4.4167,1.2311,-3.8631,1.3287,0.7384,-5.8088,0.0067,-0.2232,0.0167,34.2857,491.4286,249.4286,6.7415,187.4156,61.7291,5.00,3.00,2.00,0.0967,0.2182,0.0612,0,0.204709
25,0.3800,5.3200,55.4500,-35.1300,0.1952,0.3744,0.2445,0.1000,1.0000,-0.6000,-2.1217,3.2709,-2.6680,4.4167,1.1407,-3.8631,1.3796,0.7227,-5.7708,-0.0477,-0.1564,0.0271,34.2857,491.4286,249.4286,6.6918,183.9780,60.9977,5.00,3.00,2.00,0.0952,0.2102,0.0598,0,0.201334
25,0.4000,5.6000,56.0000,-35.4000,0.1935,0.3671,0.2423,0.1000,1.0000,-0.6000,-2.0333,3.2928,-2.7452,4.4167,1.0472,-3.8631,1.5689,0.7374,-5.8898,0.0380,-0.1247,-0.0527,34.2857,491.4286,249.4286,6.6346,180.3818,60.4393,5.00,3.00,2.00,0.0936,0.2021,0.0587,0,0.197965
25,0.4200,5.8800,56.5500,-35.6700,0.1916,0.3596,0.2408,0.1000,1.0000,-0.6000,-1.9450,3.3128,-2.8225,4.4167,0.9508,-3.8631,1.5068,0.6955,-5.8138,0.0360,0.0495,0.0271,34.2857,491.4286,249.4286,6.5707,176.7077,60.0649,5.00,3.00,2.00,0.0918,0.1939,0.0580,0,0.194675
25,0.4400,6.1600,57.1000,-22.0800,0.1896,0.3521,0.2401,0.1000,1.0000,0.8000,-1.8567,3.3308,-2.8998,4.4167,0.8519,-3.8631,-1.8567,2.7108,-2.8998,4.4167,0.8519,-3.8631,34.2857,491.4286,332.5714,6.5011,173.0382,79.8424,5.00,3.00,2.00,0.0899,0.1860,0.0576,1,0.207505
25,0.4600,6.4400,57.6500,-21.7200,0.1874,0.3448,0.2401,0.1000,1.0000,0.8000,-1.7683,3.3469,-2.9770,4.4167,0.7506,-3.8631,-1.7683,2.7269,-2.9770,4.4167,0.7506,-3.8631,34.2857,491.4286,332.5714,6.4268,169.4558,79.8580,5.00,3.00,2.00,0.0878,0.1784,0.0577,1,0.204593
25,0.4800,6.7200,58.2000,-21.3600,0.1852,0.3379,0.2410,0.1000,1.0000,0.8000,-1.6800,3.3608,-3.0543,4.4167,0.6472,-3.8631,-1.6800,2.7408,-3.0543,4.4167,0.6472,-3.8631,34.2857,491.4286,332.5714,6.3488,166.0409,80.1332,5.00,3.00,2.00,0.0857,0.1712,0.0581,1,0.202018
25,0.5000,7.0000,50.5000,-21.0000,0.1828,0.3314,0.2425,0.1000,0.4000,0.8000,-1.5917,3.3727,-3.1315,4.4167,0.5421,-3.8631,-1.5917,2.7527,-3.1315,4.4167,0.5421,-3.8631,34.2857,196.5714,332.5714,6.2682,65.1481,80.6625,5.00,3.00,2.00,0.0836,0.1648,0.0588,1,0.121663
25,0.5200,7.2800,50.7200,-20.6400,0.1804,0.3256,0.2449,0.1000,0.4000,0.8000,-1.5033,3.3825,-3.2088,4.4167,0.4354,-3.8631,-1.5033,2.7625,-3.2088,4.4167,0.4354,-3.8631,34.2857,196.5714,332.5714,6.1862,64.0060,81.4355,5.00,3.00,2.00,0.0814,0.1590,0.0600,1,0.121302
25,0.5400,7.5600,50.9400,-20.2800,0.1780,0.3206,0.2479,0.1000,0.4000,0.8000,-1.4150,3.3902,-3.2861,4.4167,0.3276,-3.8631,-1.4150,2.7702,-3.2861,4.4167,0.3276,-3.8631,34.2857,196.5714,332.5714,6.1041,63.0156,82.4372,5.00,3.00,2.00,0.0792,0.1542,0.0614,1,0.121246
25,0.5600,7.8400,51.1600,-19.9200,0.1757,0.3164,0.2515,0.1000,0.4000,0.8000,-1.3267,3.3956,-3.3633,4.4167,0.2189,-3.8631,-1.3267,2.7756,-3.3633,4.4167,0.2189,-3.8631,34.2857,196.5714,332.5714,6.0229,62.1994,83.6479,5.00,3.00,2.00,0.0771,0.1502,0.0633,1,0.121496
25,0.5800,8.1200,51.3800,-19.5600,0.1734,0.3132,0.2557,0.1000,0.4000,0.8000,-1.2383,3.3989,-3.4406,4.4167,0.1096,-3.8631,-1.2383,2.7789,-3.4406,4.4167,0.1096,-3.8631,34.2857,196.5714,332.5714,5.9438,61.5755,85.0440,5.00,3.00,2.00,0.0751,0.1472,0.0654,1,0.122051
25,0.6000,8.4000,51.6000,-19.2000,0.1711,0.3111,0.2604,0.1000,0.4000,0.8000,-1.1500,3.4000,-3.5178,4.4167,0.0000,-3.8631,-1.1500,2.7800,-3.5178,4.4167,0.0000,-3.8631,34.2857,196.5714,332.5714,5.8680,61.1580,86.5981,5.00,3.00,2.00,0.0732,0.1452,0.0678,1,0.122899
25,0.6200,8.6800,51.8200,-18.8400,0.1691,0.3101,0.2654,0.1000,0.4000,0.8000,-1.0617,3.3989,-3.5951,4.4167,-0.1096,-3.8631,-1.0617,2.7789,-3.5951,4.4167,-0.1096,-3.8631,34.2857,196.5714,332.5714,5.7966,60.9563,88.2799,5.00,3.00,2.00,0.0715,0.1442,0.0705,1,0.124026
25,0.6400,8.9600,52.0400,-18.4800,0.1671,0.3102,0.2708,0.1000,0.4000,0.8000,-0.9733,3.3956,-3.6724,4.4167,-0.2189,-3.8631,-0.9733,2.7756,-3.6724,4.4167,-0.2189,-3.8631,34.2857,196.5714,332.5714,5.7305,60.9748,90.0563,5.00,3.00,2.00,0.0698,0.1443,0.0733,1,0.125409
25,0.6600,9.2400,52.2600,-18.1200,0.1654,0.3114,0.2763,0.1000,0.4000,0.8000,-0.8850,3.3902,-3.7496,4.4167,-0.3276,-3.8631,-0.8850,2.7702,-3.7496,4.4167,-0.3276,-3.8631,34.2857,196.5714,332.5714,5.6708,61.2133,91.8927,5.00,3.00,2.00,0.0684,0.1455,0.0763,1,0.127021
25,0.6800,9.5200,52.4800,-17.7600,0.1639,0.3137,0.2819,0.1000,0.4000,0.8000,-0.7967,3.3825,-3.8269,4.4167,-0.4354,-3.8631,-0.7967,2.7625,-3.8269,4.4167,-0.4354,-3.8631,34.2857,196.5714,332.5714,5.6183,61.6663,93.7531,5.00,3.00,2.00,0.0671,0.1476,0.0795,1,0.128830
25,0.7000,9.8000,52.7000,-17.4000,0.1626,0.3171,0.2875,0.1000,0.4000,0.8000,-0.7083,3.3727,-3.9042,4.4167,-0.5421,-3.8631,-0.7083,2.7527,-3.9042,4.4167,-0.5421,-3.8631,34.2857,196.5714,332.5714,5.5738,62.3236,95.6011,5.00,3.00,2.00,0.0661,0.1508,0.0826,1,0.130799
25,0.7200,10.0800,52.9200,-17.0400,0.1615,0.3214,0.2929,0.1000,0.4000,0.8000,-0.6200,3.3608,-3.9814,4.4167,-0.6472,-3.8631,-0.6200,2.7408,-3.9814,4.4167,-0.6472,-3.8631,34.2857,196.5714,332.5714,5.5378,63.1705,97.4006,5.00,3.00,2.00,0.0652,0.1549,0.0858,1,0.132887
25,0.7400,10.3600,53.1400,-16.6800,0.1607,0.3265,0.2980,0.1000,0.4000,0.8000,-0.5317,3.3469,-4.0587,4.4167,-0.7506,-3.8631,-0.5317,2.7269,-4.0587,4.4167,-0.7506,-3.8631,34.2857,196.5714,332.5714,5.5110,64.1880,99.1163,5.00,3.00,2.00,0.0646,0.1599,0.0888,1,0.135052
25,0.7600,10.6400,53.3600,-16.3200,0.1602,0.3325,0.3028,0.1000,0.4000,0.8000,-0.4433,3.3308,-4.1359,4.4167,-0.8519,-3.8631,-0.4433,2.7108,-4.1359,4.4167,-0.8519,-3.8631,34.2857,196.5714,332.5714,5.4937,65.3533,100.7147,5.00,3.00,2.00,0.0642,0.1658,0.0917,1,0.137249
25,0.7800,10.9200,53.5800,-15.9600,0.1600,0.3390,0.3072,0.1000,0.4000,0.8000,-0.3550,3.3128,-4.2132,4.4167,-0.9508,-3.8631,-0.3550,2.6928,-4.2132,4.4167,-0.9508,-3.8631,34.2857,196.5714,332.5714,5.4861,66.6400,102.1645,5.00,3.00,2.00,0.0640,0.1724,0.0944,1,0.139432
25,0.8000,11.2000,53.8000,-15.6000,0.1601,0.3460,0.3110,0.1000,0.4000,0.8000,-0.2667,3.2928,-4.2905,4.4167,-1.0472,-3.8631,-0.2667,2.6728,-4.2905,4.4167,-1.0472,-3.8631,34.2857,196.5714,332.5714,5.4883,68.0195,103.4372,5.00,3.00,2.00,0.0641,0.1796,0.0967,1,0.141556
25,0.8200,11.4800,54.0200,-15.2400,0.1604,0.3534,0.3142,0.1000,0.4000,0.8000,-0.1783,3.2709,-4.3677,4.4167,-1.1407,-3.8631,-0.1783,2.6509,-4.3677,4.4167,-1.1407,-3.8631,34.2857,196.5714,332.5714,5.5004,69.4606,104.5081,5.00,3.00,2.00,0.0643,0.1873,0.0987,1,0.143575
25,0.8400,11.7600,54.2400,-14.8800,0.1611,0.3608,0.3168,0.1000,0.4000,0.8000,-0.0900,3.2472,-4.4450,4.4167,-1.2311,-3.8631,-0.0900,2.6272,-4.4450,4.4167,-1.2311,-3.8631,34.2857,196.5714,332.5714,5.5222,70.9310,105.3562,5.00,3.00,2.00,0.0649,0.1953,0.1004,1,0.145447
25,0.8600,12.0400,54.4600,-14.5200,0.1620,0.3683,0.3186,0.1000,0.4000,0.8000,-0.0017,3.2217,-4.5222,4.4167,-1.3180,-3.8631,-0.0017,2.6017,-4.5222,4.4167,-1.3180,-3.8631,34.2857,196.5714,332.5714,5.5533,72.3977,105.9648,5.00,3.00,2.00,0.0656,0.2035,0.1015,1,0.147133
25,0.8800,12.3200,54.6800,-14.1600,0.1631,0.3756,0.3197,0.1000,0.4000,0.8000,0.0867,3.1945,-4.5995,4.4167,-1.4014,-3.8631,0.0867,2.5745,-4.5995,4.4167,-1.4014,-3.8631,34.2857,196.5714,332.5714,5.5932,73.8277,106.3221,5.00,3.00,2.00,0.0665,0.2116,0.1022,1,0.148594
25,0.9000,0.0000,54.9000,-13.8000,0.0100,0.3825,0.3200,0.0000,0.4000,0.8000,0.1750,3.1657,-4.6768,4.4167,-1.4810,-3.8631,0.1750,2.5457,-4.6768,4.4167,-1.4810,-3.8631,0.0000,196.5714,332.5714,0.0000,75.1890,106.4210,5.00,3.00,2.00,0.0003,0.2195,0.1024,1,0.145288
25,0.9200,0.0000,55.1200,-13.4400,0.0100,0.3889,0.3195,0.0000,0.4000,0.8000,0.2633,3.1353,-4.7540,4.4167,-1.5564,-3.8631,0.2633,2.5153,-4.7540,4.4167,-1.5564,-3.8631,0.0000,196.5714,332.5714,0.0000,76.4510,106.2596,5.00,3.00,2.00,0.0003,0.2269,0.1021,1,0.146168
25,0.9400,0.0000,55.3400,-13.0800,0.0100,0.3947,0.3183,0.0000,0.4000,0.8000,0.3517,3.1035,-4.8313,4.4167,-1.6277,-3.8631,0.3517,2.4835,-4.8313,4.4167,-1.6277,-3.8631,0.0000,196.5714,332.5714,0.0000,77.5852,105.8412,5.00,3.00,2.00,0.0003,0.2337,0.1013,1,0.146741
25,0.9600,0.0000,55.5600,-30.0000,0.0100,0.3997,0.0200,0.0000,0.4000,0.0000,0.4400,3.0702,-4.9086,4.4167,-1.6944,-3.8631,0.4400,2.4502,-4.9086,4.4167,-1.6944,-3.8631,0.0000,196.5714,0.0000,0.0000,78.5663,0.0000,5.00,3.00,2.00,0.0003,0.2396,0.0004,1,0.062853
25,0.9800,0.0000,55.7800,-30.0000,0.0100,0.4038,0.0200,0.0000,0.4000,0.0000,0.5283,3.0357,-4.9858,4.4167,-1.7565,-3.8631,0.5283,2.4157,-4.9858,4.4167,-1.7565,-3.8631,0.0000,196.5714,0.0000,0.0000,79.3723,0.0000,5.00,3.00,2.00,0.0003,0.2446,0.0004,1,0.063498
25,1.0000,0.0000,45.0000,-30.0000,0.0100,0.0200,0.0200,0.0000,0.0000,0.0000,0.6167,3.0000,-5.0631,4.4167,-1.8138,-3.8631,0.6167,2.3800,-5.0631,4.4167,-1.8138,-3.8631,0.0000,0.0000,0.0000,0.0000,0.0000,0.0000,5.00,3.00,2.00,0.0003,0.0006,0.0004,1,0.000000
25,1.0200,0.0000,45.0000,-30.0000,0.0100,0.0200,0.0200,0.0000,0.0000,0.0000,0.7050,2.9632,-5.1403,4.4167,-1.8661,-3.8631,0.7050,2.3432,-5.1403,4.4167,-1.8661,-3.8631,0.0000,0.0000,0.0000,0.0000,0.0000,0.0000,5.00,3.00,2.00,0.0003,0.0006,0.0004,1,0.000000
25,1.0400,0.0000,45.0000,-30.0000,0.0100,0.0200,0.0200,0.0000,0.0000,0.0000,0.7933,2.9254,-5.2176,4.4167,-1.9133,-3.8631,0.7933,2.3054,-5.2176,4.4167,-1.9133,-3.8631,0.0000,0.0000,0.0000,0.0000,0.0000,0.0000,5.00,3.00,2.00,0.0003,0.0006,0.0004,1,0.000000
25,1.0600,0.0000,45.0000,-30.0000,0.0100,0.0200,0.0200,0.0000,0.0000,0.0000,0.8817,2.8867,-5.2949,4.4167,-1.9553,-3.8631,0.8817,2.2667,-5.2949,4.4167,-1.9553,-3.8631,0.0000,0.0000,0.0000,0.0000,0.0000,0.0000,5.00,3.00,2.00,0.0003,0.0006,0.0004,1,0.000000
25,1.0800,0.0000,45.0000,-30.0000,0.0100,0.0200,0.0200,0.0000,0.0000,0.0000,0.9700,2.8472,-5.3721,4.4167,-1.9919,-3.8631,0.9700,2.2272,-5.3721,4.4167,-1.9919,-3.8631,0.0000,0.0000,0.0000,0.0000,0.0000,0.0000,5.00,3.00,2.00,0.0003,0.0006,0.0004,1,0.000000
25,1.1000,0.0000,45.0000,-30.0000,0.0100,0.0200,0.0200,0.0000,0.0000,0.0000,1.0583,2.8071,-5.4494,4.4167,-2.0230,-3.8631,1.0583,2.1871,-5.4494,4.4167,-2.0230,-3.8631,0.0000,0.0000,0.0000,0.0000,0.0000,0.0000,5.00,3.00,2.00,0.0003,0.0006,0.0004,1,0.000000
25,1.1200,0.0000,45.0000,-30.0000,0.0100,0.0200,0.0200,0.0000,0.0000,0.0000,1.1467,2.7663,-5.5267,4.4167,-2.0486,-3.8631,1.1467,2.1463,-5.5267,4.4167,-2.0486,-3.8631,0.0000,0.0000,0.0000,0.0000,0.0000,0.0000,5.00,3.00,2.00,0.0003,0.0006,0.0004,1,0.000000
25,1.1400,0.0000,45.0000,-30.0000,0.0100,0.0200,0.0200,0.0000,0.0000,0.0000,1.2350,2.7251,-5.6039,4.4167,-2.0686,-3.8631,1.3877,0.7024,-5.7298,-0.0616,0.0320,-0.0686,0.0000,0.0000,0.0000,0.0000,0.0000,0.0000,5.00,3.00,2.00,0.0003,0.0006,0.0004,0,0.000000
25,1.1600,0.0000,45.0000,-30.0000,0.0100,0.0200,0.0200,0.0000,0.0000,0.0000,1.3233,2.6836,-5.6812,4.4167,-2.0829,-3.8631,1.5835,0.6992,-5.8805,0.0577,-0.1758,0.0753,0.0000,0.0000,0.0000,0.0000,0.0000,0.0000,5.00,3.00,2.00,0.0003,0.0006,0.0004,0,0.000000
25,1.1800,0.0000,45.0000,-30.0000,0.0100,0.0200,0.0200,0.0000,0.0000,0.0000,1.4117,2.6419,-5.7584,4.4167,-2.0915,-3.8631,1.5950,0.7161,-5.9365,0.0763,-0.0279,0.0101,0.0000,0.0000,0.0000,0.0000,0.0000,0.0000,5.00,3.00,2.00,0.0003,0.0006,0.0004,0,0.000000
25,1.2000,0.0000,45.0000,-30.0000,0.0100,0.0200,0.0200,0.0000,0.0000,0.0000,1.5000,2.6000,-5.8357,0.0000,0.0000,0.0000,1.5603,0.7433,-5.9137,0.0978,0.0012,0.0011,0.0000,0.0000,0.0000,0.0000,0.0000,0.0000,5.00,3.00,2.00,0.0003,0.0006,0.0004,0,0.000000
25,1.2200,0.0000,45.0000,-30.0000,0.0100,0.0200,0.0200,0.0000,0.0000,0.0000,1.5000,2.6000,-5.8357,0.0000,0.0000,0.0000,1.5225,0.7249,-5.7567,0.0995,-0.1152,-0.0553,0.0000,0.0000,0.0000,0.0000,0.0000,0.0000,5.00,3.00,2.00,0.0003,0.0006,0.0004,0,0.000000
25,1.2400,0.0000,45.0000,-30.0000,0.0100,0.0200,0.0200,0.0000,0.0000,0.0000,1.5000,2.6000,-5.8357,0.0000,0.0000,0.0000,1.5647,0.7162,-5.7617,0.0969,-0.0962,0.0799,0.0000,0.0000,0.0000,0.0000,0.0000,0.0000,5.00,3.00,2.00,0.0003,0.0006,0.0004,0,0.000000
25,1.2600,0.0000,45.0000,-30.0000,0.0100,0.0200,0.0200,0.0000,0.0000,0.0000,1.5000,2.6000,-5.8357,0.0000,0.0000,0.0000,1.5537,0.7340,-5.8140,-0.0142,-0.0464,-0.0546,0.0000,0.0000,0.0000,0.0000,0.0000,0.0000,5.00,3.00,2.00,0.0003,0.0006,0.0004,0,0.000000
25,1.2800,0.0000,45.0000,-30.0000,0.0100,0.0200,0.0200,0.0000,0.0000,0.0000,1.5000,2.6000,-5.8357,0.0000,0.0000,0.0000,1.4461,0.7358,-5.8125,0.0112,-0.0039,0.0826,0.0000,0.0000,0.0000,0.0000,0.0000,0.0000,5.00,3.00,2.00,0.0003,0.0006,0.0004,0,0.000000
25,1.3000,0.0000,45.0000,-30.0000,0.0100,0.0200,0.0200,0.0000,0.0000,0.0000,1.5000,2.6000,-5.8357,0.0000,0.0000,0.0000,1.4389,0.7264,-5.8591,-0.0719,0.0107,0.0749,0.0000,0.0000,0.0000,0.0000,0.0000,0.0000,5.00,3.00,2.00,0.0003,0.0006,0.0004,0,0.000000
25,1.3200,0.0000,45.0000,-30.0000,0.0100,0.0200,0.0200,0.0000,0.0000,0.0000,1.5000,2.6000,-5.8357,0.0000,0.0000,0.0000,1.4790,0.7133,-5.8594,-0.0257,-0.0183,-0.0221,0.0000,0.0000,0.0000,0.0000,0.0000,0.0000,5.00,3.00,2.00,0.0003,0.0006,0.0004,0,0.000000
25,1.3400,0.0000,45.0000,-30.0000,0.0100,0.0200,0.0200,0.0000,0.0000,0.0000,1.5000,2.6000,-5.8357,0.0000,0.0000,0.0000,1.4936,0.7270,-5.7925,-0.0449,0.0132,0.0315,0.0000,0.0000,0.0000,0.0000,0.0000,0.0000,5.00,3.00,2.00,0.0003,0.0006,0.0004,0,0.000000
25,1.3600,0.0000,45.0000,-30.0000,0.0100,0.0200,0.0200,0.0000,0.0000,0.0000,1.5000,2.6000,-5.8357,0.0000,0.0000,0.0000,1.5569,0.7266,-5.8874,-0.0236,-0.0772,0.0339,0.0000,0.0000,0.0000,0.0000,0.0000,0.0000,5.00,3.00,2.00,0.0003,0.0006,0.0004,0,0.000000
25,1.3800,0.0000,45.0000,-30.0000,0.0100,0.0200,0.0200,0.0000,0.0000,0.0000,1.5000,2.6000,-5.8357,0.0000,0.0000,0.0000,1.5442,0.7166,-5.8438,-0.0401,-0.0120,0.0303,0.0000,0.0000,0.0000,0.0000,0.0000,0.0000,5.00,3.00,2.00,0.0003,0.0006,0.0004,0,0.000000
25,1.4000,0.0000,45.0000,-30.0000,0.0100,0.0200,0.0200,0.0000,0.0000,0.0000,1.5000,2.6000,-5.8357,0.0000,0.0000,0.0000,1.5311,0.7136,-5.8115,0.0205,-0.0023,0.0059,0.0000,0.0000,0.0000,0.0000,0.0000,0.0000,5.00,3.00,2.00,0.0003,0.0006,0.0004,0,0.000000
25,1.4200,0.0000,45.0000,-30.0000,0.0100,0.0200,0.0200,0.0000,0.0000,0.0000,1.5000,2.6000,-5.8357,0.0000,0.0000,0.0000,1.5225,0.7225,-5.8357,0.0154,-0.0109,-0.0199,0.0000,0.0000,0.0000,0.0000,0.0000,0.0000,5.00,3.00,2.00,0.0003,0.0006,0.0004,0,0.000000
25,1.4400,0.0000,45.0000,-30.0000,0.0100,0.0200,0.0200,0.0000,0.0000,0.0000,1.5000,2.6000,-5.8357,0.0000,0.0000,0.0000,1.5019,0.7196,-5.8482,-0.0079,0.0045,0.0093,0.0000,0.0000,0.0000,0.0000,0.0000,0.0000,5.00,3.00,2.00,0.0003,0.0006,0.0004,0,0.000000
25,1.4600,0.0000,45.0000,-30.0000,0.0100,0.0200,0.0200,0.0000,0.0000,0.0000,1.5000,2.6000,-5.8357,0.0000,0.0000,0.0000,1.4979,0.7187,-5.8451,0.0058,-0.0040,0.0080,0.0000,0.0000,0.0000,0.0000,0.0000,0.0000,5.00,3.00,2.00,0.0003,0.0006,0.0004,0,0.000000
25,1.4800,0.0000,45.0000,-30.0000,0.0100,0.0200,0.0200,0.0000,0.0000,0.0000,1.5000,2.6000,-5.8357,0.0000,0.0000,0.0000,1.5000,0.7200,-5.8357,0.0000,0.0000,0.0000,0.0000,0.0000,0.0000,0.0000,0.0000,0.0000,5.00,3.00,2.00,0.0003,0.0006,0.0004,0,0.000000
25,1.5000,0.0000,45.0000,-30.0000,0.0100,0.0200,0.0200,0.0000,0.0000,0.0000,1.5000,2.6000,-5.8357,0.0000,0.0000,0.0000,1.4984,0.7205,-5.8369,0.0002,0.0069,-0.0029,0.0000,0.0000,0.0000,0.0000,0.0000,0.0000,5.00,3.00,2.00,0.0003,0.0006,0.0004,0,0.000000
26,0.0200,1.1200,45.5500,-30.2700,0.1824,0.3675,0.3196,0.4000,1.0000,-0.6000,-3.7083,2.6419,-1.2722,4.5833,2.0915,-3.6115,1.7115,0.7288,-5.7127,-0.0839,-0.1779,-0.0907,136.2286,488.2857,247.8857,24.8473,179.4313,79.2264,5.00,3.00,2.00,0.0832,0.2026,0.1021,0,0.226804
26,0.0400,2.2400,46.1000,-30.5400,0.1848,0.3748,0.3184,0.4000,1.0000,-0.6000,-3.6167,2.6836,-1.3445,4.5833,2.0829,-3.6115,1.6173,0.6999,-5.6357,0.1403,-0.0351,0.0372,136.2286,488.2857,247.8857,25.1688,182.9978,78.9373,5.00,3.00,2.00,0.0853,0.2107,0.1014,0,0.229683
26,0.0600,3.3600,46.6500,-30.8100,0.1870,0.3817,0.3165,0.4000,1.0000,-0.6000,-3.5250,2.7251,-1.4167,4.5833,2.0686,-3.6115,1.7547,0.7306,-5.5969,0.0422,-0.0623,0.0220,136.2286,488.2857,247.8857,25.4809,186.4022,78.4617,5.00,3.00,2.00,0.0875,0.2186,0.1002,0,0.232276
26,0.0800,4.4800,47.2000,-31.0800,0.1892,0.3882,0.3139,0.4000,1.0000,-0.6000,-3.4333,2.7663,-1.4889,4.5833,2.0486,-3.6115,1.8206,0.6926,-5.5605,0.0973,0.0145,0.1208,136.2286,488.2857,247.8857,25.7793,189.5682,77.8089,5.00,3.00,2.00,0.0895,0.2261,0.0985,0,0.234525
26,0.1000,5.6000,47.7500,-31.3500,0.1913,0.3941,0.3106,0.4000,1.0000,-0.6000,-3.3417,2.8071,-1.5612,4.5833,2.0230,-3.6115,1.8567,0.7106,-5.4724,0.1164,-0.1817,-0.0703,136.2286,488.2857,247.8857,26.0596,192.4246,76.9917,5.00,3.00,2.00,0.0915,0.2330,0.0965,0,0.236381
26,0.1200,6.7200,48.3000,-31.6200,0.1932,0.3992,0.3067,0.4000,1.0000,-0.6000,-3.2500,2.8472,-1.6334,4.5833,1.9919,-3.6115,1.7144,0.6936,-5.7070,0.0030,-0.0303,-0.0534,136.2286,488.2857,247.8857,26.3177,194.9072,76.0262,5.00,3.00,2.00,0.0933,0.2390,0.0941,0,0.237801
26,0.1400,7.8400,48.8500,-31.8900,0.1949,0.4034,0.3023,0.4000,1.0000,-0.6000,-3.1583,2.8867,-1.7056,4.5833,1.9553,-3.6115,1.7991,0.7004,-5.3988,0.0992,-0.0772,-0.0216,136.2286,488.2857,247.8857,26.5500,196.9604,74.9311,5.00,3.00,2.00,0.0950,0.2441,0.0914,0,0.238753
26,0.1600,8.9600,49.4000,-32.1600,0.1964,0.4066,0.2974,0.4000,1.0000,-0.6000,-3.0667,2.9254,-1.7778,4.5833,1.9133,-3.6115,1.7939,0.7475,-5.6492,-0.1414,0.0137,-0.0297,136.2286,488.2857,247.8857,26.7531,198.5379,73.7280,5.00,3.00,2.00,0.0964,0.2480,0.0885,0,0.239215
26,0.1800,10.0800,49.9500,-32.4300,0.1976,0.4088,0.2922,0.4000,1.0000,-0.6000,-2.9750,2.9632,-1.8501,4.5833,1.8661,-3.6115,1.6233,0.7464,-5.4531,0.1465,-0.0540,-0.0373,136.2286,488.2857,247.8857,26.9241,199.6044,72.4403,5.00,3.00,2.00,0.0977,0.2507,0.0854,0,0.239175
26,0.2000,11.2000,50.5000,-32.7000,0.1986,0.4099,0.2868,0.4000,1.0000,-0.6000,-2.8833,3.0000,-1.9223,4.5833,1.8138,-3.6115,1.6104,0.7325,-5.4386,-0.1199,-0.1645,0.1189,136.2286,488.2857,247.8857,27.0605,200.1360,71.0933,5.00,3.00,2.00,0.0986,0.2520,0.0823,0,0.238632
26,0.2200,12.3200,51.0500,-32.9700,0.1994,0.4098,0.2812,0.4000,1.0000,-0.6000,-2.7917,3.0357,-1.9945,4.5833,1.7565,-3.6115,1.7098,0.7129,-5.3763,0.1354,-0.1217,0.0470,136.2286,488.2857,247.8857,27.1605,200.1206,69.7133,5.00,3.00,2.00,0.0994,0.2520,0.0791,0,0.237596
26,0.2400,13.4400,51.6000,-33.2400,0.1998,0.4087,0.2756,0.4000,1.0000,-0.6000,-2.7000,3.0702,-2.0668,4.5833,1.6944,-3.6115,1.7379,0.6985,-5.3736,-0.1492,0.0096,-0.0143,136.2286,488.2857,247.8857,27.2224,199.5587,68.3273,5.00,3.00,2.00,0.0998,0.2505,0.0760,0,0.236087
26,0.2600,14.5600,52.1500,-33.5100,0.2000,0.4064,0.2701,0.4000,1.0000,-0.6000,-2.6083,3.1035,-2.1390,4.5833,1.6277,-3.6115,1.7714,0.6903,-5.5459,0.1493,-0.2309,0.1269,136.2286,488.2857,247.8857,27.2456,198.4627,66.9625,5.00,3.00,2.00,0.1000,0.2478,0.0730,0,0.234137
26,0.2800,15.6800,52.7000,-33.7800,0.1999,0.4032,0.2648,0.4000,1.0000,-0.6000,-2.5167,3.1353,-2.2112,4.5833,1.5564,-3.6115,1.7804,0.7444,-5.5465,-0.0692,-0.0696,-0.0637,136.2286,488.2857,247.8857,27.2295,196.8575,65.6456,5.00,3.00,2.00,0.0999,0.2438,0.0701,0,0.231786
26,0.3000,16.8000,53.2500,-34.0500,0.1995,0.3989,0.2598,0.4000,1.0000,-0.6000,-2.4250,3.1657,-2.2835,4.5833,1.4810,-3.6115,1.7150,0.7231,-5.5675,0.0429,-0.1724,-0.1425,136.2286,488.2857,247.8857,27.1745,194.7790,64.4022,5.00,3.00,2.00,0.0995,0.2387,0.0675,0,0.229085
26,0.3200,17.9200,53.8000,-34.3200,0.1988,0.3938,0.2552,0.4000,1.0000,-0.6000,-2.3333,3.1945,-2.3557,4.5833,1.4014,-3.6115,1.7207,0.7305,-5.3940,0.1437,-0.1590,-0.0918,136.2286,488.2857,247.8857,27.0813,192.2738,63.2568,5.00,3.00,2.00,0.0988,0.2326,0.0651,0,0.226090
26,0.3400,19.0400,54.3500,-34.5900,0.1978,0.3879,0.2511,0.4000,1.0000,-0.6000,-2.2417,3.2217,-2.4279,4.5833,1.3180,-3.6115,1.6965,0.7386,-5.5226,0.0068,-0.1230,0.0711,136.2286,488.2857,247.8857,26.9513,189.3983,62.2318,5.00,3.00,2.00,0.0979,0.2257,0.0630,0,0.222865
26,0.3600,5.0400,54.9000,-34.8600,0.1966,0.3814,0.2475,0.1000,1.0000,-0.6000,-2.1500,3.2472,-2.5001,4.5833,1.2311,-3.6115,1.6842,0.7071,-5.6868,-0.0685,-0.1630,0.0447,34.0571,488.2857,247.8857,6.6966,186.2170,61.3472,5.00,3.00,2.00,0.0967,0.2182,0.0612,0,0.203409
26,0.3800,5.3200,55.4500,-35.1300,0.1952,0.3744,0.2445,0.1000,1.0000,-0.6000,-2.0583,3.2709,-2.5724,4.5833,1.1407,-3.6115,1.8473,0.7052,-5.4820,0.1025,-0.1369,-0.0365,34.0571,488.2857,247.8857,6.6472,182.8014,60.6204,5.00,3.00,2.00,0.0952,0.2102,0.0598,0,0.200055
26,0.4000,5.6000,56.0000,-35.4000,0.1935,0.3671,0.2423,0.1000,1.0000,-0.6000,-1.9667,3.2928,-2.6446,4.5833,1.0472,-3.6115,1.6753,0.7055,-5.4327,0.0450,-0.1271,0.1128,34.0571,488.2857,247.8857,6.5904,179.2282,60.0655,5.00,3.00,2.00,0.0936,0.2021,0.0587,0,0.196707
26,0.4200,5.8800,56.5500,-35.6700,0.1916,0.3596,0.2408,0.1000,1.0000,-0.6000,-1.8750,3.3128,-2.7168,4.5833,0.9508,-3.6115,1.6102,0.7477,-5.3959,0.1260,-0.1165,-0.0929,34.0571,488.2857,247.8857,6.5269,175.5776,59.6934,5.00,3.00,2.00,0.0918,0.1939,0.0580,0,0.193438
26,0.4400,6.1600,57.1000,-22.0800,0.1896,0.3521,0.2401,0.1000,1.0000,0.8000,-1.7833,3.3308,-2.7891,4.5833,0.8519,-3.6115,-1.7833,2.7108,-2.7891,4.5833,0.8519,-3.6115,34.0571,488.2857,330.5143,6.4578,171.9316,79.3485,5.00,3.00,2.00,0.0899,0.1860,0.0576,1,0.206190
26,0.4600,6.4400,57.6500,-21.7200,0.1874,0.3448,0.2401,0.1000,1.0000,0.8000,-1.6917,3.3469,-2.8613,4.5833,0.7506,-3.6115,-1.6917,2.7269,-2.8613,4.5833,0.7506,-3.6115,34.0571,488.2857,330.5143,6.3839,168.3721,79.3640,5.00,3.00,2.00,0.0878,0.1784,0.0577,1,0.203296
26,0.4800,6.7200,58.2000,-21.3600,0.1852,0.3379,0.2410,0.1000,1.0000,0.8000,-1.6000,3.3608,-2.9335,4.5833,0.6472,-3.6115,-1.6000,2.7408,-2.9335,4.5833,0.6472,-3.6115,34.0571,488.2857,330.5143,6.3064,164.9790,79.6375,5.00,3.00,2.00,0.0857,0.1712,0.0581,1,0.200738
26,0.5000,7.0000,50.5000,-21.0000,0.1828,0.3314,0.2425,0.1000,0.4000,0.8000,-1.5083,3.3727,-3.0058,4.5833,0.5421,-3.6115,-1.5083,2.7527,-3.0058,4.5833,0.5421,-3.6115,34.0571,195.3143,330.5143,6.2264,64.7314,80.1635,5.00,3.00,2.00,0.0836,0.1648,0.0588,1,0.120897
26,0.5200,7.2800,50.7200,-20.6400,0.1804,0.3256,0.2449,0.1000,0.4000,0.8000,-1.4167,3.3825,-3.0780,4.5833,0.4354,-3.6115,-1.4167,2.7625,-3.0780,4.5833,0.4354,-3.6115,34.0571,195.3143,330.5143,6.1450,63.5966,80.9318,5.00,3.00,2.00,0.0814,0.1590,0.0600,1,0.120539
26,0.5400,7.5600,50.9400,-20.2800,0.1780,0.3206,0.2479,0.1000,0.4000,0.8000,-1.3250,3.3902,-3.1502,4.5833,0.3276,-3.6115,-1.3250,2.7702,-3.1502,4.5833,0.3276,-3.6115,34.0571,195.3143,330.5143,6.0634,62.6126,81.9273,5.00,3.00,2.00,0.0792,0.1542,0.0614,1,0.120483
26,0.5600,7.8400,51.1600,-19.9200,0.1757,0.3164,0.2515,0.1000,0.4000,0.8000,-1.2333,3.3956,-3.2224,4.5833,0.2189,-3.6115,-1.2333,2.7756,-3.2224,4.5833,0.2189,-3.6115,34.0571,195.3143,330.5143,5.9827,61.8016,83.1305,5.00,3.00,2.00,0.0771,0.1502,0.0633,1,0.120732
26,0.5800,8.1200,51.3800,-19.5600,0.1734,0.3132,0.2557,0.1000,0.4000,0.8000,-1.1417,3.3989,-3.2947,4.5833,0.1096,-3.6115,-1.1417,2.7789,-3.2947,4.5833,0.1096,-3.6115,34.0571,195.3143,330.5143,5.9042,61.1817,84.5180,5.00,3.00,2.00,0.0751,0.1472,0.0654,1,0.121283
26,0.6000,8.4000,51.6000,-19.2000,0.1711,0.3111,0.2604,0.1000,0.4000,0.8000,-1.0500,3.4000,-3.3669,4.5833,0.0000,-3.6115,-1.0500,2.7800,-3.3669,4.5833,0.0000,-3.6115,34.0571,195.3143,330.5143,5.8289,60.7669,86.0625,5.00,3.00,2.00,0.0732,0.1452,0.0678,1,0.122127
26,0.6200,8.6800,51.8200,-18.8400,0.1691,0.3101,0.2654,0.1000,0.4000,0.8000,-0.9583,3.3989,-3.4391,4.5833,-0.1096,-3.6115,-0.9583,2.7789,-3.4391,4.5833,-0.1096,-3.6115,34.0571,195.3143,330.5143,5.7579,60.5664,87.7338,5.00,3.00,2.00,0.0715,0.1442,0.0705,1,0.123247
26,0.6400,8.9600,52.0400,-18.4800,0.1671,0.3102,0.2708,0.1000,0.4000,0.8000,-0.8667,3.3956,-3.5114,4.5833,-0.2189,-3.6115,-0.8667,2.7756,-3.5114,4.5833,-0.2189,-3.6115,34.0571,195.3143,330.5143,5.6923,60.5849,89.4993,5.00,3.00,2.00,0.0698,0.1443,0.0733,1,0.124621
26,0.6600,9.2400,52.2600,-18.1200,0.1654,0.3114,0.2763,0.1000,0.4000,0.8000,-0.7750,3.3902,-3.5836,4.5833,-0.3276,-3.6115,-0.7750,2.7702,-3.5836,4.5833,-0.3276,-3.6115,34.0571,195.3143,330.5143,5.6330,60.8218,91.3243,5.00,3.00,2.00,0.0684,0.1455,0.0763,1,0.126223
26,0.6800,9.5200,52.4800,-17.7600,0.1639,0.3137,0.2819,0.1000,0.4000,0.8000,-0.6833,3.3825,-3.6558,4.5833,-0.4354,-3.6115,-0.6833,2.7625,-3.6558,4.5833,-0.4354,-3.6115,34.0571,195.3143,330.5143,5.5809,61.2719,93.1732,5.00,3.00,2.00,0.0671,0.1476,0.0795,1,0.128021
26,0.7000,9.8000,52.7000,-17.4000,0.1626,0.3171,0.2875,0.1000,0.4000,0.8000,-0.5917,3.3727,-3.7281,4.5833,-0.5421,-3.6115,-0.5917,2.7527,-3.7281,4.5833,-0.5421,-3.6115,34.0571,195.3143,330.5143,5.5366,61.9250,95.0098,5.00,3.00,2.00,0.0661,0.1508,0.0826,1,0.129977
26,0.7200,10.0800,52.9200,-17.0400,0.1615,0.3214,0.2929,0.1000,0.4000,0.8000,-0.5000,3.3608,-3.8003,4.5833,-0.6472,-3.6115,-0.5000,2.7408,-3.8003,4.5833,-0.6472,-3.6115,34.0571,195.3143,330.5143,5.5009,62.7665,96.7981,5.00,3.00,2.00,0.0652,0.1549,0.0858,1,0.132052
26,0.7400,10.3600,53.1400,-16.6800,0.1607,0.3265,0.2980,0.1000,0.4000,0.8000,-0.4083,3.3469,-3.8725,4.5833,-0.7506,-3.6115,-0.4083,2.7269,-3.8725,4.5833,-0.7506,-3.6115,34.0571,195.3143,330.5143,5.4743,63.7775,98.5032,5.00,3.00,2.00,0.0646,0.1599,0.0888,1,0.134204
26,0.7600,10.6400,53.3600,-16.3200,0.1602,0.3325,0.3028,0.1000,0.4000,0.8000,-0.3167,3.3308,-3.9448,4.5833,-0.8519,-3.6115,-0.3167,2.7108,-3.9448,4.5833,-0.8519,-3.6115,34.0571,195.3143,330.5143,5.4570,64.9353,100.0917,5.00,3.00,2.00,0.0642,0.1658,0.0917,1,0.136387
26,0.7800,10.9200,53.5800,-15.9600,0.1600,0.3390,0.3072,0.1000,0.4000,0.8000,-0.2250,3.3128,-4.0170,4.5833,-0.9508,-3.6115,-0.2250,2.6928,-4.0170,4.5833,-0.9508,-3.6115,34.0571,195.3143,330.5143,5.4495,66.2138,101.5325,5.00,3.00,2.00,0.0640,0.1724,0.0944,1,0.138557
26,0.8000,11.2000,53.8000,-15.6000,0.1601,0.3460,0.3110,0.1000,0.4000,0.8000,-0.1333,3.2928,-4.0892,4.5833,-1.0472,-3.6115,-0.1333,2.6728,-4.0892,4.5833,-1.0472,-3.6115,34.0571,195.3143,330.5143,5.4518,67.5845,102.7974,5.00,3.00,2.00,0.0641,0.1796,0.0967,1,0.140667
26,0.8200,11.4800,54.0200,-15.2400,0.1604,0.3534,0.3142,0.1000,0.4000,0.8000,-0.0417,3.2709,-4.1614,4.5833,-1.1407,-3.6115,-0.0417,2.6509,-4.1614,4.5833,-1.1407,-3.6115,34.0571,195.3143,330.5143,5.4638,69.0163,103.8617,5.00,3.00,2.00,0.0643,0.1873,0.0987,1,0.142673
26,0.8400,11.7600,54.2400,-14.8800,0.1611,0.3608,0.3168,0.1000,0.4000,0.8000,0.0500,3.2472,-4.2337,4.5833,-1.2311,-3.6115,0.0500,2.6272,-4.2337,4.5833,-1.2311,-3.6115,34.0571,195.3143,330.5143,5.4854,70.4773,104.7045,5.00,3.00,2.00,0.0649,0.1953,0.1004,1,0.144534
26,0.8600,12.0400,54.4600,-14.5200,0.1620,0.3683,0.3186,0.1000,0.4000,0.8000,0.1417,3.2217,-4.3059,4.5833,-1.3180,-3.6115,0.1417,2.6017,-4.3059,4.5833,-1.3180,-3.6115,34.0571,195.3143,330.5143,5.5162,71.9347,105.3093,5.00,3.00,2.00,0.0656,0.2035,0.1015,1,0.146208
26,0.8800,12.3200,54.6800,-14.1600,0.1631,0.3756,0.3197,0.1000,0.4000,0.8000,0.2333,3.1945,-4.3781,4.5833,-1.4014,-3.6115,0.2333,2.5745,-4.3781,4.5833,-1.4014,-3.6115,34.0571,195.3143,330.5143,5.5560,73.3556,105.6644,5.00,3.00,2.00,0.0665,0.2116,0.1022,1,0.147661
26,0.9000,0.0000,54.9000,-13.8000,0.0100,0.3825,0.3200,0.0000,0.4000,0.8000,0.3250,3.1657,-4.4504,4.5833,-1.4810,-3.6115,0.3250,2.5457,-4.4504,4.5833,-1.4810,-3.6115,0.0000,195.3143,330.5143,0.0000,74.7081,105.7627,5.00,3.00,2.00,0.0003,0.2195,0.1024,1,0.144377
26,0.9200,0.0000,55.1200,-13.4400,0.0100,0.3889,0.3195,0.0000,0.4000,0.8000,0.4167,3.1353,-4.5226,4.5833,-1.5564,-3.6115,0.4167,2.5153,-4.5226,4.5833,-1.5564,-3.6115,0.0000,195.3143,330.5143,0.0000,75.9620,105.6024,5.00,3.00,2.00,0.0003,0.2269,0.1021,1,0.145251
26,0.9400,0.0000,55.3400,-13.0800,0.0100,0.3947,0.3183,0.0000,0.4000,0.8000,0.5083,3.1035,-4.5948,4.5833,-1.6277,-3.6115,0.5083,2.4835,-4.5948,4.5833,-1.6277,-3.6115,0.0000,195.3143,330.5143,0.0000,77.0890,105.1865,5.00,3.00,2.00,0.0003,0.2337,0.1013,1,0.145820
26,0.9600,0.0000,55.5600,-30.0000,0.0100,0.3997,0.0200,0.0000,0.4000,0.0000,0.6000,3.0702,-4.6671,4.5833,-1.6944,-3.6115,0.6000,2.4502,-4.6671,4.5833,-1.6944,-3.6115,0.0000,195.3143,0.0000,0.0000,78.0639,0.0000,5.00,3.00,2.00,0.0003,0.2396,0.0004,1,0.062451
26,0.9800,0.0000,55.7800,-30.0000,0.0100,0.4038,0.0200,0.0000,0.4000,0.0000,0.6917,3.0357,-4.7393,4.5833,-1.7565,-3.6115,0.6917,2.4157,-4.7393,4.5833,-1.7565,-3.6115,0.0000,195.3143,0.0000,0.0000,78.8647,0.0000,5.00,3.00,2.00,0.0003,0.2446,0.0004,1,0.063092
26,1.0000,0.0000,45.0000,-30.0000,0.0100,0.0200,0.0200,0.0000,0.0000,0.0000,0.7833,3.0000,-4.8115,4.5833,-1.8138,-3.6115,0.7833,2.3800,-4.8115,4.5833,-1.8138,-3.6115,0.0000,0.0000,0.0000,0.0000,0.0000,0.0000,5.00,3.00,2.00,0.0003,0.0006,0.0004,1,0.000000
26,1.0200,0.0000,45.0000,-30.0000,0.0100,0.0200,0.0200,0.0000,0.0000,0.0000,0.8750,2.9632,-4.8837,4.5833,-1.8661,-3.6115,0.8750,2.3432,-4.8837,4.5833,-1.8661,-3.6115,0.0000,0.0000,0.0000,0.0000,0.0000,0.0000,5.00,3.00,2.00,0.0003,0.0006,0.0004,1,0.000000
26,1.0400,0.0000,45.0000,-30.0000,0.0100,0.0200,0.0200,0.0000,0.0000,0.0000,0.9667,2.9254,-4.9560,4.5833,-1.9133,-3.6115,0.9667,2.3054,-4.9560,4.5833,-1.9133,-3.6115,0.0000,0.0000,0.0000,0.0000,0.0000,0.0000,5.00,3.00,2.00,0.0003,0.0006,0.0004,1,0.000000
26,1.0600,0.0000,45.0000,-30.0000,0.0100,0.0200,0.0200,0.0000,0.0000,0.0000,1.0583,2.8867,-5.0282,4.5833,-1.9553,-3.6115,1.0583,2.2667,-5.0282,4.5833,-1.9553,-3.6115,0.0000,0.0000,0.0000,0.0000,0.0000,0.0000,5.00,3.00,2.00,0.0003,0.0006,0.0004,1,0.000000
26,1.0800,0.0000,45.0000,-30.0000,0.0100,0.0200,0.0200,0.0000,0.0000,0.0000,1.1500,2.8472,-5.1004,4.5833,-1.9919,-3.6115,1.1500,2.2272,-5.1004,4.5833,-1.9919,-3.6115,0.0000,0.0000,0.0000,0.0000,0.0000,0.0000,5.00,3.00,2.00,0.0003,0.0006,0.0004,1,0.000000
26,1.1000,0.0000,45.0000,-30.0000,0.0100,0.0200,0.0200,0.0000,0.0000,0.0000,1.2417,2.8071,-5.1727,4.5833,-2.0230,-3.6115,1.2417,2.1871,-5.1727,4.5833,-2.0230,-3.6115,0.0000,0.0000,0.0000,0.0000,0.0000,0.0000,5.00,3.00,2.00,0.0003,0.0006,0.0004,1,0.000000
26,1.1200,0.0000,45.0000,-30.0000,0.0100,0.0200,0.0200,0.0000,0.0000,0.0000,1.3333,2.7663,-5.2449,4.5833,-2.0486,-3.6115,1.3333,2.1463,-5.2449,4.5833,-2.0486,-3.6115,0.0000,0.0000,0.0000,0.0000,0.0000,0.0000,5.00,3.00,2.00,0.0003,0.0006,0.0004,1,0.000000
26,1.1400,0.0000,45.0000,-30.0000,0.0100,0.0200,0.0200,0.0000,0.0000,0.0000,1.4250,2.7251,-5.3171,4.5833,-2.0686,-3.6115,1.7217,0.7324,-5.4654,-0.0645,-0.0923,-0.0697,0.0000,0.0000,0.0000,0.0000,0.0000,0.0000,5.00,3.00,2.00,0.0003,0.0006,0.0004,0,0.000000
26,1.1600,0.0000,45.0000,-30.0000,0.0100,0.0200,0.0200,0.0000,0.0000,0.0000,1.5167,2.6836,-5.3894,4.5833,-2.0829,-3.6115,1.6654,0.7040,-5.5392,0.0607,-0.0053,-0.0488,0.0000,0.0000,0.0000,0.0000,0.0000,0.0000,5.00,3.00,2.00,0.0003,0.0006,0.0004,0,0.000000
26,1.1800,0.0000,45.0000,-30.0000,0.0100,0.0200,0.0200,0.0000,0.0000,0.0000,1.6083,2.6419,-5.4616,4.5833,-2.0915,-3.6115,1.6138,0.7085,-5.6054,0.0644,-0.0249,-0.1237,0.0000,0.0000,0.0000,0.0000,0.0000,0.0000,5.00,3.00,2.00,0.0003,0.0006,0.0004,0,0.000000
26,1.2000,0.0000,45.0000,-30.0000,0.0100,0.0200,0.0200,0.0000,0.0000,0.0000,1.7000,2.6000,-5.5338,0.0000,0.0000,0.0000,1.6667,0.7301,-5.5903,0.0024,-0.0667,-0.1060,0.0000,0.0000,0.0000,0.0000,0.0000,0.0000,5.00,3.00,2.00,0.0003,0.0006,0.0004,0,0.000000
26,1.2200,0.0000,45.0000,-30.0000,0.0100,0.0200,0.0200,0.0000,0.0000,0.0000,1.7000,2.6000,-5.5338,0.0000,0.0000,0.0000,1.6774,0.7347,-5.5599,0.0336,-0.1215,-0.0084,0.0000,0.0000,0.0000,0.0000,0.0000,0.0000,5.00,3.00,2.00,0.0003,0.0006,0.0004,0,0.000000
26,1.2400,0.0000,45.0000,-30.0000,0.0100,0.0200,0.0200,0.0000,0.0000,0.0000,1.7000,2.6000,-5.5338,0.0000,0.0000,0.0000,1.7850,0.7214,-5.4524,0.0770,-0.0251,0.0142,0.0000,0.0000,0.0000,0.0000,0.0000,0.0000,5.00,3.00,2.00,0.0003,0.0006,0.0004,0,0.000000
26,1.2600,0.0000,45.0000,-30.0000,0.0100,0.0200,0.0200,0.0000,0.0000,0.0000,1.7000,2.6000,-5.5338,0.0000,0.0000,0.0000,1.7985,0.7250,-5.4797,-0.0202,-0.0703,-0.0593,0.0000,0.0000,0.0000,0.0000,0.0000,0.0000,5.00,3.00,2.00,0.0003,0.0006,0.0004,0,0.000000
26,1.2800,0.0000,45.0000,-30.0000,0.0100,0.0200,0.0200,0.0000,0.0000,0.0000,1.7000,2.6000,-5.5338,0.0000,0.0000,0.0000,1.7790,0.7268,-5.5449,-0.0060,-0.0660,-0.0600,0.0000,0.0000,0.0000,0.0000,0.0000,0.0000,5.00,3.00,2.00,0.0003,0.0006,0.0004,0,0.000000
26,1.3000,0.0000,45.0000,-30.0000,0.0100,0.0200,0.0200,0.0000,0.0000,0.0000,1.7000,2.6000,-5.5338,0.0000,0.0000,0.0000,1.7206,0.7198,-5.5827,0.0567,-0.0441,0.0344,0.0000,0.0000,0.0000,0.0000,0.0000,0.0000,5.00,3.00,2.00,0.0003,0.0006,0.0004,0,0.000000
26,1.3200,0.0000,45.0000,-30.0000,0.0100,0.0200,0.0200,0.0000,0.0000,0.0000,1.7000,2.6000,-5.5338,0.0000,0.0000,0.0000,1.7627,0.7081,-5.5863,0.0207,0.0035,0.0223,0.0000,0.0000,0.0000,0.0000,0.0000,0.0000,5.00,3.00,2.00,0.0003,0.0006,0.0004,0,0.000000
26,1.3400,0.0000,45.0000,-30.0000,0.0100,0.0200,0.0200,0.0000,0.0000,0.0000,1.7000,2.6000,-5.5338,0.0000,0.0000,0.0000,1.7496,0.7255,-5.4739,-0.0558,0.0047,-0.0260,0.0000,0.0000,0.0000,0.0000,0.0000,0.0000,5.00,3.00,2.00,0.0003,0.0006,0.0004,0,0.000000
26,1.3600,0.0000,45.0000,-30.0000,0.0100,0.0200,0.0200,0.0000,0.0000,0.0000,1.7000,2.6000,-5.5338,0.0000,0.0000,0.0000,1.6974,0.7166,-5.5264,0.0191,-0.0024,-0.0403,0.0000,0.0000,0.0000,0.0000,0.0000,0.0000,5.00,3.00,2.00,0.0003,0.0006,0.0004,0,0.000000
26,1.3800,0.0000,45.0000,-30.0000,0.0100,0.0200,0.0200,0.0000,0.0000,0.0000,1.7000,2.6000,-5.5338,0.0000,0.0000,0.0000,1.6759,0.7282,-5.5572,-0.0315,-0.0182,0.0287,0.0000,0.0000,0.0000,0.0000,0.0000,0.0000,5.00,3.00,2.00,0.0003,0.0006,0.0004,0,0.000000
26,1.4000,0.0000,45.0000,-30.0000,0.0100,0.0200,0.0200,0.0000,0.0000,0.0000,1.7000,2.6000,-5.5338,0.0000,0.0000,0.0000,1.7081,0.7260,-5.5416,-0.0160,-0.0528,0.0186,0.0000,0.0000,0.0000,0.0000,0.0000,0.0000,5.00,3.00,2.00,0.0003,0.0006,0.0004,0,0.000000
26,1.4200,0.0000,45.0000,-30.0000,0.0100,0.0200,0.0200,0.0000,0.0000,0.0000,1.7000,2.6000,-5.5338,0.0000,0.0000,0.0000,1.6840,0.7248,-5.5040,-0.0195,0.0080,0.0077,0.0000,0.0000,0.0000,0.0000,0.0000,0.0000,5.00,3.00,2.00,0.0003,0.0006,0.0004,0,0.000000
26,1.4400,0.0000,45.0000,-30.0000,0.0100,0.0200,0.0200,0.0000,0.0000,0.0000,1.7000,2.6000,-5.5338,0.0000,0.0000,0.0000,1.6960,0.7186,-5.5227,-0.0140,-0.0099,0.0071,0.0000,0.0000,0.0000,0.0000,0.0000,0.0000,5.00,3.00,2.00,0.0003,0.0006,0.0004,0,0.000000
26,1.4600,0.0000,45.0000,-30.0000,0.0100,0.0200,0.0200,0.0000,0.0000,0.0000,1.7000,2.6000,-5.5338,0.0000,0.0000,0.0000,1.6950,0.7212,-5.5272,-0.0055,0.0025,-0.0065,0.0000,0.0000,0.0000,0.0000,0.0000,0.0000,5.00,3.00,2.00,0.0003,0.0006,0.0004,0,0.000000
26,1.4800,0.0000,45.0000,-30.0000,0.0100,0.0200,0.0200,0.0000,0.0000,0.0000,1.7000,2.6000,-5.5338,0.0000,0.0000,0.0000,1.7000,0.7200,-5.5338,0.0000,0.0000,0.0000,0.0000,0.0000,0.0000,0.0000,0.0000,0.0000,5.00,3.00,2.00,0.0003,0.0006,0.0004,0,0.000000
26,1.5000,0.0000,45.0000,-30.0000,0.0100,0.0200,0.0200,0.0000,0.0000,0.0000,1.7000,2.6000,-5.5338,0.0000,0.0000,0.0000,1.7007,0.7191,-5.5326,0.0029,0.0130,-0.0068,0.0000,0.0000,0.0000,0.0000,0.0000,0.0000,5.00,3.00,2.00,0.0003,0.0006,0.0004,0,0.000000
27,0.0200,1.1200,45.5500,-30.2700,0.1824,0.3675,0.3196,0.4000,1.0000,-0.6000,-3.7050,2.6419,-1.2649,4.7500,2.0915,-3.2425,1.8152,0.7257,-5.0205,-0.1054,-0.0133,0.1193,135.3143,485.1429,246.3429,24.6805,178.2764,78.7333,5.00,3.00,2.00,0.0832,0.2026,0.1021,0,0.225352
27,0.0400,2.2400,46.1000,-30.5400,0.1848,0.3748,0.3184,0.4000,1.0000,-0.6000,-3.6100,2.6836,-1.3297,4.7500,2.0829,-3.2425,1.8210,0.7121,-5.1505,0.1224,-0.1625,0.0052,135.3143,485.1429,246.3429,24.9999,181.8199,78.4460,5.00,3.00,2.00,0.0853,0.2107,0.1014,0,0.228213
27,0.0600,3.3600,46.6500,-30.8100,0.1870,0.3817,0.3165,0.4000,1.0000,-0.6000,-3.5150,2.7251,-1.3946,4.7500,2.0686,-3.2425,1.8351,0.7008,-5.1068,0.0158,0.0119,0.0727,135.3143,485.1429,246.3429,25.3099,185.2024,77.9733,5.00,3.00,2.00,0.0875,0.2186,0.1002,0,0.230789
27,0.0800,4.4800,47.2000,-31.0800,0.1892,0.3882,0.3139,0.4000,1.0000,-0.6000,-3.4200,2.7663,-1.4594,4.7500,2.0486,-3.2425,1.7251,0.7160,-4.9242,-0.0622,-0.0455,-0.1149,135.3143,485.1429,246.3429,25.6063,188.3480,77.3246,5.00,3.00,2.00,0.0895,0.2261,0.0985,0,0.233023
27,0.1000,5.6000,47.7500,-31.3500,0.1913,0.3941,0.3106,0.4000,1.0000,-0.6000,-3.3250,2.8071,-1.5243,4.7500,2.0230,-3.2425,1.7546,0.6961,-5.1422,-0.0152,-0.0560,-0.0833,135.3143,485.1429,246.3429,25.8847,191.1860,76.5125,5.00,3.00,2.00,0.0915,0.2330,0.0965,0,0.234867
27,0.1200,6.7200,48.3000,-31.6200,0.1932,0.3992,0.3067,0.4000,1.0000,-0.6000,-3.2300,2.8472,-1.5891,4.7500,1.9919,-3.2425,1.7976,0.6943,-5.1855,0.1102,-0.0057,0.1321,135.3143,485.1429,246.3429,26.1411,193.6527,75.5530,5.00,3.00,2.00,0.0933,0.2390,0.0941,0,0.236277
27,0.1400,7.8400,48.8500,-31.8900,0.1949,0.4034,0.3023,0.4000,1.0000,-0.6000,-3.1350,2.8867,-1.6540,4.7500,1.9553,-3.2425,1.7262,0.6960,-5.2409,0.1297,0.0160,0.0353,135.3143,485.1429,246.3429,26.3718,195.6926,74.4647,5.00,3.00,2.00,0.0950,0.2441,0.0914,0,0.237223
27,0.1600,8.9600,49.4000,-32.1600,0.1964,0.4066,0.2974,0.4000,1.0000,-0.6000,-3.0400,2.9254,-1.7188,4.7500,1.9133,-3.2425,1.9990,0.7302,-5.0436,-0.1002,-0.0065,-0.0187,135.3143,485.1429,246.3429,26.5735,197.2600,73.2691,5.00,3.00,2.00,0.0964,0.2480,0.0885,0,0.237682
27,0.1800,10.0800,49.9500,-32.4300,0.1976,0.4088,0.2922,0.4000,1.0000,-0.6000,-2.9450,2.9632,-1.7837,4.7500,1.8661,-3.2425,1.7529,0.7446,-4.9479,0.0589,-0.1559,0.0362,135.3143,485.1429,246.3429,26.7434,198.3197,71.9894,5.00,3.00,2.00,0.0977,0.2507,0.0854,0,0.237642
27,0.2000,11.2000,50.5000,-32.7000,0.1986,0.4099,0.2868,0.4000,1.0000,-0.6000,-2.8500,3.0000,-1.8485,4.7500,1.8138,-3.2425,2.0607,0.7483,-4.9423,0.0236,-0.2343,0.0562,135.3143,485.1429,246.3429,26.8789,198.8478,70.6508,5.00,3.00,2.00,0.0986,0.2520,0.0823,0,0.237102
27,0.2200,12.3200,51.0500,-32.9700,0.1994,0.4098,0.2812,0.4000,1.0000,-0.6000,-2.7550,3.0357,-1.9134,4.7500,1.7565,-3.2425,1.9142,0.7399,-5.0114,-0.1162,-0.0423,-0.0838,135.3143,485.1429,246.3429,26.9782,198.8325,69.2794,5.00,3.00,2.00,0.0994,0.2520,0.0791,0,0.236072
27,0.2400,13.4400,51.6000,-33.2400,0.1998,0.4087,0.2756,0.4000,1.0000,-0.6000,-2.6600,3.0702,-1.9782,4.7500,1.6944,-3.2425,1.8207,0.7171,-5.1392,0.0047,-0.0894,0.0819,135.3143,485.1429,246.3429,27.0397,198.2742,67.9021,5.00,3.00,2.00,0.0998,0.2505,0.0760,0,0.234573
27,0.2600,14.5600,52.1500,-33.5100,0.2000,0.4064,0.2701,0.4000,1.0000,-0.6000,-2.5650,3.1035,-2.0431,4.7500,1.6277,-3.2425,1.9570,0.6949,-5.0741,-0.0463,-0.0947,-0.1466,135.3143,485.1429,246.3429,27.0627,197.1853,66.5458,5.00,3.00,2.00,0.1000,0.2478,0.0730,0,0.232635
27,0.2800,15.6800,52.7000,-33.7800,0.1999,0.4032,0.2648,0.4000,1.0000,-0.6000,-2.4700,3.1353,-2.1079,4.7500,1.5564,-3.2425,1.8947,0.7458,-5.1667,0.1261,-0.1427,0.0709,135.3143,485.1429,246.3429,27.0467,195.5904,65.2370,5.00,3.00,2.00,0.0999,0.2438,0.0701,0,0.230299
27,0.3000,16.8000,53.2500,-34.0500,0.1995,0.3989,0.2598,0.4000,1.0000,-0.6000,-2.3750,3.1657,-2.1728,4.7500,1.4810,-3.2425,1.8369,0.7212,-4.9983,0.0351,0.0263,0.1028,135.3143,485.1429,246.3429,26.9921,193.5253,64.0014,5.00,3.00,2.00,0.0995,0.2387,0.0675,0,0.227615
27,0.3200,17.9200,53.8000,-34.3200,0.1988,0.3938,0.2552,0.4000,1.0000,-0.6000,-2.2800,3.1945,-2.2376,4.7500,1.4014,-3.2425,1.7298,0.7163,-5.2540,-0.0311,-0.1322,-0.1333,135.3143,485.1429,246.3429,26.8995,191.0362,62.8631,5.00,3.00,2.00,0.0988,0.2326,0.0651,0,0.224639
27,0.3400,19.0400,54.3500,-34.5900,0.1978,0.3879,0.2511,0.4000,1.0000,-0.6000,-2.1850,3.2217,-2.3025,4.7500,1.3180,-3.2425,2.0428,0.7297,-4.9190,-0.0266,0.0158,-0.0421,135.3143,485.1429,246.3429,26.7704,188.1792,61.8445,5.00,3.00,2.00,0.0979,0.2257,0.0630,0,0.221435
27,0.3600,5.0400,54.9000,-34.8600,0.1966,0.3814,0.2475,0.1000,1.0000,-0.6000,-2.0900,3.2472,-2.3673,4.7500,1.2311,-3.2425,1.7456,0.7245,-5.1361,-0.1126,-0.2387,-0.0805,33.8286,485.1429,246.3429,6.6516,185.0184,60.9654,5.00,3.00,2.00,0.0967,0.2182,0.0612,0,0.202108
27,0.3800,5.3200,55.4500,-35.1300,0.1952,0.3744,0.2445,0.1000,1.0000,-0.6000,-1.9950,3.2709,-2.4322,4.7500,1.1407,-3.2425,1.7465,0.7260,-5.1076,0.1205,-0.2220,-0.1133,33.8286,485.1429,246.3429,6.6026,181.6248,60.2431,5.00,3.00,2.00,0.0952,0.2102,0.0598,0,0.198776
27,0.4000,5.6000,56.0000,-35.4000,0.1935,0.3671,0.2423,0.1000,1.0000,-0.6000,-1.9000,3.2928,-2.4970,4.7500,1.0472,-3.2425,1.8632,0.7272,-5.1007,0.1455,-0.0136,-0.0981,33.8286,485.1429,246.3429,6.5461,178.0746,59.6916,5.00,3.00,2.00,0.0936,0.2021,0.0587,0,0.195450
27,0.4200,5.8800,56.5500,-35.6700,0.1916,0.3596,0.2408,0.1000,1.0000,-0.6000,-1.8050,3.3128,-2.5619,4.7500,0.9508,-3.2425,1.8866,0.7298,-5.0798,0.0071,-0.1035,-0.1210,33.8286,485.1429,246.3429,6.4831,174.4475,59.3218,5.00,3.00,2.00,0.0918,0.1939,0.0580,0,0.192202
27,0.4400,6.1600,57.1000,-22.0800,0.1896,0.3521,0.2401,0.1000,1.0000,0.8000,-1.7100,3.3308,-2.6267,4.7500,0.8519,-3.2425,-1.7100,2.7108,-2.6267,4.7500,0.8519,-3.2425,33.8286,485.1429,328.4571,6.4145,170.8250,78.8546,5.00,3.00,2.00,0.0899,0.1860,0.0576,1,0.204875
27,0.4600,6.4400,57.6500,-21.7200,0.1874,0.3448,0.2401,0.1000,1.0000,0.8000,-1.6150,3.3469,-2.6916,4.7500,0.7506,-3.2425,-1.6150,2.7269,-2.6916,4.7500,0.7506,-3.2425,33.8286,485.1429,328.4571,6.3411,167.2884,78.8701,5.00,3.00,2.00,0.0878,0.1784,0.0577,1,0.202000
27,0.4800,6.7200,58.2000,-21.3600,0.1852,0.3379,0.2410,0.1000,1.0000,0.8000,-1.5200,3.3608,-2.7564,4.7500,0.6472,-3.2425,-1.5200,2.7408,-2.7564,4.7500,0.6472,-3.2425,33.8286,485.1429,328.4571,6.2641,163.9171,79.1418,5.00,3.00,2.00,0.0857,0.1712,0.0581,1,0.199458
27,0.5000,7.0000,50.5000,-21.0000,0.1828,0.3314,0.2425,0.1000,0.4000,0.8000,-1.4250,3.3727,-2.8213,4.7500,0.5421,-3.2425,-1.4250,2.7527,-2.8213,4.7500,0.5421,-3.2425,33.8286,194.0571,328.4571,6.1846,64.3148,79.6646,5.00,3.00,2.00,0.0836,0.1648,0.0588,1,0.120131
27,0.5200,7.2800,50.7200,-20.6400,0.1804,0.3256,0.2449,0.1000,0.4000,0.8000,-1.3300,3.3825,-2.8861,4.7500,0.4354,-3.2425,-1.3300,2.7625,-2.8861,4.7500,0.4354,-3.2425,33.8286,194.0571,328.4571,6.1038,63.1873,80.4281,5.00,3.00,2.00,0.0814,0.1590,0.0600,1,0.119775
27,0.5400,7.5600,50.9400,-20.2800,0.1780,0.3206,0.2479,0.1000,0.4000,0.8000,-1.2350,3.3902,-2.9510,4.7500,0.3276,-3.2425,-1.2350,2.7702,-2.9510,4.7500,0.3276,-3.2425,33.8286,194.0571,328.4571,6.0227,62.2096,81.4174,5.00,3.00,2.00,0.0792,0.1542,0.0614,1,0.119720
27,0.5600,7.8400,51.1600,-19.9200,0.1757,0.3164,0.2515,0.1000,0.4000,0.8000,-1.1400,3.3956,-3.0158,4.7500,0.2189,-3.2425,-1.1400,2.7756,-3.0158,4.7500,0.2189,-3.2425,33.8286,194.0571,328.4571,5.9425,61.4038,82.6131,5.00,3.00,2.00,0.0771,0.1502,0.0633,1,0.119968
27,0.5800,8.1200,51.3800,-19.5600,0.1734,0.3132,0.2557,0.1000,0.4000,0.8000,-1.0450,3.3989,-3.0807,4.7500,0.1096,-3.2425,-1.0450,2.7789,-3.0807,4.7500,0.1096,-3.2425,33.8286,194.0571,328.4571,5.8645,60.7879,83.9919,5.00,3.00,2.00,0.0751,0.1472,0.0654,1,0.120515
27,0.6000,8.4000,51.6000,-19.2000,0.1711,0.3111,0.2604,0.1000,0.4000,0.8000,-0.9500,3.4000,-3.1455,4.7500,0.0000,-3.2425,-0.9500,2.7800,-3.1455,4.7500,0.0000,-3.2425,33.8286,194.0571,328.4571,5.7897,60.3757,85.5268,5.00,3.00,2.00,0.0732,0.1452,0.0678,1,0.121354
27,0.6200,8.6800,51.8200,-18.8400,0.1691,0.3101,0.2654,0.1000,0.4000,0.8000,-0.8550,3.3989,-3.2104,4.7500,-0.1096,-3.2425,-0.8550,2.7789,-3.2104,4.7500,-0.1096,-3.2425,33.8286,194.0571,328.4571,5.7193,60.1766,87.1877,5.00,3.00,2.00,0.0715,0.1442,0.0705,1,0.122467
27,0.6400,8.9600,52.0400,-18.4800,0.1671,0.3102,0.2708,0.1000,0.4000,0.8000,-0.7600,3.3956,-3.2752,4.7500,-0.2189,-3.2425,-0.7600,2.7756,-3.2752,4.7500,-0.2189,-3.2425,33.8286,194.0571,328.4571,5.6541,60.1949,88.9422,5.00,3.00,2.00,0.0698,0.1443,0.0733,1,0.123833
27,0.6600,9.2400,52.2600,-18.1200,0.1654,0.3114,0.2763,0.1000,0.4000,0.8000,-0.6650,3.3902,-3.3401,4.7500,-0.3276,-3.2425,-0.6650,2.7702,-3.3401,4.7500,-0.3276,-3.2425,33.8286,194.0571,328.4571,5.5952,60.4303,90.7559,5.00,3.00,2.00,0.0684,0.1455,0.0763,1,0.125425
27,0.6800,9.5200,52.4800,-17.7600,0.1639,0.3137,0.2819,0.1000,0.4000,0.8000,-0.5700,3.3825,-3.4049,4.7500,-0.4354,-3.2425,-0.5700,2.7625,-3.4049,4.7500,-0.4354,-3.2425,33.8286,194.0571,328.4571,5.5434,60.8775,92.5933,5.00,3.00,2.00,0.0671,0.1476,0.0795,1,0.127211
27,0.7000,9.8000,52.7000,-17.4000,0.1626,0.3171,0.2875,0.1000,0.4000,0.8000,-0.4750,3.3727,-3.4698,4.7500,-0.5421,-3.2425,-0.4750,2.7527,-3.4698,4.7500,-0.5421,-3.2425,33.8286,194.0571,328.4571,5.4995,61.5265,94.4185,5.00,3.00,2.00,0.0661,0.1508,0.0826,1,0.129155
27,0.7200,10.0800,52.9200,-17.0400,0.1615,0.3214,0.2929,0.1000,0.4000,0.8000,-0.3800,3.3608,-3.5346,4.7500,-0.6472,-3.2425,-0.3800,2.7408,-3.5346,4.7500,-0.6472,-3.2425,33.8286,194.0571,328.4571,5.4640,62.3625,96.1957,5.00,3.00,2.00,0.0652,0.1549,0.0858,1,0.131218
27,0.7400,10.3600,53.1400,-16.6800,0.1607,0.3265,0.2980,0.1000,0.4000,0.8000,-0.2850,3.3469,-3.5995,4.7500,-0.7506,-3.2425,-0.2850,2.7269,-3.5995,4.7500,-0.7506,-3.2425,33.8286,194.0571,328.4571,5.4375,63.3670,97.8901,5.00,3.00,2.00,0.0646,0.1599,0.0888,1,0.133356
27,0.7600,10.6400,53.3600,-16.3200,0.1602,0.3325,0.3028,0.1000,0.4000,0.8000,-0.1900,3.3308,-3.6643,4.7500,-0.8519,-3.2425,-0.1900,2.7108,-3.6643,4.7500,-0.8519,-3.2425,33.8286,194.0571,328.4571,5.4204,64.5173,99.4687,5.00,3.00,2.00,0.0642,0.1658,0.0917,1,0.135525
27,0.7800,10.9200,53.5800,-15.9600,0.1600,0.3390,0.3072,0.1000,0.4000,0.8000,-0.0950,3.3128,-3.7292,4.7500,-0.9508,-3.2425,-0.0950,2.6928,-3.7292,4.7500,-0.9508,-3.2425,33.8286,194.0571,328.4571,5.4129,65.7877,100.9006,5.00,3.00,2.00,0.0640,0.1724,0.0944,1,0.137681
27,0.8000,11.2000,53.8000,-15.6000,0.1601,0.3460,0.3110,0.1000,0.4000,0.8000,0.0000,3.2928,-3.7940,4.7500,-1.0472,-3.2425,0.0000,2.6728,-3.7940,4.7500,-1.0472,-3.2425,33.8286,194.0571,328.4571,5.4152,67.1494,102.1576,5.00,3.00,2.00,0.0641,0.1796,0.0967,1,0.139778
27,0.8200,11.4800,54.0200,-15.2400,0.1604,0.3534,0.3142,0.1000,0.4000,0.8000,0.0950,3.2709,-3.8589,4.7500,-1.1407,-3.2425,0.0950,2.6509,-3.8589,4.7500,-1.1407,-3.2425,33.8286,194.0571,328.4571,5.4271,68.5721,103.2152,5.00,3.00,2.00,0.0643,0.1873,0.0987,1,0.141772
27,0.8400,11.7600,54.2400,-14.8800,0.1611,0.3608,0.3168,0.1000,0.4000,0.8000,0.1900,3.2472,-3.9237,4.7500,-1.2311,-3.2425,0.1900,2.6272,-3.9237,4.7500,-1.2311,-3.2425,33.8286,194.0571,328.4571,5.4486,70.0237,104.0528,5.00,3.00,2.00,0.0649,0.1953,0.1004,1,0.143620
27,0.8600,12.0400,54.4600,-14.5200,0.1620,0.3683,0.3186,0.1000,0.4000,0.8000,0.2850,3.2217,-3.9886,4.7500,-1.3180,-3.2425,0.2850,2.6017,-3.9886,4.7500,-1.3180,-3.2425,33.8286,194.0571,328.4571,5.4792,71.4717,104.6539,5.00,3.00,2.00,0.0656,0.2035,0.1015,1,0.145284
27,0.8800,12.3200,54.6800,-14.1600,0.1631,0.3756,0.3197,0.1000,0.4000,0.8000,0.3800,3.1945,-4.0534,4.7500,-1.4014,-3.2425,0.3800,2.5745,-4.0534,4.7500,-1.4014,-3.2425,33.8286,194.0571,328.4571,5.5187,72.8834,105.0067,5.00,3.00,2.00,0.0665,0.2116,0.1022,1,0.146727
27,0.9000,0.0000,54.9000,-13.8000,0.0100,0.3825,0.3200,0.0000,0.4000,0.8000,0.4750,3.1657,-4.1183,4.7500,-1.4810,-3.2425,0.4750,2.5457,-4.1183,4.7500,-1.4810,-3.2425,0.0000,194.0571,328.4571,0.0000,74.2273,105.1044,5.00,3.00,2.00,0.0003,0.2195,0.1024,1,0.143465
27,0.9200,0.0000,55.1200,-13.4400,0.0100,0.3889,0.3195,0.0000,0.4000,0.8000,0.5700,3.1353,-4.1831,4.7500,-1.5564,-3.2425,0.5700,2.5153,-4.1831,4.7500,-1.5564,-3.2425,0.0000,194.0571,328.4571,0.0000,75.4731,104.9451,5.00,3.00,2.00,0.0003,0.2269,0.1021,1,0.144335
27,0.9400,0.0000,55.3400,-13.0800,0.0100,0.3947,0.3183,0.0000,0.4000,0.8000,0.6650,3.1035,-4.2480,4.7500,-1.6277,-3.2425,0.6650,2.4835,-4.2480,4.7500,-1.6277,-3.2425,0.0000,194.0571,328.4571,0.0000,76.5928,104.5318,5.00,3.00,2.00,0.0003,0.2337,0.1013,1,0.144900
27,0.9600,0.0000,55.5600,-30.0000,0.0100,0.3997,0.0200,0.0000,0.4000,0.0000,0.7600,3.0702,-4.3128,4.7500,-1.6944,-3.2425,0.7600,2.4502,-4.3128,4.7500,-1.6944,-3.2425,0.0000,194.0571,0.0000,0.0000,77.5614,0.0000,5.00,3.00,2.00,0.0003,0.2396,0.0004,1,0.062049
27,0.9800,0.0000,55.7800,-30.0000,0.0100,0.4038,0.0200,0.0000,0.4000,0.0000,0.8550,3.0357,-4.3777,4.7500,-1.7565,-3.2425,0.8550,2.4157,-4.3777,4.7500,-1.7565,-3.2425,0.0000,194.0571,0.0000,0.0000,78.3570,0.0000,5.00,3.00,2.00,0.0003,0.2446,0.0004,1,0.062686
27,1.0000,0.0000,45.0000,-30.0000,0.0100,0.0200,0.0200,0.0000,0.0000,0.0000,0.9500,3.0000,-4.4425,4.7500,-1.8138,-3.2425,0.9500,2.3800,-4.4425,4.7500,-1.8138,-3.2425,0.0000,0.0000,0.0000,0.0000,0.0000,0.0000,5.00,3.00,2.00,0.0003,0.0006,0.0004,1,0.000000
27,1.0200,0.0000,45.0000,-30.0000,0.0100,0.0200,0.0200,0.0000,0.0000,0.0000,1.0450,2.9632,-4.5074,4.7500,-1.8661,-3.2425,1.0450,2.3432,-4.5074,4.7500,-1.8661,-3.2425,0.0000,0.0000,0.0000,0.0000,0.0000,0.0000,5.00,3.00,2.00,0.0003,0.0006,0.0004,1,0.000000
27,1.0400,0.0000,45.0000,-30.0000,0.0100,0.0200,0.0200,0.0000,0.0000,0.0000,1.1400,2.9254,-4.5723,4.7500,-1.9133,-3.2425,1.1400,2.3054,-4.5723,4.7500,-1.9133,-3.2425,0.0000,0.0000,0.0000,0.0000,0.0000,0.0000,5.00,3.00,2.00,0.0003,0.0006,0.0004,1,0.000000
27,1.0600,0.0000,45.0000,-30.0000,0.0100,0.0200,0.0200,0.0000,0.0000,0.0000,1.2350,2.8867,-4.6371,4.7500,-1.9553,-3.2425,1.2350,2.2667,-4.6371,4.7500,-1.9553,-3.2425,0.0000,0.0000,0.0000,0.0000,0.0000,0.0000,5.00,3.00,2.00,0.0003,0.0006,0.0004,1,0.000000
27,1.0800,0.0000,45.0000,-30.0000,0.0100,0.0200,0.0200,0.0000,0.0000,0.0000,1.3300,2.8472,-4.7020,4.7500,-1.9919,-3.2425,1.3300,2.2272,-4.7020,4.7500,-1.9919,-3.2425,0.0000,0.0000,0.0000,0.0000,0.0000,0.0000,5.00,3.00,2.00,0.0003,0.0006,0.0004,1,0.000000
27,1.1000,0.0000,45.0000,-30.0000,0.0100,0.0200,0.0200,0.0000,0.0000,0.0000,1.4250,2.8071,-4.7668,4.7500,-2.0230,-3.2425,1.4250,2.1871,-4.7668,4.7500,-2.0230,-3.2425,0.0000,0.0000,0.0000,0.0000,0.0000,0.0000,5.00,3.00,2.00,0.0003,0.0006,0.0004,1,0.000000
27,1.1200,0.0000,45.0000,-30.0000,0.0100,0.0200,0.0200,0.0000,0.0000,0.0000,1.5200,2.7663,-4.8317,4.7500,-2.0486,-3.2425,1.5200,2.1463,-4.8317,4.7500,-2.0486,-3.2425,0.0000,0.0000,0.0000,0.0000,0.0000,0.0000,5.00,3.00,2.00,0.0003,0.0006,0.0004,1,0.000000
27,1.1400,0.0000,45.0000,-30.0000,0.0100,0.0200,0.0200,0.0000,0.0000,0.0000,1.6150,2.7251,-4.8965,4.7500,-2.0686,-3.2425,1.9766,0.7065,-5.0268,-0.0024,-0.1088,0.1006,0.0000,0.0000,0.0000,0.0000,0.0000,0.0000,5.00,3.00,2.00,0.0003,0.0006,0.0004,0,0.000000
27,1.1600,0.0000,45.0000,-30.0000,0.0100,0.0200,0.0200,0.0000,0.0000,0.0000,1.7100,2.6836,-4.9614,4.7500,-2.0829,-3.2425,1.7507,0.6973,-5.2369,0.1147,0.0042,0.0752,0.0000,0.0000,0.0000,0.0000,0.0000,0.0000,5.00,3.00,2.00,0.0003,0.0006,0.0004,0,0.000000
27,1.1800,0.0000,45.0000,-30.0000,0.0100,0.0200,0.0200,0.0000,0.0000,0.0000,1.8050,2.6419,-5.0262,4.7500,-2.0915,-3.2425,1.8584,0.7050,-5.0966,0.0065,-0.0725,-0.0449,0.0000,0.0000,0.0000,0.0000,0.0000,0.0000,5.00,3.00,2.00,0.0003,0.0006,0.0004,0,0.000000
27,1.2000,0.0000,45.0000,-30.0000,0.0100,0.0200,0.0200,0.0000,0.0000,0.0000,1.9000,2.6000,-5.0911,0.0000,0.0000,0.0000,1.8689,0.7025,-5.1344,0.0992,0.0386,0.0638,0.0000,0.0000,0.0000,0.0000,0.0000,0.0000,5.00,3.00,2.00,0.0003,0.0006,0.0004,0,0.000000
27,1.2200,0.0000,45.0000,-30.0000,0.0100,0.0200,0.0200,0.0000,0.0000,0.0000,1.9000,2.6000,-5.0911,0.0000,0.0000,0.0000,1.9214,0.7378,-4.9937,0.0661,0.0250,-0.0600,0.0000,0.0000,0.0000,0.0000,0.0000,0.0000,5.00,3.00,2.00,0.0003,0.0006,0.0004,0,0.000000
27,1.2400,0.0000,45.0000,-30.0000,0.0100,0.0200,0.0200,0.0000,0.0000,0.0000,1.9000,2.6000,-5.0911,0.0000,0.0000,0.0000,1.9788,0.7219,-5.1901,-0.0444,-0.0868,0.0552,0.0000,0.0000,0.0000,0.0000,0.0000,0.0000,5.00,3.00,2.00,0.0003,0.0006,0.0004,0,0.000000
27,1.2600,0.0000,45.0000,-30.0000,0.0100,0.0200,0.0200,0.0000,0.0000,0.0000,1.9000,2.6000,-5.0911,0.0000,0.0000,0.0000,1.9094,0.7230,-5.1677,0.0181,0.0064,-0.0881,0.0000,0.0000,0.0000,0.0000,0.0000,0.0000,5.00,3.00,2.00,0.0003,0.0006,0.0004,0,0.000000
27,1.2800,0.0000,45.0000,-30.0000,0.0100,0.0200,0.0200,0.0000,0.0000,0.0000,1.9000,2.6000,-5.0911,0.0000,0.0000,0.0000,1.8156,0.7189,-5.0370,0.0319,-0.0350,0.0147,0.0000,0.0000,0.0000,0.0000,0.0000,0.0000,5.00,3.00,2.00,0.0003,0.0006,0.0004,0,0.000000
27,1.3000,0.0000,45.0000,-30.0000,0.0100,0.0200,0.0200,0.0000,0.0000,0.0000,1.9000,2.6000,-5.0911,0.0000,0.0000,0.0000,1.9345,0.7331,-5.1596,-0.0434,-0.1048,-0.0206,0.0000,0.0000,0.0000,0.0000,0.0000,0.0000,5.00,3.00,2.00,0.0003,0.0006,0.0004,0,0.000000
27,1.3200,0.0000,45.0000,-30.0000,0.0100,0.0200,0.0200,0.0000,0.0000,0.0000,1.9000,2.6000,-5.0911,0.0000,0.0000,0.0000,1.9403,0.7280,-5.1290,0.0554,0.0101,0.0050,0.0000,0.0000,0.0000,0.0000,0.0000,0.0000,5.00,3.00,2.00,0.0003,0.0006,0.0004,0,0.000000
27,1.3400,0.0000,45.0000,-30.0000,0.0100,0.0200,0.0200,0.0000,0.0000,0.0000,1.9000,2.6000,-5.0911,0.0000,0.0000,0.0000,1.9673,0.7137,-5.1435,0.0375,-0.0853,-0.0231,0.0000,0.0000,0.0000,0.0000,0.0000,0.0000,5.00,3.00,2.00,0.0003,0.0006,0.0004,0,0.000000
27,1.3600,0.0000,45.0000,-30.0000,0.0100,0.0200,0.0200,0.0000,0.0000,0.0000,1.9000,2.6000,-5.0911,0.0000,0.0000,0.0000,1.9234,0.7117,-5.0550,0.0206,0.0150,0.0462,0.0000,0.0000,0.0000,0.0000,0.0000,0.0000,5.00,3.00,2.00,0.0003,0.0006,0.0004,0,0.000000
27,1.3800,0.0000,45.0000,-30.0000,0.0100,0.0200,0.0200,0.0000,0.0000,0.0000,1.9000,2.6000,-5.0911,0.0000,0.0000,0.0000,1.8669,0.7248,-5.1153,-0.0145,0.0012,0.0026,0.0000,0.0000,0.0000,0.0000,0.0000,0.0000,5.00,3.00,2.00,0.0003,0.0006,0.0004,0,0.000000
27,1.4000,0.0000,45.0000,-30.0000,0.0100,0.0200,0.0200,0.0000,0.0000,0.0000,1.9000,2.6000,-5.0911,0.0000,0.0000,0.0000,1.8603,0.7252,-5.1080,-0.0142,-0.0480,-0.0326,0.0000,0.0000,0.0000,0.0000,0.0000,0.0000,5.00,3.00,2.00,0.0003,0.0006,0.0004,0,0.000000
27,1.4200,0.0000,45.0000,-30.0000,0.0100,0.0200,0.0200,0.0000,0.0000,0.0000,1.9000,2.6000,-5.0911,0.0000,0.0000,0.0000,1.8762,0.7212,-5.0963,0.0112,-0.0153,0.0050,0.0000,0.0000,0.0000,0.0000,0.0000,0.0000,5.00,3.00,2.00,0.0003,0.0006,0.0004,0,0.000000
27,1.4400,0.0000,45.0000,-30.0000,0.0100,0.0200,0.0200,0.0000,0.0000,0.0000,1.9000,2.6000,-5.0911,0.0000,0.0000,0.0000,1.9005,0.7208,-5.0842,0.0038,-0.0072,0.0047,0.0000,0.0000,0.0000,0.0000,0.0000,0.0000,5.00,3.00,2.00,0.0003,0.0006,0.0004,0,0.000000
27,1.4600,0.0000,45.0000,-30.0000,0.0100,0.0200,0.0200,0.0000,0.0000,0.0000,1.9000,2.6000,-5.0911,0.0000,0.0000,0.0000,1.9079,0.7192,-5.0937,-0.0005,0.0027,0.0007,0.0000,0.0000,0.0000,0.0000,0.0000,0.0000,5.00,3.00,2.00,0.0003,0.0006,0.0004,0,0.000000
27,1.4800,0.0000,45.0000,-30.0000,0.0100,0.0200,0.0200,0.0000,0.0000,0.0000,1.9000,2.6000,-5.0911,0.0000,0.0000,0.0000,1.9000,0.7200,-5.0911,0.0000,0.0000,0.0000,0.0000,0.0000,0.0000,0.0000,0.0000,0.0000,5.00,3.00,2.00,0.0003,0.0006,0.0004,0,0.000000
27,1.5000,0.0000,45.0000,-30.0000,0.0100,0.0200,0.0200,0.0000,0.0000,0.0000,1.9000,2.6000,-5.0911,0.0000,0.0000,0.0000,1.9079,0.7202,-5.1001,-0.0039,-0.0013,0.0080,0.0000,0.0000,0.0000,0.0000,0.0000,0.0000,5.00,3.00,2.00,0.0003,0.0006,0.0004,0,0.000000
28,0.0200,1.1200,45.5500,-30.2700,0.1824,0.3675,0.3196,0.4000,1.0000,-0.6000,-3.7017,2.6419,-1.2554,4.9167,2.0915,-2.7709,2.0098,0.7316,-4.6636,-0.1158,-0.0348,-0.0047,134.4000,482.0000,244.8000,24.5138,177.1215,78.2402,5.00,3.00,2.00,0.0832,0.2026,0.1021,0,0.223900
28,0.0400,2.2400,46.1000,-30.5400,0.1848,0.3748,0.3184,0.4000,1.0000,-0.6000,-3.6033,2.6836,-1.3108,4.9167,2.0829,-2.7709,2.2401,0.7482,-4.5047,-0.0895,-0.1920,-0.0431,134.4000,482.0000,244.8000,24.8309,180.6420,77.9547,5.00,3.00,2.00,0.0853,0.2107,0.1014,0,0.226742
28,0.0600,3.3600,46.6500,-30.8100,0.1870,0.3817,0.3165,0.4000,1.0000,-0.6000,-3.5050,2.7251,-1.3663,4.9167,2.0686,-2.7709,2.0240,0.7233,-4.6431,0.0353,-0.1205,0.0271,134.4000,482.0000,244.8000,25.1389,184.0027,77.4850,5.00,3.00,2.00,0.0875,0.2186,0.1002,0,0.229301
28,0.0800,4.4800,47.2000,-31.0800,0.1892,0.3882,0.3139,0.4000,1.0000,-0.6000,-3.4067,2.7663,-1.4217,4.9167,2.0486,-2.7709,1.9797,0.7221,-4.3830,0.0744,-0.1002,-0.1116,134.4000,482.0000,244.8000,25.4333,187.1279,76.8403,5.00,3.00,2.00,0.0895,0.2261,0.0985,0,0.231521
28,0.1000,5.6000,47.7500,-31.3500,0.1913,0.3941,0.3106,0.4000,1.0000,-0.6000,-3.3083,2.8071,-1.4771,4.9167,2.0230,-2.7709,1.9409,0.7468,-4.4980,-0.1297,-0.0644,-0.1198,134.4000,482.0000,244.8000,25.7098,189.9475,76.0333,5.00,3.00,2.00,0.0915,0.2330,0.0965,0,0.233352
28,0.1200,6.7200,48.3000,-31.6200,0.1932,0.3992,0.3067,0.4000,1.0000,-0.6000,-3.2100,2.8472,-1.5325,4.9167,1.9919,-2.7709,2.1526,0.7369,-4.4477,0.0463,-0.1407,0.1271,134.4000,482.0000,244.8000,25.9644,192.3982,75.0798,5.00,3.00,2.00,0.0933,0.2390,0.0941,0,0.234754
28,0.1400,7.8400,48.8500,-31.8900,0.1949,0.4034,0.3023,0.4000,1.0000,-0.6000,-3.1117,2.8867,-1.5879,4.9167,1.9553,-2.7709,2.1088,0.7368,-4.5108,0.1143,-0.0762,-0.1421,134.4000,482.0000,244.8000,26.1936,194.4249,73.9984,5.00,3.00,2.00,0.0950,0.2441,0.0914,0,0.235693
28,0.1600,8.9600,49.4000,-32.1600,0.1964,0.4066,0.2974,0.4000,1.0000,-0.6000,-3.0133,2.9254,-1.6433,4.9167,1.9133,-2.7709,2.2741,0.7251,-4.4198,0.0292,0.0106,-0.0038,134.4000,482.0000,244.8000,26.3940,195.9821,72.8102,5.00,3.00,2.00,0.0964,0.2480,0.0885,0,0.236149
28,0.1800,10.0800,49.9500,-32.4300,0.1976,0.4088,0.2922,0.4000,1.0000,-0.6000,-2.9150,2.9632,-1.6988,4.9167,1.8661,-2.7709,1.9822,0.7193,-4.3471,-0.0412,-0.0802,-0.0368,134.4000,482.0000,244.8000,26.5627,197.0349,71.5386,5.00,3.00,2.00,0.0977,0.2507,0.0854,0,0.236109
28,0.2000,11.2000,50.5000,-32.7000,0.1986,0.4099,0.2868,0.4000,1.0000,-0.6000,-2.8167,3.0000,-1.7542,4.9167,1.8138,-2.7709,1.9645,0.7201,-4.6349,0.1462,-0.2332,0.0813,134.4000,482.0000,244.8000,26.6973,197.5596,70.2083,5.00,3.00,2.00,0.0986,0.2520,0.0823,0,0.235572
28,0.2200,12.3200,51.0500,-32.9700,0.1994,0.4098,0.2812,0.4000,1.0000,-0.6000,-2.7183,3.0357,-1.8096,4.9167,1.7565,-2.7709,2.2474,0.7393,-4.5785,-0.0132,-0.0834,-0.0263,134.4000,482.0000,244.8000,26.7959,197.5444,68.8455,5.00,3.00,2.00,0.0994,0.2520,0.0791,0,0.234549
28,0.2400,13.4400,51.6000,-33.2400,0.1998,0.4087,0.2756,0.4000,1.0000,-0.6000,-2.6200,3.0702,-1.8650,4.9167,1.6944,-2.7709,2.1510,0.7281,-4.6365,-0.0755,-0.2220,0.0454,134.4000,482.0000,244.8000,26.8570,196.9897,67.4768,5.00,3.00,2.00,0.0998,0.2505,0.0760,0,0.233059
28,0.2600,14.5600,52.1500,-33.5100,0.2000,0.4064,0.2701,0.4000,1.0000,-0.6000,-2.5217,3.1035,-1.9204,4.9167,1.6277,-2.7709,1.9382,0.7071,-4.3611,0.1105,-0.0207,0.1241,134.4000,482.0000,244.8000,26.8798,195.9079,66.1290,5.00,3.00,2.00,0.1000,0.2478,0.0730,0,0.231133
28,0.2800,15.6800,52.7000,-33.7800,0.1999,0.4032,0.2648,0.4000,1.0000,-0.6000,-2.4233,3.1353,-1.9758,4.9167,1.5564,-2.7709,2.0408,0.7176,-4.6772,-0.1236,0.0185,-0.1108,134.4000,482.0000,244.8000,26.8640,194.3233,64.8284,5.00,3.00,2.00,0.0999,0.2438,0.0701,0,0.228813
28,0.3000,16.8000,53.2500,-34.0500,0.1995,0.3989,0.2598,0.4000,1.0000,-0.6000,-2.3250,3.1657,-2.0313,4.9167,1.4810,-2.7709,1.9583,0.7070,-4.6277,-0.0487,-0.0908,0.1088,134.4000,482.0000,244.8000,26.8097,192.2716,63.6005,5.00,3.00,2.00,0.0995,0.2387,0.0675,0,0.226145
28,0.3200,17.9200,53.8000,-34.3200,0.1988,0.3938,0.2552,0.4000,1.0000,-0.6000,-2.2267,3.1945,-2.0867,4.9167,1.4014,-2.7709,2.1824,0.7222,-4.4443,0.0806,0.0416,0.0774,134.4000,482.0000,244.8000,26.7178,189.7987,62.4694,5.00,3.00,2.00,0.0988,0.2326,0.0651,0,0.223189
28,0.3400,19.0400,54.3500,-34.5900,0.1978,0.3879,0.2511,0.4000,1.0000,-0.6000,-2.1283,3.2217,-2.1421,4.9167,1.3180,-2.7709,2.1629,0.7217,-4.6941,-0.0360,0.0367,-0.0797,134.4000,482.0000,244.8000,26.5895,186.9602,61.4572,5.00,3.00,2.00,0.0979,0.2257,0.0630,0,0.220005
28,0.3600,5.0400,54.9000,-34.8600,0.1966,0.3814,0.2475,0.1000,1.0000,-0.6000,-2.0300,3.2472,-2.1975,4.9167,1.2311,-2.7709,2.0269,0.7455,-4.5630,-0.0471,-0.1564,-0.0655,33.6000,482.0000,244.8000,6.6067,183.8199,60.5836,5.00,3.00,2.00,0.0967,0.2182,0.0612,0,0.200808
28,0.3800,5.3200,55.4500,-35.1300,0.1952,0.3744,0.2445,0.1000,1.0000,-0.6000,-1.9317,3.2709,-2.2529,4.9167,1.1407,-2.7709,2.0718,0.7053,-4.4396,-0.0656,-0.0545,0.0285,33.6000,482.0000,244.8000,6.5580,180.4482,59.8658,5.00,3.00,2.00,0.0952,0.2102,0.0598,0,0.197498
28,0.4000,5.6000,56.0000,-35.4000,0.1935,0.3671,0.2423,0.1000,1.0000,-0.6000,-1.8333,3.2928,-2.3084,4.9167,1.0472,-2.7709,2.1698,0.7393,-4.3715,-0.0837,-0.1452,-0.0685,33.6000,482.0000,244.8000,6.5019,176.9210,59.3178,5.00,3.00,2.00,0.0936,0.2021,0.0587,0,0.194193
28,0.4200,5.8800,56.5500,-35.6700,0.1916,0.3596,0.2408,0.1000,1.0000,-0.6000,-1.7350,3.3128,-2.3638,4.9167,0.9508,-2.7709,1.9911,0.7082,-4.6676,-0.0517,-0.0942,0.0169,33.6000,482.0000,244.8000,6.4393,173.3174,58.9503,5.00,3.00,2.00,0.0918,0.1939,0.0580,0,0.190966
28,0.4400,6.1600,57.1000,-22.0800,0.1896,0.3521,0.2401,0.1000,1.0000,0.8000,-1.6367,3.3308,-2.4192,4.9167,0.8519,-2.7709,-1.6367,2.7108,-2.4192,4.9167,0.8519,-2.7709,33.6000,482.0000,326.4000,6.3711,169.7183,78.3608,5.00,3.00,2.00,0.0899,0.1860,0.0576,1,0.203560
28,0.4600,6.4400,57.6500,-21.7200,0.1874,0.3448,0.2401,0.1000,1.0000,0.8000,-1.5383,3.3469,-2.4746,4.9167,0.7506,-2.7709,-1.5383,2.7269,-2.4746,4.9167,0.7506,-2.7709,33.6000,482.0000,326.4000,6.2983,166.2046,78.3761,5.00,3.00,2.00,0.0878,0.1784,0.0577,1,0.200703
28,0.4800,6.7200,58.2000,-21.3600,0.1852,0.3379,0.2410,0.1000,1.0000,0.8000,-1.4400,3.3608,-2.5300,4.9167,0.6472,-2.7709,-1.4400,2.7408,-2.5300,4.9167,0.6472,-2.7709,33.6000,482.0000,326.4000,6.2218,162.8553,78.6462,5.00,3.00,2.00,0.0857,0.1712,0.0581,1,0.198179
28,0.5000,7.0000,50.5000,-21.0000,0.1828,0.3314,0.2425,0.1000,0.4000,0.8000,-1.3417,3.3727,-2.5854,4.9167,0.5421,-2.7709,-1.3417,2.7527,-2.5854,4.9167,0.5421,-2.7709,33.6000,192.8000,326.4000,6.1428,63.8981,79.1656,5.00,3.00,2.00,0.0836,0.1648,0.0588,1,0.119365
28,0.5200,7.2800,50.7200,-20.6400,0.1804,0.3256,0.2449,0.1000,0.4000,0.8000,-1.2433,3.3825,-2.6409,4.9167,0.4354,-2.7709,-1.2433,2.7625,-2.6409,4.9167,0.4354,-2.7709,33.6000,192.8000,326.4000,6.0625,62.7779,79.9243,5.00,3.00,2.00,0.0814,0.1590,0.0600,1,0.119012
28,0.5400,7.5600,50.9400,-20.2800,0.1780,0.3206,0.2479,0.1000,0.4000,0.8000,-1.1450,3.3902,-2.6963,4.9167,0.3276,-2.7709,-1.1450,2.7702,-2.6963,4.9167,0.3276,-2.7709,33.6000,192.8000,326.4000,5.9820,61.8066,80.9074,5.00,3.00,2.00,0.0792,0.1542,0.0614,1,0.118957
28,0.5600,7.8400,51.1600,-19.9200,0.1757,0.3164,0.2515,0.1000,0.4000,0.8000,-1.0467,3.3956,-2.7517,4.9167,0.2189,-2.7709,-1.0467,2.7756,-2.7517,4.9167,0.2189,-2.7709,33.6000,192.8000,326.4000,5.9024,61.0060,82.0957,5.00,3.00,2.00,0.0771,0.1502,0.0633,1,0.119203
28,0.5800,8.1200,51.3800,-19.5600,0.1734,0.3132,0.2557,0.1000,0.4000,0.8000,-0.9483,3.3989,-2.8071,4.9167,0.1096,-2.7709,-0.9483,2.7789,-2.8071,4.9167,0.1096,-2.7709,33.6000,192.8000,326.4000,5.8249,60.3941,83.4659,5.00,3.00,2.00,0.0751,0.1472,0.0654,1,0.119748
28,0.6000,8.4000,51.6000,-19.2000,0.1711,0.3111,0.2604,0.1000,0.4000,0.8000,-0.8500,3.4000,-2.8625,4.9167,0.0000,-2.7709,-0.8500,2.7800,-2.8625,4.9167,0.0000,-2.7709,33.6000,192.8000,326.4000,5.7506,59.9846,84.9912,5.00,3.00,2.00,0.0732,0.1452,0.0678,1,0.120581
28,0.6200,8.6800,51.8200,-18.8400,0.1691,0.3101,0.2654,0.1000,0.4000,0.8000,-0.7517,3.3989,-2.9180,4.9167,-0.1096,-2.7709,-0.7517,2.7789,-2.9180,4.9167,-0.1096,-2.7709,33.6000,192.8000,326.4000,5.6806,59.7868,86.6417,5.00,3.00,2.00,0.0715,0.1442,0.0705,1,0.121687
28,0.6400,8.9600,52.0400,-18.4800,0.1671,0.3102,0.2708,0.1000,0.4000,0.8000,-0.6533,3.3956,-2.9734,4.9167,-0.2189,-2.7709,-0.6533,2.7756,-2.9734,4.9167,-0.2189,-2.7709,33.6000,192.8000,326.4000,5.6159,59.8050,88.3852,5.00,3.00,2.00,0.0698,0.1443,0.0733,1,0.123045
28,0.6600,9.2400,52.2600,-18.1200,0.1654,0.3114,0.2763,0.1000,0.4000,0.8000,-0.5550,3.3902,-3.0288,4.9167,-0.3276,-2.7709,-0.5550,2.7702,-3.0288,4.9167,-0.3276,-2.7709,33.6000,192.8000,326.4000,5.5574,60.0389,90.1875,5.00,3.00,2.00,0.0684,0.1455,0.0763,1,0.124627
28,0.6800,9.5200,52.4800,-17.7600,0.1639,0.3137,0.2819,0.1000,0.4000,0.8000,-0.4567,3.3825,-3.0842,4.9167,-0.4354,-2.7709,-0.4567,2.7625,-3.0842,4.9167,-0.4354,-2.7709,33.6000,192.8000,326.4000,5.5060,60.4831,92.0134,5.00,3.00,2.00,0.0671,0.1476,0.0795,1,0.126402
28,0.7000,9.8000,52.7000,-17.4000,0.1626,0.3171,0.2875,0.1000,0.4000,0.8000,-0.3583,3.3727,-3.1396,4.9167,-0.5421,-2.7709,-0.3583,2.7527,-3.1396,4.9167,-0.5421,-2.7709,33.6000,192.8000,326.4000,5.4623,61.1279,93.8271,5.00,3.00,2.00,0.0661,0.1508,0.0826,1,0.128334
28,0.7200,10.0800,52.9200,-17.0400,0.1615,0.3214,0.2929,0.1000,0.4000,0.8000,-0.2600,3.3608,-3.1950,4.9167,-0.6472,-2.7709,-0.2600,2.7408,-3.1950,4.9167,-0.6472,-2.7709,33.6000,192.8000,326.4000,5.4271,61.9586,95.5932,5.00,3.00,2.00,0.0652,0.1549,0.0858,1,0.130383
28,0.7400,10.3600,53.1400,-16.6800,0.1607,0.3265,0.2980,0.1000,0.4000,0.8000,-0.1617,3.3469,-3.2505,4.9167,-0.7506,-2.7709,-0.1617,2.7269,-3.2505,4.9167,-0.7506,-2.7709,33.6000,192.8000,326.4000,5.4008,62.9565,97.2771,5.00,3.00,2.00,0.0646,0.1599,0.0888,1,0.132507
28,0.7600,10.6400,53.3600,-16.3200,0.1602,0.3325,0.3028,0.1000,0.4000,0.8000,-0.0633,3.3308,-3.3059,4.9167,-0.8519,-2.7709,-0.0633,2.7108,-3.3059,4.9167,-0.8519,-2.7709,33.6000,192.8000,326.4000,5.3838,64.0994,98.8458,5.00,3.00,2.00,0.0642,0.1658,0.0917,1,0.134663
28,0.7800,10.9200,53.5800,-15.9600,0.1600,0.3390,0.3072,0.1000,0.4000,0.8000,0.0350,3.3128,-3.3613,4.9167,-0.9508,-2.7709,0.0350,2.6928,-3.3613,4.9167,-0.9508,-2.7709,33.6000,192.8000,326.4000,5.3764,65.3615,100.2686,5.00,3.00,2.00,0.0640,0.1724,0.0944,1,0.136805
28,0.8000,11.2000,53.8000,-15.6000,0.1601,0.3460,0.3110,0.1000,0.4000,0.8000,0.1333,3.2928,-3.4167,4.9167,-1.0472,-2.7709,0.1333,2.6728,-3.4167,4.9167,-1.0472,-2.7709,33.6000,192.8000,326.4000,5.3786,66.7144,101.5178,5.00,3.00,2.00,0.0641,0.1796,0.0967,1,0.138889
28,0.8200,11.4800,54.0200,-15.2400,0.1604,0.3534,0.3142,0.1000,0.4000,0.8000,0.2317,3.2709,-3.4721,4.9167,-1.1407,-2.7709,0.2317,2.6509,-3.4721,4.9167,-1.1407,-2.7709,33.6000,192.8000,326.4000,5.3904,68.1279,102.5688,5.00,3.00,2.00,0.0643,0.1873,0.0987,1,0.140870
28,0.8400,11.7600,54.2400,-14.8800,0.1611,0.3608,0.3168,0.1000,0.4000,0.8000,0.3300,3.2472,-3.5275,4.9167,-1.2311,-2.7709,0.3300,2.6272,-3.5275,4.9167,-1.2311,-2.7709,33.6000,192.8000,326.4000,5.4117,69.5701,103.4011,5.00,3.00,2.00,0.0649,0.1953,0.1004,1,0.142706
28,0.8600,12.0400,54.4600,-14.5200,0.1620,0.3683,0.3186,0.1000,0.4000,0.8000,0.4283,3.2217,-3.5830,4.9167,-1.3180,-2.7709,0.4283,2.6017,-3.5830,4.9167,-1.3180,-2.7709,33.6000,192.8000,326.4000,5.4422,71.0086,103.9984,5.00,3.00,2.00,0.0656,0.2035,0.1015,1,0.144359
28,0.8800,12.3200,54.6800,-14.1600,0.1631,0.3756,0.3197,0.1000,0.4000,0.8000,0.5267,3.1945,-3.6384,4.9167,-1.4014,-2.7709,0.5267,2.5745,-3.6384,4.9167,-1.4014,-2.7709,33.6000,192.8000,326.4000,5.4814,72.4113,104.3491,5.00,3.00,2.00,0.0665,0.2116,0.1022,1,0.145793
28,0.9000,0.0000,54.9000,-13.8000,0.0100,0.3825,0.3200,0.0000,0.4000,0.8000,0.6250,3.1657,-3.6938,4.9167,-1.4810,-2.7709,0.6250,2.5457,-3.6938,4.9167,-1.4810,-2.7709,0.0000,192.8000,326.4000,0.0000,73.7464,104.4462,5.00,3.00,2.00,0.0003,0.2195,0.1024,1,0.142554
28,0.9200,0.0000,55.1200,-13.4400,0.0100,0.3889,0.3195,0.0000,0.4000,0.8000,0.7233,3.1353,-3.7492,4.9167,-1.5564,-2.7709,0.7233,2.5153,-3.7492,4.9167,-1.5564,-2.7709,0.0000,192.8000,326.4000,0.0000,74.9842,104.2878,5.00,3.00,2.00,0.0003,0.2269,0.1021,1,0.143418
28,0.9400,0.0000,55.3400,-13.0800,0.0100,0.3947,0.3183,0.0000,0.4000,0.8000,0.8217,3.1035,-3.8046,4.9167,-1.6277,-2.7709,0.8217,2.4835,-3.8046,4.9167,-1.6277,-2.7709,0.0000,192.8000,326.4000,0.0000,76.0967,103.8771,5.00,3.00,2.00,0.0003,0.2337,0.1013,1,0.143979
28,0.9600,0.0000,55.5600,-30.0000,0.0100,0.3997,0.0200,0.0000,0.4000,0.0000,0.9200,3.0702,-3.8601,4.9167,-1.6944,-2.7709,0.9200,2.4502,-3.8601,4.9167,-1.6944,-2.7709,0.0000,192.8000,0.0000,0.0000,77.0590,0.0000,5.00,3.00,2.00,0.0003,0.2396,0.0004,1,0.061647
28,0.9800,0.0000,55.7800,-30.0000,0.0100,0.4038,0.0200,0.0000,0.4000,0.0000,1.0183,3.0357,-3.9155,4.9167,-1.7565,-2.7709,1.0183,2.4157,-3.9155,4.9167,-1.7565,-2.7709,0.0000,192.8000,0.0000,0.0000,77.8494,0.0000,5.00,3.00,2.00,0.0003,0.2446,0.0004,1,0.062280
28,1.0000,0.0000,45.0000,-30.0000,0.0100,0.0200,0.0200,0.0000,0.0000,0.0000,1.1167,3.0000,-3.9709,4.9167,-1.8138,-2.7709,1.1167,2.3800,-3.9709,4.9167,-1.8138,-2.7709,0.0000,0.0000,0.0000,0.0000,0.0000,0.0000,5.00,3.00,2.00,0.0003,0.0006,0.0004,1,0.000000
28,1.0200,0.0000,45.0000,-30.0000,0.0100,0.0200,0.0200,0.0000,0.0000,0.0000,1.2150,2.9632,-4.0263,4.9167,-1.8661,-2.7709,1.2150,2.3432,-4.0263,4.9167,-1.8661,-2.7709,0.0000,0.0000,0.0000,0.0000,0.0000,0.0000,5.00,3.00,2.00,0.0003,0.0006,0.0004,1,0.000000
28,1.0400,0.0000,45.0000,-30.0000,0.0100,0.0200,0.0200,0.0000,0.0000,0.0000,1.3133,2.9254,-4.0817,4.9167,-1.9133,-2.7709,1.3133,2.3054,-4.0817,4.9167,-1.9133,-2.7709,0.0000,0.0000,0.0000,0.0000,0.0000,0.0000,5.00,3.00,2.00,0.0003,0.0006,0.0004,1,0.000000
28,1.0600,0.0000,45.0000,-30.0000,0.0100,0.0200,0.0200,0.0000,0.0000,0.0000,1.4117,2.8867,-4.1371,4.9167,-1.9553,-2.7709,1.4117,2.2667,-4.1371,4.9167,-1.9553,-2.7709,0.0000,0.0000,0.0000,0.0000,0.0000,0.0000,5.00,3.00,2.00,0.0003,0.0006,0.0004,1,0.000000
28,1.0800,0.0000,45.0000,-30.0000,0.0100,0.0200,0.0200,0.0000,0.0000,0.0000,1.5100,2.8472,-4.1926,4.9167,-1.9919,-2.7709,1.5100,2.2272,-4.1926,4.9167,-1.9919,-2.7709,0.0000,0.0000,0.0000,0.0000,0.0000,0.0000,5.00,3.00,2.00,0.0003,0.0006,0.0004,1,0.000000
28,1.1000,0.0000,45.0000,-30.0000,0.0100,0.0200,0.0200,0.0000,0.0000,0.0000,1.6083,2.8071,-4.2480,4.9167,-2.0230,-2.7709,1.6083,2.1871,-4.2480,4.9167,-2.0230,-2.7709,0.0000,0.0000,0.0000,0.0000,0.0000,0.0000,5.00,3.00,2.00,0.0003,0.0006,0.0004,1,0.000000
28,1.1200,0.0000,45.0000,-30.0000,0.0100,0.0200,0.0200,0.0000,0.0000,0.0000,1.7067,2.7663,-4.3034,4.9167,-2.0486,-2.7709,1.7067,2.1463,-4.3034,4.9167,-2.0486,-2.7709,0.0000,0.0000,0.0000,0.0000,0.0000,0.0000,5.00,3.00,2.00,0.0003,0.0006,0.0004,1,0.000000
28,1.1400,0.0000,45.0000,-30.0000,0.0100,0.0200,0.0200,0.0000,0.0000,0.0000,1.8050,2.7251,-4.3588,4.9167,-2.0686,-2.7709,2.2452,0.7076,-4.5887,-0.0857,-0.1813,-0.0747,0.0000,0.0000,0.0000,0.0000,0.0000,0.0000,5.00,3.00,2.00,0.0003,0.0006,0.0004,0,0.000000
28,1.1600,0.0000,45.0000,-30.0000,0.0100,0.0200,0.0200,0.0000,0.0000,0.0000,1.9033,2.6836,-4.4142,4.9167,-2.0829,-2.7709,2.2226,0.7443,-4.5235,0.0915,-0.0113,0.1254,0.0000,0.0000,0.0000,0.0000,0.0000,0.0000,5.00,3.00,2.00,0.0003,0.0006,0.0004,0,0.000000
28,1.1800,0.0000,45.0000,-30.0000,0.0100,0.0200,0.0200,0.0000,0.0000,0.0000,2.0017,2.6419,-4.4696,4.9167,-2.0915,-2.7709,2.1708,0.7332,-4.3836,0.1083,0.0206,-0.0562,0.0000,0.0000,0.0000,0.0000,0.0000,0.0000,5.00,3.00,2.00,0.0003,0.0006,0.0004,0,0.000000
28,1.2000,0.0000,45.0000,-30.0000,0.0100,0.0200,0.0200,0.0000,0.0000,0.0000,2.1000,2.6000,-4.5251,0.0000,0.0000,0.0000,1.9951,0.7176,-4.4172,-0.0865,-0.1770,-0.0816,0.0000,0.0000,0.0000,0.0000,0.0000,0.0000,5.00,3.00,2.00,0.0003,0.0006,0.0004,0,0.000000
28,1.2200,0.0000,45.0000,-30.0000,0.0100,0.0200,0.0200,0.0000,0.0000,0.0000,2.1000,2.6000,-4.5251,0.0000,0.0000,0.0000,2.1862,0.7180,-4.6087,0.0560,-0.1410,0.0329,0.0000,0.0000,0.0000,0.0000,0.0000,0.0000,5.00,3.00,2.00,0.0003,0.0006,0.0004,0,0.000000
28,1.2400,0.0000,45.0000,-30.0000,0.0100,0.0200,0.0200,0.0000,0.0000,0.0000,2.1000,2.6000,-4.5251,0.0000,0.0000,0.0000,2.0113,0.7388,-4.5478,0.0677,-0.0835,-0.0940,0.0000,0.0000,0.0000,0.0000,0.0000,0.0000,5.00,3.00,2.00,0.0003,0.0006,0.0004,0,0.000000
28,1.2600,0.0000,45.0000,-30.0000,0.0100,0.0200,0.0200,0.0000,0.0000,0.0000,2.1000,2.6000,-4.5251,0.0000,0.0000,0.0000,2.2031,0.7099,-4.6215,0.0002,-0.0798,0.0360,0.0000,0.0000,0.0000,0.0000,0.0000,0.0000,5.00,3.00,2.00,0.0003,0.0006,0.0004,0,0.000000
28,1.2800,0.0000,45.0000,-30.0000,0.0100,0.0200,0.0200,0.0000,0.0000,0.0000,2.1000,2.6000,-4.5251,0.0000,0.0000,0.0000,2.0180,0.7317,-4.6190,0.0760,-0.0581,0.0143,0.0000,0.0000,0.0000,0.0000,0.0000,0.0000,5.00,3.00,2.00,0.0003,0.0006,0.0004,0,0.000000
28,1.3000,0.0000,45.0000,-30.0000,0.0100,0.0200,0.0200,0.0000,0.0000,0.0000,2.1000,2.6000,-4.5251,0.0000,0.0000,0.0000,2.0640,0.7129,-4.5452,0.0493,-0.0947,-0.0642,0.0000,0.0000,0.0000,0.0000,0.0000,0.0000,5.00,3.00,2.00,0.0003,0.0006,0.0004,0,0.000000
28,1.3200,0.0000,45.0000,-30.0000,0.0100,0.0200,0.0200,0.0000,0.0000,0.0000,2.1000,2.6000,-4.5251,0.0000,0.0000,0.0000,2.1274,0.7279,-4.5719,-0.0450,-0.0623,0.0320,0.0000,0.0000,0.0000,0.0000,0.0000,0.0000,5.00,3.00,2.00,0.0003,0.0006,0.0004,0,0.000000
28,1.3400,0.0000,45.0000,-30.0000,0.0100,0.0200,0.0200,0.0000,0.0000,0.0000,2.1000,2.6000,-4.5251,0.0000,0.0000,0.0000,2.0382,0.7112,-4.4868,0.0412,-0.0140,0.0375,0.0000,0.0000,0.0000,0.0000,0.0000,0.0000,5.00,3.00,2.00,0.0003,0.0006,0.0004,0,0.000000
28,1.3600,0.0000,45.0000,-30.0000,0.0100,0.0200,0.0200,0.0000,0.0000,0.0000,2.1000,2.6000,-4.5251,0.0000,0.0000,0.0000,2.1078,0.7280,-4.5434,0.0442,0.0131,0.0192,0.0000,0.0000,0.0000,0.0000,0.0000,0.0000,5.00,3.00,2.00,0.0003,0.0006,0.0004,0,0.000000
28,1.3800,0.0000,45.0000,-30.0000,0.0100,0.0200,0.0200,0.0000,0.0000,0.0000,2.1000,2.6000,-4.5251,0.0000,0.0000,0.0000,2.0713,0.7221,-4.5701,-0.0259,-0.0662,-0.0230,0.0000,0.0000,0.0000,0.0000,0.0000,0.0000,5.00,3.00,2.00,0.0003,0.0006,0.0004,0,0.000000
28,1.4000,0.0000,45.0000,-30.0000,0.0100,0.0200,0.0200,0.0000,0.0000,0.0000,2.1000,2.6000,-4.5251,0.0000,0.0000,0.0000,2.0696,0.7250,-4.4876,0.0062,-0.0250,0.0279,0.0000,0.0000,0.0000,0.0000,0.0000,0.0000,5.00,3.00,2.00,0.0003,0.0006,0.0004,0,0.000000
28,1.4200,0.0000,45.0000,-30.0000,0.0100,0.0200,0.0200,0.0000,0.0000,0.0000,2.1000,2.6000,-4.5251,0.0000,0.0000,0.0000,2.0858,0.7180,-4.5091,-0.0083,-0.0333,0.0059,0.0000,0.0000,0.0000,0.0000,0.0000,0.0000,5.00,3.00,2.00,0.0003,0.0006,0.0004,0,0.000000
28,1.4400,0.0000,45.0000,-30.0000,0.0100,0.0200,0.0200,0.0000,0.0000,0.0000,2.1000,2.6000,-4.5251,0.0000,0.0000,0.0000,2.1129,0.7220,-4.5107,-0.0059,-0.0130,-0.0075,0.0000,0.0000,0.0000,0.0000,0.0000,0.0000,5.00,3.00,2.00,0.0003,0.0006,0.0004,0,0.000000
28,1.4600,0.0000,45.0000,-30.0000,0.0100,0.0200,0.0200,0.0000,0.0000,0.0000,2.1000,2.6000,-4.5251,0.0000,0.0000,0.0000,2.1085,0.7191,-4.5323,-0.0049,-0.0074,0.0015,0.0000,0.0000,0.0000,0.0000,0.0000,0.0000,5.00,3.00,2.00,0.0003,0.0006,0.0004,0,0.000000
28,1.4800,0.0000,45.0000,-30.0000,0.0100,0.0200,0.0200,0.0000,0.0000,0.0000,2.1000,2.6000,-4.5251,0.0000,0.0000,0.0000,2.1000,0.7200,-4.5251,0.0000,0.0000,0.0000,0.0000,0.0000,0.0000,0.0000,0.0000,0.0000,5.00,3.00,2.00,0.0003,0.0006,0.0004,0,0.000000
28,1.5000,0.0000,45.0000,-30.0000,0.0100,0.0200,0.0200,0.0000,0.0000,0.0000,2.1000,2.6000,-4.5251,0.0000,0.0000,0.0000,2.1096,0.7201,-4.5302,-0.0081,0.0132,0.0002,0.0000,0.0000,0.0000,0.0000,0.0000,0.0000,5.00,3.00,2.00,0.0003,0.0006,0.0004,0,0.000000
29,0.0200,1.1200,45.5500,-30.2700,0.1824,0.3675,0.3196,0.4000,1.0000,-0.6000,-3.6983,2.6419,-1.2443,5.0833,2.0915,-2.2153,2.3976,0.7180,-3.7987,0.1064,-0.0731,-0.0265,133.4857,478.8571,243.2571,24.3470,175.9665,77.7471,5.00,3.00,2.00,0.0832,0.2026,0.1021,0,0.222449
29,0.0400,2.2400,46.1000,-30.5400,0.1848,0.3748,0.3184,0.4000,1.0000,-0.6000,-3.5967,2.6836,-1.2886,5.0833,2.0829,-2.2153,2.1398,0.7039,-3.7755,0.0688,-0.2143,-0.1026,133.4857,478.8571,243.2571,24.6620,179.4642,77.4633,5.00,3.00,2.00,0.0853,0.2107,0.1014,0,0.225272
29,0.0600,3.3600,46.6500,-30.8100,0.1870,0.3817,0.3165,0.4000,1.0000,-0.6000,-3.4950,2.7251,-1.3329,5.0833,2.0686,-2.2153,2.4199,0.7435,-3.9730,0.0828,-0.1703,0.0907,133.4857,478.8571,243.2571,24.9679,182.8029,76.9966,5.00,3.00,2.00,0.0875,0.2186,0.1002,0,0.227814
29,0.0800,4.4800,47.2000,-31.0800,0.1892,0.3882,0.3139,0.4000,1.0000,-0.6000,-3.3933,2.7663,-1.3772,5.0833,2.0486,-2.2153,2.1510,0.7447,-3.8639,-0.0356,-0.1438,-0.1199,133.4857,478.8571,243.2571,25.2602,185.9077,76.3560,5.00,3.00,2.00,0.0895,0.2261,0.0985,0,0.230019
29,0.1000,5.6000,47.7500,-31.3500,0.1913,0.3941,0.3106,0.4000,1.0000,-0.6000,-3.2917,2.8071,-1.4215,5.0833,2.0230,-2.2153,2.3427,0.7240,-3.7915,-0.0933,-0.1567,0.0555,133.4857,478.8571,243.2571,25.5349,188.7090,75.5541,5.00,3.00,2.00,0.0915,0.2330,0.0965,0,0.231838
29,0.1200,6.7200,48.3000,-31.6200,0.1932,0.3992,0.3067,0.4000,1.0000,-0.6000,-3.1900,2.8472,-1.4658,5.0833,1.9919,-2.2153,2.4295,0.7404,-3.7633,-0.0395,-0.0847,0.1430,133.4857,478.8571,243.2571,25.7878,191.1437,74.6066,5.00,3.00,2.00,0.0933,0.2390,0.0941,0,0.233230
29,0.1400,7.8400,48.8500,-31.8900,0.1949,0.4034,0.3023,0.4000,1.0000,-0.6000,-3.0883,2.8867,-1.5101,5.0833,1.9553,-2.2153,2.3387,0.6941,-3.8055,0.0679,-0.2039,-0.1023,133.4857,478.8571,243.2571,26.0154,193.1572,73.5320,5.00,3.00,2.00,0.0950,0.2441,0.0914,0,0.234164
29,0.1600,8.9600,49.4000,-32.1600,0.1964,0.4066,0.2974,0.4000,1.0000,-0.6000,-2.9867,2.9254,-1.5545,5.0833,1.9133,-2.2153,2.4286,0.7205,-3.9523,-0.1075,0.0090,0.0673,133.4857,478.8571,243.2571,26.2144,194.7043,72.3513,5.00,3.00,2.00,0.0964,0.2480,0.0885,0,0.234616
29,0.1800,10.0800,49.9500,-32.4300,0.1976,0.4088,0.2922,0.4000,1.0000,-0.6000,-2.8850,2.9632,-1.5988,5.0833,1.8661,-2.2153,2.2626,0.7048,-3.9604,0.1369,0.0191,-0.1107,133.4857,478.8571,243.2571,26.3820,195.7502,71.0877,5.00,3.00,2.00,0.0977,0.2507,0.0854,0,0.234576
29,0.2000,11.2000,50.5000,-32.7000,0.1986,0.4099,0.2868,0.4000,1.0000,-0.6000,-2.7833,3.0000,-1.6431,5.0833,1.8138,-2.2153,2.1219,0.7134,-3.9982,0.0197,-0.1791,-0.1432,133.4857,478.8571,243.2571,26.5157,196.2715,69.7658,5.00,3.00,2.00,0.0986,0.2520,0.0823,0,0.234042
29,0.2200,12.3200,51.0500,-32.9700,0.1994,0.4098,0.2812,0.4000,1.0000,-0.6000,-2.6817,3.0357,-1.6874,5.0833,1.7565,-2.2153,2.3812,0.7420,-3.7070,-0.1364,0.0109,-0.0661,133.4857,478.8571,243.2571,26.6136,196.2564,68.4116,5.00,3.00,2.00,0.0994,0.2520,0.0791,0,0.233025
29,0.2400,13.4400,51.6000,-33.2400,0.1998,0.4087,0.2756,0.4000,1.0000,-0.6000,-2.5800,3.0702,-1.7317,5.0833,1.6944,-2.2153,2.2618,0.7179,-3.9159,-0.0885,-0.1995,-0.0909,133.4857,478.8571,243.2571,26.6743,195.7053,67.0515,5.00,3.00,2.00,0.0998,0.2505,0.0760,0,0.231545
29,0.2600,14.5600,52.1500,-33.5100,0.2000,0.4064,0.2701,0.4000,1.0000,-0.6000,-2.4783,3.1035,-1.7760,5.0833,1.6277,-2.2153,2.1759,0.7116,-3.7657,-0.0522,-0.0927,0.1036,133.4857,478.8571,243.2571,26.6970,194.6305,65.7122,5.00,3.00,2.00,0.1000,0.2478,0.0730,0,0.229632
29,0.2800,15.6800,52.7000,-33.7800,0.1999,0.4032,0.2648,0.4000,1.0000,-0.6000,-2.3767,3.1353,-1.8203,5.0833,1.5564,-2.2153,2.4300,0.7186,-3.7851,0.1385,-0.0121,-0.1306,133.4857,478.8571,243.2571,26.6812,193.0563,64.4198,5.00,3.00,2.00,0.0999,0.2438,0.0701,0,0.227326
29,0.3000,16.8000,53.2500,-34.0500,0.1995,0.3989,0.2598,0.4000,1.0000,-0.6000,-2.2750,3.1657,-1.8646,5.0833,1.4810,-2.2153,2.2886,0.7442,-3.6991,0.0399,-0.1411,-0.1016,133.4857,478.8571,243.2571,26.6273,191.0179,63.1997,5.00,3.00,2.00,0.0995,0.2387,0.0675,0,0.224676
29,0.3200,17.9200,53.8000,-34.3200,0.1988,0.3938,0.2552,0.4000,1.0000,-0.6000,-2.1733,3.1945,-1.9089,5.0833,1.4014,-2.2153,2.4314,0.6925,-3.7388,0.0373,-0.2498,-0.0637,133.4857,478.8571,243.2571,26.5360,188.5611,62.0757,5.00,3.00,2.00,0.0988,0.2326,0.0651,0,0.221738
29,0.3400,19.0400,54.3500,-34.5900,0.1978,0.3879,0.2511,0.4000,1.0000,-0.6000,-2.0717,3.2217,-1.9532,5.0833,1.3180,-2.2153,2.2057,0.7387,-3.8084,0.1379,-0.0256,-0.0305,133.4857,478.8571,243.2571,26.4086,185.7411,61.0698,5.00,3.00,2.00,0.0979,0.2257,0.0630,0,0.218576
29,0.3600,5.0400,54.9000,-34.8600,0.1966,0.3814,0.2475,0.1000,1.0000,-0.6000,-1.9700,3.2472,-1.9975,5.0833,1.2311,-2.2153,2.2582,0.7015,-4.0103,-0.1441,-0.0097,0.0112,33.3714,478.8571,243.2571,6.5617,182.6213,60.2017,5.00,3.00,2.00,0.0967,0.2182,0.0612,0,0.199508
29,0.3800,5.3200,55.4500,-35.1300,0.1952,0.3744,0.2445,0.1000,1.0000,-0.6000,-1.8683,3.2709,-2.0418,5.0833,1.1407,-2.2153,2.2544,0.7308,-3.7268,-0.0701,-0.0387,0.0779,33.3714,478.8571,243.2571,6.5134,179.2716,59.4885,5.00,3.00,2.00,0.0952,0.2102,0.0598,0,0.196219
29,0.4000,5.6000,56.0000,-35.4000,0.1935,0.3671,0.2423,0.1000,1.0000,-0.6000,-1.7667,3.2928,-2.0861,5.0833,1.0472,-2.2153,2.2349,0.7358,-4.0122,0.1068,-0.0769,0.1399,33.3714,478.8571,243.2571,6.4577,175.7674,58.9439,5.00,3.00,2.00,0.0936,0.2021,0.0587,0,0.192935
29,0.4200,5.8800,56.5500,-35.6700,0.1916,0.3596,0.2408,0.1000,1.0000,-0.6000,-1.6650,3.3128,-2.1304,5.0833,0.9508,-2.2153,2.2413,0.7356,-4.0016,-0.0963,-0.1480,-0.1121,33.3714,478.8571,243.2571,6.3955,172.1873,58.5788,5.00,3.00,2.00,0.0918,0.1939,0.0580,0,0.189729
29,0.4400,6.1600,57.1000,-22.0800,0.1896,0.3521,0.2401,0.1000,1.0000,0.8000,-1.5633,3.3308,-2.1747,5.0833,0.8519,-2.2153,-1.5633,2.7108,-2.1747,5.0833,0.8519,-2.2153,33.3714,478.8571,324.3429,6.3278,168.6117,77.8669,5.00,3.00,2.00,0.0899,0.1860,0.0576,1,0.202245
29,0.4600,6.4400,57.6500,-21.7200,0.1874,0.3448,0.2401,0.1000,1.0000,0.8000,-1.4617,3.3469,-2.2191,5.0833,0.7506,-2.2153,-1.4617,2.7269,-2.2191,5.0833,0.7506,-2.2153,33.3714,478.8571,324.3429,6.2554,165.1209,77.8821,5.00,3.00,2.00,0.0878,0.1784,0.0577,1,0.199407
29,0.4800,6.7200,58.2000,-21.3600,0.1852,0.3379,0.2410,0.1000,1.0000,0.8000,-1.3600,3.3608,-2.2634,5.0833,0.6472,-2.2153,-1.3600,2.7408,-2.2634,5.0833,0.6472,-2.2153,33.3714,478.8571,324.3429,6.1795,161.7934,78.1505,5.00,3.00,2.00,0.0857,0.1712,0.0581,1,0.196899
29,0.5000,7.0000,50.5000,-21.0000,0.1828,0.3314,0.2425,0.1000,0.4000,0.8000,-1.2583,3.3727,-2.3077,5.0833,0.5421,-2.2153,-1.2583,2.7527,-2.3077,5.0833,0.5421,-2.2153,33.3714,191.5429,324.3429,6.1010,63.4815,78.6667,5.00,3.00,2.00,0.0836,0.1648,0.0588,1,0.118599
29,0.5200,7.2800,50.7200,-20.6400,0.1804,0.3256,0.2449,0.1000,0.4000,0.8000,-1.1567,3.3825,-2.3520,5.0833,0.4354,-2.2153,-1.1567,2.7625,-2.3520,5.0833,0.4354,-2.2153,33.3714,191.5429,324.3429,6.0213,62.3686,79.4206,5.00,3.00,2.00,0.0814,0.1590,0.0600,1,0.118248
29,0.5400,7.5600,50.9400,-20.2800,0.1780,0.3206,0.2479,0.1000,0.4000,0.8000,-1.0550,3.3902,-2.3963,5.0833,0.3276,-2.2153,-1.0550,2.7702,-2.3963,5.0833,0.3276,-2.2153,33.3714,191.5429,324.3429,5.9413,61.4036,80.3975,5.00,3.00,2.00,0.0792,0.1542,0.0614,1,0.118194
29,0.5600,7.8400,51.1600,-19.9200,0.1757,0.3164,0.2515,0.1000,0.4000,0.8000,-0.9533,3.3956,-2.4406,5.0833,0.2189,-2.2153,-0.9533,2.7756,-2.4406,5.0833,0.2189,-2.2153,33.3714,191.5429,324.3429,5.8622,60.6082,81.5783,5.00,3.00,2.00,0.0771,0.1502,0.0633,1,0.118439
29,0.5800,8.1200,51.3800,-19.5600,0.1734,0.3132,0.2557,0.1000,0.4000,0.8000,-0.8517,3.3989,-2.4849,5.0833,0.1096,-2.2153,-0.8517,2.7789,-2.4849,5.0833,0.1096,-2.2153,33.3714,191.5429,324.3429,5.7853,60.0003,82.9398,5.00,3.00,2.00,0.0751,0.1472,0.0654,1,0.118980
29,0.6000,8.4000,51.6000,-19.2000,0.1711,0.3111,0.2604,0.1000,0.4000,0.8000,-0.7500,3.4000,-2.5292,5.0833,0.0000,-2.2153,-0.7500,2.7800,-2.5292,5.0833,0.0000,-2.2153,33.3714,191.5429,324.3429,5.7115,59.5935,84.4555,5.00,3.00,2.00,0.0732,0.1452,0.0678,1,0.119808
29,0.6200,8.6800,51.8200,-18.8400,0.1691,0.3101,0.2654,0.1000,0.4000,0.8000,-0.6483,3.3989,-2.5735,5.0833,-0.1096,-2.2153,-0.6483,2.7789,-2.5735,5.0833,-0.1096,-2.2153,33.3714,191.5429,324.3429,5.6420,59.3969,86.0956,5.00,3.00,2.00,0.0715,0.1442,0.0705,1,0.120908
29,0.6400,8.9600,52.0400,-18.4800,0.1671,0.3102,0.2708,0.1000,0.4000,0.8000,-0.5467,3.3956,-2.6178,5.0833,-0.2189,-2.2153,-0.5467,2.7756,-2.6178,5.0833,-0.2189,-2.2153,33.3714,191.5429,324.3429,5.5777,59.4150,87.8281,5.00,3.00,2.00,0.0698,0.1443,0.0733,1,0.122257
29,0.6600,9.2400,52.2600,-18.1200,0.1654,0.3114,0.2763,0.1000,0.4000,0.8000,-0.4450,3.3902,-2.6621,5.0833,-0.3276,-2.2153,-0.4450,2.7702,-2.6621,5.0833,-0.3276,-2.2153,33.3714,191.5429,324.3429,5.5196,59.6474,89.6191,5.00,3.00,2.00,0.0684,0.1455,0.0763,1,0.123829
29,0.6800,9.5200,52.4800,-17.7600,0.1639,0.3137,0.2819,0.1000,0.4000,0.8000,-0.3433,3.3825,-2.7064,5.0833,-0.4354,-2.2153,-0.3433,2.7625,-2.7064,5.0833,-0.4354,-2.2153,33.3714,191.5429,324.3429,5.4685,60.0888,91.4335,5.00,3.00,2.00,0.0671,0.1476,0.0795,1,0.125593
29,0.7000,9.8000,52.7000,-17.4000,0.1626,0.3171,0.2875,0.1000,0.4000,0.8000,-0.2417,3.3727,-2.7507,5.0833,-0.5421,-2.2153,-0.2417,2.7527,-2.7507,5.0833,-0.5421,-2.2153,33.3714,191.5429,324.3429,5.4251,60.7293,93.2358,5.00,3.00,2.00,0.0661,0.1508,0.0826,1,0.127512
29,0.7200,10.0800,52.9200,-17.0400,0.1615,0.3214,0.2929,0.1000,0.4000,0.8000,-0.1400,3.3608,-2.7950,5.0833,-0.6472,-2.2153,-0.1400,2.7408,-2.7950,5.0833,-0.6472,-2.2153,33.3714,191.5429,324.3429,5.3902,61.5546,94.9907,5.00,3.00,2.00,0.0652,0.1549,0.0858,1,0.129548
29,0.7400,10.3600,53.1400,-16.6800,0.1607,0.3265,0.2980,0.1000,0.4000,0.8000,-0.0383,3.3469,-2.8394,5.0833,-0.7506,-2.2153,-0.0383,2.7269,-2.8394,5.0833,-0.7506,-2.2153,33.3714,191.5429,324.3429,5.3640,62.5460,96.6640,5.00,3.00,2.00,0.0646,0.1599,0.0888,1,0.131659
29,0.7600,10.6400,53.3600,-16.3200,0.1602,0.3325,0.3028,0.1000,0.4000,0.8000,0.0633,3.3308,-2.8837,5.0833,-0.8519,-2.2153,0.0633,2.7108,-2.8837,5.0833,-0.8519,-2.2153,33.3714,191.5429,324.3429,5.3472,63.6814,98.2228,5.00,3.00,2.00,0.0642,0.1658,0.0917,1,0.133801
29,0.7800,10.9200,53.5800,-15.9600,0.1600,0.3390,0.3072,0.1000,0.4000,0.8000,0.1650,3.3128,-2.9280,5.0833,-0.9508,-2.2153,0.1650,2.6928,-2.9280,5.0833,-0.9508,-2.2153,33.3714,191.5429,324.3429,5.3398,64.9353,99.6367,5.00,3.00,2.00,0.0640,0.1724,0.0944,1,0.135929
29,0.8000,11.2000,53.8000,-15.6000,0.1601,0.3460,0.3110,0.1000,0.4000,0.8000,0.2667,3.2928,-2.9723,5.0833,-1.0472,-2.2153,0.2667,2.6728,-2.9723,5.0833,-1.0472,-2.2153,33.3714,191.5429,324.3429,5.3420,66.2794,100.8780,5.00,3.00,2.00,0.0641,0.1796,0.0967,1,0.138000
29,0.8200,11.4800,54.0200,-15.2400,0.1604,0.3534,0.3142,0.1000,0.4000,0.8000,0.3683,3.2709,-3.0166,5.0833,-1.1407,-2.2153,0.3683,2.6509,-3.0166,5.0833,-1.1407,-2.2153,33.3714,191.5429,324.3429,5.3538,67.6837,101.9224,5.00,3.00,2.00,0.0643,0.1873,0.0987,1,0.139968
29,0.8400,11.7600,54.2400,-14.8800,0.1611,0.3608,0.3168,0.1000,0.4000,0.8000,0.4700,3.2472,-3.0609,5.0833,-1.2311,-2.2153,0.4700,2.6272,-3.0609,5.0833,-1.2311,-2.2153,33.3714,191.5429,324.3429,5.3749,69.1165,102.7494,5.00,3.00,2.00,0.0649,0.1953,0.1004,1,0.141793
29,0.8600,12.0400,54.4600,-14.5200,0.1620,0.3683,0.3186,0.1000,0.4000,0.8000,0.5717,3.2217,-3.1052,5.0833,-1.3180,-2.2153,0.5717,2.6017,-3.1052,5.0833,-1.3180,-2.2153,33.3714,191.5429,324.3429,5.4052,70.5456,103.3430,5.00,3.00,2.00,0.0656,0.2035,0.1015,1,0.143435
29,0.8800,12.3200,54.6800,-14.1600,0.1631,0.3756,0.3197,0.1000,0.4000,0.8000,0.6733,3.1945,-3.1495,5.0833,-1.4014,-2.2153,0.6733,2.5745,-3.1495,5.0833,-1.4014,-2.2153,33.3714,191.5429,324.3429,5.4441,71.9391,103.6914,5.00,3.00,2.00,0.0665,0.2116,0.1022,1,0.144860
29,0.9000,0.0000,54.9000,-13.8000,0.0100,0.3825,0.3200,0.0000,0.4000,0.8000,0.7750,3.1657,-3.1938,5.0833,-1.4810,-2.2153,0.7750,2.5457,-3.1938,5.0833,-1.4810,-2.2153,0.0000,191.5429,324.3429,0.0000,73.2656,103.7879,5.00,3.00,2.00,0.0003,0.2195,0.1024,1,0.141643
29,0.9200,0.0000,55.1200,-13.4400,0.0100,0.3889,0.3195,0.0000,0.4000,0.8000,0.8767,3.1353,-3.2381,5.0833,-1.5564,-2.2153,0.8767,2.5153,-3.2381,5.0833,-1.5564,-2.2153,0.0000,191.5429,324.3429,0.0000,74.4952,103.6305,5.00,3.00,2.00,0.0003,0.2269,0.1021,1,0.142501
29,0.9400,0.0000,55.3400,-13.0800,0.0100,0.3947,0.3183,0.0000,0.4000,0.8000,0.9783,3.1035,-3.2824,5.0833,-1.6277,-2.2153,0.9783,2.4835,-3.2824,5.0833,-1.6277,-2.2153,0.0000,191.5429,324.3429,0.0000,75.6005,103.2224,5.00,3.00,2.00,0.0003,0.2337,0.1013,1,0.143058
29,0.9600,0.0000,55.5600,-30.0000,0.0100,0.3997,0.0200,0.0000,0.4000,0.0000,1.0800,3.0702,-3.3267,5.0833,-1.6944,-2.2153,1.0800,2.4502,-3.3267,5.0833,-1.6944,-2.2153,0.0000,191.5429,0.0000,0.0000,76.5565,0.0000,5.00,3.00,2.00,0.0003,0.2396,0.0004,1,0.061245
29,0.9800,0.0000,55.7800,-30.0000,0.0100,0.4038,0.0200,0.0000,0.4000,0.0000,1.1817,3.0357,-3.3710,5.0833,-1.7565,-2.2153,1.1817,2.4157,-3.3710,5.0833,-1.7565,-2.2153,0.0000,191.5429,0.0000,0.0000,77.3418,0.0000,5.00,3.00,2.00,0.0003,0.2446,0.0004,1,0.061873
29,1.0000,0.0000,45.0000,-30.0000,0.0100,0.0200,0.0200,0.0000,0.0000,0.0000,1.2833,3.0000,-3.4153,5.0833,-1.8138,-2.2153,1.2833,2.3800,-3.4153,5.0833,-1.8138,-2.2153,0.0000,0.0000,0.0000,0.0000,0.0000,0.0000,5.00,3.00,2.00,0.0003,0.0006,0.0004,1,0.000000
29,1.0200,0.0000,45.0000,-30.0000,0.0100,0.0200,0.0200,0.0000,0.0000,0.0000,1.3850,2.9632,-3.4596,5.0833,-1.8661,-2.2153,1.3850,2.3432,-3.4596,5.0833,-1.8661,-2.2153,0.0000,0.0000,0.0000,0.0000,0.0000,0.0000,5.00,3.00,2.00,0.0003,0.0006,0.0004,1,0.000000
29,1.0400,0.0000,45.0000,-30.0000,0.0100,0.0200,0.0200,0.0000,0.0000,0.0000,1.4867,2.9254,-3.5040,5.0833,-1.9133,-2.2153,1.4867,2.3054,-3.5040,5.0833,-1.9133,-2.2153,0.0000,0.0000,0.0000,0.0000,0.0000,0.0000,5.00,3.00,2.00,0.0003,0.0006,0.0004,1,0.000000
29,1.0600,0.0000,45.0000,-30.0000,0.0100,0.0200,0.0200,0.0000,0.0000,0.0000,1.5883,2.8867,-3.5483,5.0833,-1.9553,-2.2153,1.5883,2.2667,-3.5483,5.0833,-1.9553,-2.2153,0.0000,0.0000,0.0000,0.0000,0.0000,0.0000,5.00,3.00,2.00,0.0003,0.0006,0.0004,1,0.000000
29,1.0800,0.0000,45.0000,-30.0000,0.0100,0.0200,0.0200,0.0000,0.0000,0.0000,1.6900,2.8472,-3.5926,5.0833,-1.9919,-2.2153,1.6900,2.2272,-3.5926,5.0833,-1.9919,-2.2153,0.0000,0.0000,0.0000,0.0000,0.0000,0.0000,5.00,3.00,2.00,0.0003,0.0006,0.0004,1,0.000000
29,1.1000,0.0000,45.0000,-30.0000,0.0100,0.0200,0.0200,0.0000,0.0000,0.0000,1.7917,2.8071,-3.6369,5.0833,-2.0230,-2.2153,1.7917,2.1871,-3.6369,5.0833,-2.0230,-2.2153,0.0000,0.0000,0.0000,0.0000,0.0000,0.0000,5.00,3.00,2.00,0.0003,0.0006,0.0004,1,0.000000
29,1.1200,0.0000,45.0000,-30.0000,0.0100,0.0200,0.0200,0.0000,0.0000,0.0000,1.8933,2.7663,-3.6812,5.0833,-2.0486,-2.2153,1.8933,2.1463,-3.6812,5.0833,-2.0486,-2.2153,0.0000,0.0000,0.0000,0.0000,0.0000,0.0000,5.00,3.00,2.00,0.0003,0.0006,0.0004,1,0.000000
29,1.1400,0.0000,45.0000,-30.0000,0.0100,0.0200,0.0200,0.0000,0.0000,0.0000,1.9950,2.7251,-3.7255,5.0833,-2.0686,-2.2153,2.2541,0.7218,-3.9063,-0.0085,-0.2112,0.0602,0.0000,0.0000,0.0000,0.0000,0.0000,0.0000,5.00,3.00,2.00,0.0003,0.0006,0.0004,0,0.000000
29,1.1600,0.0000,45.0000,-30.0000,0.0100,0.0200,0.0200,0.0000,0.0000,0.0000,2.0967,2.6836,-3.7698,5.0833,-2.0829,-2.2153,2.2060,0.7414,-3.7852,-0.0519,-0.0682,0.0272,0.0000,0.0000,0.0000,0.0000,0.0000,0.0000,5.00,3.00,2.00,0.0003,0.0006,0.0004,0,0.000000
29,1.1800,0.0000,45.0000,-30.0000,0.0100,0.0200,0.0200,0.0000,0.0000,0.0000,2.1983,2.6419,-3.8141,5.0833,-2.0915,-2.2153,2.4461,0.7174,-3.9777,-0.0237,-0.1434,0.0459,0.0000,0.0000,0.0000,0.0000,0.0000,0.0000,5.00,3.00,2.00,0.0003,0.0006,0.0004,0,0.000000
29,1.2000,0.0000,45.0000,-30.0000,0.0100,0.0200,0.0200,0.0000,0.0000,0.0000,2.3000,2.6000,-3.8584,0.0000,0.0000,0.0000,2.2428,0.7246,-3.9039,-0.0997,-0.1233,-0.0615,0.0000,0.0000,0.0000,0.0000,0.0000,0.0000,5.00,3.00,2.00,0.0003,0.0006,0.0004,0,0.000000
29,1.2200,0.0000,45.0000,-30.0000,0.0100,0.0200,0.0200,0.0000,0.0000,0.0000,2.3000,2.6000,-3.8584,0.0000,0.0000,0.0000,2.2259,0.7149,-3.9273,0.0374,-0.0456,0.1055,0.0000,0.0000,0.0000,0.0000,0.0000,0.0000,5.00,3.00,2.00,0.0003,0.0006,0.0004,0,0.000000
29,1.2400,0.0000,45.0000,-30.0000,0.0100,0.0200,0.0200,0.0000,0.0000,0.0000,2.3000,2.6000,-3.8584,0.0000,0.0000,0.0000,2.2511,0.7082,-3.7742,0.0903,-0.0357,-0.0460,0.0000,0.0000,0.0000,0.0000,0.0000,0.0000,5.00,3.00,2.00,0.0003,0.0006,0.0004,0,0.000000
29,1.2600,0.0000,45.0000,-30.0000,0.0100,0.0200,0.0200,0.0000,0.0000,0.0000,2.3000,2.6000,-3.8584,0.0000,0.0000,0.0000,2.2292,0.7348,-3.8383,-0.0636,-0.1417,0.0556,0.0000,0.0000,0.0000,0.0000,0.0000,0.0000,5.00,3.00,2.00,0.0003,0.0006,0.0004,0,0.000000
29,1.2800,0.0000,45.0000,-30.0000,0.0100,0.0200,0.0200,0.0000,0.0000,0.0000,2.3000,2.6000,-3.8584,0.0000,0.0000,0.0000,2.2061,0.7038,-3.9211,-0.0049,0.0059,-0.0619,0.0000,0.0000,0.0000,0.0000,0.0000,0.0000,5.00,3.00,2.00,0.0003,0.0006,0.0004,0,0.000000
29,1.3000,0.0000,45.0000,-30.0000,0.0100,0.0200,0.0200,0.0000,0.0000,0.0000,2.3000,2.6000,-3.8584,0.0000,0.0000,0.0000,2.3655,0.7330,-3.8582,-0.0122,0.0075,0.0362,0.0000,0.0000,0.0000,0.0000,0.0000,0.0000,5.00,3.00,2.00,0.0003,0.0006,0.0004,0,0.000000
29,1.3200,0.0000,45.0000,-30.0000,0.0100,0.0200,0.0200,0.0000,0.0000,0.0000,2.3000,2.6000,-3.8584,0.0000,0.0000,0.0000,2.3462,0.7145,-3.9022,-0.0503,-0.0771,0.0274,0.0000,0.0000,0.0000,0.0000,0.0000,0.0000,5.00,3.00,2.00,0.0003,0.0006,0.0004,0,0.000000
29,1.3400,0.0000,45.0000,-30.0000,0.0100,0.0200,0.0200,0.0000,0.0000,0.0000,2.3000,2.6000,-3.8584,0.0000,0.0000,0.0000,2.2968,0.7208,-3.8894,0.0282,-0.0962,-0.0148,0.0000,0.0000,0.0000,0.0000,0.0000,0.0000,5.00,3.00,2.00,0.0003,0.0006,0.0004,0,0.000000
29,1.3600,0.0000,45.0000,-30.0000,0.0100,0.0200,0.0200,0.0000,0.0000,0.0000,2.3000,2.6000,-3.8584,0.0000,0.0000,0.0000,2.3301,0.7107,-3.8231,0.0333,-0.0606,-0.0144,0.0000,0.0000,0.0000,0.0000,0.0000,0.0000,5.00,3.00,2.00,0.0003,0.0006,0.0004,0,0.000000
29,1.3800,0.0000,45.0000,-30.0000,0.0100,0.0200,0.0200,0.0000,0.0000,0.0000,2.3000,2.6000,-3.8584,0.0000,0.0000,0.0000,2.2592,0.7140,-3.8546,0.0029,-0.0659,-0.0174,0.0000,0.0000,0.0000,0.0000,0.0000,0.0000,5.00,3.00,2.00,0.0003,0.0006,0.0004,0,0.000000
29,1.4000,0.0000,45.0000,-30.0000,0.0100,0.0200,0.0200,0.0000,0.0000,0.0000,2.3000,2.6000,-3.8584,0.0000,0.0000,0.0000,2.2640,0.7233,-3.8573,-0.0262,-0.0017,0.0127,0.0000,0.0000,0.0000,0.0000,0.0000,0.0000,5.00,3.00,2.00,0.0003,0.0006,0.0004,0,0.000000
29,1.4200,0.0000,45.0000,-30.0000,0.0100,0.0200,0.0200,0.0000,0.0000,0.0000,2.3000,2.6000,-3.8584,0.0000,0.0000,0.0000,2.2992,0.7238,-3.8691,-0.0195,-0.0335,-0.0069,0.0000,0.0000,0.0000,0.0000,0.0000,0.0000,5.00,3.00,2.00,0.0003,0.0006,0.0004,0,0.000000
29,1.4400,0.0000,45.0000,-30.0000,0.0100,0.0200,0.0200,0.0000,0.0000,0.0000,2.3000,2.6000,-3.8584,0.0000,0.0000,0.0000,2.2818,0.7170,-3.8525,0.0129,-0.0053,0.0009,0.0000,0.0000,0.0000,0.0000,0.0000,0.0000,5.00,3.00,2.00,0.0003,0.0006,0.0004,0,0.000000
29,1.4600,0.0000,45.0000,-30.0000,0.0100,0.0200,0.0200,0.0000,0.0000,0.0000,2.3000,2.6000,-3.8584,0.0000,0.0000,0.0000,2.3005,0.7193,-3.8683,0.0052,-0.0019,0.0056,0.0000,0.0000,0.0000,0.0000,0.0000,0.0000,5.00,3.00,2.00,0.0003,0.0006,0.0004,0,0.000000
29,1.4800,0.0000,45.0000,-30.0000,0.0100,0.0200,0.0200,0.0000,0.0000,0.0000,2.3000,2.6000,-3.8584,0.0000,0.0000,0.0000,2.3000,0.7200,-3.8584,0.0000,0.0000,0.0000,0.0000,0.0000,0.0000,0.0000,0.0000,0.0000,5.00,3.00,2.00,0.0003,0.0006,0.0004,0,0.000000
29,1.5000,0.0000,45.0000,-30.0000,0.0100,0.0200,0.0200,0.0000,0.0000,0.0000,2.3000,2.6000,-3.8584,0.0000,0.0000,0.0000,2.3059,0.7208,-3.8534,-0.0072,0.0127,-0.0002,0.0000,0.0000,0.0000,0.0000,0.0000,0.0000,5.00,3.00,2.00,0.0003,0.0006,0.0004,0,0.000000
30,0.0200,1.1200,45.5500,-30.2700,0.1824,0.3675,0.3196,0.4000,1.0000,-0.6000,-3.6950,2.6419,-1.2320,5.2500,2.0915,-1.5981,2.3892,0.7123,-3.0366,0.0264,-0.1732,-0.1106,132.5714,475.7143,241.7143,24.1803,174.8116,77.2540,5.00,3.00,2.00,0.0832,0.2026,0.1021,0,0.220997
30,0.0400,2.2400,46.1000,-30.5400,0.1848,0.3748,0.3184,0.4000,1.0000,-0.6000,-3.5900,2.6836,-1.2639,5.2500,2.0829,-1.5981,2.3385,0.7285,-2.9836,-0.0206,-0.0134,-0.0985,132.5714,475.7143,241.7143,24.4931,178.2863,76.9720,5.00,3.00,2.00,0.0853,0.2107,0.1014,0,0.223801
30,0.0600,3.3600,46.6500,-30.8100,0.1870,0.3817,0.3165,0.4000,1.0000,-0.6000,-3.4850,2.7251,-1.2959,5.2500,2.0686,-1.5981,2.5748,0.7023,-3.1296,-0.1465,-0.2469,0.0759,132.5714,475.7143,241.7143,24.7969,181.6031,76.5083,5.00,3.00,2.00,0.0875,0.2186,0.1002,0,0.226327
30,0.0800,4.4800,47.2000,-31.0800,0.1892,0.3882,0.3139,0.4000,1.0000,-0.6000,-3.3800,2.7663,-1.3278,5.2500,2.0486,-1.5981,2.4230,0.7042,-3.2888,0.0538,-0.0184,0.0831,132.5714,475.7143,241.7143,25.0872,184.6876,75.8717,5.00,3.00,2.00,0.0895,0.2261,0.0985,0,0.228517
30,0.1000,5.6000,47.7500,-31.3500,0.1913,0.3941,0.3106,0.4000,1.0000,-0.6000,-3.2750,2.8071,-1.3598,5.2500,2.0230,-1.5981,2.6750,0.7105,-3.0994,0.0242,0.0219,0.1226,132.5714,475.7143,241.7143,25.3600,187.4704,75.0749,5.00,3.00,2.00,0.0915,0.2330,0.0965,0,0.230324
30,0.1200,6.7200,48.3000,-31.6200,0.1932,0.3992,0.3067,0.4000,1.0000,-0.6000,-3.1700,2.8472,-1.3918,5.2500,1.9919,-1.5981,2.3604,0.6965,-2.9438,-0.1087,-0.0418,-0.0586,132.5714,475.7143,241.7143,25.6112,189.8891,74.1334,5.00,3.00,2.00,0.0933,0.2390,0.0941,0,0.231707
30,0.1400,7.8400,48.8500,-31.8900,0.1949,0.4034,0.3023,0.4000,1.0000,-0.6000,-3.0650,2.8867,-1.4237,5.2500,1.9553,-1.5981,2.6085,0.7462,-3.2858,0.1121,-0.0213,-0.1266,132.5714,475.7143,241.7143,25.8372,191.8894,73.0656,5.00,3.00,2.00,0.0950,0.2441,0.0914,0,0.232634
30,0.1600,8.9600,49.4000,-32.1600,0.1964,0.4066,0.2974,0.4000,1.0000,-0.6000,-2.9600,2.9254,-1.4557,5.2500,1.9133,-1.5981,2.6661,0.7442,-3.2102,0.0099,-0.1189,-0.1137,132.5714,475.7143,241.7143,26.0349,193.4264,71.8924,5.00,3.00,2.00,0.0964,0.2480,0.0885,0,0.233083
30,0.1800,10.0800,49.9500,-32.4300,0.1976,0.4088,0.2922,0.4000,1.0000,-0.6000,-2.8550,2.9632,-1.4876,5.2500,1.8661,-1.5981,2.4187,0.7015,-3.2098,-0.0008,-0.0554,0.1008,132.5714,475.7143,241.7143,26.2013,194.4654,70.6368,5.00,3.00,2.00,0.0977,0.2507,0.0854,0,0.233043
30,0.2000,11.2000,50.5000,-32.7000,0.1986,0.4099,0.2868,0.4000,1.0000,-0.6000,-2.7500,3.0000,-1.5196,5.2500,1.8138,-1.5981,2.4951,0.7208,-3.0820,0.1345,-0.0695,0.1245,132.5714,475.7143,241.7143,26.3341,194.9833,69.3233,5.00,3.00,2.00,0.0986,0.2520,0.0823,0,0.232513
30,0.2200,12.3200,51.0500,-32.9700,0.1994,0.4098,0.2812,0.4000,1.0000,-0.6000,-2.6450,3.0357,-1.5516,5.2500,1.7565,-1.5981,2.5290,0.7182,-3.0330,0.1391,-0.1542,0.0539,132.5714,475.7143,241.7143,26.4313,194.9683,67.9777,5.00,3.00,2.00,0.0994,0.2520,0.0791,0,0.231502
30,0.2400,13.4400,51.6000,-33.2400,0.1998,0.4087,0.2756,0.4000,1.0000,-0.6000,-2.5400,3.0702,-1.5835,5.2500,1.6944,-1.5981,2.3880,0.7242,-3.1134,-0.1014,-0.1869,-0.1279,132.5714,475.7143,241.7143,26.4916,194.4208,66.6263,5.00,3.00,2.00,0.0998,0.2505,0.0760,0,0.230031
30,0.2600,14.5600,52.1500,-33.5100,0.2000,0.4064,0.2701,0.4000,1.0000,-0.6000,-2.4350,3.1035,-1.6155,5.2500,1.6277,-1.5981,2.5793,0.7148,-3.1271,0.1339,-0.0346,0.1106,132.5714,475.7143,241.7143,26.5141,193.3531,65.2954,5.00,3.00,2.00,0.1000,0.2478,0.0730,0,0.228130
30,0.2800,15.6800,52.7000,-33.7800,0.1999,0.4032,0.2648,0.4000,1.0000,-0.6000,-2.3300,3.1353,-1.6475,5.2500,1.5564,-1.5981,2.5123,0.7172,-2.9723,-0.0211,-0.1581,0.0646,132.5714,475.7143,241.7143,26.4985,191.7892,64.0112,5.00,3.00,2.00,0.0999,0.2438,0.0701,0,0.225839
30,0.3000,16.8000,53.2500,-34.0500,0.1995,0.3989,0.2598,0.4000,1.0000,-0.6000,-2.2250,3.1657,-1.6794,5.2500,1.4810,-1.5981,2.5593,0.7269,-3.1319,-0.1059,-0.0547,-0.0956,132.5714,475.7143,241.7143,26.4449,189.7642,62.7989,5.00,3.00,2.00,0.0995,0.2387,0.0675,0,0.223206
30,0.3200,17.9200,53.8000,-34.3200,0.1988,0.3938,0.2552,0.4000,1.0000,-0.6000,-2.1200,3.1945,-1.7114,5.2500,1.4014,-1.5981,2.5740,0.7412,-3.1771,-0.1146,-0.1621,-0.0625,132.5714,475.7143,241.7143,26.3543,187.3235,61.6820,5.00,3.00,2.00,0.0988,0.2326,0.0651,0,0.220288
30,0.3400,19.0400,54.3500,-34.5900,0.1978,0.3879,0.2511,0.4000,1.0000,-0.6000,-2.0150,3.2217,-1.7433,5.2500,1.3180,-1.5981,2.4435,0.7499,-3.0874,0.0190,-0.1468,0.1101,132.5714,475.7143,241.7143,26.2277,184.5220,60.6825,5.00,3.00,2.00,0.0979,0.2257,0.0630,0,0.217146
30,0.3600,5.0400,54.9000,-34.8600,0.1966,0.3814,0.2475,0.1000,1.0000,-0.6000,-1.9100,3.2472,-1.7753,5.2500,1.2311,-1.5981,2.5394,0.6967,-2.9446,-0.0989,-0.0169,-0.0792,33.1429,475.7143,241.7143,6.5168,181.4227,59.8199,5.00,3.00,2.00,0.0967,0.2182,0.0612,0,0.198208
30,0.3800,5.3200,55.4500,-35.1300,0.1952,0.3744,0.2445,0.1000,1.0000,-0.6000,-1.8050,3.2709,-1.8073,5.2500,1.1407,-1.5981,2.4504,0.7224,-3.0116,0.0691,-0.1258,-0.1055,33.1429,475.7143,241.7143,6.4687,178.0950,59.1111,5.00,3.00,2.00,0.0952,0.2102,0.0598,0,0.194940
30,0.4000,5.6000,56.0000,-35.4000,0.1935,0.3671,0.2423,0.1000,1.0000,-0.6000,-1.7000,3.2928,-1.8392,5.2500,1.0472,-1.5981,2.3240,0.6991,-3.2385,-0.1440,-0.1604,0.0613,33.1429,475.7143,241.7143,6.4134,174.6138,58.5701,5.00,3.00,2.00,0.0936,0.2021,0.0587,0,0.191678
30,0.4200,5.8800,56.5500,-35.6700,0.1916,0.3596,0.2408,0.1000,1.0000,-0.6000,-1.5950,3.3128,-1.8712,5.2500,0.9508,-1.5981,2.3989,0.6925,-2.9668,-0.0508,-0.1131,-0.0428,33.1429,475.7143,241.7143,6.3517,171.0572,58.2072,5.00,3.00,2.00,0.0918,0.1939,0.0580,0,0.188493
30,0.4400,6.1600,57.1000,-22.0800,0.1896,0.3521,0.2401,0.1000,1.0000,0.8000,-1.4900,3.3308,-1.9031,5.2500,0.8519,-1.5981,-1.4900,2.7108,-1.9031,5.2500,0.8519,-1.5981,33.1429,475.7143,322.2857,6.2844,167.5050,77.3730,5.00,3.00,2.00,0.0899,0.1860,0.0576,1,0.200930
30,0.4600,6.4400,57.6500,-21.7200,0.1874,0.3448,0.2401,0.1000,1.0000,0.8000,-1.3850,3.3469,-1.9351,5.2500,0.7506,-1.5981,-1.3850,2.7269,-1.9351,5.2500,0.7506,-1.5981,33.1429,475.7143,322.2857,6.2126,164.0372,77.3882,5.00,3.00,2.00,0.0878,0.1784,0.0577,1,0.198110
30,0.4800,6.7200,58.2000,-21.3600,0.1852,0.3379,0.2410,0.1000,1.0000,0.8000,-1.2800,3.3608,-1.9671,5.2500,0.6472,-1.5981,-1.2800,2.7408,-1.9671,5.2500,0.6472,-1.5981,33.1429,475.7143,322.2857,6.1371,160.7315,77.6548,5.00,3.00,2.00,0.0857,0.1712,0.0581,1,0.195619
30,0.5000,7.0000,50.5000,-21.0000,0.1828,0.3314,0.2425,0.1000,0.4000,0.8000,-1.1750,3.3727,-1.9990,5.2500,0.5421,-1.5981,-1.1750,2.7527,-1.9990,5.2500,0.5421,-1.5981,33.1429,190.2857,322.2857,6.0593,63.0649,78.1677,5.00,3.00,2.00,0.0836,0.1648,0.0588,1,0.117833
30,0.5200,7.2800,50.7200,-20.6400,0.1804,0.3256,0.2449,0.1000,0.4000,0.8000,-1.0700,3.3825,-2.0310,5.2500,0.4354,-1.5981,-1.0700,2.7625,-2.0310,5.2500,0.4354,-1.5981,33.1429,190.2857,322.2857,5.9800,61.9593,78.9169,5.00,3.00,2.00,0.0814,0.1590,0.0600,1,0.117485
30,0.5400,7.5600,50.9400,-20.2800,0.1780,0.3206,0.2479,0.1000,0.4000,0.8000,-0.9650,3.3902,-2.0629,5.2500,0.3276,-1.5981,-0.9650,2.7702,-2.0629,5.2500,0.3276,-1.5981,33.1429,190.2857,322.2857,5.9006,61.0006,79.8876,5.00,3.00,2.00,0.0792,0.1542,0.0614,1,0.117431
30,0.5600,7.8400,51.1600,-19.9200,0.1757,0.3164,0.2515,0.1000,0.4000,0.8000,-0.8600,3.3956,-2.0949,5.2500,0.2189,-1.5981,-0.8600,2.7756,-2.0949,5.2500,0.2189,-1.5981,33.1429,190.2857,322.2857,5.8221,60.2104,81.0609,5.00,3.00,2.00,0.0771,0.1502,0.0633,1,0.117675
30,0.5800,8.1200,51.3800,-19.5600,0.1734,0.3132,0.2557,0.1000,0.4000,0.8000,-0.7550,3.3989,-2.1269,5.2500,0.1096,-1.5981,-0.7550,2.7789,-2.1269,5.2500,0.1096,-1.5981,33.1429,190.2857,322.2857,5.7457,59.6065,82.4138,5.00,3.00,2.00,0.0751,0.1472,0.0654,1,0.118213
30,0.6000,8.4000,51.6000,-19.2000,0.1711,0.3111,0.2604,0.1000,0.4000,0.8000,-0.6500,3.4000,-2.1588,5.2500,0.0000,-1.5981,-0.6500,2.7800,-2.1588,5.2500,0.0000,-1.5981,33.1429,190.2857,322.2857,5.6724,59.2024,83.9198,5.00,3.00,2.00,0.0732,0.1452,0.0678,1,0.119036
30,0.6200,8.6800,51.8200,-18.8400,0.1691,0.3101,0.2654,0.1000,0.4000,0.8000,-0.5450,3.3989,-2.1908,5.2500,-0.1096,-1.5981,-0.5450,2.7789,-2.1908,5.2500,-0.1096,-1.5981,33.1429,190.2857,322.2857,5.6033,59.0071,85.5496,5.00,3.00,2.00,0.0715,0.1442,0.0705,1,0.120128
30,0.6400,8.9600,52.0400,-18.4800,0.1671,0.3102,0.2708,0.1000,0.4000,0.8000,-0.4400,3.3956,-2.2228,5.2500,-0.2189,-1.5981,-0.4400,2.7756,-2.2228,5.2500,-0.2189,-1.5981,33.1429,190.2857,322.2857,5.5395,59.0251,87.2711,5.00,3.00,2.00,0.0698,0.1443,0.0733,1,0.121469
30,0.6600,9.2400,52.2600,-18.1200,0.1654,0.3114,0.2763,0.1000,0.4000,0.8000,-0.3350,3.3902,-2.2547,5.2500,-0.3276,-1.5981,-0.3350,2.7702,-2.2547,5.2500,-0.3276,-1.5981,33.1429,190.2857,322.2857,5.4818,59.2559,89.0507,5.00,3.00,2.00,0.0684,0.1455,0.0763,1,0.123031
30,0.6800,9.5200,52.4800,-17.7600,0.1639,0.3137,0.2819,0.1000,0.4000,0.8000,-0.2300,3.3825,-2.2867,5.2500,-0.4354,-1.5981,-0.2300,2.7625,-2.2867,5.2500,-0.4354,-1.5981,33.1429,190.2857,322.2857,5.4310,59.6944,90.8535,5.00,3.00,2.00,0.0671,0.1476,0.0795,1,0.124783
30,0.7000,9.8000,52.7000,-17.4000,0.1626,0.3171,0.2875,0.1000,0.4000,0.8000,-0.1250,3.3727,-2.3186,5.2500,-0.5421,-1.5981,-0.1250,2.7527,-2.3186,5.2500,-0.5421,-1.5981,33.1429,190.2857,322.2857,5.3880,60.3307,92.6444,5.00,3.00,2.00,0.0661,0.1508,0.0826,1,0.126690
30,0.7200,10.0800,52.9200,-17.0400,0.1615,0.3214,0.2929,0.1000,0.4000,0.8000,-0.0200,3.3608,-2.3506,5.2500,-0.6472,-1.5981,-0.0200,2.7408,-2.3506,5.2500,-0.6472,-1.5981,33.1429,190.2857,322.2857,5.3532,61.1506,94.3882,5.00,3.00,2.00,0.0652,0.1549,0.0858,1,0.128714
30,0.7400,10.3600,53.1400,-16.6800,0.1607,0.3265,0.2980,0.1000,0.4000,0.8000,0.0850,3.3469,-2.3826,5.2500,-0.7506,-1.5981,0.0850,2.7269,-2.3826,5.2500,-0.7506,-1.5981,33.1429,190.2857,322.2857,5.3273,62.1355,96.0509,5.00,3.00,2.00,0.0646,0.1599,0.0888,1,0.130811
30,0.7600,10.6400,53.3600,-16.3200,0.1602,0.3325,0.3028,0.1000,0.4000,0.8000,0.1900,3.3308,-2.4145,5.2500,-0.8519,-1.5981,0.1900,2.7108,-2.4145,5.2500,-0.8519,-1.5981,33.1429,190.2857,322.2857,5.3105,63.2635,97.5998,5.00,3.00,2.00,0.0642,0.1658,0.0917,1,0.132939
30,0.7800,10.9200,53.5800,-15.9600,0.1600,0.3390,0.3072,0.1000,0.4000,0.8000,0.2950,3.3128,-2.4465,5.2500,-0.9508,-1.5981,0.2950,2.6928,-2.4465,5.2500,-0.9508,-1.5981,33.1429,190.2857,322.2857,5.3032,64.5091,99.0047,5.00,3.00,2.00,0.0640,0.1724,0.0944,1,0.135054
30,0.8000,11.2000,53.8000,-15.6000,0.1601,0.3460,0.3110,0.1000,0.4000,0.8000,0.4000,3.2928,-2.4784,5.2500,-1.0472,-1.5981,0.4000,2.6728,-2.4784,5.2500,-1.0472,-1.5981,33.1429,190.2857,322.2857,5.3054,65.8444,100.2382,5.00,3.00,2.00,0.0641,0.1796,0.0967,1,0.137110
30,0.8200,11.4800,54.0200,-15.2400,0.1604,0.3534,0.3142,0.1000,0.4000,0.8000,0.5050,3.2709,-2.5104,5.2500,-1.1407,-1.5981,0.5050,2.6509,-2.5104,5.2500,-1.1407,-1.5981,33.1429,190.2857,322.2857,5.3171,67.2394,101.2759,5.00,3.00,2.00,0.0643,0.1873,0.0987,1,0.139066
30,0.8400,11.7600,54.2400,-14.8800,0.1611,0.3608,0.3168,0.1000,0.4000,0.8000,0.6100,3.2472,-2.5424,5.2500,-1.2311,-1.5981,0.6100,2.6272,-2.5424,5.2500,-1.2311,-1.5981,33.1429,190.2857,322.2857,5.3381,68.6628,102.0977,5.00,3.00,2.00,0.0649,0.1953,0.1004,1,0.140879
30,0.8600,12.0400,54.4600,-14.5200,0.1620,0.3683,0.3186,0.1000,0.4000,0.8000,0.7150,3.2217,-2.5743,5.2500,-1.3180,-1.5981,0.7150,2.6017,-2.5743,5.2500,-1.3180,-1.5981,33.1429,190.2857,322.2857,5.3682,70.0826,102.6875,5.00,3.00,2.00,0.0656,0.2035,0.1015,1,0.142511
30,0.8800,12.3200,54.6800,-14.1600,0.1631,0.3756,0.3197,0.1000,0.4000,0.8000,0.8200,3.1945,-2.6063,5.2500,-1.4014,-1.5981,0.8200,2.5745,-2.6063,5.2500,-1.4014,-1.5981,33.1429,190.2857,322.2857,5.4068,71.4670,103.0337,5.00,3.00,2.00,0.0665,0.2116,0.1022,1,0.143926
30,0.9000,0.0000,54.9000,-13.8000,0.0100,0.3825,0.3200,0.0000,0.4000,0.8000,0.9250,3.1657,-2.6382,5.2500,-1.4810,-1.5981,0.9250,2.5457,-2.6382,5.2500,-1.4810,-1.5981,0.0000,190.2857,322.2857,0.0000,72.7847,103.1296,5.00,3.00,2.00,0.0003,0.2195,0.1024,1,0.140731
30,0.9200,0.0000,55.1200,-13.4400,0.0100,0.3889,0.3195,0.0000,0.4000,0.8000,1.0300,3.1353,-2.6702,5.2500,-1.5564,-1.5981,1.0300,2.5153,-2.6702,5.2500,-1.5564,-1.5981,0.0000,190.2857,322.2857,0.0000,74.0063,102.9732,5.00,3.00,2.00,0.0003,0.2269,0.1021,1,0.141584
30,0.9400,0.0000,55.3400,-13.0800,0.0100,0.3947,0.3183,0.0000,0.4000,0.8000,1.1350,3.1035,-2.7022,5.2500,-1.6277,-1.5981,1.1350,2.4835,-2.7022,5.2500,-1.6277,-1.5981,0.0000,190.2857,322.2857,0.0000,75.1043,102.5677,5.00,3.00,2.00,0.0003,0.2337,0.1013,1,0.142138
30,0.9600,0.0000,55.5600,-30.0000,0.0100,0.3997,0.0200,0.0000,0.4000,0.0000,1.2400,3.0702,-2.7341,5.2500,-1.6944,-1.5981,1.2400,2.4502,-2.7341,5.2500,-1.6944,-1.5981,0.0000,190.2857,0.0000,0.0000,76.0540,0.0000,5.00,3.00,2.00,0.0003,0.2396,0.0004,1,0.060843
30,0.9800,0.0000,55.7800,-30.0000,0.0100,0.4038,0.0200,0.0000,0.4000,0.0000,1.3450,3.0357,-2.7661,5.2500,-1.7565,-1.5981,1.3450,2.4157,-2.7661,5.2500,-1.7565,-1.5981,0.0000,190.2857,0.0000,0.0000,76.8342,0.0000,5.00,3.00,2.00,0.0003,0.2446,0.0004,1,0.061467
30,1.0000,0.0000,45.0000,-30.0000,0.0100,0.0200,0.0200,0.0000,0.0000,0.0000,1.4500,3.0000,-2.7981,5.2500,-1.8138,-1.5981,1.4500,2.3800,-2.7981,5.2500,-1.8138,-1.5981,0.0000,0.0000,0.0000,0.0000,0.0000,0.0000,5.00,3.00,2.00,0.0003,0.0006,0.0004,1,0.000000
30,1.0200,0.0000,45.0000,-30.0000,0.0100,0.0200,0.0200,0.0000,0.0000,0.0000,1.5550,2.9632,-2.8300,5.2500,-1.8661,-1.5981,1.5550,2.3432,-2.8300,5.2500,-1.8661,-1.5981,0.0000,0.0000,0.0000,0.0000,0.0000,0.0000,5.00,3.00,2.00,0.0003,0.0006,0.0004,1,0.000000
30,1.0400,0.0000,45.0000,-30.0000,0.0100,0.0200,0.0200,0.0000,0.0000,0.0000,1.6600,2.9254,-2.8620,5.2500,-1.9133,-1.5981,1.6600,2.3054,-2.8620,5.2500,-1.9133,-1.5981,0.0000,0.0000,0.0000,0.0000,0.0000,0.0000,5.00,3.00,2.00,0.0003,0.0006,0.0004,1,0.000000
30,1.0600,0.0000,45.0000,-30.0000,0.0100,0.0200,0.0200,0.0000,0.0000,0.0000,1.7650,2.8867,-2.8939,5.2500,-1.9553,-1.5981,1.7650,2.2667,-2.8939,5.2500,-1.9553,-1.5981,0.0000,0.0000,0.0000,0.0000,0.0000,0.0000,5.00,3.00,2.00,0.0003,0.0006,0.0004,1,0.000000
30,1.0800,0.0000,45.0000,-30.0000,0.0100,0.0200,0.0200,0.0000,0.0000,0.0000,1.8700,2.8472,-2.9259,5.2500,-1.9919,-1.5981,1.8700,2.2272,-2.9259,5.2500,-1.9919,-1.5981,0.0000,0.0000,0.0000,0.0000,0.0000,0.0000,5.00,3.00,2.00,0.0003,0.0006,0.0004,1,0.000000
30,1.1000,0.0000,45.0000,-30.0000,0.0100,0.0200,0.0200,0.0000,0.0000,0.0000,1.9750,2.8071,-2.9579,5.2500,-2.0230,-1.5981,1.9750,2.1871,-2.9579,5.2500,-2.0230,-1.5981,0.0000,0.0000,0.0000,0.0000,0.0000,0.0000,5.00,3.00,2.00,0.0003,0.0006,0.0004,1,0.000000
30,1.1200,0.0000,45.0000,-30.0000,0.0100,0.0200,0.0200,0.0000,0.0000,0.0000,2.0800,2.7663,-2.9898,5.2500,-2.0486,-1.5981,2.0800,2.1463,-2.9898,5.2500,-2.0486,-1.5981,0.0000,0.0000,0.0000,0.0000,0.0000,0.0000,5.00,3.00,2.00,0.0003,0.0006,0.0004,1,0.000000
30,1.1400,0.0000,45.0000,-30.0000,0.0100,0.0200,0.0200,0.0000,0.0000,0.0000,2.1850,2.7251,-3.0218,5.2500,-2.0686,-1.5981,2.5812,0.7258,-3.2470,-0.0901,-0.0651,0.0624,0.0000,0.0000,0.0000,0.0000,0.0000,0.0000,5.00,3.00,2.00,0.0003,0.0006,0.0004,0,0.000000
30,1.1600,0.0000,45.0000,-30.0000,0.0100,0.0200,0.0200,0.0000,0.0000,0.0000,2.2900,2.6836,-3.0537,5.2500,-2.0829,-1.5981,2.4311,0.7451,-3.2427,-0.1235,-0.0035,-0.0816,0.0000,0.0000,0.0000,0.0000,0.0000,0.0000,5.00,3.00,2.00,0.0003,0.0006,0.0004,0,0.000000
30,1.1800,0.0000,45.0000,-30.0000,0.0100,0.0200,0.0200,0.0000,0.0000,0.0000,2.3950,2.6419,-3.0857,5.2500,-2.0915,-1.5981,2.5703,0.7197,-3.0163,-0.0689,-0.0121,-0.0972,0.0000,0.0000,0.0000,0.0000,0.0000,0.0000,5.00,3.00,2.00,0.0003,0.0006,0.0004,0,0.000000
30,1.2000,0.0000,45.0000,-30.0000,0.0100,0.0200,0.0200,0.0000,0.0000,0.0000,2.5000,2.6000,-3.1177,0.0000,0.0000,0.0000,2.4682,0.7422,-3.1347,-0.0732,-0.1695,-0.0836,0.0000,0.0000,0.0000,0.0000,0.0000,0.0000,5.00,3.00,2.00,0.0003,0.0006,0.0004,0,0.000000
30,1.2200,0.0000,45.0000,-30.0000,0.0100,0.0200,0.0200,0.0000,0.0000,0.0000,2.5000,2.6000,-3.1177,0.0000,0.0000,0.0000,2.4031,0.7123,-3.0659,0.0823,-0.1060,-0.0429,0.0000,0.0000,0.0000,0.0000,0.0000,0.0000,5.00,3.00,2.00,0.0003,0.0006,0.0004,0,0.000000
30,1.2400,0.0000,45.0000,-30.0000,0.0100,0.0200,0.0200,0.0000,0.0000,0.0000,2.5000,2.6000,-3.1177,0.0000,0.0000,0.0000,2.6075,0.7112,-3.0802,0.0247,-0.0804,-0.0650,0.0000,0.0000,0.0000,0.0000,0.0000,0.0000,5.00,3.00,2.00,0.0003,0.0006,0.0004,0,0.000000
30,1.2600,0.0000,45.0000,-30.0000,0.0100,0.0200,0.0200,0.0000,0.0000,0.0000,2.5000,2.6000,-3.1177,0.0000,0.0000,0.0000,2.4156,0.7083,-3.0216,-0.0780,-0.0710,-0.0104,0.0000,0.0000,0.0000,0.0000,0.0000,0.0000,5.00,3.00,2.00,0.0003,0.0006,0.0004,0,0.000000
30,1.2800,0.0000,45.0000,-30.0000,0.0100,0.0200,0.0200,0.0000,0.0000,0.0000,2.5000,2.6000,-3.1177,0.0000,0.0000,0.0000,2.4078,0.7358,-3.1515,0.0784,-0.0913,0.0507,0.0000,0.0000,0.0000,0.0000,0.0000,0.0000,5.00,3.00,2.00,0.0003,0.0006,0.0004,0,0.000000
30,1.3000,0.0000,45.0000,-30.0000,0.0100,0.0200,0.0200,0.0000,0.0000,0.0000,2.5000,2.6000,-3.1177,0.0000,0.0000,0.0000,2.5660,0.7349,-3.1614,0.0462,0.0166,-0.0028,0.0000,0.0000,0.0000,0.0000,0.0000,0.0000,5.00,3.00,2.00,0.0003,0.0006,0.0004,0,0.000000
30,1.3200,0.0000,45.0000,-30.0000,0.0100,0.0200,0.0200,0.0000,0.0000,0.0000,2.5000,2.6000,-3.1177,0.0000,0.0000,0.0000,2.5669,0.7214,-3.1184,0.0637,-0.1038,-0.0293,0.0000,0.0000,0.0000,0.0000,0.0000,0.0000,5.00,3.00,2.00,0.0003,0.0006,0.0004,0,0.000000
30,1.3400,0.0000,45.0000,-30.0000,0.0100,0.0200,0.0200,0.0000,0.0000,0.0000,2.5000,2.6000,-3.1177,0.0000,0.0000,0.0000,2.4330,0.7178,-3.0999,0.0358,-0.0868,0.0048,0.0000,0.0000,0.0000,0.0000,0.0000,0.0000,5.00,3.00,2.00,0.0003,0.0006,0.0004,0,0.000000
30,1.3600,0.0000,45.0000,-30.0000,0.0100,0.0200,0.0200,0.0000,0.0000,0.0000,2.5000,2.6000,-3.1177,0.0000,0.0000,0.0000,2.5046,0.7122,-3.1700,0.0163,-0.0725,0.0105,0.0000,0.0000,0.0000,0.0000,0.0000,0.0000,5.00,3.00,2.00,0.0003,0.0006,0.0004,0,0.000000
30,1.3800,0.0000,45.0000,-30.0000,0.0100,0.0200,0.0200,0.0000,0.0000,0.0000,2.5000,2.6000,-3.1177,0.0000,0.0000,0.0000,2.4675,0.7169,-3.1147,0.0413,-0.0572,-0.0306,0.0000,0.0000,0.0000,0.0000,0.0000,0.0000,5.00,3.00,2.00,0.0003,0.0006,0.0004,0,0.000000
30,1.4000,0.0000,45.0000,-30.0000,0.0100,0.0200,0.0200,0.0000,0.0000,0.0000,2.5000,2.6000,-3.1177,0.0000,0.0000,0.0000,2.5249,0.7154,-3.1546,0.0263,-0.0547,-0.0101,0.0000,0.0000,0.0000,0.0000,0.0000,0.0000,5.00,3.00,2.00,0.0003,0.0006,0.0004,0,0.000000
30,1.4200,0.0000,45.0000,-30.0000,0.0100,0.0200,0.0200,0.0000,0.0000,0.0000,2.5000,2.6000,-3.1177,0.0000,0.0000,0.0000,2.4727,0.7164,-3.1276,-0.0163,-0.0064,0.0189,0.0000,0.0000,0.0000,0.0000,0.0000,0.0000,5.00,3.00,2.00,0.0003,0.0006,0.0004,0,0.000000
30,1.4400,0.0000,45.0000,-30.0000,0.0100,0.0200,0.0200,0.0000,0.0000,0.0000,2.5000,2.6000,-3.1177,0.0000,0.0000,0.0000,2.5072,0.7176,-3.1327,0.0052,-0.0260,-0.0153,0.0000,0.0000,0.0000,0.0000,0.0000,0.0000,5.00,3.00,2.00,0.0003,0.0006,0.0004,0,0.000000
30,1.4600,0.0000,45.0000,-30.0000,0.0100,0.0200,0.0200,0.0000,0.0000,0.0000,2.5000,2.6000,-3.1177,0.0000,0.0000,0.0000,2.5063,0.7191,-3.1100,0.0048,-0.0067,-0.0054,0.0000,0.0000,0.0000,0.0000,0.0000,0.0000,5.00,3.00,2.00,0.0003,0.0006,0.0004,0,0.000000
30,1.4800,0.0000,45.0000,-30.0000,0.0100,0.0200,0.0200,0.0000,0.0000,0.0000,2.5000,2.6000,-3.1177,0.0000,0.0000,0.0000,2.5000,0.7200,-3.1177,0.0000,0.0000,0.0000,0.0000,0.0000,0.0000,0.0000,0.0000,0.0000,5.00,3.00,2.00,0.0003,0.0006,0.0004,0,0.000000
30,1.5000,0.0000,45.0000,-30.0000,0.0100,0.0200,0.0200,0.0000,0.0000,0.0000,2.5000,2.6000,-3.1177,0.0000,0.0000,0.0000,2.4910,0.7186,-3.1158,0.0023,0.0111,-0.0066,0.0000,0.0000,0.0000,0.0000,0.0000,0.0000,5.00,3.00,2.00,0.0003,0.0006,0.0004,0,0.000000
31,0.0200,1.1200,45.5500,-30.2700,0.1824,0.3675,0.3196,0.4000,1.0000,-0.6000,-3.6917,2.6419,-1.2189,5.4167,2.0915,-0.9436,2.6074,0.6976,-2.3714,-0.0666,-0.0213,0.1348,131.6571,472.5714,240.1714,24.0135,173.6567,76.7609,5.00,3.00,2.00,0.0832,0.2026,0.1021,0,0.219545
31,0.0400,2.2400,46.1000,-30.5400,0.1848,0.3748,0.3184,0.4000,1.0000,-0.6000,-3.5833,2.6836,-1.2377,5.4167,2.0829,-0.9436,2.5943,0.7118,-2.3663,-0.0946,0.0449,0.1408,131.6571,472.5714,240.1714,24.3242,177.1084,76.4807,5.00,3.00,2.00,0.0853,0.2107,0.1014,0,0.222331
31,0.0600,3.3600,46.6500,-30.8100,0.1870,0.3817,0.3165,0.4000,1.0000,-0.6000,-3.4750,2.7251,-1.2566,5.4167,2.0686,-0.9436,2.6926,0.7211,-2.4191,-0.0035,-0.1962,0.1247,131.6571,472.5714,240.1714,24.6259,180.4033,76.0199,5.00,3.00,2.00,0.0875,0.2186,0.1002,0,0.224839
31,0.0800,4.4800,47.2000,-31.0800,0.1892,0.3882,0.3139,0.4000,1.0000,-0.6000,-3.3667,2.7663,-1.2755,5.4167,2.0486,-0.9436,2.6092,0.6913,-2.2515,0.1090,-0.2037,0.0929,131.6571,472.5714,240.1714,24.9142,183.4674,75.3875,5.00,3.00,2.00,0.0895,0.2261,0.0985,0,0.227015
31,0.1000,5.6000,47.7500,-31.3500,0.1913,0.3941,0.3106,0.4000,1.0000,-0.6000,-3.2583,2.8071,-1.2944,5.4167,2.0230,-0.9436,2.6862,0.7136,-2.3300,0.0609,-0.1832,0.0849,131.6571,472.5714,240.1714,25.1851,186.2319,74.5957,5.00,3.00,2.00,0.0915,0.2330,0.0965,0,0.228810
31,0.1200,6.7200,48.3000,-31.6200,0.1932,0.3992,0.3067,0.4000,1.0000,-0.6000,-3.1500,2.8472,-1.3132,5.4167,1.9919,-0.9436,2.6905,0.7091,-2.1625,-0.0819,-0.1260,0.1280,131.6571,472.5714,240.1714,25.4345,188.6346,73.6602,5.00,3.00,2.00,0.0933,0.2390,0.0941,0,0.230183
31,0.1400,7.8400,48.8500,-31.8900,0.1949,0.4034,0.3023,0.4000,1.0000,-0.6000,-3.0417,2.8867,-1.3321,5.4167,1.9553,-0.9436,2.7538,0.7223,-2.3433,0.1307,-0.0751,-0.1293,131.6571,472.5714,240.1714,25.6590,190.6217,72.5992,5.00,3.00,2.00,0.0950,0.2441,0.0914,0,0.231104
31,0.1600,8.9600,49.4000,-32.1600,0.1964,0.4066,0.2974,0.4000,1.0000,-0.6000,-2.9333,2.9254,-1.3510,5.4167,1.9133,-0.9436,2.7968,0.7234,-2.4329,0.1254,-0.1981,-0.1157,131.6571,472.5714,240.1714,25.8553,192.1485,71.4335,5.00,3.00,2.00,0.0964,0.2480,0.0885,0,0.231550
31,0.1800,10.0800,49.9500,-32.4300,0.1976,0.4088,0.2922,0.4000,1.0000,-0.6000,-2.8250,2.9632,-1.3699,5.4167,1.8661,-0.9436,2.6542,0.7178,-2.2450,-0.0032,-0.2157,-0.1064,131.6571,472.5714,240.1714,26.0206,193.1807,70.1859,5.00,3.00,2.00,0.0977,0.2507,0.0854,0,0.231510
31,0.2000,11.2000,50.5000,-32.7000,0.1986,0.4099,0.2868,0.4000,1.0000,-0.6000,-2.7167,3.0000,-1.3887,5.4167,1.8138,-0.9436,2.5825,0.7128,-2.1624,0.0245,-0.0052,-0.0391,131.6571,472.5714,240.1714,26.1525,193.6951,68.8809,5.00,3.00,2.00,0.0986,0.2520,0.0823,0,0.230983
31,0.2200,12.3200,51.0500,-32.9700,0.1994,0.4098,0.2812,0.4000,1.0000,-0.6000,-2.6083,3.0357,-1.4076,5.4167,1.7565,-0.9436,2.6794,0.7202,-2.4617,0.0367,-0.0367,0.0496,131.6571,472.5714,240.1714,26.2491,193.6802,67.5438,5.00,3.00,2.00,0.0994,0.2520,0.0791,0,0.229978
31,0.2400,13.4400,51.6000,-33.2400,0.1998,0.4087,0.2756,0.4000,1.0000,-0.6000,-2.5000,3.0702,-1.4265,5.4167,1.6944,-0.9436,2.8791,0.7051,-2.4743,-0.0503,0.0016,0.0423,131.6571,472.5714,240.1714,26.3089,193.1363,66.2010,5.00,3.00,2.00,0.0998,0.2505,0.0760,0,0.228517
31,0.2600,14.5600,52.1500,-33.5100,0.2000,0.4064,0.2701,0.4000,1.0000,-0.6000,-2.3917,3.1035,-1.4453,5.4167,1.6277,-0.9436,2.6806,0.7087,-2.3545,0.0467,-0.2216,0.0295,131.6571,472.5714,240.1714,26.3313,192.0757,64.8786,5.00,3.00,2.00,0.1000,0.2478,0.0730,0,0.226628
31,0.2800,15.6800,52.7000,-33.7800,0.1999,0.4032,0.2648,0.4000,1.0000,-0.6000,-2.2833,3.1353,-1.4642,5.4167,1.5564,-0.9436,2.7321,0.7226,-2.4333,-0.0324,-0.1509,0.0778,131.6571,472.5714,240.1714,26.3157,190.5221,63.6027,5.00,3.00,2.00,0.0999,0.2438,0.0701,0,0.224352
31,0.3000,16.8000,53.2500,-34.0500,0.1995,0.3989,0.2598,0.4000,1.0000,-0.6000,-2.1750,3.1657,-1.4831,5.4167,1.4810,-0.9436,2.5345,0.7491,-2.4393,0.0979,-0.2340,-0.1399,131.6571,472.5714,240.1714,26.2626,188.5105,62.3980,5.00,3.00,2.00,0.0995,0.2387,0.0675,0,0.221737
31,0.3200,17.9200,53.8000,-34.3200,0.1988,0.3938,0.2552,0.4000,1.0000,-0.6000,-2.0667,3.1945,-1.5020,5.4167,1.4014,-0.9436,2.8636,0.6941,-2.2523,-0.1201,-0.1021,-0.1261,131.6571,472.5714,240.1714,26.1725,186.0859,61.2883,5.00,3.00,2.00,0.0988,0.2326,0.0651,0,0.218837
31,0.3400,19.0400,54.3500,-34.5900,0.1978,0.3879,0.2511,0.4000,1.0000,-0.6000,-1.9583,3.2217,-1.5208,5.4167,1.3180,-0.9436,2.8542,0.6988,-2.2082,0.0166,0.0261,0.1261,131.6571,472.5714,240.1714,26.0469,183.3030,60.2952,5.00,3.00,2.00,0.0979,0.2257,0.0630,0,0.215716
31,0.3600,5.0400,54.9000,-34.8600,0.1966,0.3814,0.2475,0.1000,1.0000,-0.6000,-1.8500,3.2472,-1.5397,5.4167,1.2311,-0.9436,2.5232,0.6924,-2.2875,-0.1195,-0.2370,0.0907,32.9143,472.5714,240.1714,6.4719,180.2241,59.4381,5.00,3.00,2.00,0.0967,0.2182,0.0612,0,0.196907
31,0.3800,5.3200,55.4500,-35.1300,0.1952,0.3744,0.2445,0.1000,1.0000,-0.6000,-1.7417,3.2709,-1.5586,5.4167,1.1407,-0.9436,2.7745,0.7211,-2.4098,-0.0378,0.0477,-0.0683,32.9143,472.5714,240.1714,6.4241,176.9184,58.7338,5.00,3.00,2.00,0.0952,0.2102,0.0598,0,0.193661
31,0.4000,5.6000,56.0000,-35.4000,0.1935,0.3671,0.2423,0.1000,1.0000,-0.6000,-1.6333,3.2928,-1.5775,5.4167,1.0472,-0.9436,2.5740,0.6930,-2.4500,-0.0356,-0.0754,0.0680,32.9143,472.5714,240.1714,6.3692,173.4602,58.1962,5.00,3.00,2.00,0.0936,0.2021,0.0587,0,0.190420
31,0.4200,5.8800,56.5500,-35.6700,0.1916,0.3596,0.2408,0.1000,1.0000,-0.6000,-1.5250,3.3128,-1.5963,5.4167,0.9508,-0.9436,2.6864,0.7003,-2.4407,-0.1284,-0.1367,0.0813,32.9143,472.5714,240.1714,6.3079,169.9271,57.8357,5.00,3.00,2.00,0.0918,0.1939,0.0580,0,0.187257
31,0.4400,6.1600,57.1000,-22.0800,0.1896,0.3521,0.2401,0.1000,1.0000,0.8000,-1.4167,3.3308,-1.6152,5.4167,0.8519,-0.9436,-1.4167,2.7108,-1.6152,5.4167,0.8519,-0.9436,32.9143,472.5714,320.2286,6.2411,166.3984,76.8791,5.00,3.00,2.00,0.0899,0.1860,0.0576,1,0.199615
31,0.4600,6.4400,57.6500,-21.7200,0.1874,0.3448,0.2401,0.1000,1.0000,0.8000,-1.3083,3.3469,-1.6341,5.4167,0.7506,-0.9436,-1.3083,2.7269,-1.6341,5.4167,0.7506,-0.9436,32.9143,472.5714,320.2286,6.1697,162.9535,76.8942,5.00,3.00,2.00,0.0878,0.1784,0.0577,1,0.196814
31,0.4800,6.7200,58.2000,-21.3600,0.1852,0.3379,0.2410,0.1000,1.0000,0.8000,-1.2000,3.3608,-1.6529,5.4167,0.6472,-0.9436,-1.2000,2.7408,-1.6529,5.4167,0.6472,-0.9436,32.9143,472.5714,320.2286,6.0948,159.6696,77.1592,5.00,3.00,2.00,0.0857,0.1712,0.0581,1,0.194339
31,0.5000,7.0000,50.5000,-21.0000,0.1828,0.3314,0.2425,0.1000,0.4000,0.8000,-1.0917,3.3727,-1.6718,5.4167,0.5421,-0.9436,-1.0917,2.7527,-1.6718,5.4167,0.5421,-0.9436,32.9143,189.0286,320.2286,6.0175,62.6482,77.6688,5.00,3.00,2.00,0.0836,0.1648,0.0588,1,0.117068
31,0.5200,7.2800,50.7200,-20.6400,0.1804,0.3256,0.2449,0.1000,0.4000,0.8000,-0.9833,3.3825,-1.6907,5.4167,0.4354,-0.9436,-0.9833,2.7625,-1.6907,5.4167,0.4354,-0.9436,32.9143,189.0286,320.2286,5.9388,61.5499,78.4132,5.00,3.00,2.00,0.0814,0.1590,0.0600,1,0.116721
31,0.5400,7.5600,50.9400,-20.2800,0.1780,0.3206,0.2479,0.1000,0.4000,0.8000,-0.8750,3.3902,-1.7096,5.4167,0.3276,-0.9436,-0.8750,2.7702,-1.7096,5.4167,0.3276,-0.9436,32.9143,189.0286,320.2286,5.8599,60.5976,79.3777,5.00,3.00,2.00,0.0792,0.1542,0.0614,1,0.116668
31,0.5600,7.8400,51.1600,-19.9200,0.1757,0.3164,0.2515,0.1000,0.4000,0.8000,-0.7667,3.3956,-1.7284,5.4167,0.2189,-0.9436,-0.7667,2.7756,-1.7284,5.4167,0.2189,-0.9436,32.9143,189.0286,320.2286,5.7819,59.8126,80.5435,5.00,3.00,2.00,0.0771,0.1502,0.0633,1,0.116910
31,0.5800,8.1200,51.3800,-19.5600,0.1734,0.3132,0.2557,0.1000,0.4000,0.8000,-0.6583,3.3989,-1.7473,5.4167,0.1096,-0.9436,-0.6583,2.7789,-1.7473,5.4167,0.1096,-0.9436,32.9143,189.0286,320.2286,5.7060,59.2127,81.8877,5.00,3.00,2.00,0.0751,0.1472,0.0654,1,0.117445
31,0.6000,8.4000,51.6000,-19.2000,0.1711,0.3111,0.2604,0.1000,0.4000,0.8000,-0.5500,3.4000,-1.7662,5.4167,0.0000,-0.9436,-0.5500,2.7800,-1.7662,5.4167,0.0000,-0.9436,32.9143,189.0286,320.2286,5.6333,58.8112,83.3842,5.00,3.00,2.00,0.0732,0.1452,0.0678,1,0.118263
31,0.6200,8.6800,51.8200,-18.8400,0.1691,0.3101,0.2654,0.1000,0.4000,0.8000,-0.4417,3.3989,-1.7851,5.4167,-0.1096,-0.9436,-0.4417,2.7789,-1.7851,5.4167,-0.1096,-0.9436,32.9143,189.0286,320.2286,5.5647,58.6172,85.0035,5.00,3.00,2.00,0.0715,0.1442,0.0705,1,0.119348
31,0.6400,8.9600,52.0400,-18.4800,0.1671,0.3102,0.2708,0.1000,0.4000,0.8000,-0.3333,3.3956,-1.8039,5.4167,-0.2189,-0.9436,-0.3333,2.7756,-1.8039,5.4167,-0.2189,-0.9436,32.9143,189.0286,320.2286,5.5013,58.6351,86.7140,5.00,3.00,2.00,0.0698,0.1443,0.0733,1,0.120680
31,0.6600,9.2400,52.2600,-18.1200,0.1654,0.3114,0.2763,0.1000,0.4000,0.8000,-0.2250,3.3902,-1.8228,5.4167,-0.3276,-0.9436,-0.2250,2.7702,-1.8228,5.4167,-0.3276,-0.9436,32.9143,189.0286,320.2286,5.4440,58.8644,88.4823,5.00,3.00,2.00,0.0684,0.1455,0.0763,1,0.122233
31,0.6800,9.5200,52.4800,-17.7600,0.1639,0.3137,0.2819,0.1000,0.4000,0.8000,-0.1167,3.3825,-1.8417,5.4167,-0.4354,-0.9436,-0.1167,2.7625,-1.8417,5.4167,-0.4354,-0.9436,32.9143,189.0286,320.2286,5.3936,59.3000,90.2736,5.00,3.00,2.00,0.0671,0.1476,0.0795,1,0.123974
31,0.7000,9.8000,52.7000,-17.4000,0.1626,0.3171,0.2875,0.1000,0.4000,0.8000,-0.0083,3.3727,-1.8605,5.4167,-0.5421,-0.9436,-0.0083,2.7527,-1.8605,5.4167,-0.5421,-0.9436,32.9143,189.0286,320.2286,5.3508,59.9321,92.0531,5.00,3.00,2.00,0.0661,0.1508,0.0826,1,0.125869
31,0.7200,10.0800,52.9200,-17.0400,0.1615,0.3214,0.2929,0.1000,0.4000,0.8000,0.1000,3.3608,-1.8794,5.4167,-0.6472,-0.9436,0.1000,2.7408,-1.8794,5.4167,-0.6472,-0.9436,32.9143,189.0286,320.2286,5.3163,60.7466,93.7858,5.00,3.00,2.00,0.0652,0.1549,0.0858,1,0.127879
31,0.7400,10.3600,53.1400,-16.6800,0.1607,0.3265,0.2980,0.1000,0.4000,0.8000,0.2083,3.3469,-1.8983,5.4167,-0.7506,-0.9436,0.2083,2.7269,-1.8983,5.4167,-0.7506,-0.9436,32.9143,189.0286,320.2286,5.2906,61.7250,95.4378,5.00,3.00,2.00,0.0646,0.1599,0.0888,1,0.129963
31,0.7600,10.6400,53.3600,-16.3200,0.1602,0.3325,0.3028,0.1000,0.4000,0.8000,0.3167,3.3308,-1.9172,5.4167,-0.8519,-0.9436,0.3167,2.7108,-1.9172,5.4167,-0.8519,-0.9436,32.9143,189.0286,320.2286,5.2739,62.8455,96.9768,5.00,3.00,2.00,0.0642,0.1658,0.0917,1,0.132077
31,0.7800,10.9200,53.5800,-15.9600,0.1600,0.3390,0.3072,0.1000,0.4000,0.8000,0.4250,3.3128,-1.9360,5.4167,-0.9508,-0.9436,0.4250,2.6928,-1.9360,5.4167,-0.9508,-0.9436,32.9143,189.0286,320.2286,5.2666,64.0829,98.3728,5.00,3.00,2.00,0.0640,0.1724,0.0944,1,0.134178
31,0.8000,11.2000,53.8000,-15.6000,0.1601,0.3460,0.3110,0.1000,0.4000,0.8000,0.5333,3.2928,-1.9549,5.4167,-1.0472,-0.9436,0.5333,2.6728,-1.9549,5.4167,-1.0472,-0.9436,32.9143,189.0286,320.2286,5.2688,65.4094,99.5983,5.00,3.00,2.00,0.0641,0.1796,0.0967,1,0.136221
31,0.8200,11.4800,54.0200,-15.2400,0.1604,0.3534,0.3142,0.1000,0.4000,0.8000,0.6417,3.2709,-1.9738,5.4167,-1.1407,-0.9436,0.6417,2.6509,-1.9738,5.4167,-1.1407,-0.9436,32.9143,189.0286,320.2286,5.2804,66.7952,100.6295,5.00,3.00,2.00,0.0643,0.1873,0.0987,1,0.138164
31,0.8400,11.7600,54.2400,-14.8800,0.1611,0.3608,0.3168,0.1000,0.4000,0.8000,0.7500,3.2472,-1.9927,5.4167,-1.2311,-0.9436,0.7500,2.6272,-1.9927,5.4167,-1.2311,-0.9436,32.9143,189.0286,320.2286,5.3013,68.2092,101.4461,5.00,3.00,2.00,0.0649,0.1953,0.1004,1,0.139965
31,0.8600,12.0400,54.4600,-14.5200,0.1620,0.3683,0.3186,0.1000,0.4000,0.8000,0.8583,3.2217,-2.0115,5.4167,-1.3180,-0.9436,0.8583,2.6017,-2.0115,5.4167,-1.3180,-0.9436,32.9143,189.0286,320.2286,5.3311,69.6196,102.0321,5.00,3.00,2.00,0.0656,0.2035,0.1015,1,0.141586
31,0.8800,12.3200,54.6800,-14.1600,0.1631,0.3756,0.3197,0.1000,0.4000,0.8000,0.9667,3.1945,-2.0304,5.4167,-1.4014,-0.9436,0.9667,2.5745,-2.0304,5.4167,-1.4014,-0.9436,32.9143,189.0286,320.2286,5.3695,70.9948,102.3761,5.00,3.00,2.00,0.0665,0.2116,0.1022,1,0.142992
31,0.9000,0.0000,54.9000,-13.8000,0.0100,0.3825,0.3200,0.0000,0.4000,0.8000,1.0750,3.1657,-2.0493,5.4167,-1.4810,-0.9436,1.0750,2.5457,-2.0493,5.4167,-1.4810,-0.9436,0.0000,189.0286,320.2286,0.0000,72.3038,102.4713,5.00,3.00,2.00,0.0003,0.2195,0.1024,1,0.139820
31,0.9200,0.0000,55.1200,-13.4400,0.0100,0.3889,0.3195,0.0000,0.4000,0.8000,1.1833,3.1353,-2.0681,5.4167,-1.5564,-0.9436,1.1833,2.5153,-2.0681,5.4167,-1.5564,-0.9436,0.0000,189.0286,320.2286,0.0000,73.5174,102.3160,5.00,3.00,2.00,0.0003,0.2269,0.1021,1,0.140667
31,0.9400,0.0000,55.3400,-13.0800,0.0100,0.3947,0.3183,0.0000,0.4000,0.8000,1.2917,3.1035,-2.0870,5.4167,-1.6277,-0.9436,1.2917,2.4835,-2.0870,5.4167,-1.6277,-0.9436,0.0000,189.0286,320.2286,0.0000,74.6081,101.9130,5.00,3.00,2.00,0.0003,0.2337,0.1013,1,0.141217
31,0.9600,0.0000,55.5600,-30.0000,0.0100,0.3997,0.0200,0.0000,0.4000,0.0000,1.4000,3.0702,-2.1059,5.4167,-1.6944,-0.9436,1.4000,2.4502,-2.1059,5.4167,-1.6944,-0.9436,0.0000,189.0286,0.0000,0.0000,75.5516,0.0000,5.00,3.00,2.00,0.0003,0.2396,0.0004,1,0.060441
31,0.9800,0.0000,55.7800,-30.0000,0.0100,0.4038,0.0200,0.0000,0.4000,0.0000,1.5083,3.0357,-2.1248,5.4167,-1.7565,-0.9436,1.5083,2.4157,-2.1248,5.4167,-1.7565,-0.9436,0.0000,189.0286,0.0000,0.0000,76.3266,0.0000,5.00,3.00,2.00,0.0003,0.2446,0.0004,1,0.061061
31,1.0000,0.0000,45.0000,-30.0000,0.0100,0.0200,0.0200,0.0000,0.0000,0.0000,1.6167,3.0000,-2.1436,5.4167,-1.8138,-0.9436,1.6167,2.3800,-2.1436,5.4167,-1.8138,-0.9436,0.0000,0.0000,0.0000,0.0000,0.0000,0.0000,5.00,3.00,2.00,0.0003,0.0006,0.0004,1,0.000000
31,1.0200,0.0000,45.0000,-30.0000,0.0100,0.0200,0.0200,0.0000,0.0000,0.0000,1.7250,2.9632,-2.1625,5.4167,-1.8661,-0.9436,1.7250,2.3432,-2.1625,5.4167,-1.8661,-0.9436,0.0000,0.0000,0.0000,0.0000,0.0000,0.0000,5.00,3.00,2.00,0.0003,0.0006,0.0004,1,0.000000
31,1.0400,0.0000,45.0000,-30.0000,0.0100,0.0200,0.0200,0.0000,0.0000,0.0000,1.8333,2.9254,-2.1814,5.4167,-1.9133,-0.9436,1.8333,2.3054,-2.1814,5.4167,-1.9133,-0.9436,0.0000,0.0000,0.0000,0.0000,0.0000,0.0000,5.00,3.00,2.00,0.0003,0.0006,0.0004,1,0.000000
31,1.0600,0.0000,45.0000,-30.0000,0.0100,0.0200,0.0200,0.0000,0.0000,0.0000,1.9417,2.8867,-2.2002,5.4167,-1.9553,-0.9436,1.9417,2.2667,-2.2002,5.4167,-1.9553,-0.9436,0.0000,0.0000,0.0000,0.0000,0.0000,0.0000,5.00,3.00,2.00,0.0003,0.0006,0.0004,1,0.000000
31,1.0800,0.0000,45.0000,-30.0000,0.0100,0.0200,0.0200,0.0000,0.0000,0.0000,2.0500,2.8472,-2.2191,5.4167,-1.9919,-0.9436,2.0500,2.2272,-2.2191,5.4167,-1.9919,-0.9436,0.0000,0.0000,0.0000,0.0000,0.0000,0.0000,5.00,3.00,2.00,0.0003,0.0006,0.0004,1,0.000000
31,1.1000,0.0000,45.0000,-30.0000,0.0100,0.0200,0.0200,0.0000,0.0000,0.0000,2.1583,2.8071,-2.2380,5.4167,-2.0230,-0.9436,2.1583,2.1871,-2.2380,5.4167,-2.0230,-0.9436,0.0000,0.0000,0.0000,0.0000,0.0000,0.0000,5.00,3.00,2.00,0.0003,0.0006,0.0004,1,0.000000
31,1.1200,0.0000,45.0000,-30.0000,0.0100,0.0200,0.0200,0.0000,0.0000,0.0000,2.2667,2.7663,-2.2569,5.4167,-2.0486,-0.9436,2.2667,2.1463,-2.2569,5.4167,-2.0486,-0.9436,0.0000,0.0000,0.0000,0.0000,0.0000,0.0000,5.00,3.00,2.00,0.0003,0.0006,0.0004,1,0.000000
31,1.1400,0.0000,45.0000,-30.0000,0.0100,0.0200,0.0200,0.0000,0.0000,0.0000,2.3750,2.7251,-2.2757,5.4167,-2.0686,-0.9436,2.8424,0.7113,-2.2238,-0.0400,-0.0300,0.1270,0.0000,0.0000,0.0000,0.0000,0.0000,0.0000,5.00,3.00,2.00,0.0003,0.0006,0.0004,0,0.000000
31,1.1600,0.0000,45.0000,-30.0000,0.0100,0.0200,0.0200,0.0000,0.0000,0.0000,2.4833,2.6836,-2.2946,5.4167,-2.0829,-0.9436,2.7810,0.6951,-2.2928,-0.0535,-0.1201,-0.0560,0.0000,0.0000,0.0000,0.0000,0.0000,0.0000,5.00,3.00,2.00,0.0003,0.0006,0.0004,0,0.000000
31,1.1800,0.0000,45.0000,-30.0000,0.0100,0.0200,0.0200,0.0000,0.0000,0.0000,2.5917,2.6419,-2.3135,5.4167,-2.0915,-0.9436,2.5904,0.7419,-2.2000,-0.0248,-0.1784,0.0089,0.0000,0.0000,0.0000,0.0000,0.0000,0.0000,5.00,3.00,2.00,0.0003,0.0006,0.0004,0,0.000000
31,1.2000,0.0000,45.0000,-30.0000,0.0100,0.0200,0.0200,0.0000,0.0000,0.0000,2.7000,2.6000,-2.3324,0.0000,0.0000,0.0000,2.7697,0.7238,-2.4512,-0.0116,0.0272,-0.0135,0.0000,0.0000,0.0000,0.0000,0.0000,0.0000,5.00,3.00,2.00,0.0003,0.0006,0.0004,0,0.000000
31,1.2200,0.0000,45.0000,-30.0000,0.0100,0.0200,0.0200,0.0000,0.0000,0.0000,2.7000,2.6000,-2.3324,0.0000,0.0000,0.0000,2.8057,0.7220,-2.3157,-0.0827,-0.1604,0.0540,0.0000,0.0000,0.0000,0.0000,0.0000,0.0000,5.00,3.00,2.00,0.0003,0.0006,0.0004,0,0.000000
31,1.2400,0.0000,45.0000,-30.0000,0.0100,0.0200,0.0200,0.0000,0.0000,0.0000,2.7000,2.6000,-2.3324,0.0000,0.0000,0.0000,2.7531,0.7375,-2.2933,0.0708,-0.1301,0.0394,0.0000,0.0000,0.0000,0.0000,0.0000,0.0000,5.00,3.00,2.00,0.0003,0.0006,0.0004,0,0.000000
31,1.2600,0.0000,45.0000,-30.0000,0.0100,0.0200,0.0200,0.0000,0.0000,0.0000,2.7000,2.6000,-2.3324,0.0000,0.0000,0.0000,2.8063,0.7144,-2.2684,-0.0299,-0.0390,0.0840,0.0000,0.0000,0.0000,0.0000,0.0000,0.0000,5.00,3.00,2.00,0.0003,0.0006,0.0004,0,0.000000
31,1.2800,0.0000,45.0000,-30.0000,0.0100,0.0200,0.0200,0.0000,0.0000,0.0000,2.7000,2.6000,-2.3324,0.0000,0.0000,0.0000,2.7297,0.7317,-2.2988,0.0639,-0.0977,0.0239,0.0000,0.0000,0.0000,0.0000,0.0000,0.0000,5.00,3.00,2.00,0.0003,0.0006,0.0004,0,0.000000
31,1.3000,0.0000,45.0000,-30.0000,0.0100,0.0200,0.0200,0.0000,0.0000,0.0000,2.7000,2.6000,-2.3324,0.0000,0.0000,0.0000,2.7514,0.7068,-2.4131,0.0245,-0.0765,0.0446,0.0000,0.0000,0.0000,0.0000,0.0000,0.0000,5.00,3.00,2.00,0.0003,0.0006,0.0004,0,0.000000
31,1.3200,0.0000,45.0000,-30.0000,0.0100,0.0200,0.0200,0.0000,0.0000,0.0000,2.7000,2.6000,-2.3324,0.0000,0.0000,0.0000,2.7313,0.7192,-2.3489,-0.0164,-0.0508,-0.0426,0.0000,0.0000,0.0000,0.0000,0.0000,0.0000,5.00,3.00,2.00,0.0003,0.0006,0.0004,0,0.000000
31,1.3400,0.0000,45.0000,-30.0000,0.0100,0.0200,0.0200,0.0000,0.0000,0.0000,2.7000,2.6000,-2.3324,0.0000,0.0000,0.0000,2.6838,0.7231,-2.2706,0.0437,-0.0298,-0.0063,0.0000,0.0000,0.0000,0.0000,0.0000,0.0000,5.00,3.00,2.00,0.0003,0.0006,0.0004,0,0.000000
31,1.3600,0.0000,45.0000,-30.0000,0.0100,0.0200,0.0200,0.0000,0.0000,0.0000,2.7000,2.6000,-2.3324,0.0000,0.0000,0.0000,2.7153,0.7156,-2.3017,-0.0256,-0.0416,0.0272,0.0000,0.0000,0.0000,0.0000,0.0000,0.0000,5.00,3.00,2.00,0.0003,0.0006,0.0004,0,0.000000
31,1.3800,0.0000,45.0000,-30.0000,0.0100,0.0200,0.0200,0.0000,0.0000,0.0000,2.7000,2.6000,-2.3324,0.0000,0.0000,0.0000,2.7245,0.7185,-2.2864,-0.0319,-0.0027,-0.0334,0.0000,0.0000,0.0000,0.0000,0.0000,0.0000,5.00,3.00,2.00,0.0003,0.0006,0.0004,0,0.000000
31,1.4000,0.0000,45.0000,-30.0000,0.0100,0.0200,0.0200,0.0000,0.0000,0.0000,2.7000,2.6000,-2.3324,0.0000,0.0000,0.0000,2.7220,0.7136,-2.3484,0.0280,-0.0334,-0.0313,0.0000,0.0000,0.0000,0.0000,0.0000,0.0000,5.00,3.00,2.00,0.0003,0.0006,0.0004,0,0.000000
31,1.4200,0.0000,45.0000,-30.0000,0.0100,0.0200,0.0200,0.0000,0.0000,0.0000,2.7000,2.6000,-2.3324,0.0000,0.0000,0.0000,2.7119,0.7156,-2.3255,0.0183,-0.0338,0.0107,0.0000,0.0000,0.0000,0.0000,0.0000,0.0000,5.00,3.00,2.00,0.0003,0.0006,0.0004,0,0.000000
31,1.4400,0.0000,45.0000,-30.0000,0.0100,0.0200,0.0200,0.0000,0.0000,0.0000,2.7000,2.6000,-2.3324,0.0000,0.0000,0.0000,2.6920,0.7207,-2.3165,0.0037,0.0040,0.0162,0.0000,0.0000,0.0000,0.0000,0.0000,0.0000,5.00,3.00,2.00,0.0003,0.0006,0.0004,0,0.000000
31,1.4600,0.0000,45.0000,-30.0000,0.0100,0.0200,0.0200,0.0000,0.0000,0.0000,2.7000,2.6000,-2.3324,0.0000,0.0000,0.0000,2.6903,0.7209,-2.3369,-0.0046,-0.0096,0.0078,0.0000,0.0000,0.0000,0.0000,0.0000,0.0000,5.00,3.00,2.00,0.0003,0.0006,0.0004,0,0.000000
31,1.4800,0.0000,45.0000,-30.0000,0.0100,0.0200,0.0200,0.0000,0.0000,0.0000,2.7000,2.6000,-2.3324,0.0000,0.0000,0.0000,2.7000,0.7200,-2.3324,0.0000,0.0000,0.0000,0.0000,0.0000,0.0000,0.0000,0.0000,0.0000,5.00,3.00,2.00,0.0003,0.0006,0.0004,0,0.000000
31,1.5000,0.0000,45.0000,-30.0000,0.0100,0.0200,0.0200,0.0000,0.0000,0.0000,2.7000,2.6000,-2.3324,0.0000,0.0000,0.0000,2.6933,0.7197,-2.3357,0.0034,0.0038,0.0012,0.0000,0.0000,0.0000,0.0000,0.0000,0.0000,5.00,3.00,2.00,0.0003,0.0006,0.0004,0,0.000000
32,0.0200,1.1200,45.5500,-30.2700,0.1824,0.3675,0.3196,0.4000,1.0000,-0.6000,-3.6883,2.6419,-1.2056,5.5833,2.0915,-0.2782,3.0371,0.7178,-1.6050,0.1230,-0.1970,0.0060,130.7429,469.4286,238.6286,23.8467,172.5018,76.2678,5.00,3.00,2.00,0.0832,0.2026,0.1021,0,0.218093
32,0.0400,2.2400,46.1000,-30.5400,0.1848,0.3748,0.3184,0.4000,1.0000,-0.6000,-3.5767,2.6836,-1.2111,5.5833,2.0829,-0.2782,3.0195,0.7357,-1.6697,-0.1377,0.0331,0.0936,130.7429,469.4286,238.6286,24.1553,175.9306,75.9894,5.00,3.00,2.00,0.0853,0.2107,0.1014,0,0.220860
32,0.0600,3.3600,46.6500,-30.8100,0.1870,0.3817,0.3165,0.4000,1.0000,-0.6000,-3.4650,2.7251,-1.2167,5.5833,2.0686,-0.2782,3.0355,0.6981,-1.5485,0.1422,-0.2201,-0.1419,130.7429,469.4286,238.6286,24.4549,179.2035,75.5316,5.00,3.00,2.00,0.0875,0.2186,0.1002,0,0.223352
32,0.0800,4.4800,47.2000,-31.0800,0.1892,0.3882,0.3139,0.4000,1.0000,-0.6000,-3.3533,2.7663,-1.2223,5.5833,2.0486,-0.2782,3.0173,0.7232,-1.4375,-0.0499,-0.2402,0.0873,130.7429,469.4286,238.6286,24.7412,182.2473,74.9032,5.00,3.00,2.00,0.0895,0.2261,0.0985,0,0.225513
32,0.1000,5.6000,47.7500,-31.3500,0.1913,0.3941,0.3106,0.4000,1.0000,-0.6000,-3.2417,2.8071,-1.2278,5.5833,2.0230,-0.2782,2.8595,0.7151,-1.6637,0.0609,-0.2416,0.0239,130.7429,469.4286,238.6286,25.0102,184.9933,74.1165,5.00,3.00,2.00,0.0915,0.2330,0.0965,0,0.227296
32,0.1200,6.7200,48.3000,-31.6200,0.1932,0.3992,0.3067,0.4000,1.0000,-0.6000,-3.1300,2.8472,-1.2334,5.5833,1.9919,-0.2782,2.7370,0.6902,-1.7127,-0.0102,-0.0312,-0.0031,130.7429,469.4286,238.6286,25.2579,187.3801,73.1870,5.00,3.00,2.00,0.0933,0.2390,0.0941,0,0.228660
32,0.1400,7.8400,48.8500,-31.8900,0.1949,0.4034,0.3023,0.4000,1.0000,-0.6000,-3.0183,2.8867,-1.2389,5.5833,1.9553,-0.2782,2.9660,0.6964,-1.4986,0.0759,-0.1331,-0.0019,130.7429,469.4286,238.6286,25.4808,189.3539,72.1329,5.00,3.00,2.00,0.0950,0.2441,0.0914,0,0.229574
32,0.1600,8.9600,49.4000,-32.1600,0.1964,0.4066,0.2974,0.4000,1.0000,-0.6000,-2.9067,2.9254,-1.2445,5.5833,1.9133,-0.2782,3.0237,0.7408,-1.4986,0.0996,-0.1290,0.0851,130.7429,469.4286,238.6286,25.6758,190.8706,70.9747,5.00,3.00,2.00,0.0964,0.2480,0.0885,0,0.230017
32,0.1800,10.0800,49.9500,-32.4300,0.1976,0.4088,0.2922,0.4000,1.0000,-0.6000,-2.7950,2.9632,-1.2501,5.5833,1.8661,-0.2782,2.8827,0.7418,-1.5415,0.0421,-0.1084,-0.1350,130.7429,469.4286,238.6286,25.8399,191.8959,69.7351,5.00,3.00,2.00,0.0977,0.2507,0.0854,0,0.229977
32,0.2000,11.2000,50.5000,-32.7000,0.1986,0.4099,0.2868,0.4000,1.0000,-0.6000,-2.6833,3.0000,-1.2556,5.5833,1.8138,-0.2782,2.9582,0.7228,-1.5588,0.0034,-0.0932,0.0776,130.7429,469.4286,238.6286,25.9709,192.4069,68.4384,5.00,3.00,2.00,0.0986,0.2520,0.0823,0,0.229453
32,0.2200,12.3200,51.0500,-32.9700,0.1994,0.4098,0.2812,0.4000,1.0000,-0.6000,-2.5717,3.0357,-1.2612,5.5833,1.7565,-0.2782,2.8571,0.6977,-1.4495,0.0128,0.0481,0.1323,130.7429,469.4286,238.6286,26.0668,192.3921,67.1099,5.00,3.00,2.00,0.0994,0.2520,0.0791,0,0.228455
32,0.2400,13.4400,51.6000,-33.2400,0.1998,0.4087,0.2756,0.4000,1.0000,-0.6000,-2.4600,3.0702,-1.2668,5.5833,1.6944,-0.2782,3.0112,0.7146,-1.5678,0.1409,-0.1628,0.1477,130.7429,469.4286,238.6286,26.1262,191.8519,65.7757,5.00,3.00,2.00,0.0998,0.2505,0.0760,0,0.227003
32,0.2600,14.5600,52.1500,-33.5100,0.2000,0.4064,0.2701,0.4000,1.0000,-0.6000,-2.3483,3.1035,-1.2723,5.5833,1.6277,-0.2782,2.8744,0.6944,-1.6550,-0.0678,-0.1029,-0.0943,130.7429,469.4286,238.6286,26.1484,190.7983,64.4619,5.00,3.00,2.00,0.1000,0.2478,0.0730,0,0.225127
32,0.2800,15.6800,52.7000,-33.7800,0.1999,0.4032,0.2648,0.4000,1.0000,-0.6000,-2.2367,3.1353,-1.2779,5.5833,1.5564,-0.2782,2.7896,0.7233,-1.7086,-0.0433,-0.1747,-0.1006,130.7429,469.4286,238.6286,26.1330,189.2550,63.1941,5.00,3.00,2.00,0.0999,0.2438,0.0701,0,0.222866
32,0.3000,16.8000,53.2500,-34.0500,0.1995,0.3989,0.2598,0.4000,1.0000,-0.6000,-2.1250,3.1657,-1.2835,5.5833,1.4810,-0.2782,2.7564,0.7144,-1.5228,0.1359,-0.0087,-0.0953,130.7429,469.4286,238.6286,26.0802,187.2568,61.9972,5.00,3.00,2.00,0.0995,0.2387,0.0675,0,0.220267
32,0.3200,17.9200,53.8000,-34.3200,0.1988,0.3938,0.2552,0.4000,1.0000,-0.6000,-2.0133,3.1945,-1.2890,5.5833,1.4014,-0.2782,2.7412,0.7003,-1.5033,0.1018,-0.1383,-0.0719,130.7429,469.4286,238.6286,25.9908,184.8484,60.8946,5.00,3.00,2.00,0.0988,0.2326,0.0651,0,0.217387
32,0.3400,19.0400,54.3500,-34.5900,0.1978,0.3879,0.2511,0.4000,1.0000,-0.6000,-1.9017,3.2217,-1.2946,5.5833,1.3180,-0.2782,2.9934,0.7081,-1.4066,0.0471,-0.2431,0.1479,130.7429,469.4286,238.6286,25.8660,182.0839,59.9078,5.00,3.00,2.00,0.0979,0.2257,0.0630,0,0.214286
32,0.3600,5.0400,54.9000,-34.8600,0.1966,0.3814,0.2475,0.1000,1.0000,-0.6000,-1.7900,3.2472,-1.3001,5.5833,1.2311,-0.2782,2.8561,0.7189,-1.5077,-0.0041,-0.1866,-0.0302,32.6857,469.4286,238.6286,6.4269,179.0255,59.0563,5.00,3.00,2.00,0.0967,0.2182,0.0612,0,0.195607
32,0.3800,5.3200,55.4500,-35.1300,0.1952,0.3744,0.2445,0.1000,1.0000,-0.6000,-1.6783,3.2709,-1.3057,5.5833,1.1407,-0.2782,3.0391,0.7133,-1.6934,-0.0765,-0.1546,0.1401,32.6857,469.4286,238.6286,6.3795,175.7418,58.3565,5.00,3.00,2.00,0.0952,0.2102,0.0598,0,0.192382
32,0.4000,5.6000,56.0000,-35.4000,0.1935,0.3671,0.2423,0.1000,1.0000,-0.6000,-1.5667,3.2928,-1.3113,5.5833,1.0472,-0.2782,2.9879,0.6915,-1.3977,0.0209,-0.1175,0.0260,32.6857,469.4286,238.6286,6.3250,172.3066,57.8224,5.00,3.00,2.00,0.0936,0.2021,0.0587,0,0.189163
32,0.4200,5.8800,56.5500,-35.6700,0.1916,0.3596,0.2408,0.1000,1.0000,-0.6000,-1.4550,3.3128,-1.3168,5.5833,0.9508,-0.2782,2.8677,0.7414,-1.4955,-0.0830,0.0232,-0.1144,32.6857,469.4286,238.6286,6.2641,168.7970,57.4642,5.00,3.00,2.00,0.0918,0.1939,0.0580,0,0.186020
32,0.4400,6.1600,57.1000,-22.0800,0.1896,0.3521,0.2401,0.1000,1.0000,0.8000,-1.3433,3.3308,-1.3224,5.5833,0.8519,-0.2782,-1.3433,2.7108,-1.3224,5.5833,0.8519,-0.2782,32.6857,469.4286,318.1714,6.1977,165.2918,76.3853,5.00,3.00,2.00,0.0899,0.1860,0.0576,1,0.198300
32,0.4600,6.4400,57.6500,-21.7200,0.1874,0.3448,0.2401,0.1000,1.0000,0.8000,-1.2317,3.3469,-1.3280,5.5833,0.7506,-0.2782,-1.2317,2.7269,-1.3280,5.5833,0.7506,-0.2782,32.6857,469.4286,318.1714,6.1269,161.8697,76.4002,5.00,3.00,2.00,0.0878,0.1784,0.0577,1,0.195517
32,0.4800,6.7200,58.2000,-21.3600,0.1852,0.3379,0.2410,0.1000,1.0000,0.8000,-1.1200,3.3608,-1.3335,5.5833,0.6472,-0.2782,-1.1200,2.7408,-1.3335,5.5833,0.6472,-0.2782,32.6857,469.4286,318.1714,6.0525,158.6077,76.6635,5.00,3.00,2.00,0.0857,0.1712,0.0581,1,0.193059
32,0.5000,7.0000,50.5000,-21.0000,0.1828,0.3314,0.2425,0.1000,0.4000,0.8000,-1.0083,3.3727,-1.3391,5.5833,0.5421,-0.2782,-1.0083,2.7527,-1.3391,5.5833,0.5421,-0.2782,32.6857,187.7714,318.1714,5.9757,62.2316,77.1698,5.00,3.00,2.00,0.0836,0.1648,0.0588,1,0.116302
32,0.5200,7.2800,50.7200,-20.6400,0.1804,0.3256,0.2449,0.1000,0.4000,0.8000,-0.8967,3.3825,-1.3446,5.5833,0.4354,-0.2782,-0.8967,2.7625,-1.3446,5.5833,0.4354,-0.2782,32.6857,187.7714,318.1714,5.8975,61.1406,77.9094,5.00,3.00,2.00,0.0814,0.1590,0.0600,1,0.115958
32,0.5400,7.5600,50.9400,-20.2800,0.1780,0.3206,0.2479,0.1000,0.4000,0.8000,-0.7850,3.3902,-1.3502,5.5833,0.3276,-0.2782,-0.7850,2.7702,-1.3502,5.5833,0.3276,-0.2782,32.6857,187.7714,318.1714,5.8192,60.1946,78.8677,5.00,3.00,2.00,0.0792,0.1542,0.0614,1,0.115905
32,0.5600,7.8400,51.1600,-19.9200,0.1757,0.3164,0.2515,0.1000,0.4000,0.8000,-0.6733,3.3956,-1.3558,5.5833,0.2189,-0.2782,-0.6733,2.7756,-1.3558,5.5833,0.2189,-0.2782,32.6857,187.7714,318.1714,5.7418,59.4149,80.0261,5.00,3.00,2.00,0.0771,0.1502,0.0633,1,0.116146
32,0.5800,8.1200,51.3800,-19.5600,0.1734,0.3132,0.2557,0.1000,0.4000,0.8000,-0.5617,3.3989,-1.3613,5.5833,0.1096,-0.2782,-0.5617,2.7789,-1.3613,5.5833,0.1096,-0.2782,32.6857,187.7714,318.1714,5.6664,58.8189,81.3617,5.00,3.00,2.00,0.0751,0.1472,0.0654,1,0.116678
32,0.6000,8.4000,51.6000,-19.2000,0.1711,0.3111,0.2604,0.1000,0.4000,0.8000,-0.4500,3.4000,-1.3669,5.5833,0.0000,-0.2782,-0.4500,2.7800,-1.3669,5.5833,0.0000,-0.2782,32.6857,187.7714,318.1714,5.5941,58.4201,82.8485,5.00,3.00,2.00,0.0732,0.1452,0.0678,1,0.117490
32,0.6200,8.6800,51.8200,-18.8400,0.1691,0.3101,0.2654,0.1000,0.4000,0.8000,-0.3383,3.3989,-1.3725,5.5833,-0.1096,-0.2782,-0.3383,2.7789,-1.3725,5.5833,-0.1096,-0.2782,32.6857,187.7714,318.1714,5.5260,58.2274,84.4574,5.00,3.00,2.00,0.0715,0.1442,0.0705,1,0.118569
32,0.6400,8.9600,52.0400,-18.4800,0.1671,0.3102,0.2708,0.1000,0.4000,0.8000,-0.2267,3.3956,-1.3780,5.5833,-0.2189,-0.2782,-0.2267,2.7756,-1.3780,5.5833,-0.2189,-0.2782,32.6857,187.7714,318.1714,5.4631,58.2452,86.1570,5.00,3.00,2.00,0.0698,0.1443,0.0733,1,0.119892
32,0.6600,9.2400,52.2600,-18.1200,0.1654,0.3114,0.2763,0.1000,0.4000,0.8000,-0.1150,3.3902,-1.3836,5.5833,-0.3276,-0.2782,-0.1150,2.7702,-1.3836,5.5833,-0.3276,-0.2782,32.6857,187.7714,318.1714,5.4062,58.4729,87.9139,5.00,3.00,2.00,0.0684,0.1455,0.0763,1,0.121434
32,0.6800,9.5200,52.4800,-17.7600,0.1639,0.3137,0.2819,0.1000,0.4000,0.8000,-0.0033,3.3825,-1.3892,5.5833,-0.4354,-0.2782,-0.0033,2.7625,-1.3892,5.5833,-0.4354,-0.2782,32.6857,187.7714,318.1714,5.3561,58.9056,89.6937,5.00,3.00,2.00,0.0671,0.1476,0.0795,1,0.123164
32,0.7000,9.8000,52.7000,-17.4000,0.1626,0.3171,0.2875,0.1000,0.4000,0.8000,0.1083,3.3727,-1.3947,5.5833,-0.5421,-0.2782,0.1083,2.7527,-1.3947,5.5833,-0.5421,-0.2782,32.6857,187.7714,318.1714,5.3137,59.5335,91.4617,5.00,3.00,2.00,0.0661,0.1508,0.0826,1,0.125047
32,0.7200,10.0800,52.9200,-17.0400,0.1615,0.3214,0.2929,0.1000,0.4000,0.8000,0.2200,3.3608,-1.4003,5.5833,-0.6472,-0.2782,0.2200,2.7408,-1.4003,5.5833,-0.6472,-0.2782,32.6857,187.7714,318.1714,5.2794,60.3426,93.1833,5.00,3.00,2.00,0.0652,0.1549,0.0858,1,0.127044
32,0.7400,10.3600,53.1400,-16.6800,0.1607,0.3265,0.2980,0.1000,0.4000,0.8000,0.3317,3.3469,-1.4058,5.5833,-0.7506,-0.2782,0.3317,2.7269,-1.4058,5.5833,-0.7506,-0.2782,32.6857,187.7714,318.1714,5.2538,61.3145,94.8247,5.00,3.00,2.00,0.0646,0.1599,0.0888,1,0.129114
32,0.7600,10.6400,53.3600,-16.3200,0.1602,0.3325,0.3028,0.1000,0.4000,0.8000,0.4433,3.3308,-1.4114,5.5833,-0.8519,-0.2782,0.4433,2.7108,-1.4114,5.5833,-0.8519,-0.2782,32.6857,187.7714,318.1714,5.2373,62.4276,96.3539,5.00,3.00,2.00,0.0642,0.1658,0.0917,1,0.131215
32,0.7800,10.9200,53.5800,-15.9600,0.1600,0.3390,0.3072,0.1000,0.4000,0.8000,0.5550,3.3128,-1.4170,5.5833,-0.9508,-0.2782,0.5550,2.6928,-1.4170,5.5833,-0.9508,-0.2782,32.6857,187.7714,318.1714,5.2301,63.6567,97.7408,5.00,3.00,2.00,0.0640,0.1724,0.0944,1,0.133302
32,0.8000,11.2000,53.8000,-15.6000,0.1601,0.3460,0.3110,0.1000,0.4000,0.8000,0.6667,3.2928,-1.4225,5.5833,-1.0472,-0.2782,0.6667,2.6728,-1.4225,5.5833,-1.0472,-0.2782,32.6857,187.7714,318.1714,5.2322,64.9744,98.9585,5.00,3.00,2.00,0.0641,0.1796,0.0967,1,0.135332
32,0.8200,11.4800,54.0200,-15.2400,0.1604,0.3534,0.3142,0.1000,0.4000,0.8000,0.7783,3.2709,-1.4281,5.5833,-1.1407,-0.2782,0.7783,2.6509,-1.4281,5.5833,-1.1407,-0.2782,32.6857,187.7714,318.1714,5.2438,66.3510,99.9830,5.00,3.00,2.00,0.0643,0.1873,0.0987,1,0.137262
32,0.8400,11.7600,54.2400,-14.8800,0.1611,0.3608,0.3168,0.1000,0.4000,0.8000,0.8900,3.2472,-1.4337,5.5833,-1.2311,-0.2782,0.8900,2.6272,-1.4337,5.5833,-1.2311,-0.2782,32.6857,187.7714,318.1714,5.2645,67.7556,100.7944,5.00,3.00,2.00,0.0649,0.1953,0.1004,1,0.139052
32,0.8600,12.0400,54.4600,-14.5200,0.1620,0.3683,0.3186,0.1000,0.4000,0.8000,1.0017,3.2217,-1.4392,5.5833,-1.3180,-0.2782,1.0017,2.6017,-1.4392,5.5833,-1.3180,-0.2782,32.6857,187.7714,318.1714,5.2941,69.1566,101.3766,5.00,3.00,2.00,0.0656,0.2035,0.1015,1,0.140662
32,0.8800,12.3200,54.6800,-14.1600,0.1631,0.3756,0.3197,0.1000,0.4000,0.8000,1.1133,3.1945,-1.4448,5.5833,-1.4014,-0.2782,1.1133,2.5745,-1.4448,5.5833,-1.4014,-0.2782,32.6857,187.7714,318.1714,5.3322,70.5226,101.7184,5.00,3.00,2.00,0.0665,0.2116,0.1022,1,0.142059
32,0.9000,0.0000,54.9000,-13.8000,0.0100,0.3825,0.3200,0.0000,0.4000,0.8000,1.2250,3.1657,-1.4504,5.5833,-1.4810,-0.2782,1.2250,2.5457,-1.4504,5.5833,-1.4810,-0.2782,0.0000,187.7714,318.1714,0.0000,71.8230,101.8131,5.00,3.00,2.00,0.0003,0.2195,0.1024,1,0.138909
32,0.9200,0.0000,55.1200,-13.4400,0.0100,0.3889,0.3195,0.0000,0.4000,0.8000,1.3367,3.1353,-1.4559,5.5833,-1.5564,-0.2782,1.3367,2.5153,-1.4559,5.5833,-1.5564,-0.2782,0.0000,187.7714,318.1714,0.0000,73.0284,101.6587,5.00,3.00,2.00,0.0003,0.2269,0.1021,1,0.139750
32,0.9400,0.0000,55.3400,-13.0800,0.0100,0.3947,0.3183,0.0000,0.4000,0.8000,1.4483,3.1035,-1.4615,5.5833,-1.6277,-0.2782,1.4483,2.4835,-1.4615,5.5833,-1.6277,-0.2782,0.0000,187.7714,318.1714,0.0000,74.1119,101.2583,5.00,3.00,2.00,0.0003,0.2337,0.1013,1,0.140296
32,0.9600,0.0000,55.5600,-30.0000,0.0100,0.3997,0.0200,0.0000,0.4000,0.0000,1.5600,3.0702,-1.4670,5.5833,-1.6944,-0.2782,1.5600,2.4502,-1.4670,5.5833,-1.6944,-0.2782,0.0000,187.7714,0.0000,0.0000,75.0491,0.0000,5.00,3.00,2.00,0.0003,0.2396,0.0004,1,0.060039
32,0.9800,0.0000,55.7800,-30.0000,0.0100,0.4038,0.0200,0.0000,0.4000,0.0000,1.6717,3.0357,-1.4726,5.5833,-1.7565,-0.2782,1.6717,2.4157,-1.4726,5.5833,-1.7565,-0.2782,0.0000,187.7714,0.0000,0.0000,75.8190,0.0000,5.00,3.00,2.00,0.0003,0.2446,0.0004,1,0.060655
32,1.0000,0.0000,45.0000,-30.0000,0.0100,0.0200,0.0200,0.0000,0.0000,0.0000,1.7833,3.0000,-1.4782,5.5833,-1.8138,-0.2782,1.7833,2.3800,-1.4782,5.5833,-1.8138,-0.2782,0.0000,0.0000,0.0000,0.0000,0.0000,0.0000,5.00,3.00,2.00,0.0003,0.0006,0.0004,1,0.000000
32,1.0200,0.0000,45.0000,-30.0000,0.0100,0.0200,0.0200,0.0000,0.0000,0.0000,1.8950,2.9632,-1.4837,5.5833,-1.8661,-0.2782,1.8950,2.3432,-1.4837,5.5833,-1.8661,-0.2782,0.0000,0.0000,0.0000,0.0000,0.0000,0.0000,5.00,3.00,2.00,0.0003,0.0006,0.0004,1,0.000000
32,1.0400,0.0000,45.0000,-30.0000,0.0100,0.0200,0.0200,0.0000,0.0000,0.0000,2.0067,2.9254,-1.4893,5.5833,-1.9133,-0.2782,2.0067,2.3054,-1.4893,5.5833,-1.9133,-0.2782,0.0000,0.0000,0.0000,0.0000,0.0000,0.0000,5.00,3.00,2.00,0.0003,0.0006,0.0004,1,0.000000
32,1.0600,0.0000,45.0000,-30.0000,0.0100,0.0200,0.0200,0.0000,0.0000,0.0000,2.1183,2.8867,-1.4949,5.5833,-1.9553,-0.2782,2.1183,2.2667,-1.4949,5.5833,-1.9553,-0.2782,0.0000,0.0000,0.0000,0.0000,0.0000,0.0000,5.00,3.00,2.00,0.0003,0.0006,0.0004,1,0.000000
32,1.0800,0.0000,45.0000,-30.0000,0.0100,0.0200,0.0200,0.0000,0.0000,0.0000,2.2300,2.8472,-1.5004,5.5833,-1.9919,-0.2782,2.2300,2.2272,-1.5004,5.5833,-1.9919,-0.2782,0.0000,0.0000,0.0000,0.0000,0.0000,0.0000,5.00,3.00,2.00,0.0003,0.0006,0.0004,1,0.000000
32,1.1000,0.0000,45.0000,-30.0000,0.0100,0.0200,0.0200,0.0000,0.0000,0.0000,2.3417,2.8071,-1.5060,5.5833,-2.0230,-0.2782,2.3417,2.1871,-1.5060,5.5833,-2.0230,-0.2782,0.0000,0.0000,0.0000,0.0000,0.0000,0.0000,5.00,3.00,2.00,0.0003,0.0006,0.0004,1,0.000000
32,1.1200,0.0000,45.0000,-30.0000,0.0100,0.0200,0.0200,0.0000,0.0000,0.0000,2.4533,2.7663,-1.5115,5.5833,-2.0486,-0.2782,2.4533,2.1463,-1.5115,5.5833,-2.0486,-0.2782,0.0000,0.0000,0.0000,0.0000,0.0000,0.0000,5.00,3.00,2.00,0.0003,0.0006,0.0004,1,0.000000
32,1.1400,0.0000,45.0000,-30.0000,0.0100,0.0200,0.0200,0.0000,0.0000,0.0000,2.5650,2.7251,-1.5171,5.5833,-2.0686,-0.2782,2.8686,0.7251,-1.4656,0.1142,-0.0903,-0.0880,0.0000,0.0000,0.0000,0.0000,0.0000,0.0000,5.00,3.00,2.00,0.0003,0.0006,0.0004,0,0.000000
32,1.1600,0.0000,45.0000,-30.0000,0.0100,0.0200,0.0200,0.0000,0.0000,0.0000,2.6767,2.6836,-1.5227,5.5833,-2.0829,-0.2782,2.8464,0.7219,-1.5234,-0.1276,0.0385,0.0717,0.0000,0.0000,0.0000,0.0000,0.0000,0.0000,5.00,3.00,2.00,0.0003,0.0006,0.0004,0,0.000000
32,1.1800,0.0000,45.0000,-30.0000,0.0100,0.0200,0.0200,0.0000,0.0000,0.0000,2.7883,2.6419,-1.5282,5.5833,-2.0915,-0.2782,2.9276,0.7257,-1.6250,-0.0922,-0.1917,-0.0208,0.0000,0.0000,0.0000,0.0000,0.0000,0.0000,5.00,3.00,2.00,0.0003,0.0006,0.0004,0,0.000000
32,1.2000,0.0000,45.0000,-30.0000,0.0100,0.0200,0.0200,0.0000,0.0000,0.0000,2.9000,2.6000,-1.5338,0.0000,0.0000,0.0000,2.7952,0.7347,-1.4346,0.0275,-0.1723,-0.0357,0.0000,0.0000,0.0000,0.0000,0.0000,0.0000,5.00,3.00,2.00,0.0003,0.0006,0.0004,0,0.000000
32,1.2200,0.0000,45.0000,-30.0000,0.0100,0.0200,0.0200,0.0000,0.0000,0.0000,2.9000,2.6000,-1.5338,0.0000,0.0000,0.0000,2.8694,0.7066,-1.4404,-0.0506,-0.1271,-0.0721,0.0000,0.0000,0.0000,0.0000,0.0000,0.0000,5.00,3.00,2.00,0.0003,0.0006,0.0004,0,0.000000
32,1.2400,0.0000,45.0000,-30.0000,0.0100,0.0200,0.0200,0.0000,0.0000,0.0000,2.9000,2.6000,-1.5338,0.0000,0.0000,0.0000,2.8728,0.7062,-1.5166,-0.0092,-0.1509,0.0243,0.0000,0.0000,0.0000,0.0000,0.0000,0.0000,5.00,3.00,2.00,0.0003,0.0006,0.0004,0,0.000000
32,1.2600,0.0000,45.0000,-30.0000,0.0100,0.0200,0.0200,0.0000,0.0000,0.0000,2.9000,2.6000,-1.5338,0.0000,0.0000,0.0000,2.9437,0.7377,-1.4518,0.0673,0.0145,0.0516,0.0000,0.0000,0.0000,0.0000,0.0000,0.0000,5.00,3.00,2.00,0.0003,0.0006,0.0004,0,0.000000
32,1.2800,0.0000,45.0000,-30.0000,0.0100,0.0200,0.0200,0.0000,0.0000,0.0000,2.9000,2.6000,-1.5338,0.0000,0.0000,0.0000,2.8869,0.7274,-1.6243,-0.0651,0.0240,0.0545,0.0000,0.0000,0.0000,0.0000,0.0000,0.0000,5.00,3.00,2.00,0.0003,0.0006,0.0004,0,0.000000
32,1.3000,0.0000,45.0000,-30.0000,0.0100,0.0200,0.0200,0.0000,0.0000,0.0000,2.9000,2.6000,-1.5338,0.0000,0.0000,0.0000,2.8803,0.7134,-1.4817,-0.0465,-0.1103,-0.0605,0.0000,0.0000,0.0000,0.0000,0.0000,0.0000,5.00,3.00,2.00,0.0003,0.0006,0.0004,0,0.000000
32,1.3200,0.0000,45.0000,-30.0000,0.0100,0.0200,0.0200,0.0000,0.0000,0.0000,2.9000,2.6000,-1.5338,0.0000,0.0000,0.0000,2.8623,0.7277,-1.5346,-0.0195,-0.0417,-0.0233,0.0000,0.0000,0.0000,0.0000,0.0000,0.0000,5.00,3.00,2.00,0.0003,0.0006,0.0004,0,0.000000
32,1.3400,0.0000,45.0000,-30.0000,0.0100,0.0200,0.0200,0.0000,0.0000,0.0000,2.9000,2.6000,-1.5338,0.0000,0.0000,0.0000,2.8762,0.7099,-1.5632,-0.0157,-0.0231,0.0377,0.0000,0.0000,0.0000,0.0000,0.0000,0.0000,5.00,3.00,2.00,0.0003,0.0006,0.0004,0,0.000000
32,1.3600,0.0000,45.0000,-30.0000,0.0100,0.0200,0.0200,0.0000,0.0000,0.0000,2.9000,2.6000,-1.5338,0.0000,0.0000,0.0000,2.8637,0.7128,-1.5295,0.0074,-0.0401,-0.0417,0.0000,0.0000,0.0000,0.0000,0.0000,0.0000,5.00,3.00,2.00,0.0003,0.0006,0.0004,0,0.000000
32,1.3800,0.0000,45.0000,-30.0000,0.0100,0.0200,0.0200,0.0000,0.0000,0.0000,2.9000,2.6000,-1.5338,0.0000,0.0000,0.0000,2.9044,0.7160,-1.4936,-0.0356,-0.0542,-0.0106,0.0000,0.0000,0.0000,0.0000,0.0000,0.0000,5.00,3.00,2.00,0.0003,0.0006,0.0004,0,0.000000
32,1.4000,0.0000,45.0000,-30.0000,0.0100,0.0200,0.0200,0.0000,0.0000,0.0000,2.9000,2.6000,-1.5338,0.0000,0.0000,0.0000,2.8840,0.7170,-1.5568,-0.0312,0.0028,0.0312,0.0000,0.0000,0.0000,0.0000,0.0000,0.0000,5.00,3.00,2.00,0.0003,0.0006,0.0004,0,0.000000
32,1.4200,0.0000,45.0000,-30.0000,0.0100,0.0200,0.0200,0.0000,0.0000,0.0000,2.9000,2.6000,-1.5338,0.0000,0.0000,0.0000,2.8927,0.7170,-1.5604,-0.0012,-0.0322,-0.0106,0.0000,0.0000,0.0000,0.0000,0.0000,0.0000,5.00,3.00,2.00,0.0003,0.0006,0.0004,0,0.000000
32,1.4400,0.0000,45.0000,-30.0000,0.0100,0.0200,0.0200,0.0000,0.0000,0.0000,2.9000,2.6000,-1.5338,0.0000,0.0000,0.0000,2.8851,0.7190,-1.5353,0.0016,-0.0099,0.0116,0.0000,0.0000,0.0000,0.0000,0.0000,0.0000,5.00,3.00,2.00,0.0003,0.0006,0.0004,0,0.000000
32,1.4600,0.0000,45.0000,-30.0000,0.0100,0.0200,0.0200,0.0000,0.0000,0.0000,2.9000,2.6000,-1.5338,0.0000,0.0000,0.0000,2.8998,0.7186,-1.5421,-0.0046,0.0013,0.0057,0.0000,0.0000,0.0000,0.0000,0.0000,0.0000,5.00,3.00,2.00,0.0003,0.0006,0.0004,0,0.000000
32,1.4800,0.0000,45.0000,-30.0000,0.0100,0.0200,0.0200,0.0000,0.0000,0.0000,2.9000,2.6000,-1.5338,0.0000,0.0000,0.0000,2.9000,0.7200,-1.5338,0.0000,0.0000,0.0000,0.0000,0.0000,0.0000,0.0000,0.0000,0.0000,5.00,3.00,2.00,0.0003,0.0006,0.0004,0,0.000000
32,1.5000,0.0000,45.0000,-30.0000,0.0100,0.0200,0.0200,0.0000,0.0000,0.0000,2.9000,2.6000,-1.5338,0.0000,0.0000,0.0000,2.9061,0.7210,-1.5359,0.0063,0.0130,0.0042,0.0000,0.0000,0.0000,0.0000,0.0000,0.0000,5.00,3.00,2.00,0.0003,0.0006,0.0004,0,0.000000
33,0.0200,1.1200,45.5500,-30.2700,0.1824,0.3675,0.3196,0.4000,1.0000,-0.6000,-3.6850,2.6419,-1.1926,5.7500,2.0915,0.3718,2.9605,0.7079,-0.8654,-0.0533,0.0463,-0.0186,129.8286,466.2857,237.0857,23.6800,171.3469,75.7746,5.00,3.00,2.00,0.0832,0.2026,0.1021,0,0.216641
33,0.0400,2.2400,46.1000,-30.5400,0.1848,0.3748,0.3184,0.4000,1.0000,-0.6000,-3.5700,2.6836,-1.1851,5.7500,2.0829,0.3718,3.1958,0.7333,-0.5923,-0.0758,-0.1157,-0.1239,129.8286,466.2857,237.0857,23.9864,174.7527,75.4981,5.00,3.00,2.00,0.0853,0.2107,0.1014,0,0.219390
33,0.0600,3.3600,46.6500,-30.8100,0.1870,0.3817,0.3165,0.4000,1.0000,-0.6000,-3.4550,2.7251,-1.1777,5.7500,2.0686,0.3718,3.1432,0.7497,-0.6742,-0.1335,-0.0758,-0.1158,129.8286,466.2857,237.0857,24.2838,178.0038,75.0432,5.00,3.00,2.00,0.0875,0.2186,0.1002,0,0.221865
33,0.0800,4.4800,47.2000,-31.0800,0.1892,0.3882,0.3139,0.4000,1.0000,-0.6000,-3.3400,2.7663,-1.1703,5.7500,2.0486,0.3718,3.0225,0.6945,-0.8038,-0.0380,-0.0276,-0.1322,129.8286,466.2857,237.0857,24.5682,181.0271,74.4189,5.00,3.00,2.00,0.0895,0.2261,0.0985,0,0.224011
33,0.1000,5.6000,47.7500,-31.3500,0.1913,0.3941,0.3106,0.4000,1.0000,-0.6000,-3.2250,2.8071,-1.1628,5.7500,2.0230,0.3718,2.9636,0.7303,-0.7355,-0.0848,-0.1660,0.1492,129.8286,466.2857,237.0857,24.8353,183.7548,73.6373,5.00,3.00,2.00,0.0915,0.2330,0.0965,0,0.225782
33,0.1200,6.7200,48.3000,-31.6200,0.1932,0.3992,0.3067,0.4000,1.0000,-0.6000,-3.1100,2.8472,-1.1554,5.7500,1.9919,0.3718,3.1655,0.6903,-0.8289,-0.0853,-0.1194,-0.0783,129.8286,466.2857,237.0857,25.0813,186.1256,72.7138,5.00,3.00,2.00,0.0933,0.2390,0.0941,0,0.227137
33,0.1400,7.8400,48.8500,-31.8900,0.1949,0.4034,0.3023,0.4000,1.0000,-0.6000,-2.9950,2.8867,-1.1479,5.7500,1.9553,0.3718,3.1563,0.7002,-0.9045,0.0449,-0.1125,-0.0930,129.8286,466.2857,237.0857,25.3027,188.0862,71.6665,5.00,3.00,2.00,0.0950,0.2441,0.0914,0,0.228044
33,0.1600,8.9600,49.4000,-32.1600,0.1964,0.4066,0.2974,0.4000,1.0000,-0.6000,-2.8800,2.9254,-1.1405,5.7500,1.9133,0.3718,3.2405,0.6926,-0.8012,0.0778,-0.2241,0.0450,129.8286,466.2857,237.0857,25.4962,189.5927,70.5158,5.00,3.00,2.00,0.0964,0.2480,0.0885,0,0.228484
33,0.1800,10.0800,49.9500,-32.4300,0.1976,0.4088,0.2922,0.4000,1.0000,-0.6000,-2.7650,2.9632,-1.1331,5.7500,1.8661,0.3718,2.9626,0.6984,-0.7138,-0.0022,0.0013,0.1438,129.8286,466.2857,237.0857,25.6592,190.6112,69.2842,5.00,3.00,2.00,0.0977,0.2507,0.0854,0,0.228444
33,0.2000,11.2000,50.5000,-32.7000,0.1986,0.4099,0.2868,0.4000,1.0000,-0.6000,-2.6500,3.0000,-1.1256,5.7500,1.8138,0.3718,3.2390,0.7343,-0.7334,-0.1108,-0.1897,-0.0552,129.8286,466.2857,237.0857,25.7892,191.1187,67.9959,5.00,3.00,2.00,0.0986,0.2520,0.0823,0,0.227923
33,0.2200,12.3200,51.0500,-32.9700,0.1994,0.4098,0.2812,0.4000,1.0000,-0.6000,-2.5350,3.0357,-1.1182,5.7500,1.7565,0.3718,3.2394,0.7229,-0.7748,0.1354,-0.0804,-0.0169,129.8286,466.2857,237.0857,25.8845,191.1041,66.6760,5.00,3.00,2.00,0.0994,0.2520,0.0791,0,0.226932
33,0.2400,13.4400,51.6000,-33.2400,0.1998,0.4087,0.2756,0.4000,1.0000,-0.6000,-2.4200,3.0702,-1.1108,5.7500,1.6944,0.3718,3.2065,0.7143,-0.7321,-0.0054,-0.1305,-0.0266,129.8286,466.2857,237.0857,25.9435,190.5674,65.3504,5.00,3.00,2.00,0.0998,0.2505,0.0760,0,0.225489
33,0.2600,14.5600,52.1500,-33.5100,0.2000,0.4064,0.2701,0.4000,1.0000,-0.6000,-2.3050,3.1035,-1.1033,5.7500,1.6277,0.3718,2.9317,0.7281,-0.7120,-0.0987,-0.1051,0.0593,129.8286,466.2857,237.0857,25.9656,189.5209,64.0451,5.00,3.00,2.00,0.1000,0.2478,0.0730,0,0.223625
33,0.2800,15.6800,52.7000,-33.7800,0.1999,0.4032,0.2648,0.4000,1.0000,-0.6000,-2.1900,3.1353,-1.0959,5.7500,1.5564,0.3718,3.1687,0.7117,-0.7232,0.1202,-0.2203,-0.1080,129.8286,466.2857,237.0857,25.9502,187.9880,62.7855,5.00,3.00,2.00,0.0999,0.2438,0.0701,0,0.221379
33,0.3000,16.8000,53.2500,-34.0500,0.1995,0.3989,0.2598,0.4000,1.0000,-0.6000,-2.0750,3.1657,-1.0885,5.7500,1.4810,0.3718,3.0590,0.7014,-0.8739,-0.0563,-0.1511,0.0589,129.8286,466.2857,237.0857,25.8978,186.0031,61.5963,5.00,3.00,2.00,0.0995,0.2387,0.0675,0,0.218798
33,0.3200,17.9200,53.8000,-34.3200,0.1988,0.3938,0.2552,0.4000,1.0000,-0.6000,-1.9600,3.1945,-1.0810,5.7500,1.4014,0.3718,3.1656,0.7216,-0.5852,0.0796,-0.0213,0.1229,129.8286,466.2857,237.0857,25.8090,183.6108,60.5008,5.00,3.00,2.00,0.0988,0.2326,0.0651,0,0.215937
33,0.3400,19.0400,54.3500,-34.5900,0.1978,0.3879,0.2511,0.4000,1.0000,-0.6000,-1.8450,3.2217,-1.0736,5.7500,1.3180,0.3718,3.1894,0.7463,-0.7617,0.1275,0.0390,0.0546,129.8286,466.2857,237.0857,25.6851,180.8649,59.5205,5.00,3.00,2.00,0.0979,0.2257,0.0630,0,0.212856
33,0.3600,5.0400,54.9000,-34.8600,0.1966,0.3814,0.2475,0.1000,1.0000,-0.6000,-1.7300,3.2472,-1.0662,5.7500,1.2311,0.3718,2.9523,0.7282,-0.6669,-0.0900,-0.1120,-0.0892,32.4571,466.2857,237.0857,6.3820,177.8269,58.6744,5.00,3.00,2.00,0.0967,0.2182,0.0612,0,0.194307
33,0.3800,5.3200,55.4500,-35.1300,0.1952,0.3744,0.2445,0.1000,1.0000,-0.6000,-1.6150,3.2709,-1.0587,5.7500,1.1407,0.3718,3.0506,0.7329,-0.8416,0.1077,-0.1181,0.1017,32.4571,466.2857,237.0857,6.3349,174.5652,57.9792,5.00,3.00,2.00,0.0952,0.2102,0.0598,0,0.191103
33,0.4000,5.6000,56.0000,-35.4000,0.1935,0.3671,0.2423,0.1000,1.0000,-0.6000,-1.5000,3.2928,-1.0513,5.7500,1.0472,0.3718,3.1831,0.7492,-0.7720,-0.0595,-0.0805,-0.0371,32.4571,466.2857,237.0857,6.2808,171.1530,57.4485,5.00,3.00,2.00,0.0936,0.2021,0.0587,0,0.187906
33,0.4200,5.8800,56.5500,-35.6700,0.1916,0.3596,0.2408,0.1000,1.0000,-0.6000,-1.3850,3.3128,-1.0438,5.7500,0.9508,0.3718,3.0197,0.7190,-0.9070,0.1092,-0.0101,0.1118,32.4571,466.2857,237.0857,6.2203,167.6668,57.0926,5.00,3.00,2.00,0.0918,0.1939,0.0580,0,0.184784
33,0.4400,6.1600,57.1000,-22.0800,0.1896,0.3521,0.2401,0.1000,1.0000,0.8000,-1.2700,3.3308,-1.0364,5.7500,0.8519,0.3718,-1.2700,2.7108,-1.0364,5.7500,0.8519,0.3718,32.4571,466.2857,316.1143,6.1544,164.1851,75.8914,5.00,3.00,2.00,0.0899,0.1860,0.0576,1,0.196985
33,0.4600,6.4400,57.6500,-21.7200,0.1874,0.3448,0.2401,0.1000,1.0000,0.8000,-1.1550,3.3469,-1.0290,5.7500,0.7506,0.3718,-1.1550,2.7269,-1.0290,5.7500,0.7506,0.3718,32.4571,466.2857,316.1143,6.0840,160.7860,75.9063,5.00,3.00,2.00,0.0878,0.1784,0.0577,1,0.194221
33,0.4800,6.7200,58.2000,-21.3600,0.1852,0.3379,0.2410,0.1000,1.0000,0.8000,-1.0400,3.3608,-1.0215,5.7500,0.6472,0.3718,-1.0400,2.7408,-1.0215,5.7500,0.6472,0.3718,32.4571,466.2857,316.1143,6.0102,157.5458,76.1678,5.00,3.00,2.00,0.0857,0.1712,0.0581,1,0.191779
33,0.5000,7.0000,50.5000,-21.0000,0.1828,0.3314,0.2425,0.1000,0.4000,0.8000,-0.9250,3.3727,-1.0141,5.7500,0.5421,0.3718,-0.9250,2.7527,-1.0141,5.7500,0.5421,0.3718,32.4571,186.5143,316.1143,5.9339,61.8149,76.6709,5.00,3.00,2.00,0.0836,0.1648,0.0588,1,0.115536
33,0.5200,7.2800,50.7200,-20.6400,0.1804,0.3256,0.2449,0.1000,0.4000,0.8000,-0.8100,3.3825,-1.0067,5.7500,0.4354,0.3718,-0.8100,2.7625,-1.0067,5.7500,0.4354,0.3718,32.4571,186.5143,316.1143,5.8563,60.7312,77.4057,5.00,3.00,2.00,0.0814,0.1590,0.0600,1,0.115195
33,0.5400,7.5600,50.9400,-20.2800,0.1780,0.3206,0.2479,0.1000,0.4000,0.8000,-0.6950,3.3902,-0.9992,5.7500,0.3276,0.3718,-0.6950,2.7702,-0.9992,5.7500,0.3276,0.3718,32.4571,186.5143,316.1143,5.7785,59.7916,78.3578,5.00,3.00,2.00,0.0792,0.1542,0.0614,1,0.115142
33,0.5600,7.8400,51.1600,-19.9200,0.1757,0.3164,0.2515,0.1000,0.4000,0.8000,-0.5800,3.3956,-0.9918,5.7500,0.2189,0.3718,-0.5800,2.7756,-0.9918,5.7500,0.2189,0.3718,32.4571,186.5143,316.1143,5.7016,59.0171,79.5087,5.00,3.00,2.00,0.0771,0.1502,0.0633,1,0.115382
33,0.5800,8.1200,51.3800,-19.5600,0.1734,0.3132,0.2557,0.1000,0.4000,0.8000,-0.4650,3.3989,-0.9844,5.7500,0.1096,0.3718,-0.4650,2.7789,-0.9844,5.7500,0.1096,0.3718,32.4571,186.5143,316.1143,5.6268,58.4251,80.8357,5.00,3.00,2.00,0.0751,0.1472,0.0654,1,0.115910
33,0.6000,8.4000,51.6000,-19.2000,0.1711,0.3111,0.2604,0.1000,0.4000,0.8000,-0.3500,3.4000,-0.9769,5.7500,0.0000,0.3718,-0.3500,2.7800,-0.9769,5.7500,0.0000,0.3718,32.4571,186.5143,316.1143,5.5550,58.0290,82.3129,5.00,3.00,2.00,0.0732,0.1452,0.0678,1,0.116717
33,0.6200,8.6800,51.8200,-18.8400,0.1691,0.3101,0.2654,0.1000,0.4000,0.8000,-0.2350,3.3989,-0.9695,5.7500,-0.1096,0.3718,-0.2350,2.7789,-0.9695,5.7500,-0.1096,0.3718,32.4571,186.5143,316.1143,5.4874,57.8376,83.9114,5.00,3.00,2.00,0.0715,0.1442,0.0705,1,0.117789
33,0.6400,8.9600,52.0400,-18.4800,0.1671,0.3102,0.2708,0.1000,0.4000,0.8000,-0.1200,3.3956,-0.9620,5.7500,-0.2189,0.3718,-0.1200,2.7756,-0.9620,5.7500,-0.2189,0.3718,32.4571,186.5143,316.1143,5.4249,57.8552,85.5999,5.00,3.00,2.00,0.0698,0.1443,0.0733,1,0.119104
33,0.6600,9.2400,52.2600,-18.1200,0.1654,0.3114,0.2763,0.1000,0.4000,0.8000,-0.0050,3.3902,-0.9546,5.7500,-0.3276,0.3718,-0.0050,2.7702,-0.9546,5.7500,-0.3276,0.3718,32.4571,186.5143,316.1143,5.3684,58.0815,87.3454,5.00,3.00,2.00,0.0684,0.1455,0.0763,1,0.120636
33,0.6800,9.5200,52.4800,-17.7600,0.1639,0.3137,0.2819,0.1000,0.4000,0.8000,0.1100,3.3825,-0.9472,5.7500,-0.4354,0.3718,0.1100,2.7625,-0.9472,5.7500,-0.4354,0.3718,32.4571,186.5143,316.1143,5.3187,58.5113,89.1138,5.00,3.00,2.00,0.0671,0.1476,0.0795,1,0.122355
33,0.7000,9.8000,52.7000,-17.4000,0.1626,0.3171,0.2875,0.1000,0.4000,0.8000,0.2250,3.3727,-0.9397,5.7500,-0.5421,0.3718,0.2250,2.7527,-0.9397,5.7500,-0.5421,0.3718,32.4571,186.5143,316.1143,5.2765,59.1350,90.8704,5.00,3.00,2.00,0.0661,0.1508,0.0826,1,0.124225
33,0.7200,10.0800,52.9200,-17.0400,0.1615,0.3214,0.2929,0.1000,0.4000,0.8000,0.3400,3.3608,-0.9323,5.7500,-0.6472,0.3718,0.3400,2.7408,-0.9323,5.7500,-0.6472,0.3718,32.4571,186.5143,316.1143,5.2425,59.9386,92.5808,5.00,3.00,2.00,0.0652,0.1549,0.0858,1,0.126209
33,0.7400,10.3600,53.1400,-16.6800,0.1607,0.3265,0.2980,0.1000,0.4000,0.8000,0.4550,3.3469,-0.9249,5.7500,-0.7506,0.3718,0.4550,2.7269,-0.9249,5.7500,-0.7506,0.3718,32.4571,186.5143,316.1143,5.2171,60.9040,94.2116,5.00,3.00,2.00,0.0646,0.1599,0.0888,1,0.128266
33,0.7600,10.6400,53.3600,-16.3200,0.1602,0.3325,0.3028,0.1000,0.4000,0.8000,0.5700,3.3308,-0.9174,5.7500,-0.8519,0.3718,0.5700,2.7108,-0.9174,5.7500,-0.8519,0.3718,32.4571,186.5143,316.1143,5.2007,62.0096,95.7309,5.00,3.00,2.00,0.0642,0.1658,0.0917,1,0.130353
33,0.7800,10.9200,53.5800,-15.9600,0.1600,0.3390,0.3072,0.1000,0.4000,0.8000,0.6850,3.3128,-0.9100,5.7500,-0.9508,0.3718,0.6850,2.6928,-0.9100,5.7500,-0.9508,0.3718,32.4571,186.5143,316.1143,5.1935,63.2305,97.1089,5.00,3.00,2.00,0.0640,0.1724,0.0944,1,0.132426
33,0.8000,11.2000,53.8000,-15.6000,0.1601,0.3460,0.3110,0.1000,0.4000,0.8000,0.8000,3.2928,-0.9026,5.7500,-1.0472,0.3718,0.8000,2.6728,-0.9026,5.7500,-1.0472,0.3718,32.4571,186.5143,316.1143,5.1956,64.5394,98.3187,5.00,3.00,2.00,0.0641,0.1796,0.0967,1,0.134443
33,0.8200,11.4800,54.0200,-15.2400,0.1604,0.3534,0.3142,0.1000,0.4000,0.8000,0.9150,3.2709,-0.8951,5.7500,-1.1407,0.3718,0.9150,2.6509,-0.8951,5.7500,-1.1407,0.3718,32.4571,186.5143,316.1143,5.2071,65.9068,99.3366,5.00,3.00,2.00,0.0643,0.1873,0.0987,1,0.136360
33,0.8400,11.7600,54.2400,-14.8800,0.1611,0.3608,0.3168,0.1000,0.4000,0.8000,1.0300,3.2472,-0.8877,5.7500,-1.2311,0.3718,1.0300,2.6272,-0.8877,5.7500,-1.2311,0.3718,32.4571,186.5143,316.1143,5.2277,67.3019,100.1427,5.00,3.00,2.00,0.0649,0.1953,0.1004,1,0.138138
33,0.8600,12.0400,54.4600,-14.5200,0.1620,0.3683,0.3186,0.1000,0.4000,0.8000,1.1450,3.2217,-0.8802,5.7500,-1.3180,0.3718,1.1450,2.6017,-0.8802,5.7500,-1.3180,0.3718,32.4571,186.5143,316.1143,5.2571,68.6936,100.7212,5.00,3.00,2.00,0.0656,0.2035,0.1015,1,0.139737
33,0.8800,12.3200,54.6800,-14.1600,0.1631,0.3756,0.3197,0.1000,0.4000,0.8000,1.2600,3.1945,-0.8728,5.7500,-1.4014,0.3718,1.2600,2.5745,-0.8728,5.7500,-1.4014,0.3718,32.4571,186.5143,316.1143,5.2949,70.0505,101.0608,5.00,3.00,2.00,0.0665,0.2116,0.1022,1,0.141125
33,0.9000,0.0000,54.9000,-13.8000,0.0100,0.3825,0.3200,0.0000,0.4000,0.8000,1.3750,3.1657,-0.8654,5.7500,-1.4810,0.3718,1.3750,2.5457,-0.8654,5.7500,-1.4810,0.3718,0.0000,186.5143,316.1143,0.0000,71.3421,101.1548,5.00,3.00,2.00,0.0003,0.2195,0.1024,1,0.137998
33,0.9200,0.0000,55.1200,-13.4400,0.0100,0.3889,0.3195,0.0000,0.4000,0.8000,1.4900,3.1353,-0.8579,5.7500,-1.5564,0.3718,1.4900,2.5153,-0.8579,5.7500,-1.5564,0.3718,0.0000,186.5143,316.1143,0.0000,72.5395,101.0014,5.00,3.00,2.00,0.0003,0.2269,0.1021,1,0.138833
33,0.9400,0.0000,55.3400,-13.0800,0.0100,0.3947,0.3183,0.0000,0.4000,0.8000,1.6050,3.1035,-0.8505,5.7500,-1.6277,0.3718,1.6050,2.4835,-0.8505,5.7500,-1.6277,0.3718,0.0000,186.5143,316.1143,0.0000,73.6157,100.6037,5.00,3.00,2.00,0.0003,0.2337,0.1013,1,0.139376
33,0.9600,0.0000,55.5600,-30.0000,0.0100,0.3997,0.0200,0.0000,0.4000,0.0000,1.7200,3.0702,-0.8431,5.7500,-1.6944,0.3718,1.7200,2.4502,-0.8431,5.7500,-1.6944,0.3718,0.0000,186.5143,0.0000,0.0000,74.5467,0.0000,5.00,3.00,2.00,0.0003,0.2396,0.0004,1,0.059637
33,0.9800,0.0000,55.7800,-30.0000,0.0100,0.4038,0.0200,0.0000,0.4000,0.0000,1.8350,3.0357,-0.8356,5.7500,-1.7565,0.3718,1.8350,2.4157,-0.8356,5.7500,-1.7565,0.3718,0.0000,186.5143,0.0000,0.0000,75.3114,0.0000,5.00,3.00,2.00,0.0003,0.2446,0.0004,1,0.060249
33,1.0000,0.0000,45.0000,-30.0000,0.0100,0.0200,0.0200,0.0000,0.0000,0.0000,1.9500,3.0000,-0.8282,5.7500,-1.8138,0.3718,1.9500,2.3800,-0.8282,5.7500,-1.8138,0.3718,0.0000,0.0000,0.0000,0.0000,0.0000,0.0000,5.00,3.00,2.00,0.0003,0.0006,0.0004,1,0.000000
33,1.0200,0.0000,45.0000,-30.0000,0.0100,0.0200,0.0200,0.0000,0.0000,0.0000,2.0650,2.9632,-0.8208,5.7500,-1.8661,0.3718,2.0650,2.3432,-0.8208,5.7500,-1.8661,0.3718,0.0000,0.0000,0.0000,0.0000,0.0000,0.0000,5.00,3.00,2.00,0.0003,0.0006,0.0004,1,0.000000
33,1.0400,0.0000,45.0000,-30.0000,0.0100,0.0200,0.0200,0.0000,0.0000,0.0000,2.1800,2.9254,-0.8133,5.7500,-1.9133,0.3718,2.1800,2.3054,-0.8133,5.7500,-1.9133,0.3718,0.0000,0.0000,0.0000,0.0000,0.0000,0.0000,5.00,3.00,2.00,0.0003,0.0006,0.0004,1,0.000000
33,1.0600,0.0000,45.0000,-30.0000,0.0100,0.0200,0.0200,0.0000,0.0000,0.0000,2.2950,2.8867,-0.8059,5.7500,-1.9553,0.3718,2.2950,2.2667,-0.8059,5.7500,-1.9553,0.3718,0.0000,0.0000,0.0000,0.0000,0.0000,0.0000,5.00,3.00,2.00,0.0003,0.0006,0.0004,1,0.000000
33,1.0800,0.0000,45.0000,-30.0000,0.0100,0.0200,0.0200,0.0000,0.0000,0.0000,2.4100,2.8472,-0.7985,5.7500,-1.9919,0.3718,2.4100,2.2272,-0.7985,5.7500,-1.9919,0.3718,0.0000,0.0000,0.0000,0.0000,0.0000,0.0000,5.00,3.00,2.00,0.0003,0.0006,0.0004,1,0.000000
33,1.1000,0.0000,45.0000,-30.0000,0.0100,0.0200,0.0200,0.0000,0.0000,0.0000,2.5250,2.8071,-0.7910,5.7500,-2.0230,0.3718,2.5250,2.1871,-0.7910,5.7500,-2.0230,0.3718,0.0000,0.0000,0.0000,0.0000,0.0000,0.0000,5.00,3.00,2.00,0.0003,0.0006,0.0004,1,0.000000
33,1.1200,0.0000,45.0000,-30.0000,0.0100,0.0200,0.0200,0.0000,0.0000,0.0000,2.6400,2.7663,-0.7836,5.7500,-2.0486,0.3718,2.6400,2.1463,-0.7836,5.7500,-2.0486,0.3718,0.0000,0.0000,0.0000,0.0000,0.0000,0.0000,5.00,3.00,2.00,0.0003,0.0006,0.0004,1,0.000000
33,1.1400,0.0000,45.0000,-30.0000,0.0100,0.0200,0.0200,0.0000,0.0000,0.0000,2.7550,2.7251,-0.7761,5.7500,-2.0686,0.3718,3.0806,0.7068,-0.6270,0.0585,-0.1164,0.0125,0.0000,0.0000,0.0000,0.0000,0.0000,0.0000,5.00,3.00,2.00,0.0003,0.0006,0.0004,0,0.000000
33,1.1600,0.0000,45.0000,-30.0000,0.0100,0.0200,0.0200,0.0000,0.0000,0.0000,2.8700,2.6836,-0.7687,5.7500,-2.0829,0.3718,3.0103,0.7342,-0.7863,0.1075,-0.0060,-0.0099,0.0000,0.0000,0.0000,0.0000,0.0000,0.0000,5.00,3.00,2.00,0.0003,0.0006,0.0004,0,0.000000
33,1.1800,0.0000,45.0000,-30.0000,0.0100,0.0200,0.0200,0.0000,0.0000,0.0000,2.9850,2.6419,-0.7613,5.7500,-2.0915,0.3718,3.0696,0.7043,-0.6851,0.1160,0.0290,0.0286,0.0000,0.0000,0.0000,0.0000,0.0000,0.0000,5.00,3.00,2.00,0.0003,0.0006,0.0004,0,0.000000
33,1.2000,0.0000,45.0000,-30.0000,0.0100,0.0200,0.0200,0.0000,0.0000,0.0000,3.1000,2.6000,-0.7538,0.0000,0.0000,0.0000,3.0832,0.7351,-0.8697,-0.0865,-0.1864,0.0643,0.0000,0.0000,0.0000,0.0000,0.0000,0.0000,5.00,3.00,2.00,0.0003,0.0006,0.0004,0,0.000000
33,1.2200,0.0000,45.0000,-30.0000,0.0100,0.0200,0.0200,0.0000,0.0000,0.0000,3.1000,2.6000,-0.7538,0.0000,0.0000,0.0000,3.0896,0.7177,-0.7867,-0.0862,-0.0402,-0.0043,0.0000,0.0000,0.0000,0.0000,0.0000,0.0000,5.00,3.00,2.00,0.0003,0.0006,0.0004,0,0.000000
33,1.2400,0.0000,45.0000,-30.0000,0.0100,0.0200,0.0200,0.0000,0.0000,0.0000,3.1000,2.6000,-0.7538,0.0000,0.0000,0.0000,3.1258,0.7090,-0.6731,0.0738,-0.0152,-0.0614,0.0000,0.0000,0.0000,0.0000,0.0000,0.0000,5.00,3.00,2.00,0.0003,0.0006,0.0004,0,0.000000
33,1.2600,0.0000,45.0000,-30.0000,0.0100,0.0200,0.0200,0.0000,0.0000,0.0000,3.1000,2.6000,-0.7538,0.0000,0.0000,0.0000,3.0625,0.7257,-0.7995,0.0389,-0.0355,0.0319,0.0000,0.0000,0.0000,0.0000,0.0000,0.0000,5.00,3.00,2.00,0.0003,0.0006,0.0004,0,0.000000
33,1.2800,0.0000,45.0000,-30.0000,0.0100,0.0200,0.0200,0.0000,0.0000,0.0000,3.1000,2.6000,-0.7538,0.0000,0.0000,0.0000,3.0881,0.7309,-0.8187,0.0811,0.0117,-0.0202,0.0000,0.0000,0.0000,0.0000,0.0000,0.0000,5.00,3.00,2.00,0.0003,0.0006,0.0004,0,0.000000
33,1.3000,0.0000,45.0000,-30.0000,0.0100,0.0200,0.0200,0.0000,0.0000,0.0000,3.1000,2.6000,-0.7538,0.0000,0.0000,0.0000,3.1265,0.7144,-0.7477,-0.0060,-0.0614,0.0715,0.0000,0.0000,0.0000,0.0000,0.0000,0.0000,5.00,3.00,2.00,0.0003,0.0006,0.0004,0,0.000000
33,1.3200,0.0000,45.0000,-30.0000,0.0100,0.0200,0.0200,0.0000,0.0000,0.0000,3.1000,2.6000,-0.7538,0.0000,0.0000,0.0000,3.1458,0.7150,-0.7966,-0.0537,-0.0783,0.0635,0.0000,0.0000,0.0000,0.0000,0.0000,0.0000,5.00,3.00,2.00,0.0003,0.0006,0.0004,0,0.000000
33,1.3400,0.0000,45.0000,-30.0000,0.0100,0.0200,0.0200,0.0000,0.0000,0.0000,3.1000,2.6000,-0.7538,0.0000,0.0000,0.0000,3.0538,0.7111,-0.8073,0.0488,-0.0627,0.0099,0.0000,0.0000,0.0000,0.0000,0.0000,0.0000,5.00,3.00,2.00,0.0003,0.0006,0.0004,0,0.000000
33,1.3600,0.0000,45.0000,-30.0000,0.0100,0.0200,0.0200,0.0000,0.0000,0.0000,3.1000,2.6000,-0.7538,0.0000,0.0000,0.0000,3.1152,0.7206,-0.7623,0.0036,-0.0199,-0.0207,0.0000,0.0000,0.0000,0.0000,0.0000,0.0000,5.00,3.00,2.00,0.0003,0.0006,0.0004,0,0.000000
33,1.3800,0.0000,45.0000,-30.0000,0.0100,0.0200,0.0200,0.0000,0.0000,0.0000,3.1000,2.6000,-0.7538,0.0000,0.0000,0.0000,3.0822,0.7238,-0.7855,-0.0073,-0.0120,-0.0244,0.0000,0.0000,0.0000,0.0000,0.0000,0.0000,5.00,3.00,2.00,0.0003,0.0006,0.0004,0,0.000000
33,1.4000,0.0000,45.0000,-30.0000,0.0100,0.0200,0.0200,0.0000,0.0000,0.0000,3.1000,2.6000,-0.7538,0.0000,0.0000,0.0000,3.1080,0.7196,-0.7504,0.0330,-0.0252,-0.0110,0.0000,0.0000,0.0000,0.0000,0.0000,0.0000,5.00,3.00,2.00,0.0003,0.0006,0.0004,0,0.000000
33,1.4200,0.0000,45.0000,-30.0000,0.0100,0.0200,0.0200,0.0000,0.0000,0.0000,3.1000,2.6000,-0.7538,0.0000,0.0000,0.0000,3.1268,0.7165,-0.7357,0.0180,-0.0375,-0.0028,0.0000,0.0000,0.0000,0.0000,0.0000,0.0000,5.00,3.00,2.00,0.0003,0.0006,0.0004,0,0.000000
33,1.4400,0.0000,45.0000,-30.0000,0.0100,0.0200,0.0200,0.0000,0.0000,0.0000,3.1000,2.6000,-0.7538,0.0000,0.0000,0.0000,3.1184,0.7182,-0.7574,-0.0061,-0.0097,0.0007,0.0000,0.0000,0.0000,0.0000,0.0000,0.0000,5.00,3.00,2.00,0.0003,0.0006,0.0004,0,0.000000
33,1.4600,0.0000,45.0000,-30.0000,0.0100,0.0200,0.0200,0.0000,0.0000,0.0000,3.1000,2.6000,-0.7538,0.0000,0.0000,0.0000,3.1011,0.7201,-0.7532,0.0015,-0.0079,-0.0021,0.0000,0.0000,0.0000,0.0000,0.0000,0.0000,5.00,3.00,2.00,0.0003,0.0006,0.0004,0,0.000000
33,1.4800,0.0000,45.0000,-30.0000,0.0100,0.0200,0.0200,0.0000,0.0000,0.0000,3.1000,2.6000,-0.7538,0.0000,0.0000,0.0000,3.1000,0.7200,-0.7538,0.0000,0.0000,0.0000,0.0000,0.0000,0.0000,0.0000,0.0000,0.0000,5.00,3.00,2.00,0.0003,0.0006,0.0004,0,0.000000
33,1.5000,0.0000,45.0000,-30.0000,0.0100,0.0200,0.0200,0.0000,0.0000,0.0000,3.1000,2.6000,-0.7538,0.0000,0.0000,0.0000,3.0941,0.7204,-0.7563,0.0079,0.0056,-0.0045,0.0000,0.0000,0.0000,0.0000,0.0000,0.0000,5.00,3.00,2.00,0.0003,0.0006,0.0004,0,0.000000
34,0.0200,1.1200,45.5500,-30.2700,0.1824,0.3675,0.3196,0.4000,1.0000,-0.6000,-3.6817,2.6419,-1.1804,5.9167,2.0915,0.9804,3.2758,0.7005,0.0351,0.0849,0.0418,-0.1056,128.9143,463.1429,235.5429,23.5132,170.1920,75.2815,5.00,3.00,2.00,0.0832,0.2026,0.1021,0,0.215189
34,0.0400,2.2400,46.1000,-30.5400,0.1848,0.3748,0.3184,0.4000,1.0000,-0.6000,-3.5633,2.6836,-1.1608,5.9167,2.0829,0.9804,3.4020,0.7360,-0.0427,0.1456,-0.0771,-0.0294,128.9143,463.1429,235.5429,23.8174,173.5748,75.0068,5.00,3.00,2.00,0.0853,0.2107,0.1014,0,0.217919
34,0.0600,3.3600,46.6500,-30.8100,0.1870,0.3817,0.3165,0.4000,1.0000,-0.6000,-3.4450,2.7251,-1.1412,5.9167,2.0686,0.9804,3.4380,0.6903,-0.1365,0.0486,0.0070,-0.1000,128.9143,463.1429,235.5429,24.1128,176.8040,74.5549,5.00,3.00,2.00,0.0875,0.2186,0.1002,0,0.220377
34,0.0800,4.4800,47.2000,-31.0800,0.1892,0.3882,0.3139,0.4000,1.0000,-0.6000,-3.3267,2.7663,-1.1216,5.9167,2.0486,0.9804,3.3628,0.6906,-0.1628,-0.0992,-0.2364,-0.0468,128.9143,463.1429,235.5429,24.3952,179.8069,73.9346,5.00,3.00,2.00,0.0895,0.2261,0.0985,0,0.222509
34,0.1000,5.6000,47.7500,-31.3500,0.1913,0.3941,0.3106,0.4000,1.0000,-0.6000,-3.2083,2.8071,-1.1020,5.9167,2.0230,0.9804,3.3562,0.7323,-0.2001,-0.1182,-0.2299,0.0627,128.9143,463.1429,235.5429,24.6604,182.5162,73.1581,5.00,3.00,2.00,0.0915,0.2330,0.0965,0,0.224268
34,0.1200,6.7200,48.3000,-31.6200,0.1932,0.3992,0.3067,0.4000,1.0000,-0.6000,-3.0900,2.8472,-1.0824,5.9167,1.9919,0.9804,3.4149,0.7460,0.0612,0.0411,0.0150,-0.0401,128.9143,463.1429,235.5429,24.9047,184.8710,72.2406,5.00,3.00,2.00,0.0933,0.2390,0.0941,0,0.225613
34,0.1400,7.8400,48.8500,-31.8900,0.1949,0.4034,0.3023,0.4000,1.0000,-0.6000,-2.9717,2.8867,-1.0627,5.9167,1.9553,0.9804,3.4292,0.7364,-0.0057,-0.0347,-0.0079,0.0281,128.9143,463.1429,235.5429,25.1245,186.8185,71.2001,5.00,3.00,2.00,0.0950,0.2441,0.0914,0,0.226514
34,0.1600,8.9600,49.4000,-32.1600,0.1964,0.4066,0.2974,0.4000,1.0000,-0.6000,-2.8533,2.9254,-1.0431,5.9167,1.9133,0.9804,3.4537,0.7479,-0.0111,-0.0670,-0.1427,-0.1103,128.9143,463.1429,235.5429,25.3167,188.3148,70.0569,5.00,3.00,2.00,0.0964,0.2480,0.0885,0,0.226951
34,0.1800,10.0800,49.9500,-32.4300,0.1976,0.4088,0.2922,0.4000,1.0000,-0.6000,-2.7350,2.9632,-1.0235,5.9167,1.8661,0.9804,3.3035,0.6978,-0.0174,-0.0127,-0.1445,-0.0039,128.9143,463.1429,235.5429,25.4785,189.3264,68.8333,5.00,3.00,2.00,0.0977,0.2507,0.0854,0,0.226911
34,0.2000,11.2000,50.5000,-32.7000,0.1986,0.4099,0.2868,0.4000,1.0000,-0.6000,-2.6167,3.0000,-1.0039,5.9167,1.8138,0.9804,3.3575,0.7058,-0.1567,-0.0544,-0.2120,-0.0697,128.9143,463.1429,235.5429,25.6076,189.8306,67.5534,5.00,3.00,2.00,0.0986,0.2520,0.0823,0,0.226393
34,0.2200,12.3200,51.0500,-32.9700,0.1994,0.4098,0.2812,0.4000,1.0000,-0.6000,-2.4983,3.0357,-0.9843,5.9167,1.7565,0.9804,3.1699,0.7306,0.0482,0.0714,-0.2002,0.0427,128.9143,463.1429,235.5429,25.7022,189.8160,66.2421,5.00,3.00,2.00,0.0994,0.2520,0.0791,0,0.225408
34,0.2400,13.4400,51.6000,-33.2400,0.1998,0.4087,0.2756,0.4000,1.0000,-0.6000,-2.3800,3.0702,-0.9647,5.9167,1.6944,0.9804,3.3600,0.7048,-0.1596,0.0959,-0.0091,-0.1248,128.9143,463.1429,235.5429,25.7608,189.2830,64.9252,5.00,3.00,2.00,0.0998,0.2505,0.0760,0,0.223975
34,0.2600,14.5600,52.1500,-33.5100,0.2000,0.4064,0.2701,0.4000,1.0000,-0.6000,-2.2617,3.1035,-0.9451,5.9167,1.6277,0.9804,3.3422,0.7074,-0.1305,0.0059,-0.1773,-0.1257,128.9143,463.1429,235.5429,25.7827,188.2435,63.6283,5.00,3.00,2.00,0.1000,0.2478,0.0730,0,0.222124
34,0.2800,15.6800,52.7000,-33.7800,0.1999,0.4032,0.2648,0.4000,1.0000,-0.6000,-2.1433,3.1353,-0.9255,5.9167,1.5564,0.9804,3.4115,0.7128,-0.0786,0.1131,-0.0711,0.1309,128.9143,463.1429,235.5429,25.7675,186.7209,62.3769,5.00,3.00,2.00,0.0999,0.2438,0.0701,0,0.219892
34,0.3000,16.8000,53.2500,-34.0500,0.1995,0.3989,0.2598,0.4000,1.0000,-0.6000,-2.0250,3.1657,-0.9059,5.9167,1.4810,0.9804,3.1890,0.7117,0.0060,-0.0755,0.0432,0.0360,128.9143,463.1429,235.5429,25.7154,184.7494,61.1955,5.00,3.00,2.00,0.0995,0.2387,0.0675,0,0.217328
34,0.3200,17.9200,53.8000,-34.3200,0.1988,0.3938,0.2552,0.4000,1.0000,-0.6000,-1.9067,3.1945,-0.8863,5.9167,1.4014,0.9804,3.2051,0.7224,0.0290,-0.0655,-0.1763,-0.1111,128.9143,463.1429,235.5429,25.6272,182.3732,60.1071,5.00,3.00,2.00,0.0988,0.2326,0.0651,0,0.214486
34,0.3400,19.0400,54.3500,-34.5900,0.1978,0.3879,0.2511,0.4000,1.0000,-0.6000,-1.7883,3.2217,-0.8667,5.9167,1.3180,0.9804,3.4420,0.7014,0.0838,0.1176,-0.0669,-0.1166,128.9143,463.1429,235.5429,25.5042,179.6458,59.1331,5.00,3.00,2.00,0.0979,0.2257,0.0630,0,0.211427
34,0.3600,5.0400,54.9000,-34.8600,0.1966,0.3814,0.2475,0.1000,1.0000,-0.6000,-1.6700,3.2472,-0.8471,5.9167,1.2311,0.9804,3.1237,0.7314,-0.0856,-0.0200,0.0021,-0.1316,32.2286,463.1429,235.5429,6.3370,176.6283,58.2926,5.00,3.00,2.00,0.0967,0.2182,0.0612,0,0.193006
34,0.3800,5.3200,55.4500,-35.1300,0.1952,0.3744,0.2445,0.1000,1.0000,-0.6000,-1.5517,3.2709,-0.8275,5.9167,1.1407,0.9804,3.2223,0.6984,-0.1960,-0.1352,-0.0973,0.0742,32.2286,463.1429,235.5429,6.2903,173.3886,57.6019,5.00,3.00,2.00,0.0952,0.2102,0.0598,0,0.189825
34,0.4000,5.6000,56.0000,-35.4000,0.1935,0.3671,0.2423,0.1000,1.0000,-0.6000,-1.4333,3.2928,-0.8078,5.9167,1.0472,0.9804,3.4514,0.7057,-0.1744,0.0789,-0.0861,0.0914,32.2286,463.1429,235.5429,6.2365,169.9994,57.0747,5.00,3.00,2.00,0.0936,0.2021,0.0587,0,0.186648
34,0.4200,5.8800,56.5500,-35.6700,0.1916,0.3596,0.2408,0.1000,1.0000,-0.6000,-1.3150,3.3128,-0.7882,5.9167,0.9508,0.9804,3.1417,0.7151,-0.1067,0.0007,-0.0749,-0.0712,32.2286,463.1429,235.5429,6.1765,166.5367,56.7211,5.00,3.00,2.00,0.0918,0.1939,0.0580,0,0.183547
34,0.4400,6.1600,57.1000,-22.0800,0.1896,0.3521,0.2401,0.1000,1.0000,0.8000,-1.1967,3.3308,-0.7686,5.9167,0.8519,0.9804,-1.1967,2.7108,-0.7686,5.9167,0.8519,0.9804,32.2286,463.1429,314.0571,6.1111,163.0785,75.3975,5.00,3.00,2.00,0.0899,0.1860,0.0576,1,0.195670
34,0.4600,6.4400,57.6500,-21.7200,0.1874,0.3448,0.2401,0.1000,1.0000,0.8000,-1.0783,3.3469,-0.7490,5.9167,0.7506,0.9804,-1.0783,2.7269,-0.7490,5.9167,0.7506,0.9804,32.2286,463.1429,314.0571,6.0412,159.7023,75.4123,5.00,3.00,2.00,0.0878,0.1784,0.0577,1,0.192925
34,0.4800,6.7200,58.2000,-21.3600,0.1852,0.3379,0.2410,0.1000,1.0000,0.8000,-0.9600,3.3608,-0.7294,5.9167,0.6472,0.9804,-0.9600,2.7408,-0.7294,5.9167,0.6472,0.9804,32.2286,463.1429,314.0571,5.9678,156.4839,75.6721,5.00,3.00,2.00,0.0857,0.1712,0.0581,1,0.190499
34,0.5000,7.0000,50.5000,-21.0000,0.1828,0.3314,0.2425,0.1000,0.4000,0.8000,-0.8417,3.3727,-0.7098,5.9167,0.5421,0.9804,-0.8417,2.7527,-0.7098,5.9167,0.5421,0.9804,32.2286,185.2571,314.0571,5.8921,61.3983,76.1720,5.00,3.00,2.00,0.0836,0.1648,0.0588,1,0.114770
34,0.5200,7.2800,50.7200,-20.6400,0.1804,0.3256,0.2449,0.1000,0.4000,0.8000,-0.7233,3.3825,-0.6902,5.9167,0.4354,0.9804,-0.7233,2.7625,-0.6902,5.9167,0.4354,0.9804,32.2286,185.2571,314.0571,5.8151,60.3219,76.9020,5.00,3.00,2.00,0.0814,0.1590,0.0600,1,0.114431
34,0.5400,7.5600,50.9400,-20.2800,0.1780,0.3206,0.2479,0.1000,0.4000,0.8000,-0.6050,3.3902,-0.6706,5.9167,0.3276,0.9804,-0.6050,2.7702,-0.6706,5.9167,0.3276,0.9804,32.2286,185.2571,314.0571,5.7378,59.3886,77.8479,5.00,3.00,2.00,0.0792,0.1542,0.0614,1,0.114379
34,0.5600,7.8400,51.1600,-19.9200,0.1757,0.3164,0.2515,0.1000,0.4000,0.8000,-0.4867,3.3956,-0.6510,5.9167,0.2189,0.9804,-0.4867,2.7756,-0.6510,5.9167,0.2189,0.9804,32.2286,185.2571,314.0571,5.6615,58.6193,78.9912,5.00,3.00,2.00,0.0771,0.1502,0.0633,1,0.114618
34,0.5800,8.1200,51.3800,-19.5600,0.1734,0.3132,0.2557,0.1000,0.4000,0.8000,-0.3683,3.3989,-0.6314,5.9167,0.1096,0.9804,-0.3683,2.7789,-0.6314,5.9167,0.1096,0.9804,32.2286,185.2571,314.0571,5.5872,58.0313,80.3096,5.00,3.00,2.00,0.0751,0.1472,0.0654,1,0.115142
34,0.6000,8.4000,51.6000,-19.2000,0.1711,0.3111,0.2604,0.1000,0.4000,0.8000,-0.2500,3.4000,-0.6118,5.9167,0.0000,0.9804,-0.2500,2.7800,-0.6118,5.9167,0.0000,0.9804,32.2286,185.2571,314.0571,5.5159,57.6378,81.7772,5.00,3.00,2.00,0.0732,0.1452,0.0678,1,0.115945
34,0.6200,8.6800,51.8200,-18.8400,0.1691,0.3101,0.2654,0.1000,0.4000,0.8000,-0.1317,3.3989,-0.5922,5.9167,-0.1096,0.9804,-0.1317,2.7789,-0.5922,5.9167,-0.1096,0.9804,32.2286,185.2571,314.0571,5.4488,57.4477,83.3653,5.00,3.00,2.00,0.0715,0.1442,0.0705,1,0.117009
34,0.6400,8.9600,52.0400,-18.4800,0.1671,0.3102,0.2708,0.1000,0.4000,0.8000,-0.0133,3.3956,-0.5726,5.9167,-0.2189,0.9804,-0.0133,2.7756,-0.5726,5.9167,-0.2189,0.9804,32.2286,185.2571,314.0571,5.3867,57.4652,85.0429,5.00,3.00,2.00,0.0698,0.1443,0.0733,1,0.118316
34,0.6600,9.2400,52.2600,-18.1200,0.1654,0.3114,0.2763,0.1000,0.4000,0.8000,0.1050,3.3902,-0.5530,5.9167,-0.3276,0.9804,0.1050,2.7702,-0.5530,5.9167,-0.3276,0.9804,32.2286,185.2571,314.0571,5.3306,57.6900,86.7770,5.00,3.00,2.00,0.0684,0.1455,0.0763,1,0.119838
34,0.6800,9.5200,52.4800,-17.7600,0.1639,0.3137,0.2819,0.1000,0.4000,0.8000,0.2233,3.3825,-0.5333,5.9167,-0.4354,0.9804,0.2233,2.7625,-0.5333,5.9167,-0.4354,0.9804,32.2286,185.2571,314.0571,5.2812,58.1169,88.5339,5.00,3.00,2.00,0.0671,0.1476,0.0795,1,0.121546
34,0.7000,9.8000,52.7000,-17.4000,0.1626,0.3171,0.2875,0.1000,0.4000,0.8000,0.3417,3.3727,-0.5137,5.9167,-0.5421,0.9804,0.3417,2.7527,-0.5137,5.9167,-0.5421,0.9804,32.2286,185.2571,314.0571,5.2394,58.7364,90.2790,5.00,3.00,2.00,0.0661,0.1508,0.0826,1,0.123404
34,0.7200,10.0800,52.9200,-17.0400,0.1615,0.3214,0.2929,0.1000,0.4000,0.8000,0.4600,3.3608,-0.4941,5.9167,-0.6472,0.9804,0.4600,2.7408,-0.4941,5.9167,-0.6472,0.9804,32.2286,185.2571,314.0571,5.2056,59.5346,91.9783,5.00,3.00,2.00,0.0652,0.1549,0.0858,1,0.125375
34,0.7400,10.3600,53.1400,-16.6800,0.1607,0.3265,0.2980,0.1000,0.4000,0.8000,0.5783,3.3469,-0.4745,5.9167,-0.7506,0.9804,0.5783,2.7269,-0.4745,5.9167,-0.7506,0.9804,32.2286,185.2571,314.0571,5.1803,60.4935,93.5985,5.00,3.00,2.00,0.0646,0.1599,0.0888,1,0.127418
34,0.7600,10.6400,53.3600,-16.3200,0.1602,0.3325,0.3028,0.1000,0.4000,0.8000,0.6967,3.3308,-0.4549,5.9167,-0.8519,0.9804,0.6967,2.7108,-0.4549,5.9167,-0.8519,0.9804,32.2286,185.2571,314.0571,5.1640,61.5916,95.1079,5.00,3.00,2.00,0.0642,0.1658,0.0917,1,0.129491
34,0.7800,10.9200,53.5800,-15.9600,0.1600,0.3390,0.3072,0.1000,0.4000,0.8000,0.8150,3.3128,-0.4353,5.9167,-0.9508,0.9804,0.8150,2.6928,-0.4353,5.9167,-0.9508,0.9804,32.2286,185.2571,314.0571,5.1569,62.8044,96.4770,5.00,3.00,2.00,0.0640,0.1724,0.0944,1,0.131551
34,0.8000,11.2000,53.8000,-15.6000,0.1601,0.3460,0.3110,0.1000,0.4000,0.8000,0.9333,3.2928,-0.4157,5.9167,-1.0472,0.9804,0.9333,2.6728,-0.4157,5.9167,-1.0472,0.9804,32.2286,185.2571,314.0571,5.1590,64.1044,97.6789,5.00,3.00,2.00,0.0641,0.1796,0.0967,1,0.133554
34,0.8200,11.4800,54.0200,-15.2400,0.1604,0.3534,0.3142,0.1000,0.4000,0.8000,1.0517,3.2709,-0.3961,5.9167,-1.1407,0.9804,1.0517,2.6509,-0.3961,5.9167,-1.1407,0.9804,32.2286,185.2571,314.0571,5.1704,65.4625,98.6902,5.00,3.00,2.00,0.0643,0.1873,0.0987,1,0.135458
34,0.8400,11.7600,54.2400,-14.8800,0.1611,0.3608,0.3168,0.1000,0.4000,0.8000,1.1700,3.2472,-0.3765,5.9167,-1.2311,0.9804,1.1700,2.6272,-0.3765,5.9167,-1.2311,0.9804,32.2286,185.2571,314.0571,5.1909,66.8483,99.4910,5.00,3.00,2.00,0.0649,0.1953,0.1004,1,0.137224
34,0.8600,12.0400,54.4600,-14.5200,0.1620,0.3683,0.3186,0.1000,0.4000,0.8000,1.2883,3.2217,-0.3569,5.9167,-1.3180,0.9804,1.2883,2.6017,-0.3569,5.9167,-1.3180,0.9804,32.2286,185.2571,314.0571,5.2201,68.2306,100.0657,5.00,3.00,2.00,0.0656,0.2035,0.1015,1,0.138813
34,0.8800,12.3200,54.6800,-14.1600,0.1631,0.3756,0.3197,0.1000,0.4000,0.8000,1.4067,3.1945,-0.3373,5.9167,-1.4014,0.9804,1.4067,2.5745,-0.3373,5.9167,-1.4014,0.9804,32.2286,185.2571,314.0571,5.2576,69.5783,100.4031,5.00,3.00,2.00,0.0665,0.2116,0.1022,1,0.140191
34,0.9000,0.0000,54.9000,-13.8000,0.0100,0.3825,0.3200,0.0000,0.4000,0.8000,1.5250,3.1657,-0.3177,5.9167,-1.4810,0.9804,1.5250,2.5457,-0.3177,5.9167,-1.4810,0.9804,0.0000,185.2571,314.0571,0.0000,70.8613,100.4965,5.00,3.00,2.00,0.0003,0.2195,0.1024,1,0.137086
34,0.9200,0.0000,55.1200,-13.4400,0.0100,0.3889,0.3195,0.0000,0.4000,0.8000,1.6433,3.1353,-0.2981,5.9167,-1.5564,0.9804,1.6433,2.5153,-0.2981,5.9167,-1.5564,0.9804,0.0000,185.2571,314.0571,0.0000,72.0506,100.3441,5.00,3.00,2.00,0.0003,0.2269,0.1021,1,0.137916
34,0.9400,0.0000,55.3400,-13.0800,0.0100,0.3947,0.3183,0.0000,0.4000,0.8000,1.7617,3.1035,-0.2784,5.9167,-1.6277,0.9804,1.7617,2.4835,-0.2784,5.9167,-1.6277,0.9804,0.0000,185.2571,314.0571,0.0000,73.1196,99.9490,5.00,3.00,2.00,0.0003,0.2337,0.1013,1,0.138455
34,0.9600,0.0000,55.5600,-30.0000,0.0100,0.3997,0.0200,0.0000,0.4000,0.0000,1.8800,3.0702,-0.2588,5.9167,-1.6944,0.9804,1.8800,2.4502,-0.2588,5.9167,-1.6944,0.9804,0.0000,185.2571,0.0000,0.0000,74.0442,0.0000,5.00,3.00,2.00,0.0003,0.2396,0.0004,1,0.059235
34,0.9800,0.0000,55.7800,-30.0000,0.0100,0.4038,0.0200,0.0000,0.4000,0.0000,1.9983,3.0357,-0.2392,5.9167,-1.7565,0.9804,1.9983,2.4157,-0.2392,5.9167,-1.7565,0.9804,0.0000,185.2571,0.0000,0.0000,74.8037,0.0000,5.00,3.00,2.00,0.0003,0.2446,0.0004,1,0.059843
34,1.0000,0.0000,45.0000,-30.0000,0.0100,0.0200,0.0200,0.0000,0.0000,0.0000,2.1167,3.0000,-0.2196,5.9167,-1.8138,0.9804,2.1167,2.3800,-0.2196,5.9167,-1.8138,0.9804,0.0000,0.0000,0.0000,0.0000,0.0000,0.0000,5.00,3.00,2.00,0.0003,0.0006,0.0004,1,0.000000
34,1.0200,0.0000,45.0000,-30.0000,0.0100,0.0200,0.0200,0.0000,0.0000,0.0000,2.2350,2.9632,-0.2000,5.9167,-1.8661,0.9804,2.2350,2.3432,-0.2000,5.9167,-1.8661,0.9804,0.0000,0.0000,0.0000,0.0000,0.0000,0.0000,5.00,3.00,2.00,0.0003,0.0006,0.0004,1,0.000000
34,1.0400,0.0000,45.0000,-30.0000,0.0100,0.0200,0.0200,0.0000,0.0000,0.0000,2.3533,2.9254,-0.1804,5.9167,-1.9133,0.9804,2.3533,2.3054,-0.1804,5.9167,-1.9133,0.9804,0.0000,0.0000,0.0000,0.0000,0.0000,0.0000,5.00,3.00,2.00,0.0003,0.0006,0.0004,1,0.000000
34,1.0600,0.0000,45.0000,-30.0000,0.0100,0.0200,0.0200,0.0000,0.0000,0.0000,2.4717,2.8867,-0.1608,5.9167,-1.9553,0.9804,2.4717,2.2667,-0.1608,5.9167,-1.9553,0.9804,0.0000,0.0000,0.0000,0.0000,0.0000,0.0000,5.00,3.00,2.00,0.0003,0.0006,0.0004,1,0.000000
34,1.0800,0.0000,45.0000,-30.0000,0.0100,0.0200,0.0200,0.0000,0.0000,0.0000,2.5900,2.8472,-0.1412,5.9167,-1.9919,0.9804,2.5900,2.2272,-0.1412,5.9167,-1.9919,0.9804,0.0000,0.0000,0.0000,0.0000,0.0000,0.0000,5.00,3.00,2.00,0.0003,0.0006,0.0004,1,0.000000
34,1.1000,0.0000,45.0000,-30.0000,0.0100,0.0200,0.0200,0.0000,0.0000,0.0000,2.7083,2.8071,-0.1216,5.9167,-2.0230,0.9804,2.7083,2.1871,-0.1216,5.9167,-2.0230,0.9804,0.0000,0.0000,0.0000,0.0000,0.0000,0.0000,5.00,3.00,2.00,0.0003,0.0006,0.0004,1,0.000000
34,1.1200,0.0000,45.0000,-30.0000,0.0100,0.0200,0.0200,0.0000,0.0000,0.0000,2.8267,2.7663,-0.1020,5.9167,-2.0486,0.9804,2.8267,2.1463,-0.1020,5.9167,-2.0486,0.9804,0.0000,0.0000,0.0000,0.0000,0.0000,0.0000,5.00,3.00,2.00,0.0003,0.0006,0.0004,1,0.000000
34,1.1400,0.0000,45.0000,-30.0000,0.0100,0.0200,0.0200,0.0000,0.0000,0.0000,2.9450,2.7251,-0.0824,5.9167,-2.0686,0.9804,3.2789,0.7107,-0.1784,-0.1209,-0.0590,-0.1266,0.0000,0.0000,0.0000,0.0000,0.0000,0.0000,5.00,3.00,2.00,0.0003,0.0006,0.0004,0,0.000000
34,1.1600,0.0000,45.0000,-30.0000,0.0100,0.0200,0.0200,0.0000,0.0000,0.0000,3.0633,2.6836,-0.0628,5.9167,-2.0829,0.9804,3.2304,0.7423,0.0626,-0.0705,0.0089,0.1084,0.0000,0.0000,0.0000,0.0000,0.0000,0.0000,5.00,3.00,2.00,0.0003,0.0006,0.0004,0,0.000000
34,1.1800,0.0000,45.0000,-30.0000,0.0100,0.0200,0.0200,0.0000,0.0000,0.0000,3.1817,2.6419,-0.0432,5.9167,-2.0915,0.9804,3.3326,0.7329,-0.0172,0.0052,0.0327,0.0843,0.0000,0.0000,0.0000,0.0000,0.0000,0.0000,5.00,3.00,2.00,0.0003,0.0006,0.0004,0,0.000000
34,1.2000,0.0000,45.0000,-30.0000,0.0100,0.0200,0.0200,0.0000,0.0000,0.0000,3.3000,2.6000,-0.0235,0.0000,0.0000,0.0000,3.3277,0.7054,-0.1548,0.0930,-0.1102,0.1129,0.0000,0.0000,0.0000,0.0000,0.0000,0.0000,5.00,3.00,2.00,0.0003,0.0006,0.0004,0,0.000000
34,1.2200,0.0000,45.0000,-30.0000,0.0100,0.0200,0.0200,0.0000,0.0000,0.0000,3.3000,2.6000,-0.0235,0.0000,0.0000,0.0000,3.1826,0.7040,0.0136,0.1070,-0.0003,-0.0667,0.0000,0.0000,0.0000,0.0000,0.0000,0.0000,5.00,3.00,2.00,0.0003,0.0006,0.0004,0,0.000000
34,1.2400,0.0000,45.0000,-30.0000,0.0100,0.0200,0.0200,0.0000,0.0000,0.0000,3.3000,2.6000,-0.0235,0.0000,0.0000,0.0000,3.3822,0.7203,-0.1180,-0.0870,0.0324,0.0010,0.0000,0.0000,0.0000,0.0000,0.0000,0.0000,5.00,3.00,2.00,0.0003,0.0006,0.0004,0,0.000000
34,1.2600,0.0000,45.0000,-30.0000,0.0100,0.0200,0.0200,0.0000,0.0000,0.0000,3.3000,2.6000,-0.0235,0.0000,0.0000,0.0000,3.1937,0.7094,-0.0203,0.0858,-0.0122,0.0168,0.0000,0.0000,0.0000,0.0000,0.0000,0.0000,5.00,3.00,2.00,0.0003,0.0006,0.0004,0,0.000000
34,1.2800,0.0000,45.0000,-30.0000,0.0100,0.0200,0.0200,0.0000,0.0000,0.0000,3.3000,2.6000,-0.0235,0.0000,0.0000,0.0000,3.3956,0.7262,-0.0446,-0.0542,-0.1132,0.0480,0.0000,0.0000,0.0000,0.0000,0.0000,0.0000,5.00,3.00,2.00,0.0003,0.0006,0.0004,0,0.000000
34,1.3000,0.0000,45.0000,-30.0000,0.0100,0.0200,0.0200,0.0000,0.0000,0.0000,3.3000,2.6000,-0.0235,0.0000,0.0000,0.0000,3.2610,0.7212,-0.0318,-0.0102,0.0105,-0.0155,0.0000,0.0000,0.0000,0.0000,0.0000,0.0000,5.00,3.00,2.00,0.0003,0.0006,0.0004,0,0.000000
34,1.3200,0.0000,45.0000,-30.0000,0.0100,0.0200,0.0200,0.0000,0.0000,0.0000,3.3000,2.6000,-0.0235,0.0000,0.0000,0.0000,3.2571,0.7210,0.0523,-0.0586,-0.1078,-0.0008,0.0000,0.0000,0.0000,0.0000,0.0000,0.0000,5.00,3.00,2.00,0.0003,0.0006,0.0004,0,0.000000
34,1.3400,0.0000,45.0000,-30.0000,0.0100,0.0200,0.0200,0.0000,0.0000,0.0000,3.3000,2.6000,-0.0235,0.0000,0.0000,0.0000,3.2874,0.7151,-0.0815,0.0090,-0.0513,-0.0165,0.0000,0.0000,0.0000,0.0000,0.0000,0.0000,5.00,3.00,2.00,0.0003,0.0006,0.0004,0,0.000000
34,1.3600,0.0000,45.0000,-30.0000,0.0100,0.0200,0.0200,0.0000,0.0000,0.0000,3.3000,2.6000,-0.0235,0.0000,0.0000,0.0000,3.3360,0.7209,0.0080,-0.0484,-0.0329,0.0253,0.0000,0.0000,0.0000,0.0000,0.0000,0.0000,5.00,3.00,2.00,0.0003,0.0006,0.0004,0,0.000000
34,1.3800,0.0000,45.0000,-30.0000,0.0100,0.0200,0.0200,0.0000,0.0000,0.0000,3.3000,2.6000,-0.0235,0.0000,0.0000,0.0000,3.2822,0.7222,-0.0315,-0.0050,0.0073,0.0147,0.0000,0.0000,0.0000,0.0000,0.0000,0.0000,5.00,3.00,2.00,0.0003,0.0006,0.0004,0,0.000000
34,1.4000,0.0000,45.0000,-30.0000,0.0100,0.0200,0.0200,0.0000,0.0000,0.0000,3.3000,2.6000,-0.0235,0.0000,0.0000,0.0000,3.3071,0.7250,0.0146,0.0237,-0.0082,-0.0139,0.0000,0.0000,0.0000,0.0000,0.0000,0.0000,5.00,3.00,2.00,0.0003,0.0006,0.0004,0,0.000000
34,1.4200,0.0000,45.0000,-30.0000,0.0100,0.0200,0.0200,0.0000,0.0000,0.0000,3.3000,2.6000,-0.0235,0.0000,0.0000,0.0000,3.3143,0.7191,-0.0173,0.0105,0.0000,-0.0022,0.0000,0.0000,0.0000,0.0000,0.0000,0.0000,5.00,3.00,2.00,0.0003,0.0006,0.0004,0,0.000000
34,1.4400,0.0000,45.0000,-30.0000,0.0100,0.0200,0.0200,0.0000,0.0000,0.0000,3.3000,2.6000,-0.0235,0.0000,0.0000,0.0000,3.3012,0.7230,-0.0361,-0.0160,-0.0092,-0.0007,0.0000,0.0000,0.0000,0.0000,0.0000,0.0000,5.00,3.00,2.00,0.0003,0.0006,0.0004,0,0.000000
34,1.4600,0.0000,45.0000,-30.0000,0.0100,0.0200,0.0200,0.0000,0.0000,0.0000,3.3000,2.6000,-0.0235,0.0000,0.0000,0.0000,3.3001,0.7197,-0.0277,-0.0077,-0.0076,0.0018,0.0000,0.0000,0.0000,0.0000,0.0000,0.0000,5.00,3.00,2.00,0.0003,0.0006,0.0004,0,0.000000
34,1.4800,0.0000,45.0000,-30.0000,0.0100,0.0200,0.0200,0.0000,0.0000,0.0000,3.3000,2.6000,-0.0235,0.0000,0.0000,0.0000,3.3000,0.7200,-0.0235,0.0000,0.0000,0.0000,0.0000,0.0000,0.0000,0.0000,0.0000,0.0000,5.00,3.00,2.00,0.0003,0.0006,0.0004,0,0.000000
34,1.5000,0.0000,45.0000,-30.0000,0.0100,0.0200,0.0200,0.0000,0.0000,0.0000,3.3000,2.6000,-0.0235,0.0000,0.0000,0.0000,3.2905,0.7190,-0.0259,0.0034,0.0060,0.0058,0.0000,0.0000,0.0000,0.0000,0.0000,0.0000,5.00,3.00,2.00,0.0003,0.0006,0.0004,0,0.000000
35,0.0200,1.1200,45.5500,-30.2700,0.1824,0.3675,0.3196,0.4000,1.0000,-0.6000,-3.6783,2.6419,-1.1695,6.0833,2.0915,1.5233,3.5060,0.7233,0.6563,0.0881,0.0019,0.1448,128.0000,460.0000,234.0000,23.3465,169.0371,74.7884,5.00,3.00,2.00,0.0832,0.2026,0.1021,0,0.213738
35,0.0400,2.2400,46.1000,-30.5400,0.1848,0.3748,0.3184,0.4000,1.0000,-0.6000,-3.5567,2.6836,-1.1391,6.0833,2.0829,1.5233,3.5914,0.6954,0.7039,-0.0580,-0.1042,0.0143,128.0000,460.0000,234.0000,23.6485,172.3970,74.5155,5.00,3.00,2.00,0.0853,0.2107,0.1014,0,0.216449
35,0.0600,3.3600,46.6500,-30.8100,0.1870,0.3817,0.3165,0.4000,1.0000,-0.6000,-3.4350,2.7251,-1.1086,6.0833,2.0686,1.5233,3.5243,0.7081,0.4744,0.1327,0.0301,0.0060,128.0000,460.0000,234.0000,23.9418,175.6042,74.0665,5.00,3.00,2.00,0.0875,0.2186,0.1002,0,0.218890
35,0.0800,4.4800,47.2000,-31.0800,0.1892,0.3882,0.3139,0.4000,1.0000,-0.6000,-3.3133,2.7663,-1.0781,6.0833,2.0486,1.5233,3.4586,0.7232,0.6277,-0.0398,-0.0010,-0.0170,128.0000,460.0000,234.0000,24.2222,178.5868,73.4503,5.00,3.00,2.00,0.0895,0.2261,0.0985,0,0.221007
35,0.1000,5.6000,47.7500,-31.3500,0.1913,0.3941,0.3106,0.4000,1.0000,-0.6000,-3.1917,2.8071,-1.0477,6.0833,2.0230,1.5233,3.4122,0.6922,0.5563,-0.0502,-0.0300,-0.1377,128.0000,460.0000,234.0000,24.4855,181.2777,72.6789,5.00,3.00,2.00,0.0915,0.2330,0.0965,0,0.222754
35,0.1200,6.7200,48.3000,-31.6200,0.1932,0.3992,0.3067,0.4000,1.0000,-0.6000,-3.0700,2.8472,-1.0172,6.0833,1.9919,1.5233,3.6215,0.7040,0.6224,-0.1396,-0.0986,-0.1493,128.0000,460.0000,234.0000,24.7280,183.6165,71.7675,5.00,3.00,2.00,0.0933,0.2390,0.0941,0,0.224090
35,0.1400,7.8400,48.8500,-31.8900,0.1949,0.4034,0.3023,0.4000,1.0000,-0.6000,-2.9483,2.8867,-0.9867,6.0833,1.9553,1.5233,3.6436,0.7327,0.6499,-0.0574,-0.1653,-0.0647,128.0000,460.0000,234.0000,24.9463,185.5507,70.7337,5.00,3.00,2.00,0.0950,0.2441,0.0914,0,0.224985
35,0.1600,8.9600,49.4000,-32.1600,0.1964,0.4066,0.2974,0.4000,1.0000,-0.6000,-2.8267,2.9254,-0.9563,6.0833,1.9133,1.5233,3.6437,0.7331,0.7291,-0.0036,-0.2101,0.0925,128.0000,460.0000,234.0000,25.1371,187.0369,69.5980,5.00,3.00,2.00,0.0964,0.2480,0.0885,0,0.225418
35,0.1800,10.0800,49.9500,-32.4300,0.1976,0.4088,0.2922,0.4000,1.0000,-0.6000,-2.7050,2.9632,-0.9258,6.0833,1.8661,1.5233,3.3916,0.6920,0.7569,-0.1205,0.0238,0.1255,128.0000,460.0000,234.0000,25.2978,188.0416,68.3824,5.00,3.00,2.00,0.0977,0.2507,0.0854,0,0.225378
35,0.2000,11.2000,50.5000,-32.7000,0.1986,0.4099,0.2868,0.4000,1.0000,-0.6000,-2.5833,3.0000,-0.8953,6.0833,1.8138,1.5233,3.5547,0.6990,0.7090,-0.1094,-0.0887,0.0907,128.0000,460.0000,234.0000,25.4260,188.5424,67.1109,5.00,3.00,2.00,0.0986,0.2520,0.0823,0,0.224863
35,0.2200,12.3200,51.0500,-32.9700,0.1994,0.4098,0.2812,0.4000,1.0000,-0.6000,-2.4617,3.0357,-0.8649,6.0833,1.7565,1.5233,3.5654,0.7153,0.5765,0.0510,-0.1092,-0.0740,128.0000,460.0000,234.0000,25.5199,188.5279,65.8082,5.00,3.00,2.00,0.0994,0.2520,0.0791,0,0.223885
35,0.2400,13.4400,51.6000,-33.2400,0.1998,0.4087,0.2756,0.4000,1.0000,-0.6000,-2.3400,3.0702,-0.8344,6.0833,1.6944,1.5233,3.3427,0.7220,0.7347,-0.1287,-0.2369,-0.0835,128.0000,460.0000,234.0000,25.5781,187.9985,64.4999,5.00,3.00,2.00,0.0998,0.2505,0.0760,0,0.222461
35,0.2600,14.5600,52.1500,-33.5100,0.2000,0.4064,0.2701,0.4000,1.0000,-0.6000,-2.2183,3.1035,-0.8039,6.0833,1.6277,1.5233,3.6653,0.6946,0.5455,-0.0855,-0.1096,-0.1165,128.0000,460.0000,234.0000,25.5999,186.9661,63.2115,5.00,3.00,2.00,0.1000,0.2478,0.0730,0,0.220622
35,0.2800,15.6800,52.7000,-33.7800,0.1999,0.4032,0.2648,0.4000,1.0000,-0.6000,-2.0967,3.1353,-0.7735,6.0833,1.5564,1.5233,3.5584,0.7361,0.7734,-0.0022,-0.2099,0.0598,128.0000,460.0000,234.0000,25.5848,185.4538,61.9683,5.00,3.00,2.00,0.0999,0.2438,0.0701,0,0.218406
35,0.3000,16.8000,53.2500,-34.0500,0.1995,0.3989,0.2598,0.4000,1.0000,-0.6000,-1.9750,3.1657,-0.7430,6.0833,1.4810,1.5233,3.3858,0.7343,0.5631,0.0199,-0.1352,-0.0434,128.0000,460.0000,234.0000,25.5330,183.4957,60.7946,5.00,3.00,2.00,0.0995,0.2387,0.0675,0,0.215859
35,0.3200,17.9200,53.8000,-34.3200,0.1988,0.3938,0.2552,0.4000,1.0000,-0.6000,-1.8533,3.1945,-0.7125,6.0833,1.4014,1.5233,3.4198,0.7358,0.5108,0.0776,-0.0619,0.1083,128.0000,460.0000,234.0000,25.4455,181.1357,59.7134,5.00,3.00,2.00,0.0988,0.2326,0.0651,0,0.213036
35,0.3400,19.0400,54.3500,-34.5900,0.1978,0.3879,0.2511,0.4000,1.0000,-0.6000,-1.7317,3.2217,-0.6821,6.0833,1.3180,1.5233,3.6538,0.7038,0.5376,0.0084,-0.1225,0.0300,128.0000,460.0000,234.0000,25.3233,178.4267,58.7458,5.00,3.00,2.00,0.0979,0.2257,0.0630,0,0.209997
35,0.3600,5.0400,54.9000,-34.8600,0.1966,0.3814,0.2475,0.1000,1.0000,-0.6000,-1.6100,3.2472,-0.6516,6.0833,1.2311,1.5233,3.3243,0.6977,0.8045,0.0409,-0.2082,0.1009,32.0000,460.0000,234.0000,6.2921,175.4297,57.9108,5.00,3.00,2.00,0.0967,0.2182,0.0612,0,0.191706
35,0.3800,5.3200,55.4500,-35.1300,0.1952,0.3744,0.2445,0.1000,1.0000,-0.6000,-1.4883,3.2709,-0.6212,6.0833,1.1407,1.5233,3.5531,0.7162,0.6932,0.0340,-0.1080,0.0808,32.0000,460.0000,234.0000,6.2457,172.2120,57.2246,5.00,3.00,2.00,0.0952,0.2102,0.0598,0,0.188546
35,0.4000,5.6000,56.0000,-35.4000,0.1935,0.3671,0.2423,0.1000,1.0000,-0.6000,-1.3667,3.2928,-0.5907,6.0833,1.0472,1.5233,3.6434,0.7013,0.5514,0.0473,-0.1039,0.0690,32.0000,460.0000,234.0000,6.1923,168.8458,56.7008,5.00,3.00,2.00,0.0936,0.2021,0.0587,0,0.185391
35,0.4200,5.8800,56.5500,-35.6700,0.1916,0.3596,0.2408,0.1000,1.0000,-0.6000,-1.2450,3.3128,-0.5602,6.0833,0.9508,1.5233,3.6560,0.7198,0.5021,-0.0176,-0.0119,-0.0660,32.0000,460.0000,234.0000,6.1327,165.4066,56.3496,5.00,3.00,2.00,0.0918,0.1939,0.0580,0,0.182311
35,0.4400,6.1600,57.1000,-22.0800,0.1896,0.3521,0.2401,0.1000,1.0000,0.8000,-1.1233,3.3308,-0.5298,6.0833,0.8519,1.5233,-1.1233,2.7108,-0.5298,6.0833,0.8519,1.5233,32.0000,460.0000,312.0000,6.0677,161.9718,74.9037,5.00,3.00,2.00,0.0899,0.1860,0.0576,1,0.194355
35,0.4600,6.4400,57.6500,-21.7200,0.1874,0.3448,0.2401,0.1000,1.0000,0.8000,-1.0017,3.3469,-0.4993,6.0833,0.7506,1.5233,-1.0017,2.7269,-0.4993,6.0833,0.7506,1.5233,32.0000,460.0000,312.0000,5.9983,158.6185,74.9183,5.00,3.00,2.00,0.0878,0.1784,0.0577,1,0.191628
35,0.4800,6.7200,58.2000,-21.3600,0.1852,0.3379,0.2410,0.1000,1.0000,0.8000,-0.8800,3.3608,-0.4688,6.0833,0.6472,1.5233,-0.8800,2.7408,-0.4688,6.0833,0.6472,1.5233,32.0000,460.0000,312.0000,5.9255,155.4220,75.1765,5.00,3.00,2.00,0.0857,0.1712,0.0581,1,0.189219
35,0.5000,7.0000,50.5000,-21.0000,0.1828,0.3314,0.2425,0.1000,0.4000,0.8000,-0.7583,3.3727,-0.4384,6.0833,0.5421,1.5233,-0.7583,2.7527,-0.4384,6.0833,0.5421,1.5233,32.0000,184.0000,312.0000,5.8503,60.9816,75.6730,5.00,3.00,2.00,0.0836,0.1648,0.0588,1,0.114004
35,0.5200,7.2800,50.7200,-20.6400,0.1804,0.3256,0.2449,0.1000,0.4000,0.8000,-0.6367,3.3825,-0.4079,6.0833,0.4354,1.5233,-0.6367,2.7625,-0.4079,6.0833,0.4354,1.5233,32.0000,184.0000,312.0000,5.7738,59.9126,76.3983,5.00,3.00,2.00,0.0814,0.1590,0.0600,1,0.113668
35,0.5400,7.5600,50.9400,-20.2800,0.1780,0.3206,0.2479,0.1000,0.4000,0.8000,-0.5150,3.3902,-0.3774,6.0833,0.3276,1.5233,-0.5150,2.7702,-0.3774,6.0833,0.3276,1.5233,32.0000,184.0000,312.0000,5.6971,58.9856,77.3380,5.00,3.00,2.00,0.0792,0.1542,0.0614,1,0.113617
35,0.5600,7.8400,51.1600,-19.9200,0.1757,0.3164,0.2515,0.1000,0.4000,0.8000,-0.3933,3.3956,-0.3470,6.0833,0.2189,1.5233,-0.3933,2.7756,-0.3470,6.0833,0.2189,1.5233,32.0000,184.0000,312.0000,5.6213,58.2215,78.4738,5.00,3.00,2.00,0.0771,0.1502,0.0633,1,0.113853
35,0.5800,8.1200,51.3800,-19.5600,0.1734,0.3132,0.2557,0.1000,0.4000,0.8000,-0.2717,3.3989,-0.3165,6.0833,0.1096,1.5233,-0.2717,2.7789,-0.3165,6.0833,0.1096,1.5233,32.0000,184.0000,312.0000,5.5475,57.6375,79.7836,5.00,3.00,2.00,0.0751,0.1472,0.0654,1,0.114375
35,0.6000,8.4000,51.6000,-19.2000,0.1711,0.3111,0.2604,0.1000,0.4000,0.8000,-0.1500,3.4000,-0.2860,6.0833,0.0000,1.5233,-0.1500,2.7800,-0.2860,6.0833,0.0000,1.5233,32.0000,184.0000,312.0000,5.4768,57.2467,81.2415,5.00,3.00,2.00,0.0732,0.1452,0.0678,1,0.115172
35,0.6200,8.6800,51.8200,-18.8400,0.1691,0.3101,0.2654,0.1000,0.4000,0.8000,-0.0283,3.3989,-0.2556,6.0833,-0.1096,1.5233,-0.0283,2.7789,-0.2556,6.0833,-0.1096,1.5233,32.0000,184.0000,312.0000,5.4101,57.0579,82.8193,5.00,3.00,2.00,0.0715,0.1442,0.0705,1,0.116230
35,0.6400,8.9600,52.0400,-18.4800,0.1671,0.3102,0.2708,0.1000,0.4000,0.8000,0.0933,3.3956,-0.2251,6.0833,-0.2189,1.5233,0.0933,2.7756,-0.2251,6.0833,-0.2189,1.5233,32.0000,184.0000,312.0000,5.3485,57.0753,84.4858,5.00,3.00,2.00,0.0698,0.1443,0.0733,1,0.117528
35,0.6600,9.2400,52.2600,-18.1200,0.1654,0.3114,0.2763,0.1000,0.4000,0.8000,0.2150,3.3902,-0.1946,6.0833,-0.3276,1.5233,0.2150,2.7702,-0.1946,6.0833,-0.3276,1.5233,32.0000,184.0000,312.0000,5.2928,57.2985,86.2086,5.00,3.00,2.00,0.0684,0.1455,0.0763,1,0.119040
35,0.6800,9.5200,52.4800,-17.7600,0.1639,0.3137,0.2819,0.1000,0.4000,0.8000,0.3367,3.3825,-0.1642,6.0833,-0.4354,1.5233,0.3367,2.7625,-0.1642,6.0833,-0.4354,1.5233,32.0000,184.0000,312.0000,5.2438,57.7225,87.9540,5.00,3.00,2.00,0.0671,0.1476,0.0795,1,0.120736
35,0.7000,9.8000,52.7000,-17.4000,0.1626,0.3171,0.2875,0.1000,0.4000,0.8000,0.4583,3.3727,-0.1337,6.0833,-0.5421,1.5233,0.4583,2.7527,-0.1337,6.0833,-0.5421,1.5233,32.0000,184.0000,312.0000,5.2022,58.3378,89.6877,5.00,3.00,2.00,0.0661,0.1508,0.0826,1,0.122582
35,0.7200,10.0800,52.9200,-17.0400,0.1615,0.3214,0.2929,0.1000,0.4000,0.8000,0.5800,3.3608,-0.1032,6.0833,-0.6472,1.5233,0.5800,2.7408,-0.1032,6.0833,-0.6472,1.5233,32.0000,184.0000,312.0000,5.1686,59.1306,91.3758,5.00,3.00,2.00,0.0652,0.1549,0.0858,1,0.124540
35,0.7400,10.3600,53.1400,-16.6800,0.1607,0.3265,0.2980,0.1000,0.4000,0.8000,0.7017,3.3469,-0.0728,6.0833,-0.7506,1.5233,0.7017,2.7269,-0.0728,6.0833,-0.7506,1.5233,32.0000,184.0000,312.0000,5.1436,60.0830,92.9854,5.00,3.00,2.00,0.0646,0.1599,0.0888,1,0.126570
35,0.7600,10.6400,53.3600,-16.3200,0.1602,0.3325,0.3028,0.1000,0.4000,0.8000,0.8233,3.3308,-0.0423,6.0833,-0.8519,1.5233,0.8233,2.7108,-0.0423,6.0833,-0.8519,1.5233,32.0000,184.0000,312.0000,5.1274,61.1737,94.4849,5.00,3.00,2.00,0.0642,0.1658,0.0917,1,0.128629
35,0.7800,10.9200,53.5800,-15.9600,0.1600,0.3390,0.3072,0.1000,0.4000,0.8000,0.9450,3.3128,-0.0118,6.0833,-0.9508,1.5233,0.9450,2.6928,-0.0118,6.0833,-0.9508,1.5233,32.0000,184.0000,312.0000,5.1203,62.3782,95.8450,5.00,3.00,2.00,0.0640,0.1724,0.0944,1,0.130675
35,0.8000,11.2000,53.8000,-15.6000,0.1601,0.3460,0.3110,0.1000,0.4000,0.8000,1.0667,3.2928,0.0186,6.0833,-1.0472,1.5233,1.0667,2.6728,0.0186,6.0833,-1.0472,1.5233,32.0000,184.0000,312.0000,5.1225,63.6694,97.0391,5.00,3.00,2.00,0.0641,0.1796,0.0967,1,0.132665
35,0.8200,11.4800,54.0200,-15.2400,0.1604,0.3534,0.3142,0.1000,0.4000,0.8000,1.1883,3.2709,0.0491,6.0833,-1.1407,1.5233,1.1883,2.6509,0.0491,6.0833,-1.1407,1.5233,32.0000,184.0000,312.0000,5.1337,65.0183,98.0437,5.00,3.00,2.00,0.0643,0.1873,0.0987,1,0.134557
35,0.8400,11.7600,54.2400,-14.8800,0.1611,0.3608,0.3168,0.1000,0.4000,0.8000,1.3100,3.2472,0.0796,6.0833,-1.2311,1.5233,1.3100,2.6272,0.0796,6.0833,-1.2311,1.5233,32.0000,184.0000,312.0000,5.1540,66.3947,98.8393,5.00,3.00,2.00,0.0649,0.1953,0.1004,1,0.136310
35,0.8600,12.0400,54.4600,-14.5200,0.1620,0.3683,0.3186,0.1000,0.4000,0.8000,1.4317,3.2217,0.1100,6.0833,-1.3180,1.5233,1.4317,2.6017,0.1100,6.0833,-1.3180,1.5233,32.0000,184.0000,312.0000,5.1831,67.7676,99.4103,5.00,3.00,2.00,0.0656,0.2035,0.1015,1,0.137889
35,0.8800,12.3200,54.6800,-14.1600,0.1631,0.3756,0.3197,0.1000,0.4000,0.8000,1.5533,3.1945,0.1405,6.0833,-1.4014,1.5233,1.5533,2.5745,0.1405,6.0833,-1.4014,1.5233,32.0000,184.0000,312.0000,5.2204,69.1062,99.7454,5.00,3.00,2.00,0.0665,0.2116,0.1022,1,0.139258
35,0.9000,0.0000,54.9000,-13.8000,0.0100,0.3825,0.3200,0.0000,0.4000,0.8000,1.6750,3.1657,0.1710,6.0833,-1.4810,1.5233,1.6750,2.5457,0.1710,6.0833,-1.4810,1.5233,0.0000,184.0000,312.0000,0.0000,70.3804,99.8382,5.00,3.00,2.00,0.0003,0.2195,0.1024,1,0.136175
35,0.9200,0.0000,55.1200,-13.4400,0.0100,0.3889,0.3195,0.0000,0.4000,0.8000,1.7967,3.1353,0.2014,6.0833,-1.5564,1.5233,1.7967,2.5153,0.2014,6.0833,-1.5564,1.5233,0.0000,184.0000,312.0000,0.0000,71.5616,99.6869,5.00,3.00,2.00,0.0003,0.2269,0.1021,1,0.136999
35,0.9400,0.0000,55.3400,-13.0800,0.0100,0.3947,0.3183,0.0000,0.4000,0.8000,1.9183,3.1035,0.2319,6.0833,-1.6277,1.5233,1.9183,2.4835,0.2319,6.0833,-1.6277,1.5233,0.0000,184.0000,312.0000,0.0000,72.6234,99.2943,5.00,3.00,2.00,0.0003,0.2337,0.1013,1,0.137534
35,0.9600,0.0000,55.5600,-30.0000,0.0100,0.3997,0.0200,0.0000,0.4000,0.0000,2.0400,3.0702,0.2624,6.0833,-1.6944,1.5233,2.0400,2.4502,0.2624,6.0833,-1.6944,1.5233,0.0000,184.0000,0.0000,0.0000,73.5417,0.0000,5.00,3.00,2.00,0.0003,0.2396,0.0004,1,0.058833
35,0.9800,0.0000,55.7800,-30.0000,0.0100,0.4038,0.0200,0.0000,0.4000,0.0000,2.1617,3.0357,0.2928,6.0833,-1.7565,1.5233,2.1617,2.4157,0.2928,6.0833,-1.7565,1.5233,0.0000,184.0000,0.0000,0.0000,74.2961,0.0000,5.00,3.00,2.00,0.0003,0.2446,0.0004,1,0.059437
35,1.0000,0.0000,45.0000,-30.0000,0.0100,0.0200,0.0200,0.0000,0.0000,0.0000,2.2833,3.0000,0.3233,6.0833,-1.8138,1.5233,2.2833,2.3800,0.3233,6.0833,-1.8138,1.5233,0.0000,0.0000,0.0000,0.0000,0.0000,0.0000,5.00,3.00,2.00,0.0003,0.0006,0.0004,1,0.000000
35,1.0200,0.0000,45.0000,-30.0000,0.0100,0.0200,0.0200,0.0000,0.0000,0.0000,2.4050,2.9632,0.3538,6.0833,-1.8661,1.5233,2.4050,2.3432,0.3538,6.0833,-1.8661,1.5233,0.0000,0.0000,0.0000,0.0000,0.0000,0.0000,5.00,3.00,2.00,0.0003,0.0006,0.0004,1,0.000000
35,1.0400,0.0000,45.0000,-30.0000,0.0100,0.0200,0.0200,0.0000,0.0000,0.0000,2.5267,2.9254,0.3842,6.0833,-1.9133,1.5233,2.5267,2.3054,0.3842,6.0833,-1.9133,1.5233,0.0000,0.0000,0.0000,0.0000,0.0000,0.0000,5.00,3.00,2.00,0.0003,0.0006,0.0004,1,0.000000
35,1.0600,0.0000,45.0000,-30.0000,0.0100,0.0200,0.0200,0.0000,0.0000,0.0000,2.6483,2.8867,0.4147,6.0833,-1.9553,1.5233,2.6483,2.2667,0.4147,6.0833,-1.9553,1.5233,0.0000,0.0000,0.0000,0.0000,0.0000,0.0000,5.00,3.00,2.00,0.0003,0.0006,0.0004,1,0.000000
35,1.0800,0.0000,45.0000,-30.0000,0.0100,0.0200,0.0200,0.0000,0.0000,0.0000,2.7700,2.8472,0.4452,6.0833,-1.9919,1.5233,2.7700,2.2272,0.4452,6.0833,-1.9919,1.5233,0.0000,0.0000,0.0000,0.0000,0.0000,0.0000,5.00,3.00,2.00,0.0003,0.0006,0.0004,1,0.000000
35,1.1000,0.0000,45.0000,-30.0000,0.0100,0.0200,0.0200,0.0000,0.0000,0.0000,2.8917,2.8071,0.4756,6.0833,-2.0230,1.5233,2.8917,2.1871,0.4756,6.0833,-2.0230,1.5233,0.0000,0.0000,0.0000,0.0000,0.0000,0.0000,5.00,3.00,2.00,0.0003,0.0006,0.0004,1,0.000000
35,1.1200,0.0000,45.0000,-30.0000,0.0100,0.0200,0.0200,0.0000,0.0000,0.0000,3.0133,2.7663,0.5061,6.0833,-2.0486,1.5233,3.0133,2.1463,0.5061,6.0833,-2.0486,1.5233,0.0000,0.0000,0.0000,0.0000,0.0000,0.0000,5.00,3.00,2.00,0.0003,0.0006,0.0004,1,0.000000
35,1.1400,0.0000,45.0000,-30.0000,0.0100,0.0200,0.0200,0.0000,0.0000,0.0000,3.1350,2.7251,0.5365,6.0833,-2.0686,1.5233,3.3461,0.7030,0.6107,-0.0255,-0.1546,-0.0740,0.0000,0.0000,0.0000,0.0000,0.0000,0.0000,5.00,3.00,2.00,0.0003,0.0006,0.0004,0,0.000000
35,1.1600,0.0000,45.0000,-30.0000,0.0100,0.0200,0.0200,0.0000,0.0000,0.0000,3.2567,2.6836,0.5670,6.0833,-2.0829,1.5233,3.6161,0.7005,0.5777,-0.0522,-0.0940,-0.1317,0.0000,0.0000,0.0000,0.0000,0.0000,0.0000,5.00,3.00,2.00,0.0003,0.0006,0.0004,0,0.000000
35,1.1800,0.0000,45.0000,-30.0000,0.0100,0.0200,0.0200,0.0000,0.0000,0.0000,3.3783,2.6419,0.5975,6.0833,-2.0915,1.5233,3.5627,0.7223,0.6579,-0.0041,0.0214,0.1114,0.0000,0.0000,0.0000,0.0000,0.0000,0.0000,5.00,3.00,2.00,0.0003,0.0006,0.0004,0,0.000000
35,1.2000,0.0000,45.0000,-30.0000,0.0100,0.0200,0.0200,0.0000,0.0000,0.0000,3.5000,2.6000,0.6279,0.0000,0.0000,0.0000,3.5487,0.7277,0.5692,-0.0222,0.0063,-0.0145,0.0000,0.0000,0.0000,0.0000,0.0000,0.0000,5.00,3.00,2.00,0.0003,0.0006,0.0004,0,0.000000
35,1.2200,0.0000,45.0000,-30.0000,0.0100,0.0200,0.0200,0.0000,0.0000,0.0000,3.5000,2.6000,0.6279,0.0000,0.0000,0.0000,3.5191,0.7100,0.6909,0.0041,-0.0517,0.0928,0.0000,0.0000,0.0000,0.0000,0.0000,0.0000,5.00,3.00,2.00,0.0003,0.0006,0.0004,0,0.000000
35,1.2400,0.0000,45.0000,-30.0000,0.0100,0.0200,0.0200,0.0000,0.0000,0.0000,3.5000,2.6000,0.6279,0.0000,0.0000,0.0000,3.4879,0.7228,0.5882,0.0421,-0.0488,0.0877,0.0000,0.0000,0.0000,0.0000,0.0000,0.0000,5.00,3.00,2.00,0.0003,0.0006,0.0004,0,0.000000
35,1.2600,0.0000,45.0000,-30.0000,0.0100,0.0200,0.0200,0.0000,0.0000,0.0000,3.5000,2.6000,0.6279,0.0000,0.0000,0.0000,3.4752,0.7104,0.5508,-0.0106,-0.0152,-0.0295,0.0000,0.0000,0.0000,0.0000,0.0000,0.0000,5.00,3.00,2.00,0.0003,0.0006,0.0004,0,0.000000
35,1.2800,0.0000,45.0000,-30.0000,0.0100,0.0200,0.0200,0.0000,0.0000,0.0000,3.5000,2.6000,0.6279,0.0000,0.0000,0.0000,3.4853,0.7231,0.6696,-0.0364,0.0192,0.0735,0.0000,0.0000,0.0000,0.0000,0.0000,0.0000,5.00,3.00,2.00,0.0003,0.0006,0.0004,0,0.000000
35,1.3000,0.0000,45.0000,-30.0000,0.0100,0.0200,0.0200,0.0000,0.0000,0.0000,3.5000,2.6000,0.6279,0.0000,0.0000,0.0000,3.4334,0.7185,0.6420,-0.0442,-0.0099,-0.0556,0.0000,0.0000,0.0000,0.0000,0.0000,0.0000,5.00,3.00,2.00,0.0003,0.0006,0.0004,0,0.000000
35,1.3200,0.0000,45.0000,-30.0000,0.0100,0.0200,0.0200,0.0000,0.0000,0.0000,3.5000,2.6000,0.6279,0.0000,0.0000,0.0000,3.5784,0.7238,0.6024,-0.0652,0.0004,-0.0643,0.0000,0.0000,0.0000,0.0000,0.0000,0.0000,5.00,3.00,2.00,0.0003,0.0006,0.0004,0,0.000000
35,1.3400,0.0000,45.0000,-30.0000,0.0100,0.0200,0.0200,0.0000,0.0000,0.0000,3.5000,2.6000,0.6279,0.0000,0.0000,0.0000,3.4995,0.7164,0.6335,-0.0099,0.0025,0.0478,0.0000,0.0000,0.0000,0.0000,0.0000,0.0000,5.00,3.00,2.00,0.0003,0.0006,0.0004,0,0.000000
35,1.3600,0.0000,45.0000,-30.0000,0.0100,0.0200,0.0200,0.0000,0.0000,0.0000,3.5000,2.6000,0.6279,0.0000,0.0000,0.0000,3.5206,0.7300,0.6828,0.0161,-0.0737,0.0181,0.0000,0.0000,0.0000,0.0000,0.0000,0.0000,5.00,3.00,2.00,0.0003,0.0006,0.0004,0,0.000000
35,1.3800,0.0000,45.0000,-30.0000,0.0100,0.0200,0.0200,0.0000,0.0000,0.0000,3.5000,2.6000,0.6279,0.0000,0.0000,0.0000,3.5296,0.7155,0.6693,0.0376,0.0121,-0.0195,0.0000,0.0000,0.0000,0.0000,0.0000,0.0000,5.00,3.00,2.00,0.0003,0.0006,0.0004,0,0.000000
35,1.4000,0.0000,45.0000,-30.0000,0.0100,0.0200,0.0200,0.0000,0.0000,0.0000,3.5000,2.6000,0.6279,0.0000,0.0000,0.0000,3.5184,0.7172,0.6137,0.0201,-0.0296,-0.0237,0.0000,0.0000,0.0000,0.0000,0.0000,0.0000,5.00,3.00,2.00,0.0003,0.0006,0.0004,0,0.000000
35,1.4200,0.0000,45.0000,-30.0000,0.0100,0.0200,0.0200,0.0000,0.0000,0.0000,3.5000,2.6000,0.6279,0.0000,0.0000,0.0000,3.4910,0.7174,0.6462,-0.0148,-0.0056,0.0224,0.0000,0.0000,0.0000,0.0000,0.0000,0.0000,5.00,3.00,2.00,0.0003,0.0006,0.0004,0,0.000000
35,1.4400,0.0000,45.0000,-30.0000,0.0100,0.0200,0.0200,0.0000,0.0000,0.0000,3.5000,2.6000,0.6279,0.0000,0.0000,0.0000,3.5039,0.7192,0.6240,-0.0123,0.0037,-0.0031,0.0000,0.0000,0.0000,0.0000,0.0000,0.0000,5.00,3.00,2.00,0.0003,0.0006,0.0004,0,0.000000
35,1.4600,0.0000,45.0000,-30.0000,0.0100,0.0200,0.0200,0.0000,0.0000,0.0000,3.5000,2.6000,0.6279,0.0000,0.0000,0.0000,3.5060,0.7184,0.6327,0.0050,-0.0037,0.0075,0.0000,0.0000,0.0000,0.0000,0.0000,0.0000,5.00,3.00,2.00,0.0003,0.0006,0.0004,0,0.000000
35,1.4800,0.0000,45.0000,-30.0000,0.0100,0.0200,0.0200,0.0000,0.0000,0.0000,3.5000,2.6000,0.6279,0.0000,0.0000,0.0000,3.5000,0.7200,0.6279,0.0000,0.0000,0.0000,0.0000,0.0000,0.0000,0.0000,0.0000,0.0000,5.00,3.00,2.00,0.0003,0.0006,0.0004,0,0.000000
35,1.5000,0.0000,45.0000,-30.0000,0.0100,0.0200,0.0200,0.0000,0.0000,0.0000,3.5000,2.6000,0.6279,0.0000,0.0000,0.0000,3.5057,0.7215,0.6247,0.0071,0.0092,-0.0007,0.0000,0.0000,0.0000,0.0000,0.0000,0.0000,5.00,3.00,2.00,0.0003,0.0006,0.0004,0,0.000000
36,0.0200,1.1200,45.5500,-30.2700,0.1824,0.3675,0.3196,0.4000,1.0000,-0.6000,-3.6783,2.6419,-1.1604,6.0833,2.0915,1.9789,3.5707,0.7317,1.3384,-0.0315,-0.2306,0.0331,128.0000,460.0000,234.0000,23.3465,169.0371,74.7884,5.00,3.00,2.00,0.0832,0.2026,0.1021,0,0.213738
36,0.0400,2.2400,46.1000,-30.5400,0.1848,0.3748,0.3184,0.4000,1.0000,-0.6000,-3.5567,2.6836,-1.1208,6.0833,2.0829,1.9789,3.3584,0.7180,1.0948,-0.1470,-0.2312,0.0661,128.0000,460.0000,234.0000,23.6485,172.3970,74.5155,5.00,3.00,2.00,0.0853,0.2107,0.1014,0,0.216449
36,0.0600,3.3600,46.6500,-30.8100,0.1870,0.3817,0.3165,0.4000,1.0000,-0.6000,-3.4350,2.7251,-1.0813,6.0833,2.0686,1.9789,3.4210,0.7298,1.0977,0.0020,-0.2044,0.1401,128.0000,460.0000,234.0000,23.9418,175.6042,74.0665,5.00,3.00,2.00,0.0875,0.2186,0.1002,0,0.218890
36,0.0800,4.4800,47.2000,-31.0800,0.1892,0.3882,0.3139,0.4000,1.0000,-0.6000,-3.3133,2.7663,-1.0417,6.0833,2.0486,1.9789,3.5095,0.7459,1.2403,-0.0385,-0.0047,0.1259,128.0000,460.0000,234.0000,24.2222,178.5868,73.4503,5.00,3.00,2.00,0.0895,0.2261,0.0985,0,0.221007
36,0.1000,5.6000,47.7500,-31.3500,0.1913,0.3941,0.3106,0.4000,1.0000,-0.6000,-3.1917,2.8071,-1.0021,6.0833,2.0230,1.9789,3.6048,0.7172,1.2953,-0.0696,0.0465,0.0546,128.0000,460.0000,234.0000,24.4855,181.2777,72.6789,5.00,3.00,2.00,0.0915,0.2330,0.0965,0,0.222754
36,0.1200,6.7200,48.3000,-31.6200,0.1932,0.3992,0.3067,0.4000,1.0000,-0.6000,-3.0700,2.8472,-0.9625,6.0833,1.9919,1.9789,3.4221,0.7214,1.0286,0.1068,-0.1194,-0.0750,128.0000,460.0000,234.0000,24.7280,183.6165,71.7675,5.00,3.00,2.00,0.0933,0.2390,0.0941,0,0.224090
36,0.1400,7.8400,48.8500,-31.8900,0.1949,0.4034,0.3023,0.4000,1.0000,-0.6000,-2.9483,2.8867,-0.9230,6.0833,1.9553,1.9789,3.4827,0.7143,1.3355,-0.1112,-0.0425,-0.1073,128.0000,460.0000,234.0000,24.9463,185.5507,70.7337,5.00,3.00,2.00,0.0950,0.2441,0.0914,0,0.224985
36,0.1600,8.9600,49.4000,-32.1600,0.1964,0.4066,0.2974,0.4000,1.0000,-0.6000,-2.8267,2.9254,-0.8834,6.0833,1.9133,1.9789,3.5618,0.7484,1.1409,0.0400,-0.0651,0.0736,128.0000,460.0000,234.0000,25.1371,187.0369,69.5980,5.00,3.00,2.00,0.0964,0.2480,0.0885,0,0.225418
36,0.1800,10.0800,49.9500,-32.4300,0.1976,0.4088,0.2922,0.4000,1.0000,-0.6000,-2.7050,2.9632,-0.8438,6.0833,1.8661,1.9789,3.4098,0.7326,1.3139,0.0589,-0.0856,-0.0448,128.0000,460.0000,234.0000,25.2978,188.0416,68.3824,5.00,3.00,2.00,0.0977,0.2507,0.0854,0,0.225378
36,0.2000,11.2000,50.5000,-32.7000,0.1986,0.4099,0.2868,0.4000,1.0000,-0.6000,-2.5833,3.0000,-0.8042,6.0833,1.8138,1.9789,3.6305,0.7095,1.3107,-0.1394,-0.0688,0.0334,128.0000,460.0000,234.0000,25.4260,188.5424,67.1109,5.00,3.00,2.00,0.0986,0.2520,0.0823,0,0.224863
36,0.2200,12.3200,51.0500,-32.9700,0.1994,0.4098,0.2812,0.4000,1.0000,-0.6000,-2.4617,3.0357,-0.7646,6.0833,1.7565,1.9789,3.5990,0.7403,1.1671,0.0289,-0.0320,0.0117,128.0000,460.0000,234.0000,25.5199,188.5279,65.8082,5.00,3.00,2.00,0.0994,0.2520,0.0791,0,0.223885
36,0.2400,13.4400,51.6000,-33.2400,0.1998,0.4087,0.2756,0.4000,1.0000,-0.6000,-2.3400,3.0702,-0.7251,6.0833,1.6944,1.9789,3.5454,0.7155,1.0770,-0.1392,-0.2336,0.0743,128.0000,460.0000,234.0000,25.5781,187.9985,64.4999,5.00,3.00,2.00,0.0998,0.2505,0.0760,0,0.222461
36,0.2600,14.5600,52.1500,-33.5100,0.2000,0.4064,0.2701,0.4000,1.0000,-0.6000,-2.2183,3.1035,-0.6855,6.0833,1.6277,1.9789,3.3274,0.7138,1.0808,0.0120,-0.0400,0.1031,128.0000,460.0000,234.0000,25.5999,186.9661,63.2115,5.00,3.00,2.00,0.1000,0.2478,0.0730,0,0.220622
36,0.2800,15.6800,52.7000,-33.7800,0.1999,0.4032,0.2648,0.4000,1.0000,-0.6000,-2.0967,3.1353,-0.6459,6.0833,1.5564,1.9789,3.5048,0.6995,1.2960,-0.1230,-0.2444,-0.0664,128.0000,460.0000,234.0000,25.5848,185.4538,61.9683,5.00,3.00,2.00,0.0999,0.2438,0.0701,0,0.218406
36,0.3000,16.8000,53.2500,-34.0500,0.1995,0.3989,0.2598,0.4000,1.0000,-0.6000,-1.9750,3.1657,-0.6063,6.0833,1.4810,1.9789,3.6062,0.7252,1.3460,0.0730,0.0481,-0.1168,128.0000,460.0000,234.0000,25.5330,183.4957,60.7946,5.00,3.00,2.00,0.0995,0.2387,0.0675,0,0.215859
36,0.3200,17.9200,53.8000,-34.3200,0.1988,0.3938,0.2552,0.4000,1.0000,-0.6000,-1.8533,3.1945,-0.5668,6.0833,1.4014,1.9789,3.4540,0.7150,1.2827,-0.0494,-0.1437,0.1059,128.0000,460.0000,234.0000,25.4455,181.1357,59.7134,5.00,3.00,2.00,0.0988,0.2326,0.0651,0,0.213036
36,0.3400,19.0400,54.3500,-34.5900,0.1978,0.3879,0.2511,0.4000,1.0000,-0.6000,-1.7317,3.2217,-0.5272,6.0833,1.3180,1.9789,3.5588,0.6945,1.0837,0.1102,-0.2478,-0.0924,128.0000,460.0000,234.0000,25.3233,178.4267,58.7458,5.00,3.00,2.00,0.0979,0.2257,0.0630,0,0.209997
36,0.3600,5.0400,54.9000,-34.8600,0.1966,0.3814,0.2475,0.1000,1.0000,-0.6000,-1.6100,3.2472,-0.4876,6.0833,1.2311,1.9789,3.5060,0.7028,1.2305,-0.1082,-0.0472,-0.1046,32.0000,460.0000,234.0000,6.2921,175.4297,57.9108,5.00,3.00,2.00,0.0967,0.2182,0.0612,0,0.191706
36,0.3800,5.3200,55.4500,-35.1300,0.1952,0.3744,0.2445,0.1000,1.0000,-0.6000,-1.4883,3.2709,-0.4480,6.0833,1.1407,1.9789,3.3601,0.7094,1.2196,-0.1397,-0.0934,-0.0160,32.0000,460.0000,234.0000,6.2457,172.2120,57.2246,5.00,3.00,2.00,0.0952,0.2102,0.0598,0,0.188546
36,0.4000,5.6000,56.0000,-35.4000,0.1935,0.3671,0.2423,0.1000,1.0000,-0.6000,-1.3667,3.2928,-0.4084,6.0833,1.0472,1.9789,3.5988,0.7311,1.2899,-0.0899,-0.0096,-0.1082,32.0000,460.0000,234.0000,6.1923,168.8458,56.7008,5.00,3.00,2.00,0.0936,0.2021,0.0587,0,0.185391
36,0.4200,5.8800,56.5500,-35.6700,0.1916,0.3596,0.2408,0.1000,1.0000,-0.6000,-1.2450,3.3128,-0.3689,6.0833,0.9508,1.9789,3.5227,0.7430,1.1498,-0.1146,-0.0508,0.0414,32.0000,460.0000,234.0000,6.1327,165.4066,56.3496,5.00,3.00,2.00,0.0918,0.1939,0.0580,0,0.182311
36,0.4400,6.1600,57.1000,-22.0800,0.1896,0.3521,0.2401,0.1000,1.0000,0.8000,-1.1233,3.3308,-0.3293,6.0833,0.8519,1.9789,-1.1233,2.7108,-0.3293,6.0833,0.8519,1.9789,32.0000,460.0000,312.0000,6.0677,161.9718,74.9037,5.00,3.00,2.00,0.0899,0.1860,0.0576,1,0.194355
36,0.4600,6.4400,57.6500,-21.7200,0.1874,0.3448,0.2401,0.1000,1.0000,0.8000,-1.0017,3.3469,-0.2897,6.0833,0.7506,1.9789,-1.0017,2.7269,-0.2897,6.0833,0.7506,1.9789,32.0000,460.0000,312.0000,5.9983,158.6185,74.9183,5.00,3.00,2.00,0.0878,0.1784,0.0577,1,0.191628
36,0.4800,6.7200,58.2000,-21.3600,0.1852,0.3379,0.2410,0.1000,1.0000,0.8000,-0.8800,3.3608,-0.2501,6.0833,0.6472,1.9789,-0.8800,2.7408,-0.2501,6.0833,0.6472,1.9789,32.0000,460.0000,312.0000,5.9255,155.4220,75.1765,5.00,3.00,2.00,0.0857,0.1712,0.0581,1,0.189219
36,0.5000,7.0000,50.5000,-21.0000,0.1828,0.3314,0.2425,0.1000,0.4000,0.8000,-0.7583,3.3727,-0.2106,6.0833,0.5421,1.9789,-0.7583,2.7527,-0.2106,6.0833,0.5421,1.9789,32.0000,184.0000,312.0000,5.8503,60.9816,75.6730,5.00,3.00,2.00,0.0836,0.1648,0.0588,1,0.114004
36,0.5200,7.2800,50.7200,-20.6400,0.1804,0.3256,0.2449,0.1000,0.4000,0.8000,-0.6367,3.3825,-0.1710,6.0833,0.4354,1.9789,-0.6367,2.7625,-0.1710,6.0833,0.4354,1.9789,32.0000,184.0000,312.0000,5.7738,59.9126,76.3983,5.00,3.00,2.00,0.0814,0.1590,0.0600,1,0.113668
36,0.5400,7.5600,50.9400,-20.2800,0.1780,0.3206,0.2479,0.1000,0.4000,0.8000,-0.5150,3.3902,-0.1314,6.0833,0.3276,1.9789,-0.5150,2.7702,-0.1314,6.0833,0.3276,1.9789,32.0000,184.0000,312.0000,5.6971,58.9856,77.3380,5.00,3.00,2.00,0.0792,0.1542,0.0614,1,0.113617
36,0.5600,7.8400,51.1600,-19.9200,0.1757,0.3164,0.2515,0.1000,0.4000,0.8000,-0.3933,3.3956,-0.0918,6.0833,0.2189,1.9789,-0.3933,2.7756,-0.0918,6.0833,0.2189,1.9789,32.0000,184.0000,312.0000,5.6213,58.2215,78.4738,5.00,3.00,2.00,0.0771,0.1502,0.0633,1,0.113853
36,0.5800,8.1200,51.3800,-19.5600,0.1734,0.3132,0.2557,0.1000,0.4000,0.8000,-0.2717,3.3989,-0.0522,6.0833,0.1096,1.9789,-0.2717,2.7789,-0.0522,6.0833,0.1096,1.9789,32.0000,184.0000,312.0000,5.5475,57.6375,79.7836,5.00,3.00,2.00,0.0751,0.1472,0.0654,1,0.114375
36,0.6000,8.4000,51.6000,-19.2000,0.1711,0.3111,0.2604,0.1000,0.4000,0.8000,-0.1500,3.4000,-0.0127,6.0833,0.0000,1.9789,-0.1500,2.7800,-0.0127,6.0833,0.0000,1.9789,32.0000,184.0000,312.0000,5.4768,57.2467,81.2415,5.00,3.00,2.00,0.0732,0.1452,0.0678,1,0.115172
36,0.6200,8.6800,51.8200,-18.8400,0.1691,0.3101,0.2654,0.1000,0.4000,0.8000,-0.0283,3.3989,0.0269,6.0833,-0.1096,1.9789,-0.0283,2.7789,0.0269,6.0833,-0.1096,1.9789,32.0000,184.0000,312.0000,5.4101,57.0579,82.8193,5.00,3.00,2.00,0.0715,0.1442,0.0705,1,0.116230
36,0.6400,8.9600,52.0400,-18.4800,0.1671,0.3102,0.2708,0.1000,0.4000,0.8000,0.0933,3.3956,0.0665,6.0833,-0.2189,1.9789,0.0933,2.7756,0.0665,6.0833,-0.2189,1.9789,32.0000,184.0000,312.0000,5.3485,57.0753,84.4858,5.00,3.00,2.00,0.0698,0.1443,0.0733,1,0.117528
36,0.6600,9.2400,52.2600,-18.1200,0.1654,0.3114,0.2763,0.1000,0.4000,0.8000,0.2150,3.3902,0.1061,6.0833,-0.3276,1.9789,0.2150,2.7702,0.1061,6.0833,-0.3276,1.9789,32.0000,184.0000,312.0000,5.2928,57.2985,86.2086,5.00,3.00,2.00,0.0684,0.1455,0.0763,1,0.119040
36,0.6800,9.5200,52.4800,-17.7600,0.1639,0.3137,0.2819,0.1000,0.4000,0.8000,0.3367,3.3825,0.1456,6.0833,-0.4354,1.9789,0.3367,2.7625,0.1456,6.0833,-0.4354,1.9789,32.0000,184.0000,312.0000,5.2438,57.7225,87.9540,5.00,3.00,2.00,0.0671,0.1476,0.0795,1,0.120736
36,0.7000,9.8000,52.7000,-17.4000,0.1626,0.3171,0.2875,0.1000,0.4000,0.8000,0.4583,3.3727,0.1852,6.0833,-0.5421,1.9789,0.4583,2.7527,0.1852,6.0833,-0.5421,1.9789,32.0000,184.0000,312.0000,5.2022,58.3378,89.6877,5.00,3.00,2.00,0.0661,0.1508,0.0826,1,0.122582
36,0.7200,10.0800,52.9200,-17.0400,0.1615,0.3214,0.2929,0.1000,0.4000,0.8000,0.5800,3.3608,0.2248,6.0833,-0.6472,1.9789,0.5800,2.7408,0.2248,6.0833,-0.6472,1.9789,32.0000,184.0000,312.0000,5.1686,59.1306,91.3758,5.00,3.00,2.00,0.0652,0.1549,0.0858,1,0.124540
36,0.7400,10.3600,53.1400,-16.6800,0.1607,0.3265,0.2980,0.1000,0.4000,0.8000,0.7017,3.3469,0.2644,6.0833,-0.7506,1.9789,0.7017,2.7269,0.2644,6.0833,-0.7506,1.9789,32.0000,184.0000,312.0000,5.1436,60.0830,92.9854,5.00,3.00,2.00,0.0646,0.1599,0.0888,1,0.126570
36,0.7600,10.6400,53.3600,-16.3200,0.1602,0.3325,0.3028,0.1000,0.4000,0.8000,0.8233,3.3308,0.3040,6.0833,-0.8519,1.9789,0.8233,2.7108,0.3040,6.0833,-0.8519,1.9789,32.0000,184.0000,312.0000,5.1274,61.1737,94.4849,5.00,3.00,2.00,0.0642,0.1658,0.0917,1,0.128629
36,0.7800,10.9200,53.5800,-15.9600,0.1600,0.3390,0.3072,0.1000,0.4000,0.8000,0.9450,3.3128,0.3435,6.0833,-0.9508,1.9789,0.9450,2.6928,0.3435,6.0833,-0.9508,1.9789,32.0000,184.0000,312.0000,5.1203,62.3782,95.8450,5.00,3.00,2.00,0.0640,0.1724,0.0944,1,0.130675
36,0.8000,11.2000,53.8000,-15.6000,0.1601,0.3460,0.3110,0.1000,0.4000,0.8000,1.0667,3.2928,0.3831,6.0833,-1.0472,1.9789,1.0667,2.6728,0.3831,6.0833,-1.0472,1.9789,32.0000,184.0000,312.0000,5.1225,63.6694,97.0391,5.00,3.00,2.00,0.0641,0.1796,0.0967,1,0.132665
36,0.8200,11.4800,54.0200,-15.2400,0.1604,0.3534,0.3142,0.1000,0.4000,0.8000,1.1883,3.2709,0.4227,6.0833,-1.1407,1.9789,1.1883,2.6509,0.4227,6.0833,-1.1407,1.9789,32.0000,184.0000,312.0000,5.1337,65.0183,98.0437,5.00,3.00,2.00,0.0643,0.1873,0.0987,1,0.134557
36,0.8400,11.7600,54.2400,-14.8800,0.1611,0.3608,0.3168,0.1000,0.4000,0.8000,1.3100,3.2472,0.4623,6.0833,-1.2311,1.9789,1.3100,2.6272,0.4623,6.0833,-1.2311,1.9789,32.0000,184.0000,312.0000,5.1540,66.3947,98.8393,5.00,3.00,2.00,0.0649,0.1953,0.1004,1,0.136310
36,0.8600,12.0400,54.4600,-14.5200,0.1620,0.3683,0.3186,0.1000,0.4000,0.8000,1.4317,3.2217,0.5018,6.0833,-1.3180,1.9789,1.4317,2.6017,0.5018,6.0833,-1.3180,1.9789,32.0000,184.0000,312.0000,5.1831,67.7676,99.4103,5.00,3.00,2.00,0.0656,0.2035,0.1015,1,0.137889
36,0.8800,12.3200,54.6800,-14.1600,0.1631,0.3756,0.3197,0.1000,0.4000,0.8000,1.5533,3.1945,0.5414,6.0833,-1.4014,1.9789,1.5533,2.5745,0.5414,6.0833,-1.4014,1.9789,32.0000,184.0000,312.0000,5.2204,69.1062,99.7454,5.00,3.00,2.00,0.0665,0.2116,0.1022,1,0.139258
36,0.9000,0.0000,54.9000,-13.8000,0.0100,0.3825,0.3200,0.0000,0.4000,0.8000,1.6750,3.1657,0.5810,6.0833,-1.4810,1.9789,1.6750,2.5457,0.5810,6.0833,-1.4810,1.9789,0.0000,184.0000,312.0000,0.0000,70.3804,99.8382,5.00,3.00,2.00,0.0003,0.2195,0.1024,1,0.136175
36,0.9200,0.0000,55.1200,-13.4400,0.0100,0.3889,0.3195,0.0000,0.4000,0.8000,1.7967,3.1353,0.6206,6.0833,-1.5564,1.9789,1.7967,2.5153,0.6206,6.0833,-1.5564,1.9789,0.0000,184.0000,312.0000,0.0000,71.5616,99.6869,5.00,3.00,2.00,0.0003,0.2269,0.1021,1,0.136999
36,0.9400,0.0000,55.3400,-13.0800,0.0100,0.3947,0.3183,0.0000,0.4000,0.8000,1.9183,3.1035,0.6602,6.0833,-1.6277,1.9789,1.9183,2.4835,0.6602,6.0833,-1.6277,1.9789,0.0000,184.0000,312.0000,0.0000,72.6234,99.2943,5.00,3.00,2.00,0.0003,0.2337,0.1013,1,0.137534
36,0.9600,0.0000,55.5600,-30.0000,0.0100,0.3997,0.0200,0.0000,0.4000,0.0000,2.0400,3.0702,0.6997,6.0833,-1.6944,1.9789,2.0400,2.4502,0.6997,6.0833,-1.6944,1.9789,0.0000,184.0000,0.0000,0.0000,73.5417,0.0000,5.00,3.00,2.00,0.0003,0.2396,0.0004,1,0.058833
36,0.9800,0.0000,55.7800,-30.0000,0.0100,0.4038,0.0200,0.0000,0.4000,0.0000,2.1617,3.0357,0.7393,6.0833,-1.7565,1.9789,2.1617,2.4157,0.7393,6.0833,-1.7565,1.9789,0.0000,184.0000,0.0000,0.0000,74.2961,0.0000,5.00,3.00,2.00,0.0003,0.2446,0.0004,1,0.059437
36,1.0000,0.0000,45.0000,-30.0000,0.0100,0.0200,0.0200,0.0000,0.0000,0.0000,2.2833,3.0000,0.7789,6.0833,-1.8138,1.9789,2.2833,2.3800,0.7789,6.0833,-1.8138,1.9789,0.0000,0.0000,0.0000,0.0000,0.0000,0.0000,5.00,3.00,2.00,0.0003,0.0006,0.0004,1,0.000000
36,1.0200,0.0000,45.0000,-30.0000,0.0100,0.0200,0.0200,0.0000,0.0000,0.0000,2.4050,2.9632,0.8185,6.0833,-1.8661,1.9789,2.4050,2.3432,0.8185,6.0833,-1.8661,1.9789,0.0000,0.0000,0.0000,0.0000,0.0000,0.0000,5.00,3.00,2.00,0.0003,0.0006,0.0004,1,0.000000
36,1.0400,0.0000,45.0000,-30.0000,0.0100,0.0200,0.0200,0.0000,0.0000,0.0000,2.5267,2.9254,0.8580,6.0833,-1.9133,1.9789,2.5267,2.3054,0.8580,6.0833,-1.9133,1.9789,0.0000,0.0000,0.0000,0.0000,0.0000,0.0000,5.00,3.00,2.00,0.0003,0.0006,0.0004,1,0.000000
36,1.0600,0.0000,45.0000,-30.0000,0.0100,0.0200,0.0200,0.0000,0.0000,0.0000,2.6483,2.8867,0.8976,6.0833,-1.9553,1.9789,2.6483,2.2667,0.8976,6.0833,-1.9553,1.9789,0.0000,0.0000,0.0000,0.0000,0.0000,0.0000,5.00,3.00,2.00,0.0003,0.0006,0.0004,1,0.000000
36,1.0800,0.0000,45.0000,-30.0000,0.0100,0.0200,0.0200,0.0000,0.0000,0.0000,2.7700,2.8472,0.9372,6.0833,-1.9919,1.9789,2.7700,2.2272,0.9372,6.0833,-1.9919,1.9789,0.0000,0.0000,0.0000,0.0000,0.0000,0.0000,5.00,3.00,2.00,0.0003,0.0006,0.0004,1,0.000000
36,1.1000,0.0000,45.0000,-30.0000,0.0100,0.0200,0.0200,0.0000,0.0000,0.0000,2.8917,2.8071,0.9768,6.0833,-2.0230,1.9789,2.8917,2.1871,0.9768,6.0833,-2.0230,1.9789,0.0000,0.0000,0.0000,0.0000,0.0000,0.0000,5.00,3.00,2.00,0.0003,0.0006,0.0004,1,0.000000
36,1.1200,0.0000,45.0000,-30.0000,0.0100,0.0200,0.0200,0.0000,0.0000,0.0000,3.0133,2.7663,1.0164,6.0833,-2.0486,1.9789,3.0133,2.1463,1.0164,6.0833,-2.0486,1.9789,0.0000,0.0000,0.0000,0.0000,0.0000,0.0000,5.00,3.00,2.00,0.0003,0.0006,0.0004,1,0.000000
36,1.1400,0.0000,45.0000,-30.0000,0.0100,0.0200,0.0200,0.0000,0.0000,0.0000,3.1350,2.7251,1.0559,6.0833,-2.0686,1.9789,3.6522,0.7305,1.0191,-0.0323,0.0122,0.0353,0.0000,0.0000,0.0000,0.0000,0.0000,0.0000,5.00,3.00,2.00,0.0003,0.0006,0.0004,0,0.000000
36,1.1600,0.0000,45.0000,-30.0000,0.0100,0.0200,0.0200,0.0000,0.0000,0.0000,3.2567,2.6836,1.0955,6.0833,-2.0829,1.9789,3.5309,0.7278,1.0628,0.0387,-0.0693,0.0814,0.0000,0.0000,0.0000,0.0000,0.0000,0.0000,5.00,3.00,2.00,0.0003,0.0006,0.0004,0,0.000000
36,1.1800,0.0000,45.0000,-30.0000,0.0100,0.0200,0.0200,0.0000,0.0000,0.0000,3.3783,2.6419,1.1351,6.0833,-2.0915,1.9789,3.5370,0.7278,1.2980,0.0812,-0.0503,0.0427,0.0000,0.0000,0.0000,0.0000,0.0000,0.0000,5.00,3.00,2.00,0.0003,0.0006,0.0004,0,0.000000
36,1.2000,0.0000,45.0000,-30.0000,0.0100,0.0200,0.0200,0.0000,0.0000,0.0000,3.5000,2.6000,1.1747,0.0000,0.0000,0.0000,3.4960,0.7124,1.2852,-0.0342,-0.0636,0.0395,0.0000,0.0000,0.0000,0.0000,0.0000,0.0000,5.00,3.00,2.00,0.0003,0.0006,0.0004,0,0.000000
36,1.2200,0.0000,45.0000,-30.0000,0.0100,0.0200,0.0200,0.0000,0.0000,0.0000,3.5000,2.6000,1.1747,0.0000,0.0000,0.0000,3.3786,0.7184,1.1159,-0.0850,-0.1146,-0.0813,0.0000,0.0000,0.0000,0.0000,0.0000,0.0000,5.00,3.00,2.00,0.0003,0.0006,0.0004,0,0.000000
36,1.2400,0.0000,45.0000,-30.0000,0.0100,0.0200,0.0200,0.0000,0.0000,0.0000,3.5000,2.6000,1.1747,0.0000,0.0000,0.0000,3.5626,0.7159,1.1865,-0.0965,-0.1283,0.0982,0.0000,0.0000,0.0000,0.0000,0.0000,0.0000,5.00,3.00,2.00,0.0003,0.0006,0.0004,0,0.000000
36,1.2600,0.0000,45.0000,-30.0000,0.0100,0.0200,0.0200,0.0000,0.0000,0.0000,3.5000,2.6000,1.1747,0.0000,0.0000,0.0000,3.4139,0.7283,1.1628,-0.0916,-0.0725,0.0689,0.0000,0.0000,0.0000,0.0000,0.0000,0.0000,5.00,3.00,2.00,0.0003,0.0006,0.0004,0,0.000000
36,1.2800,0.0000,45.0000,-30.0000,0.0100,0.0200,0.0200,0.0000,0.0000,0.0000,3.5000,2.6000,1.1747,0.0000,0.0000,0.0000,3.4592,0.7076,1.0970,-0.0809,-0.0427,-0.0591,0.0000,0.0000,0.0000,0.0000,0.0000,0.0000,5.00,3.00,2.00,0.0003,0.0006,0.0004,0,0.000000
36,1.3000,0.0000,45.0000,-30.0000,0.0100,0.0200,0.0200,0.0000,0.0000,0.0000,3.5000,2.6000,1.1747,0.0000,0.0000,0.0000,3.4511,0.7272,1.1298,0.0390,-0.0302,-0.0261,0.0000,0.0000,0.0000,0.0000,0.0000,0.0000,5.00,3.00,2.00,0.0003,0.0006,0.0004,0,0.000000
36,1.3200,0.0000,45.0000,-30.0000,0.0100,0.0200,0.0200,0.0000,0.0000,0.0000,3.5000,2.6000,1.1747,0.0000,0.0000,0.0000,3.5389,0.7225,1.1146,-0.0169,-0.0640,-0.0115,0.0000,0.0000,0.0000,0.0000,0.0000,0.0000,5.00,3.00,2.00,0.0003,0.0006,0.0004,0,0.000000
36,1.3400,0.0000,45.0000,-30.0000,0.0100,0.0200,0.0200,0.0000,0.0000,0.0000,3.5000,2.6000,1.1747,0.0000,0.0000,0.0000,3.4791,0.7197,1.1525,-0.0553,0.0059,-0.0380,0.0000,0.0000,0.0000,0.0000,0.0000,0.0000,5.00,3.00,2.00,0.0003,0.0006,0.0004,0,0.000000
36,1.3600,0.0000,45.0000,-30.0000,0.0100,0.0200,0.0200,0.0000,0.0000,0.0000,3.5000,2.6000,1.1747,0.0000,0.0000,0.0000,3.4707,0.7221,1.1704,0.0420,-0.0117,0.0407,0.0000,0.0000,0.0000,0.0000,0.0000,0.0000,5.00,3.00,2.00,0.0003,0.0006,0.0004,0,0.000000
36,1.3800,0.0000,45.0000,-30.0000,0.0100,0.0200,0.0200,0.0000,0.0000,0.0000,3.5000,2.6000,1.1747,0.0000,0.0000,0.0000,3.4725,0.7198,1.2147,-0.0401,-0.0647,-0.0057,0.0000,0.0000,0.0000,0.0000,0.0000,0.0000,5.00,3.00,2.00,0.0003,0.0006,0.0004,0,0.000000
36,1.4000,0.0000,45.0000,-30.0000,0.0100,0.0200,0.0200,0.0000,0.0000,0.0000,3.5000,2.6000,1.1747,0.0000,0.0000,0.0000,3.5046,0.7136,1.2056,-0.0248,0.0031,0.0044,0.0000,0.0000,0.0000,0.0000,0.0000,0.0000,5.00,3.00,2.00,0.0003,0.0006,0.0004,0,0.000000
36,1.4200,0.0000,45.0000,-30.0000,0.0100,0.0200,0.0200,0.0000,0.0000,0.0000,3.5000,2.6000,1.1747,0.0000,0.0000,0.0000,3.5224,0.7150,1.1907,-0.0138,-0.0280,0.0049,0.0000,0.0000,0.0000,0.0000,0.0000,0.0000,5.00,3.00,2.00,0.0003,0.0006,0.0004,0,0.000000
36,1.4400,0.0000,45.0000,-30.0000,0.0100,0.0200,0.0200,0.0000,0.0000,0.0000,3.5000,2.6000,1.1747,0.0000,0.0000,0.0000,3.5147,0.7216,1.1696,-0.0156,-0.0061,0.0150,0.0000,0.0000,0.0000,0.0000,0.0000,0.0000,5.00,3.00,2.00,0.0003,0.0006,0.0004,0,0.000000
36,1.4600,0.0000,45.0000,-30.0000,0.0100,0.0200,0.0200,0.0000,0.0000,0.0000,3.5000,2.6000,1.1747,0.0000,0.0000,0.0000,3.5007,0.7192,1.1696,0.0073,-0.0012,0.0078,0.0000,0.0000,0.0000,0.0000,0.0000,0.0000,5.00,3.00,2.00,0.0003,0.0006,0.0004,0,0.000000
36,1.4800,0.0000,45.0000,-30.0000,0.0100,0.0200,0.0200,0.0000,0.0000,0.0000,3.5000,2.6000,1.1747,0.0000,0.0000,0.0000,3.5000,0.7200,1.1747,0.0000,0.0000,0.0000,0.0000,0.0000,0.0000,0.0000,0.0000,0.0000,5.00,3.00,2.00,0.0003,0.0006,0.0004,0,0.000000
36,1.5000,0.0000,45.0000,-30.0000,0.0100,0.0200,0.0200,0.0000,0.0000,0.0000,3.5000,2.6000,1.1747,0.0000,0.0000,0.0000,3.5015,0.7193,1.1739,-0.0032,0.0003,0.0028,0.0000,0.0000,0.0000,0.0000,0.0000,0.0000,5.00,3.00,2.00,0.0003,0.0006,0.0004,0,0.000000
37,0.0200,1.1200,45.5500,-30.2700,0.1824,0.3675,0.3196,0.4000,1.0000,-0.6000,-3.6783,2.6419,-1.1534,6.0833,2.0915,2.3290,3.5099,0.7033,1.6342,0.0826,-0.2045,0.1149,128.0000,460.0000,234.0000,23.3465,169.0371,74.7884,5.00,3.00,2.00,0.0832,0.2026,0.1021,0,0.213738
37,0.0400,2.2400,46.1000,-30.5400,0.1848,0.3748,0.3184,0.4000,1.0000,-0.6000,-3.5567,2.6836,-1.1068,6.0833,2.0829,2.3290,3.4668,0.6920,1.5343,0.1100,-0.2338,0.1443,128.0000,460.0000,234.0000,23.6485,172.3970,74.5155,5.00,3.00,2.00,0.0853,0.2107,0.1014,0,0.216449
37,0.0600,3.3600,46.6500,-30.8100,0.1870,0.3817,0.3165,0.4000,1.0000,-0.6000,-3.4350,2.7251,-1.0603,6.0833,2.0686,2.3290,3.5125,0.7015,1.7158,0.1354,-0.1048,0.0860,128.0000,460.0000,234.0000,23.9418,175.6042,74.0665,5.00,3.00,2.00,0.0875,0.2186,0.1002,0,0.218890
37,0.0800,4.4800,47.2000,-31.0800,0.1892,0.3882,0.3139,0.4000,1.0000,-0.6000,-3.3133,2.7663,-1.0137,6.0833,2.0486,2.3290,3.3871,0.7272,1.5084,0.1245,-0.1158,0.0214,128.0000,460.0000,234.0000,24.2222,178.5868,73.4503,5.00,3.00,2.00,0.0895,0.2261,0.0985,0,0.221007
37,0.1000,5.6000,47.7500,-31.3500,0.1913,0.3941,0.3106,0.4000,1.0000,-0.6000,-3.1917,2.8071,-0.9671,6.0833,2.0230,2.3290,3.5157,0.7218,1.5825,0.0361,-0.0108,0.0149,128.0000,460.0000,234.0000,24.4855,181.2777,72.6789,5.00,3.00,2.00,0.0915,0.2330,0.0965,0,0.222754
37,0.1200,6.7200,48.3000,-31.6200,0.1932,0.3992,0.3067,0.4000,1.0000,-0.6000,-3.0700,2.8472,-0.9205,6.0833,1.9919,2.3290,3.3419,0.7004,1.7457,-0.1388,-0.0984,-0.0216,128.0000,460.0000,234.0000,24.7280,183.6165,71.7675,5.00,3.00,2.00,0.0933,0.2390,0.0941,0,0.224090
37,0.1400,7.8400,48.8500,-31.8900,0.1949,0.4034,0.3023,0.4000,1.0000,-0.6000,-2.9483,2.8867,-0.8739,6.0833,1.9553,2.3290,3.4422,0.7355,1.4576,-0.0414,-0.0912,0.0677,128.0000,460.0000,234.0000,24.9463,185.5507,70.7337,5.00,3.00,2.00,0.0950,0.2441,0.0914,0,0.224985
37,0.1600,8.9600,49.4000,-32.1600,0.1964,0.4066,0.2974,0.4000,1.0000,-0.6000,-2.8267,2.9254,-0.8274,6.0833,1.9133,2.3290,3.5501,0.7389,1.5063,-0.1376,-0.0073,-0.0470,128.0000,460.0000,234.0000,25.1371,187.0369,69.5980,5.00,3.00,2.00,0.0964,0.2480,0.0885,0,0.225418
37,0.1800,10.0800,49.9500,-32.4300,0.1976,0.4088,0.2922,0.4000,1.0000,-0.6000,-2.7050,2.9632,-0.7808,6.0833,1.8661,2.3290,3.4318,0.7185,1.5013,0.0750,-0.0981,-0.0911,128.0000,460.0000,234.0000,25.2978,188.0416,68.3824,5.00,3.00,2.00,0.0977,0.2507,0.0854,0,0.225378
37,0.2000,11.2000,50.5000,-32.7000,0.1986,0.4099,0.2868,0.4000,1.0000,-0.6000,-2.5833,3.0000,-0.7342,6.0833,1.8138,2.3290,3.3470,0.7267,1.6936,-0.1386,-0.1805,0.0364,128.0000,460.0000,234.0000,25.4260,188.5424,67.1109,5.00,3.00,2.00,0.0986,0.2520,0.0823,0,0.224863
37,0.2200,12.3200,51.0500,-32.9700,0.1994,0.4098,0.2812,0.4000,1.0000,-0.6000,-2.4617,3.0357,-0.6876,6.0833,1.7565,2.3290,3.4702,0.7373,1.4997,0.0846,-0.0083,0.1141,128.0000,460.0000,234.0000,25.5199,188.5279,65.8082,5.00,3.00,2.00,0.0994,0.2520,0.0791,0,0.223885
37,0.2400,13.4400,51.6000,-33.2400,0.1998,0.4087,0.2756,0.4000,1.0000,-0.6000,-2.3400,3.0702,-0.6410,6.0833,1.6944,2.3290,3.3423,0.7198,1.6619,-0.0276,-0.0664,0.0675,128.0000,460.0000,234.0000,25.5781,187.9985,64.4999,5.00,3.00,2.00,0.0998,0.2505,0.0760,0,0.222461
37,0.2600,14.5600,52.1500,-33.5100,0.2000,0.4064,0.2701,0.4000,1.0000,-0.6000,-2.2183,3.1035,-0.5945,6.0833,1.6277,2.3290,3.5604,0.7395,1.4474,0.0103,-0.1672,0.0398,128.0000,460.0000,234.0000,25.5999,186.9661,63.2115,5.00,3.00,2.00,0.1000,0.2478,0.0730,0,0.220622
37,0.2800,15.6800,52.7000,-33.7800,0.1999,0.4032,0.2648,0.4000,1.0000,-0.6000,-2.0967,3.1353,-0.5479,6.0833,1.5564,2.3290,3.4342,0.7201,1.6745,-0.1133,-0.1570,-0.0532,128.0000,460.0000,234.0000,25.5848,185.4538,61.9683,5.00,3.00,2.00,0.0999,0.2438,0.0701,0,0.218406
37,0.3000,16.8000,53.2500,-34.0500,0.1995,0.3989,0.2598,0.4000,1.0000,-0.6000,-1.9750,3.1657,-0.5013,6.0833,1.4810,2.3290,3.4314,0.7086,1.6551,0.0669,0.0387,0.1180,128.0000,460.0000,234.0000,25.5330,183.4957,60.7946,5.00,3.00,2.00,0.0995,0.2387,0.0675,0,0.215859
37,0.3200,17.9200,53.8000,-34.3200,0.1988,0.3938,0.2552,0.4000,1.0000,-0.6000,-1.8533,3.1945,-0.4547,6.0833,1.4014,2.3290,3.5552,0.7081,1.6047,-0.0007,0.0334,0.0725,128.0000,460.0000,234.0000,25.4455,181.1357,59.7134,5.00,3.00,2.00,0.0988,0.2326,0.0651,0,0.213036
37,0.3400,19.0400,54.3500,-34.5900,0.1978,0.3879,0.2511,0.4000,1.0000,-0.6000,-1.7317,3.2217,-0.4081,6.0833,1.3180,2.3290,3.4963,0.7414,1.4180,-0.0379,0.0439,-0.0565,128.0000,460.0000,234.0000,25.3233,178.4267,58.7458,5.00,3.00,2.00,0.0979,0.2257,0.0630,0,0.209997
37,0.3600,5.0400,54.9000,-34.8600,0.1966,0.3814,0.2475,0.1000,1.0000,-0.6000,-1.6100,3.2472,-0.3616,6.0833,1.2311,2.3290,3.5565,0.7441,1.7253,0.0046,-0.2254,0.0545,32.0000,460.0000,234.0000,6.2921,175.4297,57.9108,5.00,3.00,2.00,0.0967,0.2182,0.0612,0,0.191706
37,0.3800,5.3200,55.4500,-35.1300,0.1952,0.3744,0.2445,0.1000,1.0000,-0.6000,-1.4883,3.2709,-0.3150,6.0833,1.1407,2.3290,3.3580,0.7224,1.5359,-0.1075,-0.0338,0.0689,32.0000,460.0000,234.0000,6.2457,172.2120,57.2246,5.00,3.00,2.00,0.0952,0.2102,0.0598,0,0.188546
37,0.4000,5.6000,56.0000,-35.4000,0.1935,0.3671,0.2423,0.1000,1.0000,-0.6000,-1.3667,3.2928,-0.2684,6.0833,1.0472,2.3290,3.6440,0.7077,1.5868,0.1239,-0.1082,-0.0015,32.0000,460.0000,234.0000,6.1923,168.8458,56.7008,5.00,3.00,2.00,0.0936,0.2021,0.0587,0,0.185391
37,0.4200,5.8800,56.5500,-35.6700,0.1916,0.3596,0.2408,0.1000,1.0000,-0.6000,-1.2450,3.3128,-0.2218,6.0833,0.9508,2.3290,3.3967,0.7103,1.6073,0.0880,-0.0236,-0.0568,32.0000,460.0000,234.0000,6.1327,165.4066,56.3496,5.00,3.00,2.00,0.0918,0.1939,0.0580,0,0.182311
37,0.4400,6.1600,57.1000,-22.0800,0.1896,0.3521,0.2401,0.1000,1.0000,0.8000,-1.1233,3.3308,-0.1752,6.0833,0.8519,2.3290,-1.1233,2.7108,-0.1752,6.0833,0.8519,2.3290,32.0000,460.0000,312.0000,6.0677,161.9718,74.9037,5.00,3.00,2.00,0.0899,0.1860,0.0576,1,0.194355
37,0.4600,6.4400,57.6500,-21.7200,0.1874,0.3448,0.2401,0.1000,1.0000,0.8000,-1.0017,3.3469,-0.1286,6.0833,0.7506,2.3290,-1.0017,2.7269,-0.1286,6.0833,0.7506,2.3290,32.0000,460.0000,312.0000,5.9983,158.6185,74.9183,5.00,3.00,2.00,0.0878,0.1784,0.0577,1,0.191628
37,0.4800,6.7200,58.2000,-21.3600,0.1852,0.3379,0.2410,0.1000,1.0000,0.8000,-0.8800,3.3608,-0.0821,6.0833,0.6472,2.3290,-0.8800,2.7408,-0.0821,6.0833,0.6472,2.3290,32.0000,460.0000,312.0000,5.9255,155.4220,75.1765,5.00,3.00,2.00,0.0857,0.1712,0.0581,1,0.189219
37,0.5000,7.0000,50.5000,-21.0000,0.1828,0.3314,0.2425,0.1000,0.4000,0.8000,-0.7583,3.3727,-0.0355,6.0833,0.5421,2.3290,-0.7583,2.7527,-0.0355,6.0833,0.5421,2.3290,32.0000,184.0000,312.0000,5.8503,60.9816,75.6730,5.00,3.00,2.00,0.0836,0.1648,0.0588,1,0.114004
37,0.5200,7.2800,50.7200,-20.6400,0.1804,0.3256,0.2449,0.1000,0.4000,0.8000,-0.6367,3.3825,0.0111,6.0833,0.4354,2.3290,-0.6367,2.7625,0.0111,6.0833,0.4354,2.3290,32.0000,184.0000,312.0000,5.7738,59.9126,76.3983,5.00,3.00,2.00,0.0814,0.1590,0.0600,1,0.113668
37,0.5400,7.5600,50.9400,-20.2800,0.1780,0.3206,0.2479,0.1000,0.4000,0.8000,-0.5150,3.3902,0.0577,6.0833,0.3276,2.3290,-0.5150,2.7702,0.0577,6.0833,0.3276,2.3290,32.0000,184.0000,312.0000,5.6971,58.9856,77.3380,5.00,3.00,2.00,0.0792,0.1542,0.0614,1,0.113617
37,0.5600,7.8400,51.1600,-19.9200,0.1757,0.3164,0.2515,0.1000,0.4000,0.8000,-0.3933,3.3956,0.1043,6.0833,0.2189,2.3290,-0.3933,2.7756,0.1043,6.0833,0.2189,2.3290,32.0000,184.0000,312.0000,5.6213,58.2215,78.4738,5.00,3.00,2.00,0.0771,0.1502,0.0633,1,0.113853
37,0.5800,8.1200,51.3800,-19.5600,0.1734,0.3132,0.2557,0.1000,0.4000,0.8000,-0.2717,3.3989,0.1508,6.0833,0.1096,2.3290,-0.2717,2.7789,0.1508,6.0833,0.1096,2.3290,32.0000,184.0000,312.0000,5.5475,57.6375,79.7836,5.00,3.00,2.00,0.0751,0.1472,0.0654,1,0.114375
37,0.6000,8.4000,51.6000,-19.2000,0.1711,0.3111,0.2604,0.1000,0.4000,0.8000,-0.1500,3.4000,0.1974,6.0833,0.0000,2.3290,-0.1500,2.7800,0.1974,6.0833,0.0000,2.3290,32.0000,184.0000,312.0000,5.4768,57.2467,81.2415,5.00,3.00,2.00,0.0732,0.1452,0.0678,1,0.115172
37,0.6200,8.6800,51.8200,-18.8400,0.1691,0.3101,0.2654,0.1000,0.4000,0.8000,-0.0283,3.3989,0.2440,6.0833,-0.1096,2.3290,-0.0283,2.7789,0.2440,6.0833,-0.1096,2.3290,32.0000,184.0000,312.0000,5.4101,57.0579,82.8193,5.00,3.00,2.00,0.0715,0.1442,0.0705,1,0.116230
37,0.6400,8.9600,52.0400,-18.4800,0.1671,0.3102,0.2708,0.1000,0.4000,0.8000,0.0933,3.3956,0.2906,6.0833,-0.2189,2.3290,0.0933,2.7756,0.2906,6.0833,-0.2189,2.3290,32.0000,184.0000,312.0000,5.3485,57.0753,84.4858,5.00,3.00,2.00,0.0698,0.1443,0.0733,1,0.117528
37,0.6600,9.2400,52.2600,-18.1200,0.1654,0.3114,0.2763,0.1000,0.4000,0.8000,0.2150,3.3902,0.3372,6.0833,-0.3276,2.3290,0.2150,2.7702,0.3372,6.0833,-0.3276,2.3290,32.0000,184.0000,312.0000,5.2928,57.2985,86.2086,5.00,3.00,2.00,0.0684,0.1455,0.0763,1,0.119040
37,0.6800,9.5200,52.4800,-17.7600,0.1639,0.3137,0.2819,0.1000,0.4000,0.8000,0.3367,3.3825,0.3837,6.0833,-0.4354,2.3290,0.3367,2.7625,0.3837,6.0833,-0.4354,2.3290,32.0000,184.0000,312.0000,5.2438,57.7225,87.9540,5.00,3.00,2.00,0.0671,0.1476,0.0795,1,0.120736
37,0.7000,9.8000,52.7000,-17.4000,0.1626,0.3171,0.2875,0.1000,0.4000,0.8000,0.4583,3.3727,0.4303,6.0833,-0.5421,2.3290,0.4583,2.7527,0.4303,6.0833,-0.5421,2.3290,32.0000,184.0000,312.0000,5.2022,58.3378,89.6877,5.00,3.00,2.00,0.0661,0.1508,0.0826,1,0.122582
37,0.7200,10.0800,52.9200,-17.0400,0.1615,0.3214,0.2929,0.1000,0.4000,0.8000,0.5800,3.3608,0.4769,6.0833,-0.6472,2.3290,0.5800,2.7408,0.4769,6.0833,-0.6472,2.3290,32.0000,184.0000,312.0000,5.1686,59.1306,91.3758,5.00,3.00,2.00,0.0652,0.1549,0.0858,1,0.124540
37,0.7400,10.3600,53.1400,-16.6800,0.1607,0.3265,0.2980,0.1000,0.4000,0.8000,0.7017,3.3469,0.5235,6.0833,-0.7506,2.3290,0.7017,2.7269,0.5235,6.0833,-0.7506,2.3290,32.0000,184.0000,312.0000,5.1436,60.0830,92.9854,5.00,3.00,2.00,0.0646,0.1599,0.0888,1,0.126570
37,0.7600,10.6400,53.3600,-16.3200,0.1602,0.3325,0.3028,0.1000,0.4000,0.8000,0.8233,3.3308,0.5701,6.0833,-0.8519,2.3290,0.8233,2.7108,0.5701,6.0833,-0.8519,2.3290,32.0000,184.0000,312.0000,5.1274,61.1737,94.4849,5.00,3.00,2.00,0.0642,0.1658,0.0917,1,0.128629
37,0.7800,10.9200,53.5800,-15.9600,0.1600,0.3390,0.3072,0.1000,0.4000,0.8000,0.9450,3.3128,0.6166,6.0833,-0.9508,2.3290,0.9450,2.6928,0.6166,6.0833,-0.9508,2.3290,32.0000,184.0000,312.0000,5.1203,62.3782,95.8450,5.00,3.00,2.00,0.0640,0.1724,0.0944,1,0.130675
37,0.8000,11.2000,53.8000,-15.6000,0.1601,0.3460,0.3110,0.1000,0.4000,0.8000,1.0667,3.2928,0.6632,6.0833,-1.0472,2.3290,1.0667,2.6728,0.6632,6.0833,-1.0472,2.3290,32.0000,184.0000,312.0000,5.1225,63.6694,97.0391,5.00,3.00,2.00,0.0641,0.1796,0.0967,1,0.132665
37,0.8200,11.4800,54.0200,-15.2400,0.1604,0.3534,0.3142,0.1000,0.4000,0.8000,1.1883,3.2709,0.7098,6.0833,-1.1407,2.3290,1.1883,2.6509,0.7098,6.0833,-1.1407,2.3290,32.0000,184.0000,312.0000,5.1337,65.0183,98.0437,5.00,3.00,2.00,0.0643,0.1873,0.0987,1,0.134557
37,0.8400,11.7600,54.2400,-14.8800,0.1611,0.3608,0.3168,0.1000,0.4000,0.8000,1.3100,3.2472,0.7564,6.0833,-1.2311,2.3290,1.3100,2.6272,0.7564,6.0833,-1.2311,2.3290,32.0000,184.0000,312.0000,5.1540,66.3947,98.8393,5.00,3.00,2.00,0.0649,0.1953,0.1004,1,0.136310
37,0.8600,12.0400,54.4600,-14.5200,0.1620,0.3683,0.3186,0.1000,0.4000,0.8000,1.4317,3.2217,0.8030,6.0833,-1.3180,2.3290,1.4317,2.6017,0.8030,6.0833,-1.3180,2.3290,32.0000,184.0000,312.0000,5.1831,67.7676,99.4103,5.00,3.00,2.00,0.0656,0.2035,0.1015,1,0.137889
37,0.8800,12.3200,54.6800,-14.1600,0.1631,0.3756,0.3197,0.1000,0.4000,0.8000,1.5533,3.1945,0.8495,6.0833,-1.4014,2.3290,1.5533,2.5745,0.8495,6.0833,-1.4014,2.3290,32.0000,184.0000,312.0000,5.2204,69.1062,99.7454,5.00,3.00,2.00,0.0665,0.2116,0.1022,1,0.139258
37,0.9000,0.0000,54.9000,-13.8000,0.0100,0.3825,0.3200,0.0000,0.4000,0.8000,1.6750,3.1657,0.8961,6.0833,-1.4810,2.3290,1.6750,2.5457,0.8961,6.0833,-1.4810,2.3290,0.0000,184.0000,312.0000,0.0000,70.3804,99.8382,5.00,3.00,2.00,0.0003,0.2195,0.1024,1,0.136175
37,0.9200,0.0000,55.1200,-13.4400,0.0100,0.3889,0.3195,0.0000,0.4000,0.8000,1.7967,3.1353,0.9427,6.0833,-1.5564,2.3290,1.7967,2.5153,0.9427,6.0833,-1.5564,2.3290,0.0000,184.0000,312.0000,0.0000,71.5616,99.6869,5.00,3.00,2.00,0.0003,0.2269,0.1021,1,0.136999
37,0.9400,0.0000,55.3400,-13.0800,0.0100,0.3947,0.3183,0.0000,0.4000,0.8000,1.9183,3.1035,0.9893,6.0833,-1.6277,2.3290,1.9183,2.4835,0.9893,6.0833,-1.6277,2.3290,0.0000,184.0000,312.0000,0.0000,72.6234,99.2943,5.00,3.00,2.00,0.0003,0.2337,0.1013,1,0.137534
37,0.9600,0.0000,55.5600,-30.0000,0.0100,0.3997,0.0200,0.0000,0.4000,0.0000,2.0400,3.0702,1.0359,6.0833,-1.6944,2.3290,2.0400,2.4502,1.0359,6.0833,-1.6944,2.3290,0.0000,184.0000,0.0000,0.0000,73.5417,0.0000,5.00,3.00,2.00,0.0003,0.2396,0.0004,1,0.058833
37,0.9800,0.0000,55.7800,-30.0000,0.0100,0.4038,0.0200,0.0000,0.4000,0.0000,2.1617,3.0357,1.0824,6.0833,-1.7565,2.3290,2.1617,2.4157,1.0824,6.0833,-1.7565,2.3290,0.0000,184.0000,0.0000,0.0000,74.2961,0.0000,5.00,3.00,2.00,0.0003,0.2446,0.0004,1,0.059437
37,1.0000,0.0000,45.0000,-30.0000,0.0100,0.0200,0.0200,0.0000,0.0000,0.0000,2.2833,3.0000,1.1290,6.0833,-1.8138,2.3290,2.2833,2.3800,1.1290,6.0833,-1.8138,2.3290,0.0000,0.0000,0.0000,0.0000,0.0000,0.0000,5.00,3.00,2.00,0.0003,0.0006,0.0004,1,0.000000
37,1.0200,0.0000,45.0000,-30.0000,0.0100,0.0200,0.0200,0.0000,0.0000,0.0000,2.4050,2.9632,1.1756,6.0833,-1.8661,2.3290,2.4050,2.3432,1.1756,6.0833,-1.8661,2.3290,0.0000,0.0000,0.0000,0.0000,0.0000,0.0000,5.00,3.00,2.00,0.0003,0.0006,0.0004,1,0.000000
37,1.0400,0.0000,45.0000,-30.0000,0.0100,0.0200,0.0200,0.0000,0.0000,0.0000,2.5267,2.9254,1.2222,6.0833,-1.9133,2.3290,2.5267,2.3054,1.2222,6.0833,-1.9133,2.3290,0.0000,0.0000,0.0000,0.0000,0.0000,0.0000,5.00,3.00,2.00,0.0003,0.0006,0.0004,1,0.000000
37,1.0600,0.0000,45.0000,-30.0000,0.0100,0.0200,0.0200,0.0000,0.0000,0.0000,2.6483,2.8867,1.2688,6.0833,-1.9553,2.3290,2.6483,2.2667,1.2688,6.0833,-1.9553,2.3290,0.0000,0.0000,0.0000,0.0000,0.0000,0.0000,5.00,3.00,2.00,0.0003,0.0006,0.0004,1,0.000000
37,1.0800,0.0000,45.0000,-30.0000,0.0100,0.0200,0.0200,0.0000,0.0000,0.0000,2.7700,2.8472,1.3153,6.0833,-1.9919,2.3290,2.7700,2.2272,1.3153,6.0833,-1.9919,2.3290,0.0000,0.0000,0.0000,0.0000,0.0000,0.0000,5.00,3.00,2.00,0.0003,0.0006,0.0004,1,0.000000
37,1.1000,0.0000,45.0000,-30.0000,0.0100,0.0200,0.0200,0.0000,0.0000,0.0000,2.8917,2.8071,1.3619,6.0833,-2.0230,2.3290,2.8917,2.1871,1.3619,6.0833,-2.0230,2.3290,0.0000,0.0000,0.0000,0.0000,0.0000,0.0000,5.00,3.00,2.00,0.0003,0.0006,0.0004,1,0.000000
37,1.1200,0.0000,45.0000,-30.0000,0.0100,0.0200,0.0200,0.0000,0.0000,0.0000,3.0133,2.7663,1.4085,6.0833,-2.0486,2.3290,3.0133,2.1463,1.4085,6.0833,-2.0486,2.3290,0.0000,0.0000,0.0000,0.0000,0.0000,0.0000,5.00,3.00,2.00,0.0003,0.0006,0.0004,1,0.000000
37,1.1400,0.0000,45.0000,-30.0000,0.0100,0.0200,0.0200,0.0000,0.0000,0.0000,3.1350,2.7251,1.4551,6.0833,-2.0686,2.3290,3.3972,0.7013,1.7240,-0.0428,-0.2236,-0.0229,0.0000,0.0000,0.0000,0.0000,0.0000,0.0000,5.00,3.00,2.00,0.0003,0.0006,0.0004,0,0.000000
37,1.1600,0.0000,45.0000,-30.0000,0.0100,0.0200,0.0200,0.0000,0.0000,0.0000,3.2567,2.6836,1.5017,6.0833,-2.0829,2.3290,3.5397,0.7437,1.6020,-0.0241,-0.0981,-0.0247,0.0000,0.0000,0.0000,0.0000,0.0000,0.0000,5.00,3.00,2.00,0.0003,0.0006,0.0004,0,0.000000
37,1.1800,0.0000,45.0000,-30.0000,0.0100,0.0200,0.0200,0.0000,0.0000,0.0000,3.3783,2.6419,1.5483,6.0833,-2.0915,2.3290,3.4881,0.7347,1.5134,0.1214,-0.0540,-0.0196,0.0000,0.0000,0.0000,0.0000,0.0000,0.0000,5.00,3.00,2.00,0.0003,0.0006,0.0004,0,0.000000
37,1.2000,0.0000,45.0000,-30.0000,0.0100,0.0200,0.0200,0.0000,0.0000,0.0000,3.5000,2.6000,1.5948,0.0000,0.0000,0.0000,3.5159,0.7205,1.6174,0.0694,-0.0550,0.0349,0.0000,0.0000,0.0000,0.0000,0.0000,0.0000,5.00,3.00,2.00,0.0003,0.0006,0.0004,0,0.000000
37,1.2200,0.0000,45.0000,-30.0000,0.0100,0.0200,0.0200,0.0000,0.0000,0.0000,3.5000,2.6000,1.5948,0.0000,0.0000,0.0000,3.4386,0.7233,1.5647,0.0030,-0.1457,0.0305,0.0000,0.0000,0.0000,0.0000,0.0000,0.0000,5.00,3.00,2.00,0.0003,0.0006,0.0004,0,0.000000
37,1.2400,0.0000,45.0000,-30.0000,0.0100,0.0200,0.0200,0.0000,0.0000,0.0000,3.5000,2.6000,1.5948,0.0000,0.0000,0.0000,3.5665,0.7346,1.5103,0.0103,-0.1032,0.0824,0.0000,0.0000,0.0000,0.0000,0.0000,0.0000,5.00,3.00,2.00,0.0003,0.0006,0.0004,0,0.000000
37,1.2600,0.0000,45.0000,-30.0000,0.0100,0.0200,0.0200,0.0000,0.0000,0.0000,3.5000,2.6000,1.5948,0.0000,0.0000,0.0000,3.5664,0.7294,1.5941,0.0765,-0.0578,0.0508,0.0000,0.0000,0.0000,0.0000,0.0000,0.0000,5.00,3.00,2.00,0.0003,0.0006,0.0004,0,0.000000
37,1.2800,0.0000,45.0000,-30.0000,0.0100,0.0200,0.0200,0.0000,0.0000,0.0000,3.5000,2.6000,1.5948,0.0000,0.0000,0.0000,3.4414,0.7197,1.6607,-0.0716,-0.0634,0.0298,0.0000,0.0000,0.0000,0.0000,0.0000,0.0000,5.00,3.00,2.00,0.0003,0.0006,0.0004,0,0.000000
37,1.3000,0.0000,45.0000,-30.0000,0.0100,0.0200,0.0200,0.0000,0.0000,0.0000,3.5000,2.6000,1.5948,0.0000,0.0000,0.0000,3.4579,0.7118,1.6347,-0.0580,-0.0896,-0.0385,0.0000,0.0000,0.0000,0.0000,0.0000,0.0000,5.00,3.00,2.00,0.0003,0.0006,0.0004,0,0.000000
37,1.3200,0.0000,45.0000,-30.0000,0.0100,0.0200,0.0200,0.0000,0.0000,0.0000,3.5000,2.6000,1.5948,0.0000,0.0000,0.0000,3.5368,0.7173,1.6064,-0.0360,-0.0998,-0.0043,0.0000,0.0000,0.0000,0.0000,0.0000,0.0000,5.00,3.00,2.00,0.0003,0.0006,0.0004,0,0.000000
37,1.3400,0.0000,45.0000,-30.0000,0.0100,0.0200,0.0200,0.0000,0.0000,0.0000,3.5000,2.6000,1.5948,0.0000,0.0000,0.0000,3.4349,0.7109,1.6344,0.0446,-0.0234,0.0119,0.0000,0.0000,0.0000,0.0000,0.0000,0.0000,5.00,3.00,2.00,0.0003,0.0006,0.0004,0,0.000000
37,1.3600,0.0000,45.0000,-30.0000,0.0100,0.0200,0.0200,0.0000,0.0000,0.0000,3.5000,2.6000,1.5948,0.0000,0.0000,0.0000,3.4712,0.7282,1.5920,-0.0183,-0.0650,0.0360,0.0000,0.0000,0.0000,0.0000,0.0000,0.0000,5.00,3.00,2.00,0.0003,0.0006,0.0004,0,0.000000
37,1.3800,0.0000,45.0000,-30.0000,0.0100,0.0200,0.0200,0.0000,0.0000,0.0000,3.5000,2.6000,1.5948,0.0000,0.0000,0.0000,3.5425,0.7223,1.6442,0.0253,-0.0202,-0.0327,0.0000,0.0000,0.0000,0.0000,0.0000,0.0000,5.00,3.00,2.00,0.0003,0.0006,0.0004,0,0.000000
37,1.4000,0.0000,45.0000,-30.0000,0.0100,0.0200,0.0200,0.0000,0.0000,0.0000,3.5000,2.6000,1.5948,0.0000,0.0000,0.0000,3.5256,0.7159,1.5648,0.0137,-0.0391,0.0289,0.0000,0.0000,0.0000,0.0000,0.0000,0.0000,5.00,3.00,2.00,0.0003,0.0006,0.0004,0,0.000000
37,1.4200,0.0000,45.0000,-30.0000,0.0100,0.0200,0.0200,0.0000,0.0000,0.0000,3.5000,2.6000,1.5948,0.0000,0.0000,0.0000,3.5251,0.7216,1.6025,0.0202,-0.0006,0.0209,0.0000,0.0000,0.0000,0.0000,0.0000,0.0000,5.00,3.00,2.00,0.0003,0.0006,0.0004,0,0.000000
37,1.4400,0.0000,45.0000,-30.0000,0.0100,0.0200,0.0200,0.0000,0.0000,0.0000,3.5000,2.6000,1.5948,0.0000,0.0000,0.0000,3.4936,0.7205,1.6017,-0.0157,0.0016,-0.0031,0.0000,0.0000,0.0000,0.0000,0.0000,0.0000,5.00,3.00,2.00,0.0003,0.0006,0.0004,0,0.000000
37,1.4600,0.0000,45.0000,-30.0000,0.0100,0.0200,0.0200,0.0000,0.0000,0.0000,3.5000,2.6000,1.5948,0.0000,0.0000,0.0000,3.5099,0.7194,1.6020,-0.0045,-0.0004,0.0007,0.0000,0.0000,0.0000,0.0000,0.0000,0.0000,5.00,3.00,2.00,0.0003,0.0006,0.0004,0,0.000000
37,1.4800,0.0000,45.0000,-30.0000,0.0100,0.0200,0.0200,0.0000,0.0000,0.0000,3.5000,2.6000,1.5948,0.0000,0.0000,0.0000,3.5000,0.7200,1.5948,0.0000,0.0000,0.0000,0.0000,0.0000,0.0000,0.0000,0.0000,0.0000,5.00,3.00,2.00,0.0003,0.0006,0.0004,0,0.000000
37,1.5000,0.0000,45.0000,-30.0000,0.0100,0.0200,0.0200,0.0000,0.0000,0.0000,3.5000,2.6000,1.5948,0.0000,0.0000,0.0000,3.5050,0.7186,1.5886,0.0006,0.0071,-0.0065,0.0000,0.0000,0.0000,0.0000,0.0000,0.0000,5.00,3.00,2.00,0.0003,0.0006,0.0004,0,0.000000
38,0.0200,1.1200,45.5500,-30.2700,0.1824,0.3675,0.3196,0.4000,1.0000,-0.6000,-3.6783,2.6419,-1.1488,6.0833,2.0915,2.5597,3.4436,0.7097,2.0022,0.1049,0.0389,0.1406,128.0000,460.0000,234.0000,23.3465,169.0371,74.7884,5.00,3.00,2.00,0.0832,0.2026,0.1021,0,0.213738
38,0.0400,2.2400,46.1000,-30.5400,0.1848,0.3748,0.3184,0.4000,1.0000,-0.6000,-3.5567,2.6836,-1.0976,6.0833,2.0829,2.5597,3.6707,0.7113,1.7231,0.0178,0.0432,0.0336,128.0000,460.0000,234.0000,23.6485,172.3970,74.5155,5.00,3.00,2.00,0.0853,0.2107,0.1014,0,0.216449
38,0.0600,3.3600,46.6500,-30.8100,0.1870,0.3817,0.3165,0.4000,1.0000,-0.6000,-3.4350,2.7251,-1.0464,6.0833,2.0686,2.5597,3.3879,0.7438,1.9644,0.0258,-0.0072,-0.0704,128.0000,460.0000,234.0000,23.9418,175.6042,74.0665,5.00,3.00,2.00,0.0875,0.2186,0.1002,0,0.218890
38,0.0800,4.4800,47.2000,-31.0800,0.1892,0.3882,0.3139,0.4000,1.0000,-0.6000,-3.3133,2.7663,-0.9952,6.0833,2.0486,2.5597,3.4098,0.7256,1.8296,0.0240,-0.0988,-0.0606,128.0000,460.0000,234.0000,24.2222,178.5868,73.4503,5.00,3.00,2.00,0.0895,0.2261,0.0985,0,0.221007
38,0.1000,5.6000,47.7500,-31.3500,0.1913,0.3941,0.3106,0.4000,1.0000,-0.6000,-3.1917,2.8071,-0.9440,6.0833,2.0230,2.5597,3.6402,0.6935,1.8631,-0.1407,-0.0533,0.1184,128.0000,460.0000,234.0000,24.4855,181.2777,72.6789,5.00,3.00,2.00,0.0915,0.2330,0.0965,0,0.222754
38,0.1200,6.7200,48.3000,-31.6200,0.1932,0.3992,0.3067,0.4000,1.0000,-0.6000,-3.0700,2.8472,-0.8928,6.0833,1.9919,2.5597,3.3588,0.7425,1.7499,0.0843,-0.0443,0.0159,128.0000,460.0000,234.0000,24.7280,183.6165,71.7675,5.00,3.00,2.00,0.0933,0.2390,0.0941,0,0.224090
38,0.1400,7.8400,48.8500,-31.8900,0.1949,0.4034,0.3023,0.4000,1.0000,-0.6000,-2.9483,2.8867,-0.8416,6.0833,1.9553,2.5597,3.5163,0.6987,1.8221,0.1168,-0.1739,-0.0134,128.0000,460.0000,234.0000,24.9463,185.5507,70.7337,5.00,3.00,2.00,0.0950,0.2441,0.0914,0,0.224985
38,0.1600,8.9600,49.4000,-32.1600,0.1964,0.4066,0.2974,0.4000,1.0000,-0.6000,-2.8267,2.9254,-0.7904,6.0833,1.9133,2.5597,3.4844,0.7286,2.0417,-0.0205,-0.0482,-0.0626,128.0000,460.0000,234.0000,25.1371,187.0369,69.5980,5.00,3.00,2.00,0.0964,0.2480,0.0885,0,0.225418
38,0.1800,10.0800,49.9500,-32.4300,0.1976,0.4088,0.2922,0.4000,1.0000,-0.6000,-2.7050,2.9632,-0.7392,6.0833,1.8661,2.5597,3.6220,0.7298,1.7340,0.0133,-0.1853,0.0952,128.0000,460.0000,234.0000,25.2978,188.0416,68.3824,5.00,3.00,2.00,0.0977,0.2507,0.0854,0,0.225378
38,0.2000,11.2000,50.5000,-32.7000,0.1986,0.4099,0.2868,0.4000,1.0000,-0.6000,-2.5833,3.0000,-0.6881,6.0833,1.8138,2.5597,3.5029,0.7358,1.9888,0.0194,0.0381,0.1216,128.0000,460.0000,234.0000,25.4260,188.5424,67.1109,5.00,3.00,2.00,0.0986,0.2520,0.0823,0,0.224863
38,0.2200,12.3200,51.0500,-32.9700,0.1994,0.4098,0.2812,0.4000,1.0000,-0.6000,-2.4617,3.0357,-0.6369,6.0833,1.7565,2.5597,3.4973,0.7466,1.9435,-0.0922,-0.1145,-0.1191,128.0000,460.0000,234.0000,25.5199,188.5279,65.8082,5.00,3.00,2.00,0.0994,0.2520,0.0791,0,0.223885
38,0.2400,13.4400,51.6000,-33.2400,0.1998,0.4087,0.2756,0.4000,1.0000,-0.6000,-2.3400,3.0702,-0.5857,6.0833,1.6944,2.5597,3.4822,0.7145,1.7675,-0.0887,-0.2377,0.0495,128.0000,460.0000,234.0000,25.5781,187.9985,64.4999,5.00,3.00,2.00,0.0998,0.2505,0.0760,0,0.222461
38,0.2600,14.5600,52.1500,-33.5100,0.2000,0.4064,0.2701,0.4000,1.0000,-0.6000,-2.2183,3.1035,-0.5345,6.0833,1.6277,2.5597,3.6451,0.7116,1.8137,0.1283,-0.2130,0.1084,128.0000,460.0000,234.0000,25.5999,186.9661,63.2115,5.00,3.00,2.00,0.1000,0.2478,0.0730,0,0.220622
38,0.2800,15.6800,52.7000,-33.7800,0.1999,0.4032,0.2648,0.4000,1.0000,-0.6000,-2.0967,3.1353,-0.4833,6.0833,1.5564,2.5597,3.4372,0.7175,1.8302,-0.0946,-0.1923,0.1478,128.0000,460.0000,234.0000,25.5848,185.4538,61.9683,5.00,3.00,2.00,0.0999,0.2438,0.0701,0,0.218406
38,0.3000,16.8000,53.2500,-34.0500,0.1995,0.3989,0.2598,0.4000,1.0000,-0.6000,-1.9750,3.1657,-0.4321,6.0833,1.4810,2.5597,3.5997,0.7238,1.9287,-0.0467,-0.1681,0.1267,128.0000,460.0000,234.0000,25.5330,183.4957,60.7946,5.00,3.00,2.00,0.0995,0.2387,0.0675,0,0.215859
38,0.3200,17.9200,53.8000,-34.3200,0.1988,0.3938,0.2552,0.4000,1.0000,-0.6000,-1.8533,3.1945,-0.3809,6.0833,1.4014,2.5597,3.5820,0.7488,1.7579,-0.0129,-0.1309,-0.0569,128.0000,460.0000,234.0000,25.4455,181.1357,59.7134,5.00,3.00,2.00,0.0988,0.2326,0.0651,0,0.213036
38,0.3400,19.0400,54.3500,-34.5900,0.1978,0.3879,0.2511,0.4000,1.0000,-0.6000,-1.7317,3.2217,-0.3297,6.0833,1.3180,2.5597,3.5921,0.7058,1.7605,0.1108,0.0444,-0.0705,128.0000,460.0000,234.0000,25.3233,178.4267,58.7458,5.00,3.00,2.00,0.0979,0.2257,0.0630,0,0.209997
38,0.3600,5.0400,54.9000,-34.8600,0.1966,0.3814,0.2475,0.1000,1.0000,-0.6000,-1.6100,3.2472,-0.2785,6.0833,1.2311,2.5597,3.3491,0.7281,1.9156,-0.0143,-0.0576,0.1067,32.0000,460.0000,234.0000,6.2921,175.4297,57.9108,5.00,3.00,2.00,0.0967,0.2182,0.0612,0,0.191706
38,0.3800,5.3200,55.4500,-35.1300,0.1952,0.3744,0.2445,0.1000,1.0000,-0.6000,-1.4883,3.2709,-0.2273,6.0833,1.1407,2.5597,3.4922,0.7248,1.9220,0.1392,-0.1783,0.0008,32.0000,460.0000,234.0000,6.2457,172.2120,57.2246,5.00,3.00,2.00,0.0952,0.2102,0.0598,0,0.188546
38,0.4000,5.6000,56.0000,-35.4000,0.1935,0.3671,0.2423,0.1000,1.0000,-0.6000,-1.3667,3.2928,-0.1761,6.0833,1.0472,2.5597,3.5074,0.7085,1.9620,0.0621,-0.1253,0.1164,32.0000,460.0000,234.0000,6.1923,168.8458,56.7008,5.00,3.00,2.00,0.0936,0.2021,0.0587,0,0.185391
38,0.4200,5.8800,56.5500,-35.6700,0.1916,0.3596,0.2408,0.1000,1.0000,-0.6000,-1.2450,3.3128,-0.1249,6.0833,0.9508,2.5597,3.4800,0.6964,1.7402,-0.0635,-0.1070,-0.1319,32.0000,460.0000,234.0000,6.1327,165.4066,56.3496,5.00,3.00,2.00,0.0918,0.1939,0.0580,0,0.182311
38,0.4400,6.1600,57.1000,-22.0800,0.1896,0.3521,0.2401,0.1000,1.0000,0.8000,-1.1233,3.3308,-0.0737,6.0833,0.8519,2.5597,-1.1233,2.7108,-0.0737,6.0833,0.8519,2.5597,32.0000,460.0000,312.0000,6.0677,161.9718,74.9037,5.00,3.00,2.00,0.0899,0.1860,0.0576,1,0.194355
38,0.4600,6.4400,57.6500,-21.7200,0.1874,0.3448,0.2401,0.1000,1.0000,0.8000,-1.0017,3.3469,-0.0225,6.0833,0.7506,2.5597,-1.0017,2.7269,-0.0225,6.0833,0.7506,2.5597,32.0000,460.0000,312.0000,5.9983,158.6185,74.9183,5.00,3.00,2.00,0.0878,0.1784,0.0577,1,0.191628
38,0.4800,6.7200,58.2000,-21.3600,0.1852,0.3379,0.2410,0.1000,1.0000,0.8000,-0.8800,3.3608,0.0287,6.0833,0.6472,2.5597,-0.8800,2.7408,0.0287,6.0833,0.6472,2.5597,32.0000,460.0000,312.0000,5.9255,155.4220,75.1765,5.00,3.00,2.00,0.0857,0.1712,0.0581,1,0.189219
38,0.5000,7.0000,50.5000,-21.0000,0.1828,0.3314,0.2425,0.1000,0.4000,0.8000,-0.7583,3.3727,0.0799,6.0833,0.5421,2.5597,-0.7583,2.7527,0.0799,6.0833,0.5421,2.5597,32.0000,184.0000,312.0000,5.8503,60.9816,75.6730,5.00,3.00,2.00,0.0836,0.1648,0.0588,1,0.114004
38,0.5200,7.2800,50.7200,-20.6400,0.1804,0.3256,0.2449,0.1000,0.4000,0.8000,-0.6367,3.3825,0.1311,6.0833,0.4354,2.5597,-0.6367,2.7625,0.1311,6.0833,0.4354,2.5597,32.0000,184.0000,312.0000,5.7738,59.9126,76.3983,5.00,3.00,2.00,0.0814,0.1590,0.0600,1,0.113668
38,0.5400,7.5600,50.9400,-20.2800,0.1780,0.3206,0.2479,0.1000,0.4000,0.8000,-0.5150,3.3902,0.1823,6.0833,0.3276,2.5597,-0.5150,2.7702,0.1823,6.0833,0.3276,2.5597,32.0000,184.0000,312.0000,5.6971,58.9856,77.3380,5.00,3.00,2.00,0.0792,0.1542,0.0614,1,0.113617
38,0.5600,7.8400,51.1600,-19.9200,0.1757,0.3164,0.2515,0.1000,0.4000,0.8000,-0.3933,3.3956,0.2335,6.0833,0.2189,2.5597,-0.3933,2.7756,0.2335,6.0833,0.2189,2.5597,32.0000,184.0000,312.0000,5.6213,58.2215,78.4738,5.00,3.00,2.00,0.0771,0.1502,0.0633,1,0.113853
38,0.5800,8.1200,51.3800,-19.5600,0.1734,0.3132,0.2557,0.1000,0.4000,0.8000,-0.2717,3.3989,0.2846,6.0833,0.1096,2.5597,-0.2717,2.7789,0.2846,6.0833,0.1096,2.5597,32.0000,184.0000,312.0000,5.5475,57.6375,79.7836,5.00,3.00,2.00,0.0751,0.1472,0.0654,1,0.114375
38,0.6000,8.4000,51.6000,-19.2000,0.1711,0.3111,0.2604,0.1000,0.4000,0.8000,-0.1500,3.4000,0.3358,6.0833,0.0000,2.5597,-0.1500,2.7800,0.3358,6.0833,0.0000,2.5597,32.0000,184.0000,312.0000,5.4768,57.2467,81.2415,5.00,3.00,2.00,0.0732,0.1452,0.0678,1,0.115172
38,0.6200,8.6800,51.8200,-18.8400,0.1691,0.3101,0.2654,0.1000,0.4000,0.8000,-0.0283,3.3989,0.3870,6.0833,-0.1096,2.5597,-0.0283,2.7789,0.3870,6.0833,-0.1096,2.5597,32.0000,184.0000,312.0000,5.4101,57.0579,82.8193,5.00,3.00,2.00,0.0715,0.1442,0.0705,1,0.116230
38,0.6400,8.9600,52.0400,-18.4800,0.1671,0.3102,0.2708,0.1000,0.4000,0.8000,0.0933,3.3956,0.4382,6.0833,-0.2189,2.5597,0.0933,2.7756,0.4382,6.0833,-0.2189,2.5597,32.0000,184.0000,312.0000,5.3485,57.0753,84.4858,5.00,3.00,2.00,0.0698,0.1443,0.0733,1,0.117528
38,0.6600,9.2400,52.2600,-18.1200,0.1654,0.3114,0.2763,0.1000,0.4000,0.8000,0.2150,3.3902,0.4894,6.0833,-0.3276,2.5597,0.2150,2.7702,0.4894,6.0833,-0.3276,2.5597,32.0000,184.0000,312.0000,5.2928,57.2985,86.2086,5.00,3.00,2.00,0.0684,0.1455,0.0763,1,0.119040
38,0.6800,9.5200,52.4800,-17.7600,0.1639,0.3137,0.2819,0.1000,0.4000,0.8000,0.3367,3.3825,0.5406,6.0833,-0.4354,2.5597,0.3367,2.7625,0.5406,6.0833,-0.4354,2.5597,32.0000,184.0000,312.0000,5.2438,57.7225,87.9540,5.00,3.00,2.00,0.0671,0.1476,0.0795,1,0.120736
38,0.7000,9.8000,52.7000,-17.4000,0.1626,0.3171,0.2875,0.1000,0.4000,0.8000,0.4583,3.3727,0.5918,6.0833,-0.5421,2.5597,0.4583,2.7527,0.5918,6.0833,-0.5421,2.5597,32.0000,184.0000,312.0000,5.2022,58.3378,89.6877,5.00,3.00,2.00,0.0661,0.1508,0.0826,1,0.122582
38,0.7200,10.0800,52.9200,-17.0400,0.1615,0.3214,0.2929,0.1000,0.4000,0.8000,0.5800,3.3608,0.6430,6.0833,-0.6472,2.5597,0.5800,2.7408,0.6430,6.0833,-0.6472,2.5597,32.0000,184.0000,312.0000,5.1686,59.1306,91.3758,5.00,3.00,2.00,0.0652,0.1549,0.0858,1,0.124540
38,0.7400,10.3600,53.1400,-16.6800,0.1607,0.3265,0.2980,0.1000,0.4000,0.8000,0.7017,3.3469,0.6942,6.0833,-0.7506,2.5597,0.7017,2.7269,0.6942,6.0833,-0.7506,2.5597,32.0000,184.0000,312.0000,5.1436,60.0830,92.9854,5.00,3.00,2.00,0.0646,0.1599,0.0888,1,0.126570
38,0.7600,10.6400,53.3600,-16.3200,0.1602,0.3325,0.3028,0.1000,0.4000,0.8000,0.8233,3.3308,0.7454,6.0833,-0.8519,2.5597,0.8233,2.7108,0.7454,6.0833,-0.8519,2.5597,32.0000,184.0000,312.0000,5.1274,61.1737,94.4849,5.00,3.00,2.00,0.0642,0.1658,0.0917,1,0.128629
38,0.7800,10.9200,53.5800,-15.9600,0.1600,0.3390,0.3072,0.1000,0.4000,0.8000,0.9450,3.3128,0.7966,6.0833,-0.9508,2.5597,0.9450,2.6928,0.7966,6.0833,-0.9508,2.5597,32.0000,184.0000,312.0000,5.1203,62.3782,95.8450,5.00,3.00,2.00,0.0640,0.1724,0.0944,1,0.130675
38,0.8000,11.2000,53.8000,-15.6000,0.1601,0.3460,0.3110,0.1000,0.4000,0.8000,1.0667,3.2928,0.8478,6.0833,-1.0472,2.5597,1.0667,2.6728,0.8478,6.0833,-1.0472,2.5597,32.0000,184.0000,312.0000,5.1225,63.6694,97.0391,5.00,3.00,2.00,0.0641,0.1796,0.0967,1,0.132665
38,0.8200,11.4800,54.0200,-15.2400,0.1604,0.3534,0.3142,0.1000,0.4000,0.8000,1.1883,3.2709,0.8990,6.0833,-1.1407,2.5597,1.1883,2.6509,0.8990,6.0833,-1.1407,2.5597,32.0000,184.0000,312.0000,5.1337,65.0183,98.0437,5.00,3.00,2.00,0.0643,0.1873,0.0987,1,0.134557
38,0.8400,11.7600,54.2400,-14.8800,0.1611,0.3608,0.3168,0.1000,0.4000,0.8000,1.3100,3.2472,0.9502,6.0833,-1.2311,2.5597,1.3100,2.6272,0.9502,6.0833,-1.2311,2.5597,32.0000,184.0000,312.0000,5.1540,66.3947,98.8393,5.00,3.00,2.00,0.0649,0.1953,0.1004,1,0.136310
38,0.8600,12.0400,54.4600,-14.5200,0.1620,0.3683,0.3186,0.1000,0.4000,0.8000,1.4317,3.2217,1.0014,6.0833,-1.3180,2.5597,1.4317,2.6017,1.0014,6.0833,-1.3180,2.5597,32.0000,184.0000,312.0000,5.1831,67.7676,99.4103,5.00,3.00,2.00,0.0656,0.2035,0.1015,1,0.137889
38,0.8800,12.3200,54.6800,-14.1600,0.1631,0.3756,0.3197,0.1000,0.4000,0.8000,1.5533,3.1945,1.0526,6.0833,-1.4014,2.5597,1.5533,2.5745,1.0526,6.0833,-1.4014,2.5597,32.0000,184.0000,312.0000,5.2204,69.1062,99.7454,5.00,3.00,2.00,0.0665,0.2116,0.1022,1,0.139258
38,0.9000,0.0000,54.9000,-13.8000,0.0100,0.3825,0.3200,0.0000,0.4000,0.8000,1.6750,3.1657,1.1038,6.0833,-1.4810,2.5597,1.6750,2.5457,1.1038,6.0833,-1.4810,2.5597,0.0000,184.0000,312.0000,0.0000,70.3804,99.8382,5.00,3.00,2.00,0.0003,0.2195,0.1024,1,0.136175
38,0.9200,0.0000,55.1200,-13.4400,0.0100,0.3889,0.3195,0.0000,0.4000,0.8000,1.7967,3.1353,1.1550,6.0833,-1.5564,2.5597,1.7967,2.5153,1.1550,6.0833,-1.5564,2.5597,0.0000,184.0000,312.0000,0.0000,71.5616,99.6869,5.00,3.00,2.00,0.0003,0.2269,0.1021,1,0.136999
38,0.9400,0.0000,55.3400,-13.0800,0.0100,0.3947,0.3183,0.0000,0.4000,0.8000,1.9183,3.1035,1.2061,6.0833,-1.6277,2.5597,1.9183,2.4835,1.2061,6.0833,-1.6277,2.5597,0.0000,184.0000,312.0000,0.0000,72.6234,99.2943,5.00,3.00,2.00,0.0003,0.2337,0.1013,1,0.137534
38,0.9600,0.0000,55.5600,-30.0000,0.0100,0.3997,0.0200,0.0000,0.4000,0.0000,2.0400,3.0702,1.2573,6.0833,-1.6944,2.5597,2.0400,2.4502,1.2573,6.0833,-1.6944,2.5597,0.0000,184.0000,0.0000,0.0000,73.5417,0.0000,5.00,3.00,2.00,0.0003,0.2396,0.0004,1,0.058833
38,0.9800,0.0000,55.7800,-30.0000,0.0100,0.4038,0.0200,0.0000,0.4000,0.0000,2.1617,3.0357,1.3085,6.0833,-1.7565,2.5597,2.1617,2.4157,1.3085,6.0833,-1.7565,2.5597,0.0000,184.0000,0.0000,0.0000,74.2961,0.0000,5.00,3.00,2.00,0.0003,0.2446,0.0004,1,0.059437
38,1.0000,0.0000,45.0000,-30.0000,0.0100,0.0200,0.0200,0.0000,0.0000,0.0000,2.2833,3.0000,1.3597,6.0833,-1.8138,2.5597,2.2833,2.3800,1.3597,6.0833,-1.8138,2.5597,0.0000,0.0000,0.0000,0.0000,0.0000,0.0000,5.00,3.00,2.00,0.0003,0.0006,0.0004,1,0.000000
38,1.0200,0.0000,45.0000,-30.0000,0.0100,0.0200,0.0200,0.0000,0.0000,0.0000,2.4050,2.9632,1.4109,6.0833,-1.8661,2.5597,2.4050,2.3432,1.4109,6.0833,-1.8661,2.5597,0.0000,0.0000,0.0000,0.0000,0.0000,0.0000,5.00,3.00,2.00,0.0003,0.0006,0.0004,1,0.000000
38,1.0400,0.0000,45.0000,-30.0000,0.0100,0.0200,0.0200,0.0000,0.0000,0.0000,2.5267,2.9254,1.4621,6.0833,-1.9133,2.5597,2.5267,2.3054,1.4621,6.0833,-1.9133,2.5597,0.0000,0.0000,0.0000,0.0000,0.0000,0.0000,5.00,3.00,2.00,0.0003,0.0006,0.0004,1,0.000000
38,1.0600,0.0000,45.0000,-30.0000,0.0100,0.0200,0.0200,0.0000,0.0000,0.0000,2.6483,2.8867,1.5133,6.0833,-1.9553,2.5597,2.6483,2.2667,1.5133,6.0833,-1.9553,2.5597,0.0000,0.0000,0.0000,0.0000,0.0000,0.0000,5.00,3.00,2.00,0.0003,0.0006,0.0004,1,0.000000
38,1.0800,0.0000,45.0000,-30.0000,0.0100,0.0200,0.0200,0.0000,0.0000,0.0000,2.7700,2.8472,1.5645,6.0833,-1.9919,2.5597,2.7700,2.2272,1.5645,6.0833,-1.9919,2.5597,0.0000,0.0000,0.0000,0.0000,0.0000,0.0000,5.00,3.00,2.00,0.0003,0.0006,0.0004,1,0.000000
38,1.1000,0.0000,45.0000,-30.0000,0.0100,0.0200,0.0200,0.0000,0.0000,0.0000,2.8917,2.8071,1.6157,6.0833,-2.0230,2.5597,2.8917,2.1871,1.6157,6.0833,-2.0230,2.5597,0.0000,0.0000,0.0000,0.0000,0.0000,0.0000,5.00,3.00,2.00,0.0003,0.0006,0.0004,1,0.000000
38,1.1200,0.0000,45.0000,-30.0000,0.0100,0.0200,0.0200,0.0000,0.0000,0.0000,3.0133,2.7663,1.6669,6.0833,-2.0486,2.5597,3.0133,2.1463,1.6669,6.0833,-2.0486,2.5597,0.0000,0.0000,0.0000,0.0000,0.0000,0.0000,5.00,3.00,2.00,0.0003,0.0006,0.0004,1,0.000000
38,1.1400,0.0000,45.0000,-30.0000,0.0100,0.0200,0.0200,0.0000,0.0000,0.0000,3.1350,2.7251,1.7181,6.0833,-2.0686,2.5597,3.4936,0.7170,2.0292,-0.1335,-0.1874,0.1018,0.0000,0.0000,0.0000,0.0000,0.0000,0.0000,5.00,3.00,2.00,0.0003,0.0006,0.0004,0,0.000000
38,1.1600,0.0000,45.0000,-30.0000,0.0100,0.0200,0.0200,0.0000,0.0000,0.0000,3.2567,2.6836,1.7693,6.0833,-2.0829,2.5597,3.5545,0.7177,1.8642,-0.1014,-0.1945,0.0154,0.0000,0.0000,0.0000,0.0000,0.0000,0.0000,5.00,3.00,2.00,0.0003,0.0006,0.0004,0,0.000000
38,1.1800,0.0000,45.0000,-30.0000,0.0100,0.0200,0.0200,0.0000,0.0000,0.0000,3.3783,2.6419,1.8205,6.0833,-2.0915,2.5597,3.4612,0.7112,1.9984,0.0757,0.0082,0.0482,0.0000,0.0000,0.0000,0.0000,0.0000,0.0000,5.00,3.00,2.00,0.0003,0.0006,0.0004,0,0.000000
38,1.2000,0.0000,45.0000,-30.0000,0.0100,0.0200,0.0200,0.0000,0.0000,0.0000,3.5000,2.6000,1.8717,0.0000,0.0000,0.0000,3.4391,0.7323,1.9393,0.0423,0.0241,-0.0959,0.0000,0.0000,0.0000,0.0000,0.0000,0.0000,5.00,3.00,2.00,0.0003,0.0006,0.0004,0,0.000000
38,1.2200,0.0000,45.0000,-30.0000,0.0100,0.0200,0.0200,0.0000,0.0000,0.0000,3.5000,2.6000,1.8717,0.0000,0.0000,0.0000,3.5155,0.7005,1.9622,-0.0427,-0.0885,0.0813,0.0000,0.0000,0.0000,0.0000,0.0000,0.0000,5.00,3.00,2.00,0.0003,0.0006,0.0004,0,0.000000
38,1.2400,0.0000,45.0000,-30.0000,0.0100,0.0200,0.0200,0.0000,0.0000,0.0000,3.5000,2.6000,1.8717,0.0000,0.0000,0.0000,3.4113,0.7317,1.7896,0.0123,0.0276,-0.0610,0.0000,0.0000,0.0000,0.0000,0.0000,0.0000,5.00,3.00,2.00,0.0003,0.0006,0.0004,0,0.000000
38,1.2600,0.0000,45.0000,-30.0000,0.0100,0.0200,0.0200,0.0000,0.0000,0.0000,3.5000,2.6000,1.8717,0.0000,0.0000,0.0000,3.5863,0.7181,1.8515,0.0514,-0.0990,0.0519,0.0000,0.0000,0.0000,0.0000,0.0000,0.0000,5.00,3.00,2.00,0.0003,0.0006,0.0004,0,0.000000
38,1.2800,0.0000,45.0000,-30.0000,0.0100,0.0200,0.0200,0.0000,0.0000,0.0000,3.5000,2.6000,1.8717,0.0000,0.0000,0.0000,3.4052,0.7167,1.8125,-0.0511,-0.0828,-0.0682,0.0000,0.0000,0.0000,0.0000,0.0000,0.0000,5.00,3.00,2.00,0.0003,0.0006,0.0004,0,0.000000
38,1.3000,0.0000,45.0000,-30.0000,0.0100,0.0200,0.0200,0.0000,0.0000,0.0000,3.5000,2.6000,1.8717,0.0000,0.0000,0.0000,3.5838,0.7243,1.8248,-0.0087,-0.1241,0.0319,0.0000,0.0000,0.0000,0.0000,0.0000,0.0000,5.00,3.00,2.00,0.0003,0.0006,0.0004,0,0.000000
38,1.3200,0.0000,45.0000,-30.0000,0.0100,0.0200,0.0200,0.0000,0.0000,0.0000,3.5000,2.6000,1.8717,0.0000,0.0000,0.0000,3.4710,0.7280,1.8732,0.0499,-0.0485,-0.0503,0.0000,0.0000,0.0000,0.0000,0.0000,0.0000,5.00,3.00,2.00,0.0003,0.0006,0.0004,0,0.000000
38,1.3400,0.0000,45.0000,-30.0000,0.0100,0.0200,0.0200,0.0000,0.0000,0.0000,3.5000,2.6000,1.8717,0.0000,0.0000,0.0000,3.4315,0.7169,1.8061,0.0118,0.0182,-0.0220,0.0000,0.0000,0.0000,0.0000,0.0000,0.0000,5.00,3.00,2.00,0.0003,0.0006,0.0004,0,0.000000
38,1.3600,0.0000,45.0000,-30.0000,0.0100,0.0200,0.0200,0.0000,0.0000,0.0000,3.5000,2.6000,1.8717,0.0000,0.0000,0.0000,3.4880,0.7262,1.8541,0.0227,0.0077,-0.0083,0.0000,0.0000,0.0000,0.0000,0.0000,0.0000,5.00,3.00,2.00,0.0003,0.0006,0.0004,0,0.000000
38,1.3800,0.0000,45.0000,-30.0000,0.0100,0.0200,0.0200,0.0000,0.0000,0.0000,3.5000,2.6000,1.8717,0.0000,0.0000,0.0000,3.4784,0.7200,1.8687,0.0382,-0.0148,0.0030,0.0000,0.0000,0.0000,0.0000,0.0000,0.0000,5.00,3.00,2.00,0.0003,0.0006,0.0004,0,0.000000
38,1.4000,0.0000,45.0000,-30.0000,0.0100,0.0200,0.0200,0.0000,0.0000,0.0000,3.5000,2.6000,1.8717,0.0000,0.0000,0.0000,3.5308,0.7182,1.8887,0.0172,-0.0331,0.0189,0.0000,0.0000,0.0000,0.0000,0.0000,0.0000,5.00,3.00,2.00,0.0003,0.0006,0.0004,0,0.000000
38,1.4200,0.0000,45.0000,-30.0000,0.0100,0.0200,0.0200,0.0000,0.0000,0.0000,3.5000,2.6000,1.8717,0.0000,0.0000,0.0000,3.5081,0.7219,1.8889,-0.0027,-0.0295,-0.0164,0.0000,0.0000,0.0000,0.0000,0.0000,0.0000,5.00,3.00,2.00,0.0003,0.0006,0.0004,0,0.000000
38,1.4400,0.0000,45.0000,-30.0000,0.0100,0.0200,0.0200,0.0000,0.0000,0.0000,3.5000,2.6000,1.8717,0.0000,0.0000,0.0000,3.5074,0.7168,1.8909,-0.0072,-0.0021,0.0142,0.0000,0.0000,0.0000,0.0000,0.0000,0.0000,5.00,3.00,2.00,0.0003,0.0006,0.0004,0,0.000000
38,1.4600,0.0000,45.0000,-30.0000,0.0100,0.0200,0.0200,0.0000,0.0000,0.0000,3.5000,2.6000,1.8717,0.0000,0.0000,0.0000,3.5050,0.7197,1.8699,0.0065,-0.0007,0.0005,0.0000,0.0000,0.0000,0.0000,0.0000,0.0000,5.00,3.00,2.00,0.0003,0.0006,0.0004,0,0.000000
38,1.4800,0.0000,45.0000,-30.0000,0.0100,0.0200,0.0200,0.0000,0.0000,0.0000,3.5000,2.6000,1.8717,0.0000,0.0000,0.0000,3.5000,0.7200,1.8717,0.0000,0.0000,0.0000,0.0000,0.0000,0.0000,0.0000,0.0000,0.0000,5.00,3.00,2.00,0.0003,0.0006,0.0004,0,0.000000
38,1.5000,0.0000,45.0000,-30.0000,0.0100,0.0200,0.0200,0.0000,0.0000,0.0000,3.5000,2.6000,1.8717,0.0000,0.0000,0.0000,3.5052,0.7205,1.8788,-0.0079,-0.0026,0.0066,0.0000,0.0000,0.0000,0.0000,0.0000,0.0000,5.00,3.00,2.00,0.0003,0.0006,0.0004,0,0.000000
39,0.0200,1.1200,45.5500,-30.2700,0.1824,0.3675,0.3196,0.4000,1.0000,-0.6000,-3.6783,2.6419,-1.1468,6.0833,2.0915,2.6618,3.4678,0.7052,1.8250,-0.0756,0.0399,-0.0596,128.0000,460.0000,234.0000,23.3465,169.0371,74.7884,5.00,3.00,2.00,0.0832,0.2026,0.1021,0,0.213738
39,0.0400,2.2400,46.1000,-30.5400,0.1848,0.3748,0.3184,0.4000,1.0000,-0.6000,-3.5567,2.6836,-1.0935,6.0833,2.0829,2.6618,3.5089,0.7473,2.0180,-0.0956,-0.2374,0.1176,128.0000,460.0000,234.0000,23.6485,172.3970,74.5155,5.00,3.00,2.00,0.0853,0.2107,0.1014,0,0.216449
39,0.0600,3.3600,46.6500,-30.8100,0.1870,0.3817,0.3165,0.4000,1.0000,-0.6000,-3.4350,2.7251,-1.0403,6.0833,2.0686,2.6618,3.4771,0.7499,2.0780,0.0132,-0.1878,-0.0807,128.0000,460.0000,234.0000,23.9418,175.6042,74.0665,5.00,3.00,2.00,0.0875,0.2186,0.1002,0,0.218890
39,0.0800,4.4800,47.2000,-31.0800,0.1892,0.3882,0.3139,0.4000,1.0000,-0.6000,-3.3133,2.7663,-0.9871,6.0833,2.0486,2.6618,3.3649,0.7496,2.0204,-0.0945,-0.2442,-0.1204,128.0000,460.0000,234.0000,24.2222,178.5868,73.4503,5.00,3.00,2.00,0.0895,0.2261,0.0985,0,0.221007
39,0.1000,5.6000,47.7500,-31.3500,0.1913,0.3941,0.3106,0.4000,1.0000,-0.6000,-3.1917,2.8071,-0.9338,6.0833,2.0230,2.6618,3.3387,0.7387,2.0051,-0.0651,-0.1891,0.1148,128.0000,460.0000,234.0000,24.4855,181.2777,72.6789,5.00,3.00,2.00,0.0915,0.2330,0.0965,0,0.222754
39,0.1200,6.7200,48.3000,-31.6200,0.1932,0.3992,0.3067,0.4000,1.0000,-0.6000,-3.0700,2.8472,-0.8806,6.0833,1.9919,2.6618,3.3299,0.7327,1.8247,0.1132,0.0125,0.0047,128.0000,460.0000,234.0000,24.7280,183.6165,71.7675,5.00,3.00,2.00,0.0933,0.2390,0.0941,0,0.224090
39,0.1400,7.8400,48.8500,-31.8900,0.1949,0.4034,0.3023,0.4000,1.0000,-0.6000,-2.9483,2.8867,-0.8273,6.0833,1.9553,2.6618,3.6427,0.7202,1.9791,-0.1170,-0.1396,0.1016,128.0000,460.0000,234.0000,24.9463,185.5507,70.7337,5.00,3.00,2.00,0.0950,0.2441,0.0914,0,0.224985
39,0.1600,8.9600,49.4000,-32.1600,0.1964,0.4066,0.2974,0.4000,1.0000,-0.6000,-2.8267,2.9254,-0.7741,6.0833,1.9133,2.6618,3.6661,0.7234,1.8849,0.1018,-0.1340,-0.1023,128.0000,460.0000,234.0000,25.1371,187.0369,69.5980,5.00,3.00,2.00,0.0964,0.2480,0.0885,0,0.225418
39,0.1800,10.0800,49.9500,-32.4300,0.1976,0.4088,0.2922,0.4000,1.0000,-0.6000,-2.7050,2.9632,-0.7209,6.0833,1.8661,2.6618,3.5975,0.7319,1.8692,0.1239,0.0048,0.1489,128.0000,460.0000,234.0000,25.2978,188.0416,68.3824,5.00,3.00,2.00,0.0977,0.2507,0.0854,0,0.225378
39,0.2000,11.2000,50.5000,-32.7000,0.1986,0.4099,0.2868,0.4000,1.0000,-0.6000,-2.5833,3.0000,-0.6676,6.0833,1.8138,2.6618,3.5109,0.7035,1.8985,0.1294,-0.1912,-0.1038,128.0000,460.0000,234.0000,25.4260,188.5424,67.1109,5.00,3.00,2.00,0.0986,0.2520,0.0823,0,0.224863
39,0.2200,12.3200,51.0500,-32.9700,0.1994,0.4098,0.2812,0.4000,1.0000,-0.6000,-2.4617,3.0357,-0.6144,6.0833,1.7565,2.6618,3.5975,0.7045,2.0847,0.0550,-0.2038,-0.0508,128.0000,460.0000,234.0000,25.5199,188.5279,65.8082,5.00,3.00,2.00,0.0994,0.2520,0.0791,0,0.223885
39,0.2400,13.4400,51.6000,-33.2400,0.1998,0.4087,0.2756,0.4000,1.0000,-0.6000,-2.3400,3.0702,-0.5612,6.0833,1.6944,2.6618,3.6306,0.7236,1.8588,-0.0848,-0.0557,0.0611,128.0000,460.0000,234.0000,25.5781,187.9985,64.4999,5.00,3.00,2.00,0.0998,0.2505,0.0760,0,0.222461
39,0.2600,14.5600,52.1500,-33.5100,0.2000,0.4064,0.2701,0.4000,1.0000,-0.6000,-2.2183,3.1035,-0.5079,6.0833,1.6277,2.6618,3.5983,0.6909,2.0391,0.0702,-0.1830,-0.0111,128.0000,460.0000,234.0000,25.5999,186.9661,63.2115,5.00,3.00,2.00,0.1000,0.2478,0.0730,0,0.220622
39,0.2800,15.6800,52.7000,-33.7800,0.1999,0.4032,0.2648,0.4000,1.0000,-0.6000,-2.0967,3.1353,-0.4547,6.0833,1.5564,2.6618,3.6448,0.7028,1.9673,-0.0386,-0.0963,0.0015,128.0000,460.0000,234.0000,25.5848,185.4538,61.9683,5.00,3.00,2.00,0.0999,0.2438,0.0701,0,0.218406
39,0.3000,16.8000,53.2500,-34.0500,0.1995,0.3989,0.2598,0.4000,1.0000,-0.6000,-1.9750,3.1657,-0.4015,6.0833,1.4810,2.6618,3.5828,0.6969,2.1245,-0.1401,-0.1459,0.0447,128.0000,460.0000,234.0000,25.5330,183.4957,60.7946,5.00,3.00,2.00,0.0995,0.2387,0.0675,0,0.215859
39,0.3200,17.9200,53.8000,-34.3200,0.1988,0.3938,0.2552,0.4000,1.0000,-0.6000,-1.8533,3.1945,-0.3482,6.0833,1.4014,2.6618,3.4212,0.7479,1.9248,-0.0588,-0.1483,-0.1120,128.0000,460.0000,234.0000,25.4455,181.1357,59.7134,5.00,3.00,2.00,0.0988,0.2326,0.0651,0,0.213036
39,0.3400,19.0400,54.3500,-34.5900,0.1978,0.3879,0.2511,0.4000,1.0000,-0.6000,-1.7317,3.2217,-0.2950,6.0833,1.3180,2.6618,3.3514,0.7067,1.9590,0.1097,0.0429,0.0982,128.0000,460.0000,234.0000,25.3233,178.4267,58.7458,5.00,3.00,2.00,0.0979,0.2257,0.0630,0,0.209997
39,0.3600,5.0400,54.9000,-34.8600,0.1966,0.3814,0.2475,0.1000,1.0000,-0.6000,-1.6100,3.2472,-0.2417,6.0833,1.2311,2.6618,3.3327,0.7232,1.8323,-0.0153,-0.2080,0.1004,32.0000,460.0000,234.0000,6.2921,175.4297,57.9108,5.00,3.00,2.00,0.0967,0.2182,0.0612,0,0.191706
39,0.3800,5.3200,55.4500,-35.1300,0.1952,0.3744,0.2445,0.1000,1.0000,-0.6000,-1.4883,3.2709,-0.1885,6.0833,1.1407,2.6618,3.4538,0.7378,1.8150,0.0814,-0.2413,0.1451,32.0000,460.0000,234.0000,6.2457,172.2120,57.2246,5.00,3.00,2.00,0.0952,0.2102,0.0598,0,0.188546
39,0.4000,5.6000,56.0000,-35.4000,0.1935,0.3671,0.2423,0.1000,1.0000,-0.6000,-1.3667,3.2928,-0.1353,6.0833,1.0472,2.6618,3.5823,0.7140,2.0767,-0.0760,0.0360,-0.1381,32.0000,460.0000,234.0000,6.1923,168.8458,56.7008,5.00,3.00,2.00,0.0936,0.2021,0.0587,0,0.185391
39,0.4200,5.8800,56.5500,-35.6700,0.1916,0.3596,0.2408,0.1000,1.0000,-0.6000,-1.2450,3.3128,-0.0820,6.0833,0.9508,2.6618,3.4888,0.7398,1.8906,-0.0076,0.0308,0.0548,32.0000,460.0000,234.0000,6.1327,165.4066,56.3496,5.00,3.00,2.00,0.0918,0.1939,0.0580,0,0.182311
39,0.4400,6.1600,57.1000,-22.0800,0.1896,0.3521,0.2401,0.1000,1.0000,0.8000,-1.1233,3.3308,-0.0288,6.0833,0.8519,2.6618,-1.1233,2.7108,-0.0288,6.0833,0.8519,2.6618,32.0000,460.0000,312.0000,6.0677,161.9718,74.9037,5.00,3.00,2.00,0.0899,0.1860,0.0576,1,0.194355
39,0.4600,6.4400,57.6500,-21.7200,0.1874,0.3448,0.2401,0.1000,1.0000,0.8000,-1.0017,3.3469,0.0244,6.0833,0.7506,2.6618,-1.0017,2.7269,0.0244,6.0833,0.7506,2.6618,32.0000,460.0000,312.0000,5.9983,158.6185,74.9183,5.00,3.00,2.00,0.0878,0.1784,0.0577,1,0.191628
39,0.4800,6.7200,58.2000,-21.3600,0.1852,0.3379,0.2410,0.1000,1.0000,0.8000,-0.8800,3.3608,0.0777,6.0833,0.6472,2.6618,-0.8800,2.7408,0.0777,6.0833,0.6472,2.6618,32.0000,460.0000,312.0000,5.9255,155.4220,75.1765,5.00,3.00,2.00,0.0857,0.1712,0.0581,1,0.189219
39,0.5000,7.0000,50.5000,-21.0000,0.1828,0.3314,0.2425,0.1000,0.4000,0.8000,-0.7583,3.3727,0.1309,6.0833,0.5421,2.6618,-0.7583,2.7527,0.1309,6.0833,0.5421,2.6618,32.0000,184.0000,312.0000,5.8503,60.9816,75.6730,5.00,3.00,2.00,0.0836,0.1648,0.0588,1,0.114004
39,0.5200,7.2800,50.7200,-20.6400,0.1804,0.3256,0.2449,0.1000,0.4000,0.8000,-0.6367,3.3825,0.1841,6.0833,0.4354,2.6618,-0.6367,2.7625,0.1841,6.0833,0.4354,2.6618,32.0000,184.0000,312.0000,5.7738,59.9126,76.3983,5.00,3.00,2.00,0.0814,0.1590,0.0600,1,0.113668
39,0.5400,7.5600,50.9400,-20.2800,0.1780,0.3206,0.2479,0.1000,0.4000,0.8000,-0.5150,3.3902,0.2374,6.0833,0.3276,2.6618,-0.5150,2.7702,0.2374,6.0833,0.3276,2.6618,32.0000,184.0000,312.0000,5.6971,58.9856,77.3380,5.00,3.00,2.00,0.0792,0.1542,0.0614,1,0.113617
39,0.5600,7.8400,51.1600,-19.9200,0.1757,0.3164,0.2515,0.1000,0.4000,0.8000,-0.3933,3.3956,0.2906,6.0833,0.2189,2.6618,-0.3933,2.7756,0.2906,6.0833,0.2189,2.6618,32.0000,184.0000,312.0000,5.6213,58.2215,78.4738,5.00,3.00,2.00,0.0771,0.1502,0.0633,1,0.113853
39,0.5800,8.1200,51.3800,-19.5600,0.1734,0.3132,0.2557,0.1000,0.4000,0.8000,-0.2717,3.3989,0.3439,6.0833,0.1096,2.6618,-0.2717,2.7789,0.3439,6.0833,0.1096,2.6618,32.0000,184.0000,312.0000,5.5475,57.6375,79.7836,5.00,3.00,2.00,0.0751,0.1472,0.0654,1,0.114375
39,0.6000,8.4000,51.6000,-19.2000,0.1711,0.3111,0.2604,0.1000,0.4000,0.8000,-0.1500,3.4000,0.3971,6.0833,0.0000,2.6618,-0.1500,2.7800,0.3971,6.0833,0.0000,2.6618,32.0000,184.0000,312.0000,5.4768,57.2467,81.2415,5.00,3.00,2.00,0.0732,0.1452,0.0678,1,0.115172
39,0.6200,8.6800,51.8200,-18.8400,0.1691,0.3101,0.2654,0.1000,0.4000,0.8000,-0.0283,3.3989,0.4503,6.0833,-0.1096,2.6618,-0.0283,2.7789,0.4503,6.0833,-0.1096,2.6618,32.0000,184.0000,312.0000,5.4101,57.0579,82.8193,5.00,3.00,2.00,0.0715,0.1442,0.0705,1,0.116230
39,0.6400,8.9600,52.0400,-18.4800,0.1671,0.3102,0.2708,0.1000,0.4000,0.8000,0.0933,3.3956,0.5036,6.0833,-0.2189,2.6618,0.0933,2.7756,0.5036,6.0833,-0.2189,2.6618,32.0000,184.0000,312.0000,5.3485,57.0753,84.4858,5.00,3.00,2.00,0.0698,0.1443,0.0733,1,0.117528
39,0.6600,9.2400,52.2600,-18.1200,0.1654,0.3114,0.2763,0.1000,0.4000,0.8000,0.2150,3.3902,0.5568,6.0833,-0.3276,2.6618,0.2150,2.7702,0.5568,6.0833,-0.3276,2.6618,32.0000,184.0000,312.0000,5.2928,57.2985,86.2086,5.00,3.00,2.00,0.0684,0.1455,0.0763,1,0.119040
39,0.6800,9.5200,52.4800,-17.7600,0.1639,0.3137,0.2819,0.1000,0.4000,0.8000,0.3367,3.3825,0.6100,6.0833,-0.4354,2.6618,0.3367,2.7625,0.6100,6.0833,-0.4354,2.6618,32.0000,184.0000,312.0000,5.2438,57.7225,87.9540,5.00,3.00,2.00,0.0671,0.1476,0.0795,1,0.120736
39,0.7000,9.8000,52.7000,-17.4000,0.1626,0.3171,0.2875,0.1000,0.4000,0.8000,0.4583,3.3727,0.6633,6.0833,-0.5421,2.6618,0.4583,2.7527,0.6633,6.0833,-0.5421,2.6618,32.0000,184.0000,312.0000,5.2022,58.3378,89.6877,5.00,3.00,2.00,0.0661,0.1508,0.0826,1,0.122582
39,0.7200,10.0800,52.9200,-17.0400,0.1615,0.3214,0.2929,0.1000,0.4000,0.8000,0.5800,3.3608,0.7165,6.0833,-0.6472,2.6618,0.5800,2.7408,0.7165,6.0833,-0.6472,2.6618,32.0000,184.0000,312.0000,5.1686,59.1306,91.3758,5.00,3.00,2.00,0.0652,0.1549,0.0858,1,0.124540
39,0.7400,10.3600,53.1400,-16.6800,0.1607,0.3265,0.2980,0.1000,0.4000,0.8000,0.7017,3.3469,0.7697,6.0833,-0.7506,2.6618,0.7017,2.7269,0.7697,6.0833,-0.7506,2.6618,32.0000,184.0000,312.0000,5.1436,60.0830,92.9854,5.00,3.00,2.00,0.0646,0.1599,0.0888,1,0.126570
39,0.7600,10.6400,53.3600,-16.3200,0.1602,0.3325,0.3028,0.1000,0.4000,0.8000,0.8233,3.3308,0.8230,6.0833,-0.8519,2.6618,0.8233,2.7108,0.8230,6.0833,-0.8519,2.6618,32.0000,184.0000,312.0000,5.1274,61.1737,94.4849,5.00,3.00,2.00,0.0642,0.1658,0.0917,1,0.128629
39,0.7800,10.9200,53.5800,-15.9600,0.1600,0.3390,0.3072,0.1000,0.4000,0.8000,0.9450,3.3128,0.8762,6.0833,-0.9508,2.6618,0.9450,2.6928,0.8762,6.0833,-0.9508,2.6618,32.0000,184.0000,312.0000,5.1203,62.3782,95.8450,5.00,3.00,2.00,0.0640,0.1724,0.0944,1,0.130675
39,0.8000,11.2000,53.8000,-15.6000,0.1601,0.3460,0.3110,0.1000,0.4000,0.8000,1.0667,3.2928,0.9294,6.0833,-1.0472,2.6618,1.0667,2.6728,0.9294,6.0833,-1.0472,2.6618,32.0000,184.0000,312.0000,5.1225,63.6694,97.0391,5.00,3.00,2.00,0.0641,0.1796,0.0967,1,0.132665
39,0.8200,11.4800,54.0200,-15.2400,0.1604,0.3534,0.3142,0.1000,0.4000,0.8000,1.1883,3.2709,0.9827,6.0833,-1.1407,2.6618,1.1883,2.6509,0.9827,6.0833,-1.1407,2.6618,32.0000,184.0000,312.0000,5.1337,65.0183,98.0437,5.00,3.00,2.00,0.0643,0.1873,0.0987,1,0.134557
39,0.8400,11.7600,54.2400,-14.8800,0.1611,0.3608,0.3168,0.1000,0.4000,0.8000,1.3100,3.2472,1.0359,6.0833,-1.2311,2.6618,1.3100,2.6272,1.0359,6.0833,-1.2311,2.6618,32.0000,184.0000,312.0000,5.1540,66.3947,98.8393,5.00,3.00,2.00,0.0649,0.1953,0.1004,1,0.136310
39,0.8600,12.0400,54.4600,-14.5200,0.1620,0.3683,0.3186,0.1000,0.4000,0.8000,1.4317,3.2217,1.0892,6.0833,-1.3180,2.6618,1.4317,2.6017,1.0892,6.0833,-1.3180,2.6618,32.0000,184.0000,312.0000,5.1831,67.7676,99.4103,5.00,3.00,2.00,0.0656,0.2035,0.1015,1,0.137889
39,0.8800,12.3200,54.6800,-14.1600,0.1631,0.3756,0.3197,0.1000,0.4000,0.8000,1.5533,3.1945,1.1424,6.0833,-1.4014,2.6618,1.5533,2.5745,1.1424,6.0833,-1.4014,2.6618,32.0000,184.0000,312.0000,5.2204,69.1062,99.7454,5.00,3.00,2.00,0.0665,0.2116,0.1022,1,0.139258
39,0.9000,0.0000,54.9000,-13.8000,0.0100,0.3825,0.3200,0.0000,0.4000,0.8000,1.6750,3.1657,1.1956,6.0833,-1.4810,2.6618,1.6750,2.5457,1.1956,6.0833,-1.4810,2.6618,0.0000,184.0000,312.0000,0.0000,70.3804,99.8382,5.00,3.00,2.00,0.0003,0.2195,0.1024,1,0.136175
39,0.9200,0.0000,55.1200,-13.4400,0.0100,0.3889,0.3195,0.0000,0.4000,0.8000,1.7967,3.1353,1.2489,6.0833,-1.5564,2.6618,1.7967,2.5153,1.2489,6.0833,-1.5564,2.6618,0.0000,184.0000,312.0000,0.0000,71.5616,99.6869,5.00,3.00,2.00,0.0003,0.2269,0.1021,1,0.136999
39,0.9400,0.0000,55.3400,-13.0800,0.0100,0.3947,0.3183,0.0000,0.4000,0.8000,1.9183,3.1035,1.3021,6.0833,-1.6277,2.6618,1.9183,2.4835,1.3021,6.0833,-1.6277,2.6618,0.0000,184.0000,312.0000,0.0000,72.6234,99.2943,5.00,3.00,2.00,0.0003,0.2337,0.1013,1,0.137534
39,0.9600,0.0000,55.5600,-30.0000,0.0100,0.3997,0.0200,0.0000,0.4000,0.0000,2.0400,3.0702,1.3553,6.0833,-1.6944,2.6618,2.0400,2.4502,1.3553,6.0833,-1.6944,2.6618,0.0000,184.0000,0.0000,0.0000,73.5417,0.0000,5.00,3.00,2.00,0.0003,0.2396,0.0004,1,0.058833
39,0.9800,0.0000,55.7800,-30.0000,0.0100,0.4038,0.0200,0.0000,0.4000,0.0000,2.1617,3.0357,1.4086,6.0833,-1.7565,2.6618,2.1617,2.4157,1.4086,6.0833,-1.7565,2.6618,0.0000,184.0000,0.0000,0.0000,74.2961,0.0000,5.00,3.00,2.00,0.0003,0.2446,0.0004,1,0.059437
39,1.0000,0.0000,45.0000,-30.0000,0.0100,0.0200,0.0200,0.0000,0.0000,0.0000,2.2833,3.0000,1.4618,6.0833,-1.8138,2.6618,2.2833,2.3800,1.4618,6.0833,-1.8138,2.6618,0.0000,0.0000,0.0000,0.0000,0.0000,0.0000,5.00,3.00,2.00,0.0003,0.0006,0.0004,1,0.000000
39,1.0200,0.0000,45.0000,-30.0000,0.0100,0.0200,0.0200,0.0000,0.0000,0.0000,2.4050,2.9632,1.5150,6.0833,-1.8661,2.6618,2.4050,2.3432,1.5150,6.0833,-1.8661,2.6618,0.0000,0.0000,0.0000,0.0000,0.0000,0.0000,5.00,3.00,2.00,0.0003,0.0006,0.0004,1,0.000000
39,1.0400,0.0000,45.0000,-30.0000,0.0100,0.0200,0.0200,0.0000,0.0000,0.0000,2.5267,2.9254,1.5683,6.0833,-1.9133,2.6618,2.5267,2.3054,1.5683,6.0833,-1.9133,2.6618,0.0000,0.0000,0.0000,0.0000,0.0000,0.0000,5.00,3.00,2.00,0.0003,0.0006,0.0004,1,0.000000
39,1.0600,0.0000,45.0000,-30.0000,0.0100,0.0200,0.0200,0.0000,0.0000,0.0000,2.6483,2.8867,1.6215,6.0833,-1.9553,2.6618,2.6483,2.2667,1.6215,6.0833,-1.9553,2.6618,0.0000,0.0000,0.0000,0.0000,0.0000,0.0000,5.00,3.00,2.00,0.0003,0.0006,0.0004,1,0.000000
39,1.0800,0.0000,45.0000,-30.0000,0.0100,0.0200,0.0200,0.0000,0.0000,0.0000,2.7700,2.8472,1.6748,6.0833,-1.9919,2.6618,2.7700,2.2272,1.6748,6.0833,-1.9919,2.6618,0.0000,0.0000,0.0000,0.0000,0.0000,0.0000,5.00,3.00,2.00,0.0003,0.0006,0.0004,1,0.000000
39,1.1000,0.0000,45.0000,-30.0000,0.0100,0.0200,0.0200,0.0000,0.0000,0.0000,2.8917,2.8071,1.7280,6.0833,-2.0230,2.6618,2.8917,2.1871,1.7280,6.0833,-2.0230,2.6618,0.0000,0.0000,0.0000,0.0000,0.0000,0.0000,5.00,3.00,2.00,0.0003,0.0006,0.0004,1,0.000000
39,1.1200,0.0000,45.0000,-30.0000,0.0100,0.0200,0.0200,0.0000,0.0000,0.0000,3.0133,2.7663,1.7812,6.0833,-2.0486,2.6618,3.0133,2.1463,1.7812,6.0833,-2.0486,2.6618,0.0000,0.0000,0.0000,0.0000,0.0000,0.0000,5.00,3.00,2.00,0.0003,0.0006,0.0004,1,0.000000
39,1.1400,0.0000,45.0000,-30.0000,0.0100,0.0200,0.0200,0.0000,0.0000,0.0000,3.1350,2.7251,1.8345,6.0833,-2.0686,2.6618,3.4647,0.7182,2.0539,-0.0005,-0.0528,0.1262,0.0000,0.0000,0.0000,0.0000,0.0000,0.0000,5.00,3.00,2.00,0.0003,0.0006,0.0004,0,0.000000
39,1.1600,0.0000,45.0000,-30.0000,0.0100,0.0200,0.0200,0.0000,0.0000,0.0000,3.2567,2.6836,1.8877,6.0833,-2.0829,2.6618,3.3594,0.6953,1.9098,0.0262,-0.1326,0.1223,0.0000,0.0000,0.0000,0.0000,0.0000,0.0000,5.00,3.00,2.00,0.0003,0.0006,0.0004,0,0.000000
39,1.1800,0.0000,45.0000,-30.0000,0.0100,0.0200,0.0200,0.0000,0.0000,0.0000,3.3783,2.6419,1.9409,6.0833,-2.0915,2.6618,3.4864,0.7090,2.1365,-0.1182,-0.0430,0.0128,0.0000,0.0000,0.0000,0.0000,0.0000,0.0000,5.00,3.00,2.00,0.0003,0.0006,0.0004,0,0.000000
39,1.2000,0.0000,45.0000,-30.0000,0.0100,0.0200,0.0200,0.0000,0.0000,0.0000,3.5000,2.6000,1.9942,0.0000,0.0000,0.0000,3.5411,0.7205,2.1163,-0.0411,-0.0601,0.1025,0.0000,0.0000,0.0000,0.0000,0.0000,0.0000,5.00,3.00,2.00,0.0003,0.0006,0.0004,0,0.000000
39,1.2200,0.0000,45.0000,-30.0000,0.0100,0.0200,0.0200,0.0000,0.0000,0.0000,3.5000,2.6000,1.9942,0.0000,0.0000,0.0000,3.4733,0.7348,1.9486,-0.0297,-0.0946,-0.0766,0.0000,0.0000,0.0000,0.0000,0.0000,0.0000,5.00,3.00,2.00,0.0003,0.0006,0.0004,0,0.000000
39,1.2400,0.0000,45.0000,-30.0000,0.0100,0.0200,0.0200,0.0000,0.0000,0.0000,3.5000,2.6000,1.9942,0.0000,0.0000,0.0000,3.5276,0.7224,2.0224,-0.0265,-0.1561,0.0343,0.0000,0.0000,0.0000,0.0000,0.0000,0.0000,5.00,3.00,2.00,0.0003,0.0006,0.0004,0,0.000000
39,1.2600,0.0000,45.0000,-30.0000,0.0100,0.0200,0.0200,0.0000,0.0000,0.0000,3.5000,2.6000,1.9942,0.0000,0.0000,0.0000,3.4250,0.7337,1.9170,-0.0812,-0.0225,0.0902,0.0000,0.0000,0.0000,0.0000,0.0000,0.0000,5.00,3.00,2.00,0.0003,0.0006,0.0004,0,0.000000
39,1.2800,0.0000,45.0000,-30.0000,0.0100,0.0200,0.0200,0.0000,0.0000,0.0000,3.5000,2.6000,1.9942,0.0000,0.0000,0.0000,3.5495,0.7077,1.9069,0.0451,-0.0069,0.0287,0.0000,0.0000,0.0000,0.0000,0.0000,0.0000,5.00,3.00,2.00,0.0003,0.0006,0.0004,0,0.000000
39,1.3000,0.0000,45.0000,-30.0000,0.0100,0.0200,0.0200,0.0000,0.0000,0.0000,3.5000,2.6000,1.9942,0.0000,0.0000,0.0000,3.4217,0.7182,1.9345,0.0242,-0.0008,-0.0111,0.0000,0.0000,0.0000,0.0000,0.0000,0.0000,5.00,3.00,2.00,0.0003,0.0006,0.0004,0,0.000000
39,1.3200,0.0000,45.0000,-30.0000,0.0100,0.0200,0.0200,0.0000,0.0000,0.0000,3.5000,2.6000,1.9942,0.0000,0.0000,0.0000,3.5395,0.7086,2.0571,0.0315,-0.0977,0.0408,0.0000,0.0000,0.0000,0.0000,0.0000,0.0000,5.00,3.00,2.00,0.0003,0.0006,0.0004,0,0.000000
39,1.3400,0.0000,45.0000,-30.0000,0.0100,0.0200,0.0200,0.0000,0.0000,0.0000,3.5000,2.6000,1.9942,0.0000,0.0000,0.0000,3.5169,0.7246,2.0138,-0.0479,0.0175,0.0321,0.0000,0.0000,0.0000,0.0000,0.0000,0.0000,5.00,3.00,2.00,0.0003,0.0006,0.0004,0,0.000000
39,1.3600,0.0000,45.0000,-30.0000,0.0100,0.0200,0.0200,0.0000,0.0000,0.0000,3.5000,2.6000,1.9942,0.0000,0.0000,0.0000,3.4809,0.7117,1.9615,-0.0197,0.0035,0.0288,0.0000,0.0000,0.0000,0.0000,0.0000,0.0000,5.00,3.00,2.00,0.0003,0.0006,0.0004,0,0.000000
39,1.3800,0.0000,45.0000,-30.0000,0.0100,0.0200,0.0200,0.0000,0.0000,0.0000,3.5000,2.6000,1.9942,0.0000,0.0000,0.0000,3.4902,0.7215,2.0241,0.0370,-0.0214,-0.0046,0.0000,0.0000,0.0000,0.0000,0.0000,0.0000,5.00,3.00,2.00,0.0003,0.0006,0.0004,0,0.000000
39,1.4000,0.0000,45.0000,-30.0000,0.0100,0.0200,0.0200,0.0000,0.0000,0.0000,3.5000,2.6000,1.9942,0.0000,0.0000,0.0000,3.5301,0.7217,1.9581,0.0102,-0.0357,0.0303,0.0000,0.0000,0.0000,0.0000,0.0000,0.0000,5.00,3.00,2.00,0.0003,0.0006,0.0004,0,0.000000
39,1.4200,0.0000,45.0000,-30.0000,0.0100,0.0200,0.0200,0.0000,0.0000,0.0000,3.5000,2.6000,1.9942,0.0000,0.0000,0.0000,3.5287,0.7245,2.0081,-0.0154,-0.0106,0.0240,0.0000,0.0000,0.0000,0.0000,0.0000,0.0000,5.00,3.00,2.00,0.0003,0.0006,0.0004,0,0.000000
39,1.4400,0.0000,45.0000,-30.0000,0.0100,0.0200,0.0200,0.0000,0.0000,0.0000,3.5000,2.6000,1.9942,0.0000,0.0000,0.0000,3.5111,0.7195,2.0051,-0.0052,-0.0132,-0.0162,0.0000,0.0000,0.0000,0.0000,0.0000,0.0000,5.00,3.00,2.00,0.0003,0.0006,0.0004,0,0.000000
39,1.4600,0.0000,45.0000,-30.0000,0.0100,0.0200,0.0200,0.0000,0.0000,0.0000,3.5000,2.6000,1.9942,0.0000,0.0000,0.0000,3.4970,0.7205,1.9871,-0.0035,-0.0067,0.0034,0.0000,0.0000,0.0000,0.0000,0.0000,0.0000,5.00,3.00,2.00,0.0003,0.0006,0.0004,0,0.000000
39,1.4800,0.0000,45.0000,-30.0000,0.0100,0.0200,0.0200,0.0000,0.0000,0.0000,3.5000,2.6000,1.9942,0.0000,0.0000,0.0000,3.5000,0.7200,1.9942,0.0000,0.0000,0.0000,0.0000,0.0000,0.0000,0.0000,0.0000,0.0000,5.00,3.00,2.00,0.0003,0.0006,0.0004,0,0.000000
39,1.5000,0.0000,45.0000,-30.0000,0.0100,0.0200,0.0200,0.0000,0.0000,0.0000,3.5000,2.6000,1.9942,0.0000,0.0000,0.0000,3.4975,0.7190,1.9943,0.0009,-0.0005,0.0004,0.0000,0.0000,0.0000,0.0000,0.0000,0.0000,5.00,3.00,2.00,0.0003,0.0006,0.0004,0,0.000000
40,0.0200,1.1200,45.5500,-30.2700,0.1824,0.3675,0.3196,0.4000,1.0000,-0.6000,-3.6783,2.6419,-1.1474,6.0833,2.0915,2.6312,3.5927,0.7481,1.9215,0.0554,-0.2166,-0.1412,128.0000,460.0000,234.0000,23.3465,169.0371,74.7884,5.00,3.00,2.00,0.0832,0.2026,0.1021,0,0.213738
40,0.0400,2.2400,46.1000,-30.5400,0.1848,0.3748,0.3184,0.4000,1.0000,-0.6000,-3.5567,2.6836,-1.0948,6.0833,2.0829,2.6312,3.3355,0.6990,1.9453,-0.0758,-0.0925,-0.0163,128.0000,460.0000,234.0000,23.6485,172.3970,74.5155,5.00,3.00,2.00,0.0853,0.2107,0.1014,0,0.216449
40,0.0600,3.3600,46.6500,-30.8100,0.1870,0.3817,0.3165,0.4000,1.0000,-0.6000,-3.4350,2.7251,-1.0421,6.0833,2.0686,2.6312,3.3255,0.6935,1.8326,0.0859,-0.0725,0.1257,128.0000,460.0000,234.0000,23.9418,175.6042,74.0665,5.00,3.00,2.00,0.0875,0.2186,0.1002,0,0.218890
40,0.0800,4.4800,47.2000,-31.0800,0.1892,0.3882,0.3139,0.4000,1.0000,-0.6000,-3.3133,2.7663,-0.9895,6.0833,2.0486,2.6312,3.4272,0.7252,1.8486,-0.0469,-0.1876,0.0106,128.0000,460.0000,234.0000,24.2222,178.5868,73.4503,5.00,3.00,2.00,0.0895,0.2261,0.0985,0,0.221007
40,0.1000,5.6000,47.7500,-31.3500,0.1913,0.3941,0.3106,0.4000,1.0000,-0.6000,-3.1917,2.8071,-0.9369,6.0833,2.0230,2.6312,3.4575,0.7259,2.0274,-0.0017,-0.0806,0.0954,128.0000,460.0000,234.0000,24.4855,181.2777,72.6789,5.00,3.00,2.00,0.0915,0.2330,0.0965,0,0.222754
40,0.1200,6.7200,48.3000,-31.6200,0.1932,0.3992,0.3067,0.4000,1.0000,-0.6000,-3.0700,2.8472,-0.8843,6.0833,1.9919,2.6312,3.4945,0.7098,1.9798,-0.0604,-0.0744,-0.0095,128.0000,460.0000,234.0000,24.7280,183.6165,71.7675,5.00,3.00,2.00,0.0933,0.2390,0.0941,0,0.224090
40,0.1400,7.8400,48.8500,-31.8900,0.1949,0.4034,0.3023,0.4000,1.0000,-0.6000,-2.9483,2.8867,-0.8316,6.0833,1.9553,2.6312,3.5405,0.7300,1.9741,-0.1145,-0.1764,-0.0660,128.0000,460.0000,234.0000,24.9463,185.5507,70.7337,5.00,3.00,2.00,0.0950,0.2441,0.0914,0,0.224985
40,0.1600,8.9600,49.4000,-32.1600,0.1964,0.4066,0.2974,0.4000,1.0000,-0.6000,-2.8267,2.9254,-0.7790,6.0833,1.9133,2.6312,3.4060,0.7018,1.8629,-0.1117,-0.1404,-0.0899,128.0000,460.0000,234.0000,25.1371,187.0369,69.5980,5.00,3.00,2.00,0.0964,0.2480,0.0885,0,0.225418
40,0.1800,10.0800,49.9500,-32.4300,0.1976,0.4088,0.2922,0.4000,1.0000,-0.6000,-2.7050,2.9632,-0.7264,6.0833,1.8661,2.6312,3.3505,0.7404,1.8534,0.0231,-0.2049,-0.0680,128.0000,460.0000,234.0000,25.2978,188.0416,68.3824,5.00,3.00,2.00,0.0977,0.2507,0.0854,0,0.225378
40,0.2000,11.2000,50.5000,-32.7000,0.1986,0.4099,0.2868,0.4000,1.0000,-0.6000,-2.5833,3.0000,-0.6738,6.0833,1.8138,2.6312,3.4194,0.7148,2.0511,0.1095,-0.1591,0.0042,128.0000,460.0000,234.0000,25.4260,188.5424,67.1109,5.00,3.00,2.00,0.0986,0.2520,0.0823,0,0.224863
40,0.2200,12.3200,51.0500,-32.9700,0.1994,0.4098,0.2812,0.4000,1.0000,-0.6000,-2.4617,3.0357,-0.6211,6.0833,1.7565,2.6312,3.4405,0.7229,1.9880,0.0445,-0.0212,-0.0915,128.0000,460.0000,234.0000,25.5199,188.5279,65.8082,5.00,3.00,2.00,0.0994,0.2520,0.0791,0,0.223885
40,0.2400,13.4400,51.6000,-33.2400,0.1998,0.4087,0.2756,0.4000,1.0000,-0.6000,-2.3400,3.0702,-0.5685,6.0833,1.6944,2.6312,3.6380,0.7330,1.9479,0.0555,-0.1979,0.1273,128.0000,460.0000,234.0000,25.5781,187.9985,64.4999,5.00,3.00,2.00,0.0998,0.2505,0.0760,0,0.222461
40,0.2600,14.5600,52.1500,-33.5100,0.2000,0.4064,0.2701,0.4000,1.0000,-0.6000,-2.2183,3.1035,-0.5159,6.0833,1.6277,2.6312,3.4541,0.7008,1.9006,0.1253,-0.2185,-0.1467,128.0000,460.0000,234.0000,25.5999,186.9661,63.2115,5.00,3.00,2.00,0.1000,0.2478,0.0730,0,0.220622
40,0.2800,15.6800,52.7000,-33.7800,0.1999,0.4032,0.2648,0.4000,1.0000,-0.6000,-2.0967,3.1353,-0.4633,6.0833,1.5564,2.6312,3.4273,0.7053,1.8611,-0.0018,-0.1271,0.0673,128.0000,460.0000,234.0000,25.5848,185.4538,61.9683,5.00,3.00,2.00,0.0999,0.2438,0.0701,0,0.218406
40,0.3000,16.8000,53.2500,-34.0500,0.1995,0.3989,0.2598,0.4000,1.0000,-0.6000,-1.9750,3.1657,-0.4106,6.0833,1.4810,2.6312,3.5385,0.7445,1.8420,-0.0633,-0.2432,-0.0985,128.0000,460.0000,234.0000,25.5330,183.4957,60.7946,5.00,3.00,2.00,0.0995,0.2387,0.0675,0,0.215859
40,0.3200,17.9200,53.8000,-34.3200,0.1988,0.3938,0.2552,0.4000,1.0000,-0.6000,-1.8533,3.1945,-0.3580,6.0833,1.4014,2.6312,3.5749,0.7349,1.9087,-0.1403,-0.0150,0.0591,128.0000,460.0000,234.0000,25.4455,181.1357,59.7134,5.00,3.00,2.00,0.0988,0.2326,0.0651,0,0.213036
40,0.3400,19.0400,54.3500,-34.5900,0.1978,0.3879,0.2511,0.4000,1.0000,-0.6000,-1.7317,3.2217,-0.3054,6.0833,1.3180,2.6312,3.5702,0.7254,1.9338,-0.1373,-0.1767,0.0446,128.0000,460.0000,234.0000,25.3233,178.4267,58.7458,5.00,3.00,2.00,0.0979,0.2257,0.0630,0,0.209997
40,0.3600,5.0400,54.9000,-34.8600,0.1966,0.3814,0.2475,0.1000,1.0000,-0.6000,-1.6100,3.2472,-0.2528,6.0833,1.2311,2.6312,3.5817,0.7140,2.0175,-0.0640,-0.1887,0.1413,32.0000,460.0000,234.0000,6.2921,175.4297,57.9108,5.00,3.00,2.00,0.0967,0.2182,0.0612,0,0.191706
40,0.3800,5.3200,55.4500,-35.1300,0.1952,0.3744,0.2445,0.1000,1.0000,-0.6000,-1.4883,3.2709,-0.2001,6.0833,1.1407,2.6312,3.6552,0.7115,1.8886,0.0748,-0.0799,-0.1354,32.0000,460.0000,234.0000,6.2457,172.2120,57.2246,5.00,3.00,2.00,0.0952,0.2102,0.0598,0,0.188546
40,0.4000,5.6000,56.0000,-35.4000,0.1935,0.3671,0.2423,0.1000,1.0000,-0.6000,-1.3667,3.2928,-0.1475,6.0833,1.0472,2.6312,3.4214,0.7404,1.8274,0.1082,-0.2376,0.1065,32.0000,460.0000,234.0000,6.1923,168.8458,56.7008,5.00,3.00,2.00,0.0936,0.2021,0.0587,0,0.185391
40,0.4200,5.8800,56.5500,-35.6700,0.1916,0.3596,0.2408,0.1000,1.0000,-0.6000,-1.2450,3.3128,-0.0949,6.0833,0.9508,2.6312,3.3257,0.7257,2.0272,-0.0595,0.0430,-0.0222,32.0000,460.0000,234.0000,6.1327,165.4066,56.3496,5.00,3.00,2.00,0.0918,0.1939,0.0580,0,0.182311
40,0.4400,6.1600,57.1000,-22.0800,0.1896,0.3521,0.2401,0.1000,1.0000,0.8000,-1.1233,3.3308,-0.0423,6.0833,0.8519,2.6312,-1.1233,2.7108,-0.0423,6.0833,0.8519,2.6312,32.0000,460.0000,312.0000,6.0677,161.9718,74.9037,5.00,3.00,2.00,0.0899,0.1860,0.0576,1,0.194355
40,0.4600,6.4400,57.6500,-21.7200,0.1874,0.3448,0.2401,0.1000,1.0000,0.8000,-1.0017,3.3469,0.0103,6.0833,0.7506,2.6312,-1.0017,2.7269,0.0103,6.0833,0.7506,2.6312,32.0000,460.0000,312.0000,5.9983,158.6185,74.9183,5.00,3.00,2.00,0.0878,0.1784,0.0577,1,0.191628
40,0.4800,6.7200,58.2000,-21.3600,0.1852,0.3379,0.2410,0.1000,1.0000,0.8000,-0.8800,3.3608,0.0630,6.0833,0.6472,2.6312,-0.8800,2.7408,0.0630,6.0833,0.6472,2.6312,32.0000,460.0000,312.0000,5.9255,155.4220,75.1765,5.00,3.00,2.00,0.0857,0.1712,0.0581,1,0.189219
40,0.5000,7.0000,50.5000,-21.0000,0.1828,0.3314,0.2425,0.1000,0.4000,0.8000,-0.7583,3.3727,0.1156,6.0833,0.5421,2.6312,-0.7583,2.7527,0.1156,6.0833,0.5421,2.6312,32.0000,184.0000,312.0000,5.8503,60.9816,75.6730,5.00,3.00,2.00,0.0836,0.1648,0.0588,1,0.114004
40,0.5200,7.2800,50.7200,-20.6400,0.1804,0.3256,0.2449,0.1000,0.4000,0.8000,-0.6367,3.3825,0.1682,6.0833,0.4354,2.6312,-0.6367,2.7625,0.1682,6.0833,0.4354,2.6312,32.0000,184.0000,312.0000,5.7738,59.9126,76.3983,5.00,3.00,2.00,0.0814,0.1590,0.0600,1,0.113668
40,0.5400,7.5600,50.9400,-20.2800,0.1780,0.3206,0.2479,0.1000,0.4000,0.8000,-0.5150,3.3902,0.2208,6.0833,0.3276,2.6312,-0.5150,2.7702,0.2208,6.0833,0.3276,2.6312,32.0000,184.0000,312.0000,5.6971,58.9856,77.3380,5.00,3.00,2.00,0.0792,0.1542,0.0614,1,0.113617
40,0.5600,7.8400,51.1600,-19.9200,0.1757,0.3164,0.2515,0.1000,0.4000,0.8000,-0.3933,3.3956,0.2735,6.0833,0.2189,2.6312,-0.3933,2.7756,0.2735,6.0833,0.2189,2.6312,32.0000,184.0000,312.0000,5.6213,58.2215,78.4738,5.00,3.00,2.00,0.0771,0.1502,0.0633,1,0.113853
40,0.5800,8.1200,51.3800,-19.5600,0.1734,0.3132,0.2557,0.1000,0.4000,0.8000,-0.2717,3.3989,0.3261,6.0833,0.1096,2.6312,-0.2717,2.7789,0.3261,6.0833,0.1096,2.6312,32.0000,184.0000,312.0000,5.5475,57.6375,79.7836,5.00,3.00,2.00,0.0751,0.1472,0.0654,1,0.114375
40,0.6000,8.4000,51.6000,-19.2000,0.1711,0.3111,0.2604,0.1000,0.4000,0.8000,-0.1500,3.4000,0.3787,6.0833,0.0000,2.6312,-0.1500,2.7800,0.3787,6.0833,0.0000,2.6312,32.0000,184.0000,312.0000,5.4768,57.2467,81.2415,5.00,3.00,2.00,0.0732,0.1452,0.0678,1,0.115172
40,0.6200,8.6800,51.8200,-18.8400,0.1691,0.3101,0.2654,0.1000,0.4000,0.8000,-0.0283,3.3989,0.4313,6.0833,-0.1096,2.6312,-0.0283,2.7789,0.4313,6.0833,-0.1096,2.6312,32.0000,184.0000,312.0000,5.4101,57.0579,82.8193,5.00,3.00,2.00,0.0715,0.1442,0.0705,1,0.116230
40,0.6400,8.9600,52.0400,-18.4800,0.1671,0.3102,0.2708,0.1000,0.4000,0.8000,0.0933,3.3956,0.4840,6.0833,-0.2189,2.6312,0.0933,2.7756,0.4840,6.0833,-0.2189,2.6312,32.0000,184.0000,312.0000,5.3485,57.0753,84.4858,5.00,3.00,2.00,0.0698,0.1443,0.0733,1,0.117528
40,0.6600,9.2400,52.2600,-18.1200,0.1654,0.3114,0.2763,0.1000,0.4000,0.8000,0.2150,3.3902,0.5366,6.0833,-0.3276,2.6312,0.2150,2.7702,0.5366,6.0833,-0.3276,2.6312,32.0000,184.0000,312.0000,5.2928,57.2985,86.2086,5.00,3.00,2.00,0.0684,0.1455,0.0763,1,0.119040
40,0.6800,9.5200,52.4800,-17.7600,0.1639,0.3137,0.2819,0.1000,0.4000,0.8000,0.3367,3.3825,0.5892,6.0833,-0.4354,2.6312,0.3367,2.7625,0.5892,6.0833,-0.4354,2.6312,32.0000,184.0000,312.0000,5.2438,57.7225,87.9540,5.00,3.00,2.00,0.0671,0.1476,0.0795,1,0.120736
40,0.7000,9.8000,52.7000,-17.4000,0.1626,0.3171,0.2875,0.1000,0.4000,0.8000,0.4583,3.3727,0.6418,6.0833,-0.5421,2.6312,0.4583,2.7527,0.6418,6.0833,-0.5421,2.6312,32.0000,184.0000,312.0000,5.2022,58.3378,89.6877,5.00,3.00,2.00,0.0661,0.1508,0.0826,1,0.122582
40,0.7200,10.0800,52.9200,-17.0400,0.1615,0.3214,0.2929,0.1000,0.4000,0.8000,0.5800,3.3608,0.6945,6.0833,-0.6472,2.6312,0.5800,2.7408,0.6945,6.0833,-0.6472,2.6312,32.0000,184.0000,312.0000,5.1686,59.1306,91.3758,5.00,3.00,2.00,0.0652,0.1549,0.0858,1,0.124540
40,0.7400,10.3600,53.1400,-16.6800,0.1607,0.3265,0.2980,0.1000,0.4000,0.8000,0.7017,3.3469,0.7471,6.0833,-0.7506,2.6312,0.7017,2.7269,0.7471,6.0833,-0.7506,2.6312,32.0000,184.0000,312.0000,5.1436,60.0830,92.9854,5.00,3.00,2.00,0.0646,0.1599,0.0888,1,0.126570
40,0.7600,10.6400,53.3600,-16.3200,0.1602,0.3325,0.3028,0.1000,0.4000,0.8000,0.8233,3.3308,0.7997,6.0833,-0.8519,2.6312,0.8233,2.7108,0.7997,6.0833,-0.8519,2.6312,32.0000,184.0000,312.0000,5.1274,61.1737,94.4849,5.00,3.00,2.00,0.0642,0.1658,0.0917,1,0.128629
40,0.7800,10.9200,53.5800,-15.9600,0.1600,0.3390,0.3072,0.1000,0.4000,0.8000,0.9450,3.3128,0.8523,6.0833,-0.9508,2.6312,0.9450,2.6928,0.8523,6.0833,-0.9508,2.6312,32.0000,184.0000,312.0000,5.1203,62.3782,95.8450,5.00,3.00,2.00,0.0640,0.1724,0.0944,1,0.130675
40,0.8000,11.2000,53.8000,-15.6000,0.1601,0.3460,0.3110,0.1000,0.4000,0.8000,1.0667,3.2928,0.9050,6.0833,-1.0472,2.6312,1.0667,2.6728,0.9050,6.0833,-1.0472,2.6312,32.0000,184.0000,312.0000,5.1225,63.6694,97.0391,5.00,3.00,2.00,0.0641,0.1796,0.0967,1,0.132665
40,0.8200,11.4800,54.0200,-15.2400,0.1604,0.3534,0.3142,0.1000,0.4000,0.8000,1.1883,3.2709,0.9576,6.0833,-1.1407,2.6312,1.1883,2.6509,0.9576,6.0833,-1.1407,2.6312,32.0000,184.0000,312.0000,5.1337,65.0183,98.0437,5.00,3.00,2.00,0.0643,0.1873,0.0987,1,0.134557
40,0.8400,11.7600,54.2400,-14.8800,0.1611,0.3608,0.3168,0.1000,0.4000,0.8000,1.3100,3.2472,1.0102,6.0833,-1.2311,2.6312,1.3100,2.6272,1.0102,6.0833,-1.2311,2.6312,32.0000,184.0000,312.0000,5.1540,66.3947,98.8393,5.00,3.00,2.00,0.0649,0.1953,0.1004,1,0.136310
40,0.8600,12.0400,54.4600,-14.5200,0.1620,0.3683,0.3186,0.1000,0.4000,0.8000,1.4317,3.2217,1.0628,6.0833,-1.3180,2.6312,1.4317,2.6017,1.0628,6.0833,-1.3180,2.6312,32.0000,184.0000,312.0000,5.1831,67.7676,99.4103,5.00,3.00,2.00,0.0656,0.2035,0.1015,1,0.137889
40,0.8800,12.3200,54.6800,-14.1600,0.1631,0.3756,0.3197,0.1000,0.4000,0.8000,1.5533,3.1945,1.1155,6.0833,-1.4014,2.6312,1.5533,2.5745,1.1155,6.0833,-1.4014,2.6312,32.0000,184.0000,312.0000,5.2204,69.1062,99.7454,5.00,3.00,2.00,0.0665,0.2116,0.1022,1,0.139258
40,0.9000,0.0000,54.9000,-13.8000,0.0100,0.3825,0.3200,0.0000,0.4000,0.8000,1.6750,3.1657,1.1681,6.0833,-1.4810,2.6312,1.6750,2.5457,1.1681,6.0833,-1.4810,2.6312,0.0000,184.0000,312.0000,0.0000,70.3804,99.8382,5.00,3.00,2.00,0.0003,0.2195,0.1024,1,0.136175
40,0.9200,0.0000,55.1200,-13.4400,0.0100,0.3889,0.3195,0.0000,0.4000,0.8000,1.7967,3.1353,1.2207,6.0833,-1.5564,2.6312,1.7967,2.5153,1.2207,6.0833,-1.5564,2.6312,0.0000,184.0000,312.0000,0.0000,71.5616,99.6869,5.00,3.00,2.00,0.0003,0.2269,0.1021,1,0.136999
40,0.9400,0.0000,55.3400,-13.0800,0.0100,0.3947,0.3183,0.0000,0.4000,0.8000,1.9183,3.1035,1.2733,6.0833,-1.6277,2.6312,1.9183,2.4835,1.2733,6.0833,-1.6277,2.6312,0.0000,184.0000,312.0000,0.0000,72.6234,99.2943,5.00,3.00,2.00,0.0003,0.2337,0.1013,1,0.137534
40,0.9600,0.0000,55.5600,-30.0000,0.0100,0.3997,0.0200,0.0000,0.4000,0.0000,2.0400,3.0702,1.3259,6.0833,-1.6944,2.6312,2.0400,2.4502,1.3259,6.0833,-1.6944,2.6312,0.0000,184.0000,0.0000,0.0000,73.5417,0.0000,5.00,3.00,2.00,0.0003,0.2396,0.0004,1,0.058833
40,0.9800,0.0000,55.7800,-30.0000,0.0100,0.4038,0.0200,0.0000,0.4000,0.0000,2.1617,3.0357,1.3786,6.0833,-1.7565,2.6312,2.1617,2.4157,1.3786,6.0833,-1.7565,2.6312,0.0000,184.0000,0.0000,0.0000,74.2961,0.0000,5.00,3.00,2.00,0.0003,0.2446,0.0004,1,0.059437
40,1.0000,0.0000,45.0000,-30.0000,0.0100,0.0200,0.0200,0.0000,0.0000,0.0000,2.2833,3.0000,1.4312,6.0833,-1.8138,2.6312,2.2833,2.3800,1.4312,6.0833,-1.8138,2.6312,0.0000,0.0000,0.0000,0.0000,0.0000,0.0000,5.00,3.00,2.00,0.0003,0.0006,0.0004,1,0.000000
40,1.0200,0.0000,45.0000,-30.0000,0.0100,0.0200,0.0200,0.0000,0.0000,0.0000,2.4050,2.9632,1.4838,6.0833,-1.8661,2.6312,2.4050,2.3432,1.4838,6.0833,-1.8661,2.6312,0.0000,0.0000,0.0000,0.0000,0.0000,0.0000,5.00,3.00,2.00,0.0003,0.0006,0.0004,1,0.000000
40,1.0400,0.0000,45.0000,-30.0000,0.0100,0.0200,0.0200,0.0000,0.0000,0.0000,2.5267,2.9254,1.5364,6.0833,-1.9133,2.6312,2.5267,2.3054,1.5364,6.0833,-1.9133,2.6312,0.0000,0.0000,0.0000,0.0000,0.0000,0.0000,5.00,3.00,2.00,0.0003,0.0006,0.0004,1,0.000000
40,1.0600,0.0000,45.0000,-30.0000,0.0100,0.0200,0.0200,0.0000,0.0000,0.0000,2.6483,2.8867,1.5891,6.0833,-1.9553,2.6312,2.6483,2.2667,1.5891,6.0833,-1.9553,2.6312,0.0000,0.0000,0.0000,0.0000,0.0000,0.0000,5.00,3.00,2.00,0.0003,0.0006,0.0004,1,0.000000
40,1.0800,0.0000,45.0000,-30.0000,0.0100,0.0200,0.0200,0.0000,0.0000,0.0000,2.7700,2.8472,1.6417,6.0833,-1.9919,2.6312,2.7700,2.2272,1.6417,6.0833,-1.9919,2.6312,0.0000,0.0000,0.0000,0.0000,0.0000,0.0000,5.00,3.00,2.00,0.0003,0.0006,0.0004,1,0.000000
40,1.1000,0.0000,45.0000,-30.0000,0.0100,0.0200,0.0200,0.0000,0.0000,0.0000,2.8917,2.8071,1.6943,6.0833,-2.0230,2.6312,2.8917,2.1871,1.6943,6.0833,-2.0230,2.6312,0.0000,0.0000,0.0000,0.0000,0.0000,0.0000,5.00,3.00,2.00,0.0003,0.0006,0.0004,1,0.000000
40,1.1200,0.0000,45.0000,-30.0000,0.0100,0.0200,0.0200,0.0000,0.0000,0.0000,3.0133,2.7663,1.7469,6.0833,-2.0486,2.6312,3.0133,2.1463,1.7469,6.0833,-2.0486,2.6312,0.0000,0.0000,0.0000,0.0000,0.0000,0.0000,5.00,3.00,2.00,0.0003,0.0006,0.0004,1,0.000000
40,1.1400,0.0000,45.0000,-30.0000,0.0100,0.0200,0.0200,0.0000,0.0000,0.0000,3.1350,2.7251,1.7996,6.0833,-2.0686,2.6312,3.5203,0.7109,1.9221,0.0411,-0.1730,0.0041,0.0000,0.0000,0.0000,0.0000,0.0000,0.0000,5.00,3.00,2.00,0.0003,0.0006,0.0004,0,0.000000
40,1.1600,0.0000,45.0000,-30.0000,0.0100,0.0200,0.0200,0.0000,0.0000,0.0000,3.2567,2.6836,1.8522,6.0833,-2.0829,2.6312,3.5245,0.7070,1.8006,0.0223,-0.0176,-0.1307,0.0000,0.0000,0.0000,0.0000,0.0000,0.0000,5.00,3.00,2.00,0.0003,0.0006,0.0004,0,0.000000
40,1.1800,0.0000,45.0000,-30.0000,0.0100,0.0200,0.0200,0.0000,0.0000,0.0000,3.3783,2.6419,1.9048,6.0833,-2.0915,2.6312,3.3672,0.7110,2.0185,-0.0729,-0.1189,0.0410,0.0000,0.0000,0.0000,0.0000,0.0000,0.0000,5.00,3.00,2.00,0.0003,0.0006,0.0004,0,0.000000
40,1.2000,0.0000,45.0000,-30.0000,0.0100,0.0200,0.0200,0.0000,0.0000,0.0000,3.5000,2.6000,1.9574,0.0000,0.0000,0.0000,3.6016,0.7414,1.8681,-0.0429,-0.0193,0.1033,0.0000,0.0000,0.0000,0.0000,0.0000,0.0000,5.00,3.00,2.00,0.0003,0.0006,0.0004,0,0.000000
40,1.2200,0.0000,45.0000,-30.0000,0.0100,0.0200,0.0200,0.0000,0.0000,0.0000,3.5000,2.6000,1.9574,0.0000,0.0000,0.0000,3.5151,0.7345,1.9703,0.0172,-0.1748,0.0325,0.0000,0.0000,0.0000,0.0000,0.0000,0.0000,5.00,3.00,2.00,0.0003,0.0006,0.0004,0,0.000000
40,1.2400,0.0000,45.0000,-30.0000,0.0100,0.0200,0.0200,0.0000,0.0000,0.0000,3.5000,2.6000,1.9574,0.0000,0.0000,0.0000,3.6092,0.7170,1.9390,-0.0519,-0.0213,0.0728,0.0000,0.0000,0.0000,0.0000,0.0000,0.0000,5.00,3.00,2.00,0.0003,0.0006,0.0004,0,0.000000
40,1.2600,0.0000,45.0000,-30.0000,0.0100,0.0200,0.0200,0.0000,0.0000,0.0000,3.5000,2.6000,1.9574,0.0000,0.0000,0.0000,3.5165,0.7122,1.8773,0.0540,-0.1211,-0.0346,0.0000,0.0000,0.0000,0.0000,0.0000,0.0000,5.00,3.00,2.00,0.0003,0.0006,0.0004,0,0.000000
40,1.2800,0.0000,45.0000,-30.0000,0.0100,0.0200,0.0200,0.0000,0.0000,0.0000,3.5000,2.6000,1.9574,0.0000,0.0000,0.0000,3.4077,0.7266,1.8721,-0.0618,-0.0050,0.0369,0.0000,0.0000,0.0000,0.0000,0.0000,0.0000,5.00,3.00,2.00,0.0003,0.0006,0.0004,0,0.000000
40,1.3000,0.0000,45.0000,-30.0000,0.0100,0.0200,0.0200,0.0000,0.0000,0.0000,3.5000,2.6000,1.9574,0.0000,0.0000,0.0000,3.4372,0.7292,1.9101,-0.0705,-0.0592,-0.0723,0.0000,0.0000,0.0000,0.0000,0.0000,0.0000,5.00,3.00,2.00,0.0003,0.0006,0.0004,0,0.000000
40,1.3200,0.0000,45.0000,-30.0000,0.0100,0.0200,0.0200,0.0000,0.0000,0.0000,3.5000,2.6000,1.9574,0.0000,0.0000,0.0000,3.4592,0.7132,1.9717,-0.0062,-0.0995,-0.0149,0.0000,0.0000,0.0000,0.0000,0.0000,0.0000,5.00,3.00,2.00,0.0003,0.0006,0.0004,0,0.000000
40,1.3400,0.0000,45.0000,-30.0000,0.0100,0.0200,0.0200,0.0000,0.0000,0.0000,3.5000,2.6000,1.9574,0.0000,0.0000,0.0000,3.5651,0.7316,1.9195,-0.0163,-0.0239,-0.0184,0.0000,0.0000,0.0000,0.0000,0.0000,0.0000,5.00,3.00,2.00,0.0003,0.0006,0.0004,0,0.000000
40,1.3600,0.0000,45.0000,-30.0000,0.0100,0.0200,0.0200,0.0000,0.0000,0.0000,3.5000,2.6000,1.9574,0.0000,0.0000,0.0000,3.5104,0.7263,1.9686,0.0339,-0.0200,-0.0428,0.0000,0.0000,0.0000,0.0000,0.0000,0.0000,5.00,3.00,2.00,0.0003,0.0006,0.0004,0,0.000000
40,1.3800,0.0000,45.0000,-30.0000,0.0100,0.0200,0.0200,0.0000,0.0000,0.0000,3.5000,2.6000,1.9574,0.0000,0.0000,0.0000,3.5028,0.7128,1.9861,0.0308,-0.0463,-0.0373,0.0000,0.0000,0.0000,0.0000,0.0000,0.0000,5.00,3.00,2.00,0.0003,0.0006,0.0004,0,0.000000
40,1.4000,0.0000,45.0000,-30.0000,0.0100,0.0200,0.0200,0.0000,0.0000,0.0000,3.5000,2.6000,1.9574,0.0000,0.0000,0.0000,3.5295,0.7191,1.9200,0.0219,-0.0270,-0.0187,0.0000,0.0000,0.0000,0.0000,0.0000,0.0000,5.00,3.00,2.00,0.0003,0.0006,0.0004,0,0.000000
40,1.4200,0.0000,45.0000,-30.0000,0.0100,0.0200,0.0200,0.0000,0.0000,0.0000,3.5000,2.6000,1.9574,0.0000,0.0000,0.0000,3.4948,0.7243,1.9866,-0.0047,0.0081,-0.0008,0.0000,0.0000,0.0000,0.0000,0.0000,0.0000,5.00,3.00,2.00,0.0003,0.0006,0.0004,0,0.000000
40,1.4400,0.0000,45.0000,-30.0000,0.0100,0.0200,0.0200,0.0000,0.0000,0.0000,3.5000,2.6000,1.9574,0.0000,0.0000,0.0000,3.4910,0.7175,1.9454,0.0083,-0.0001,-0.0108,0.0000,0.0000,0.0000,0.0000,0.0000,0.0000,5.00,3.00,2.00,0.0003,0.0006,0.0004,0,0.000000
40,1.4600,0.0000,45.0000,-30.0000,0.0100,0.0200,0.0200,0.0000,0.0000,0.0000,3.5000,2.6000,1.9574,0.0000,0.0000,0.0000,3.4916,0.7206,1.9488,0.0039,-0.0048,0.0081,0.0000,0.0000,0.0000,0.0000,0.0000,0.0000,5.00,3.00,2.00,0.0003,0.0006,0.0004,0,0.000000
40,1.4800,0.0000,45.0000,-30.0000,0.0100,0.0200,0.0200,0.0000,0.0000,0.0000,3.5000,2.6000,1.9574,0.0000,0.0000,0.0000,3.5000,0.7200,1.9574,0.0000,0.0000,0.0000,0.0000,0.0000,0.0000,0.0000,0.0000,0.0000,5.00,3.00,2.00,0.0003,0.0006,0.0004,0,0.000000
40,1.5000,0.0000,45.0000,-30.0000,0.0100,0.0200,0.0200,0.0000,0.0000,0.0000,3.5000,2.6000,1.9574,0.0000,0.0000,0.0000,3.5054,0.7204,1.9481,-0.0006,0.0042,-0.0026,0.0000,0.0000,0.0000,0.0000,0.0000,0.0000,5.00,3.00,2.00,0.0003,0.0006,0.0004,0,0.000000
